Time,CO (MCS),Ethanol (MCS),VOC (MCS),NO2 (GM),Ethanol (GM),VOC (GM),CO (GM)
0.0,3.12,2.181,0.912,0.909,0.557,0.445,0.1
0.1,3.189,2.244,0.935,0.91,0.558,0.447,0.099
0.2,3.117,2.178,0.911,0.911,0.558,0.448,0.099
0.30000000000000004,3.121,2.181,0.912,0.911,0.558,0.449,0.099
0.4,3.089,2.152,0.902,0.91,0.558,0.45,0.099
0.5,3.11,2.171,0.909,0.91,0.558,0.45,0.1
0.6000000000000001,3.085,2.148,0.9,0.91,0.558,0.451,0.099
0.7000000000000001,3.075,2.139,0.897,0.909,0.557,0.45,0.099
0.8,3.038,2.105,0.885,0.909,0.557,0.45,0.099
0.9,3.023,2.092,0.88,0.91,0.557,0.45,0.098
1.0,3.017,2.087,0.878,0.909,0.558,0.45,0.099
1.1,3.015,2.084,0.877,0.909,0.557,0.45,0.098
1.2000000000000002,3.014,2.084,0.877,0.909,0.558,0.45,0.098
1.3,2.98,2.053,0.866,0.91,0.558,0.45,0.098
1.4000000000000001,2.967,2.041,0.862,0.909,0.557,0.449,0.098
1.5,2.962,2.037,0.86,0.908,0.557,0.449,0.097
1.6,2.959,2.035,0.859,0.908,0.557,0.449,0.097
1.7000000000000002,2.926,2.005,0.848,0.908,0.558,0.448,0.097
1.8,2.912,1.992,0.844,0.908,0.557,0.449,0.096
1.9000000000000001,2.874,1.959,0.831,0.909,0.557,0.449,0.096
2.0,2.892,1.974,0.837,0.907,0.558,0.448,0.095
2.1,2.866,1.951,0.828,0.908,0.558,0.448,0.095
2.2,2.856,1.942,0.825,0.907,0.557,0.447,0.095
2.3000000000000003,2.852,1.938,0.824,0.906,0.558,0.446,0.095
2.4000000000000004,2.818,1.908,0.813,0.907,0.558,0.446,0.094
2.5,2.836,1.925,0.819,0.907,0.558,0.446,0.094
2.6,2.811,1.903,0.811,0.907,0.558,0.445,0.094
2.7,2.801,1.894,0.807,0.906,0.558,0.444,0.093
2.8000000000000003,2.797,1.89,0.806,0.905,0.558,0.444,0.093
2.9000000000000004,2.796,1.889,0.805,0.906,0.558,0.444,0.093
3.0,2.795,1.888,0.805,0.905,0.558,0.443,0.092
3.1,2.763,1.86,0.795,0.905,0.557,0.442,0.093
3.2,2.782,1.877,0.801,0.904,0.558,0.442,0.092
3.3000000000000003,2.79,1.883,0.803,0.904,0.558,0.441,0.092
3.4000000000000004,2.76,1.858,0.794,0.905,0.558,0.441,0.091
3.5,2.749,1.847,0.79,0.904,0.558,0.44,0.092
3.6,2.744,1.843,0.789,0.903,0.558,0.439,0.092
3.7,2.646,1.758,0.757,0.904,0.558,0.439,0.091
3.8000000000000003,2.703,1.808,0.775,0.903,0.558,0.438,0.091
3.9000000000000004,2.726,1.827,0.783,0.903,0.558,0.438,0.091
4.0,2.735,1.835,0.786,0.903,0.558,0.438,0.091
4.1000000000000005,2.738,1.838,0.787,0.904,0.559,0.438,0.091
4.2,2.74,1.84,0.787,0.903,0.559,0.437,0.091
4.3,2.74,1.84,0.787,0.903,0.558,0.437,0.091
4.4,2.741,1.84,0.787,0.902,0.558,0.436,0.09
4.5,2.741,1.84,0.788,0.903,0.559,0.436,0.091
4.6000000000000005,2.741,1.84,0.788,0.904,0.559,0.436,0.09
4.7,2.709,1.812,0.777,0.903,0.559,0.436,0.09
4.800000000000001,2.825,1.916,0.815,0.903,0.558,0.436,0.09
4.9,2.775,1.871,0.799,0.902,0.559,0.435,0.09
5.0,2.722,1.824,0.782,0.902,0.559,0.435,0.09
5.1000000000000005,2.733,1.834,0.785,0.903,0.559,0.434,0.09
5.2,2.738,1.838,0.787,0.903,0.559,0.434,0.09
5.300000000000001,2.708,1.811,0.777,0.902,0.559,0.434,0.09
5.4,2.728,1.829,0.783,0.902,0.558,0.434,0.09
5.5,2.736,1.836,0.786,0.903,0.559,0.433,0.09
5.6000000000000005,2.739,1.839,0.787,0.903,0.558,0.433,0.089
5.7,2.708,1.812,0.777,0.902,0.559,0.433,0.09
5.800000000000001,2.696,1.801,0.773,0.903,0.558,0.433,0.09
5.9,2.691,1.796,0.771,0.904,0.559,0.433,0.09
6.0,2.689,1.795,0.771,0.904,0.56,0.433,0.089
6.1000000000000005,2.72,1.822,0.781,0.903,0.559,0.433,0.089
6.2,2.7,1.805,0.774,0.903,0.56,0.433,0.089
6.300000000000001,2.693,1.798,0.772,0.903,0.559,0.432,0.089
6.4,2.689,1.795,0.771,0.903,0.56,0.432,0.09
6.5,2.688,1.794,0.77,0.903,0.56,0.432,0.089
6.6000000000000005,2.688,1.794,0.77,0.904,0.56,0.431,0.089
6.7,2.784,1.879,0.802,0.903,0.559,0.431,0.09
6.800000000000001,2.726,1.828,0.783,0.903,0.56,0.431,0.089
6.9,2.703,1.807,0.775,0.903,0.56,0.432,0.089
7.0,2.693,1.799,0.772,0.902,0.56,0.431,0.089
7.1000000000000005,2.69,1.796,0.771,0.903,0.561,0.431,0.089
7.2,2.753,1.851,0.791,0.903,0.56,0.431,0.089
7.300000000000001,2.713,1.817,0.779,0.903,0.561,0.431,0.09
7.4,2.698,1.803,0.774,0.904,0.561,0.431,0.089
7.5,2.691,1.797,0.771,0.903,0.56,0.431,0.09
7.6000000000000005,2.689,1.795,0.771,0.904,0.56,0.431,0.089
7.7,2.688,1.794,0.77,0.903,0.561,0.43,0.089
7.800000000000001,2.688,1.794,0.77,0.903,0.56,0.43,0.089
7.9,2.687,1.794,0.77,0.903,0.56,0.431,0.089
8.0,2.719,1.822,0.781,0.903,0.561,0.43,0.09
8.1,2.7,1.805,0.774,0.903,0.561,0.43,0.09
8.200000000000001,2.692,1.798,0.772,0.904,0.561,0.431,0.089
8.3,2.689,1.795,0.771,0.904,0.562,0.43,0.089
8.4,2.688,1.794,0.77,0.904,0.561,0.43,0.089
8.5,2.688,1.794,0.77,0.903,0.561,0.43,0.089
8.6,2.687,1.794,0.77,0.902,0.56,0.43,0.09
8.700000000000001,2.687,1.794,0.77,0.903,0.561,0.43,0.089
8.8,2.687,1.794,0.77,0.903,0.561,0.43,0.088
8.9,2.687,1.794,0.77,0.904,0.561,0.43,0.089
9.0,2.687,1.794,0.77,0.903,0.561,0.43,0.089
9.1,2.687,1.794,0.77,0.903,0.561,0.43,0.089
9.200000000000001,2.687,1.794,0.77,0.903,0.561,0.43,0.089
9.3,2.719,1.822,0.781,0.903,0.561,0.43,0.089
9.4,2.7,1.805,0.774,0.904,0.561,0.43,0.089
9.5,2.725,1.826,0.782,0.903,0.561,0.43,0.089
9.600000000000001,2.702,1.807,0.775,0.904,0.561,0.43,0.089
9.700000000000001,2.693,1.799,0.772,0.904,0.561,0.43,0.089
9.8,2.69,1.796,0.771,0.904,0.561,0.43,0.089
9.9,2.688,1.794,0.77,0.903,0.561,0.43,0.089
10.0,2.688,1.794,0.77,0.904,0.561,0.43,0.089
10.100000000000001,2.687,1.794,0.77,0.904,0.561,0.43,0.089
10.200000000000001,2.687,1.794,0.77,0.903,0.562,0.43,0.089
10.3,2.687,1.794,0.77,0.903,0.561,0.43,0.089
10.4,2.687,1.794,0.77,0.904,0.562,0.429,0.089
10.5,2.687,1.794,0.77,0.904,0.562,0.43,0.089
10.600000000000001,2.719,1.822,0.781,0.904,0.562,0.43,0.089
10.700000000000001,2.7,1.805,0.774,0.904,0.561,0.43,0.089
10.8,2.692,1.798,0.772,0.905,0.562,0.429,0.089
10.9,2.689,1.795,0.771,0.904,0.562,0.43,0.089
11.0,2.72,1.822,0.781,0.904,0.562,0.43,0.089
11.100000000000001,2.7,1.805,0.774,0.905,0.562,0.43,0.089
11.200000000000001,2.693,1.798,0.772,0.904,0.561,0.43,0.089
11.3,2.689,1.795,0.771,0.904,0.561,0.43,0.09
11.4,2.688,1.794,0.77,0.903,0.562,0.43,0.089
11.5,2.688,1.794,0.77,0.904,0.562,0.43,0.089
11.600000000000001,2.687,1.794,0.77,0.903,0.562,0.43,0.09
11.700000000000001,2.687,1.794,0.77,0.904,0.562,0.43,0.09
11.8,2.687,1.794,0.77,0.904,0.562,0.43,0.089
11.9,2.687,1.794,0.77,0.904,0.562,0.431,0.089
12.0,2.687,1.794,0.77,0.905,0.562,0.43,0.089
12.100000000000001,2.687,1.794,0.77,0.904,0.563,0.431,0.089
12.200000000000001,2.719,1.822,0.781,0.905,0.562,0.43,0.089
12.3,2.732,1.833,0.785,0.905,0.562,0.431,0.089
12.4,2.705,1.809,0.776,0.905,0.563,0.431,0.09
12.5,2.662,1.772,0.762,0.904,0.562,0.43,0.089
12.600000000000001,2.677,1.785,0.767,0.905,0.562,0.431,0.089
12.700000000000001,2.683,1.79,0.769,0.905,0.562,0.43,0.089
12.8,2.686,1.792,0.77,0.906,0.563,0.431,0.089
12.9,2.687,1.793,0.77,0.905,0.562,0.43,0.089
13.0,2.687,1.793,0.77,0.905,0.562,0.431,0.09
13.100000000000001,2.687,1.793,0.77,0.906,0.562,0.431,0.089
13.200000000000001,2.719,1.822,0.781,0.905,0.562,0.431,0.089
13.3,2.7,1.805,0.774,0.906,0.563,0.431,0.09
13.4,2.692,1.798,0.772,0.906,0.563,0.431,0.089
13.5,2.689,1.795,0.771,0.905,0.562,0.431,0.089
13.600000000000001,2.688,1.794,0.77,0.905,0.562,0.431,0.089
13.700000000000001,2.688,1.794,0.77,0.905,0.563,0.431,0.09
13.8,2.72,1.822,0.781,0.905,0.562,0.432,0.089
13.9,2.668,1.777,0.764,0.906,0.563,0.432,0.089
14.0,2.68,1.787,0.768,0.906,0.563,0.432,0.09
14.100000000000001,2.684,1.791,0.769,0.906,0.564,0.432,0.089
14.200000000000001,2.686,1.792,0.77,0.905,0.563,0.432,0.089
14.3,2.687,1.793,0.77,0.906,0.563,0.431,0.089
14.4,2.687,1.793,0.77,0.905,0.562,0.431,0.089
14.5,2.687,1.793,0.77,0.906,0.563,0.432,0.089
14.600000000000001,2.687,1.794,0.77,0.906,0.563,0.431,0.089
14.700000000000001,2.687,1.794,0.77,0.905,0.564,0.432,0.089
14.8,2.687,1.794,0.77,0.906,0.563,0.432,0.089
14.9,2.687,1.794,0.77,0.905,0.563,0.433,0.089
15.0,2.687,1.794,0.77,0.906,0.563,0.433,0.089
15.100000000000001,2.687,1.794,0.77,0.906,0.564,0.432,0.089
15.200000000000001,2.687,1.794,0.77,0.906,0.564,0.433,0.089
15.3,2.687,1.794,0.77,0.906,0.564,0.433,0.089
15.4,2.687,1.794,0.77,0.906,0.564,0.433,0.089
15.5,2.687,1.794,0.77,0.906,0.564,0.432,0.089
15.600000000000001,2.687,1.794,0.77,0.906,0.564,0.433,0.089
15.700000000000001,2.687,1.794,0.77,0.906,0.564,0.433,0.089
15.8,2.687,1.794,0.77,0.906,0.564,0.433,0.089
15.9,2.687,1.794,0.77,0.905,0.564,0.433,0.089
16.0,2.719,1.822,0.781,0.906,0.564,0.433,0.089
16.1,2.7,1.805,0.774,0.905,0.564,0.433,0.089
16.2,2.692,1.798,0.772,0.906,0.563,0.433,0.089
16.3,2.689,1.795,0.771,0.906,0.564,0.433,0.089
16.400000000000002,2.688,1.794,0.77,0.906,0.564,0.433,0.089
16.5,2.688,1.794,0.77,0.906,0.565,0.433,0.089
16.6,2.72,1.822,0.781,0.906,0.564,0.434,0.089
16.7,2.7,1.805,0.774,0.906,0.565,0.433,0.089
16.8,2.692,1.798,0.772,0.906,0.564,0.433,0.089
16.900000000000002,2.689,1.795,0.771,0.907,0.564,0.433,0.089
17.0,2.688,1.794,0.77,0.906,0.564,0.433,0.089
17.1,2.688,1.794,0.77,0.906,0.565,0.434,0.089
17.2,2.687,1.794,0.77,0.907,0.565,0.434,0.089
17.3,2.719,1.822,0.781,0.906,0.564,0.433,0.089
17.400000000000002,2.7,1.805,0.774,0.906,0.564,0.434,0.089
17.5,2.692,1.798,0.772,0.906,0.565,0.434,0.089
17.6,2.657,1.768,0.76,0.906,0.565,0.434,0.089
17.7,2.675,1.783,0.766,0.906,0.565,0.434,0.089
17.8,2.682,1.789,0.769,0.906,0.565,0.434,0.089
17.900000000000002,2.685,1.792,0.769,0.906,0.565,0.434,0.089
18.0,2.687,1.793,0.77,0.906,0.565,0.434,0.089
18.1,2.687,1.793,0.77,0.906,0.565,0.434,0.089
18.2,2.687,1.793,0.77,0.906,0.564,0.434,0.089
18.3,2.687,1.794,0.77,0.906,0.564,0.434,0.089
18.400000000000002,2.687,1.794,0.77,0.906,0.564,0.434,0.089
18.5,2.687,1.794,0.77,0.906,0.565,0.434,0.089
18.6,2.687,1.794,0.77,0.905,0.565,0.434,0.089
18.7,2.687,1.794,0.77,0.906,0.565,0.434,0.089
18.8,2.687,1.794,0.77,0.906,0.565,0.434,0.089
18.900000000000002,2.687,1.794,0.77,0.906,0.565,0.434,0.089
19.0,2.687,1.794,0.77,0.906,0.564,0.434,0.088
19.1,2.687,1.794,0.77,0.906,0.564,0.434,0.088
19.200000000000003,2.687,1.794,0.77,0.907,0.565,0.434,0.089
19.3,2.687,1.794,0.77,0.906,0.564,0.435,0.089
19.400000000000002,2.687,1.794,0.77,0.907,0.564,0.434,0.089
19.5,2.687,1.794,0.77,0.907,0.565,0.435,0.089
19.6,2.687,1.794,0.77,0.907,0.565,0.436,0.089
19.700000000000003,2.687,1.794,0.77,0.907,0.565,0.435,0.089
19.8,2.687,1.794,0.77,0.906,0.565,0.434,0.088
19.900000000000002,2.687,1.794,0.77,0.907,0.565,0.435,0.089
20.0,2.687,1.794,0.77,0.908,0.565,0.436,0.089
20.1,2.687,1.794,0.77,0.908,0.565,0.436,0.089
20.200000000000003,2.687,1.794,0.77,0.908,0.565,0.436,0.089
20.3,2.719,1.822,0.781,0.908,0.565,0.436,0.089
20.400000000000002,2.7,1.805,0.774,0.909,0.565,0.436,0.089
20.5,2.692,1.798,0.772,0.909,0.565,0.436,0.089
20.6,2.689,1.795,0.771,0.909,0.566,0.436,0.089
20.700000000000003,2.688,1.794,0.77,0.909,0.565,0.436,0.09
20.8,2.72,1.822,0.781,0.909,0.566,0.436,0.09
20.900000000000002,2.7,1.805,0.774,0.909,0.565,0.436,0.09
21.0,2.692,1.798,0.772,0.909,0.566,0.437,0.089
21.1,2.689,1.795,0.771,0.909,0.566,0.437,0.089
21.200000000000003,2.688,1.794,0.77,0.909,0.566,0.437,0.089
21.3,2.688,1.794,0.77,0.909,0.566,0.437,0.089
21.400000000000002,2.687,1.794,0.77,0.908,0.566,0.437,0.089
21.5,2.687,1.794,0.77,0.908,0.566,0.437,0.089
21.6,2.687,1.794,0.77,0.909,0.566,0.437,0.09
21.700000000000003,2.687,1.794,0.77,0.908,0.566,0.437,0.089
21.8,2.687,1.794,0.77,0.909,0.567,0.437,0.09
21.900000000000002,2.687,1.794,0.77,0.909,0.566,0.437,0.09
22.0,2.719,1.822,0.781,0.909,0.566,0.438,0.089
22.1,2.7,1.805,0.774,0.909,0.566,0.438,0.09
22.200000000000003,2.692,1.798,0.772,0.909,0.566,0.438,0.09
22.3,2.689,1.795,0.771,0.91,0.566,0.438,0.09
22.400000000000002,2.688,1.794,0.77,0.909,0.566,0.438,0.09
22.5,2.688,1.794,0.77,0.909,0.566,0.439,0.09
22.6,2.687,1.794,0.77,0.91,0.566,0.439,0.09
22.700000000000003,2.687,1.794,0.77,0.909,0.566,0.439,0.09
22.8,2.687,1.794,0.77,0.91,0.567,0.439,0.09
22.900000000000002,2.719,1.822,0.781,0.91,0.567,0.439,0.09
23.0,2.732,1.833,0.785,0.911,0.567,0.439,0.09
23.1,2.737,1.837,0.786,0.91,0.567,0.439,0.09
23.200000000000003,2.74,1.839,0.787,0.91,0.566,0.439,0.09
23.3,2.74,1.84,0.787,0.909,0.566,0.439,0.09
23.400000000000002,2.741,1.84,0.787,0.91,0.566,0.44,0.09
23.5,2.741,1.84,0.788,0.91,0.567,0.44,0.09
23.6,2.741,1.84,0.788,0.91,0.567,0.44,0.09
23.700000000000003,2.741,1.84,0.788,0.91,0.567,0.441,0.09
23.8,2.741,1.84,0.788,0.911,0.567,0.441,0.09
23.900000000000002,2.741,1.84,0.788,0.911,0.567,0.44,0.09
24.0,2.741,1.84,0.788,0.912,0.567,0.441,0.09
24.1,2.741,1.84,0.788,0.911,0.567,0.441,0.09
24.200000000000003,2.645,1.757,0.756,0.911,0.567,0.442,0.09
24.3,2.67,1.779,0.765,0.911,0.567,0.441,0.09
24.400000000000002,2.713,1.816,0.778,0.91,0.568,0.441,0.09
24.5,2.73,1.831,0.784,0.911,0.567,0.441,0.09
24.6,2.736,1.837,0.786,0.912,0.567,0.441,0.09
24.700000000000003,2.739,1.839,0.787,0.911,0.568,0.442,0.089
24.8,2.74,1.84,0.787,0.912,0.568,0.441,0.09
24.900000000000002,2.741,1.84,0.787,0.911,0.568,0.442,0.09
25.0,2.741,1.84,0.788,0.911,0.567,0.442,0.09
25.1,2.741,1.84,0.788,0.91,0.568,0.443,0.09
25.200000000000003,2.741,1.84,0.788,0.91,0.568,0.443,0.09
25.3,2.741,1.84,0.788,0.911,0.568,0.442,0.09
25.400000000000002,2.741,1.84,0.788,0.911,0.568,0.442,0.09
25.5,2.741,1.84,0.788,0.912,0.569,0.443,0.09
25.6,2.709,1.812,0.777,0.911,0.568,0.443,0.09
25.700000000000003,2.728,1.829,0.783,0.911,0.569,0.443,0.09
25.8,2.736,1.836,0.786,0.912,0.569,0.444,0.09
25.900000000000002,2.739,1.839,0.787,0.912,0.569,0.444,0.09
26.0,2.708,1.812,0.777,0.911,0.568,0.444,0.09
26.1,2.696,1.801,0.773,0.912,0.569,0.444,0.09
26.200000000000003,2.723,1.825,0.782,0.911,0.569,0.444,0.09
26.3,2.734,1.834,0.785,0.912,0.568,0.444,0.09
26.400000000000002,2.738,1.838,0.787,0.912,0.568,0.444,0.09
26.5,2.74,1.839,0.787,0.911,0.569,0.444,0.091
26.6,2.74,1.84,0.787,0.911,0.568,0.445,0.09
26.700000000000003,2.741,1.84,0.787,0.912,0.569,0.445,0.09
26.8,2.741,1.84,0.788,0.913,0.569,0.444,0.09
26.900000000000002,2.741,1.84,0.788,0.912,0.569,0.445,0.09
27.0,2.613,1.73,0.746,0.912,0.569,0.445,0.09
27.1,2.69,1.796,0.771,0.912,0.569,0.445,0.091
27.200000000000003,2.72,1.823,0.781,0.912,0.569,0.445,0.091
27.3,2.733,1.833,0.785,0.913,0.569,0.445,0.09
27.400000000000002,2.738,1.838,0.786,0.913,0.569,0.446,0.09
27.5,2.74,1.839,0.787,0.912,0.569,0.445,0.09
27.6,2.74,1.84,0.787,0.912,0.569,0.445,0.09
27.700000000000003,2.741,1.84,0.787,0.913,0.569,0.446,0.091
27.8,2.741,1.84,0.788,0.913,0.57,0.446,0.09
27.900000000000002,2.741,1.84,0.788,0.913,0.57,0.446,0.09
28.0,2.741,1.84,0.788,0.913,0.57,0.446,0.09
28.1,2.741,1.84,0.788,0.913,0.569,0.447,0.09
28.200000000000003,2.741,1.84,0.788,0.913,0.57,0.446,0.09
28.3,2.741,1.84,0.788,0.913,0.57,0.447,0.091
28.400000000000002,2.741,1.84,0.788,0.914,0.569,0.447,0.091
28.5,2.741,1.84,0.788,0.913,0.569,0.447,0.091
28.6,2.741,1.84,0.788,0.913,0.57,0.447,0.09
28.700000000000003,2.741,1.84,0.788,0.914,0.57,0.448,0.09
28.8,2.741,1.84,0.788,0.913,0.569,0.448,0.091
28.900000000000002,2.741,1.84,0.788,0.913,0.57,0.448,0.091
29.0,2.741,1.84,0.788,0.913,0.57,0.448,0.091
29.1,2.741,1.84,0.788,0.913,0.57,0.448,0.09
29.200000000000003,2.741,1.84,0.788,0.914,0.57,0.448,0.09
29.3,2.709,1.812,0.777,0.913,0.57,0.448,0.09
29.400000000000002,2.728,1.829,0.783,0.913,0.57,0.448,0.091
29.5,2.736,1.836,0.786,0.913,0.57,0.448,0.09
29.6,2.739,1.839,0.787,0.912,0.57,0.449,0.09
29.700000000000003,2.74,1.84,0.787,0.913,0.57,0.448,0.09
29.8,2.741,1.84,0.787,0.913,0.57,0.448,0.091
29.900000000000002,2.709,1.812,0.777,0.913,0.57,0.448,0.09
30.0,2.696,1.801,0.773,0.913,0.57,0.448,0.09
30.1,2.723,1.825,0.782,0.913,0.57,0.449,0.09
30.200000000000003,2.734,1.834,0.785,0.914,0.57,0.449,0.09
30.3,2.706,1.81,0.776,0.913,0.57,0.449,0.09
30.400000000000002,2.727,1.828,0.783,0.913,0.57,0.45,0.09
30.5,2.735,1.836,0.786,0.914,0.57,0.449,0.091
30.6,2.739,1.839,0.787,0.913,0.57,0.45,0.091
30.700000000000003,2.74,1.84,0.787,0.914,0.57,0.45,0.091
30.8,2.741,1.84,0.787,0.914,0.57,0.45,0.091
30.900000000000002,2.741,1.84,0.787,0.913,0.571,0.45,0.091
31.0,2.741,1.84,0.788,0.914,0.571,0.45,0.091
31.1,2.773,1.869,0.798,0.913,0.57,0.45,0.091
31.200000000000003,2.754,1.852,0.792,0.914,0.57,0.45,0.091
31.3,2.746,1.845,0.789,0.914,0.571,0.451,0.091
31.400000000000002,2.743,1.842,0.788,0.914,0.571,0.45,0.091
31.5,2.742,1.841,0.788,0.914,0.571,0.451,0.091
31.6,2.741,1.841,0.788,0.913,0.571,0.45,0.09
31.700000000000003,2.741,1.841,0.788,0.914,0.571,0.45,0.091
31.8,2.741,1.841,0.788,0.914,0.571,0.451,0.091
31.900000000000002,2.741,1.841,0.788,0.914,0.571,0.452,0.09
32.0,2.741,1.84,0.788,0.913,0.572,0.452,0.091
32.1,2.741,1.84,0.788,0.914,0.571,0.452,0.09
32.2,2.741,1.84,0.788,0.914,0.571,0.452,0.091
32.300000000000004,2.741,1.84,0.788,0.914,0.571,0.452,0.091
32.4,2.741,1.84,0.788,0.914,0.572,0.452,0.09
32.5,2.741,1.84,0.788,0.913,0.571,0.452,0.09
32.6,2.741,1.84,0.788,0.914,0.571,0.452,0.09
32.7,2.741,1.84,0.788,0.914,0.571,0.452,0.091
32.800000000000004,2.741,1.84,0.788,0.914,0.571,0.452,0.091
32.9,2.741,1.84,0.788,0.914,0.571,0.452,0.091
33.0,2.741,1.84,0.788,0.914,0.571,0.453,0.091
33.1,2.741,1.84,0.788,0.914,0.572,0.452,0.091
33.2,2.741,1.84,0.788,0.914,0.571,0.452,0.091
33.300000000000004,2.741,1.84,0.788,0.915,0.572,0.452,0.091
33.4,2.741,1.84,0.788,0.915,0.571,0.452,0.091
33.5,2.741,1.84,0.788,0.916,0.572,0.452,0.09
33.6,2.741,1.84,0.788,0.915,0.572,0.453,0.091
33.7,2.741,1.84,0.788,0.915,0.572,0.453,0.091
33.800000000000004,2.741,1.84,0.788,0.914,0.572,0.453,0.091
33.9,2.741,1.84,0.788,0.915,0.572,0.453,0.09
34.0,2.741,1.84,0.788,0.916,0.572,0.453,0.091
34.1,2.741,1.84,0.788,0.916,0.572,0.453,0.091
34.2,2.741,1.84,0.788,0.916,0.572,0.454,0.091
34.300000000000004,2.741,1.84,0.788,0.916,0.572,0.453,0.091
34.4,2.741,1.84,0.788,0.915,0.573,0.454,0.091
34.5,2.741,1.84,0.788,0.916,0.572,0.454,0.091
34.6,2.741,1.84,0.788,0.916,0.573,0.454,0.091
34.7,2.709,1.812,0.777,0.916,0.572,0.455,0.091
34.800000000000004,2.728,1.829,0.783,0.915,0.573,0.454,0.091
34.9,2.736,1.836,0.786,0.916,0.573,0.455,0.091
35.0,2.739,1.839,0.787,0.916,0.573,0.454,0.091
35.1,2.74,1.84,0.787,0.916,0.573,0.455,0.091
35.2,2.741,1.84,0.787,0.915,0.572,0.455,0.091
35.300000000000004,2.741,1.84,0.788,0.916,0.573,0.455,0.091
35.4,2.709,1.812,0.777,0.916,0.573,0.455,0.091
35.5,2.696,1.801,0.773,0.915,0.573,0.455,0.091
35.6,2.691,1.797,0.771,0.916,0.573,0.455,0.091
35.7,2.851,1.939,0.824,0.916,0.573,0.455,0.091
35.800000000000004,2.753,1.852,0.792,0.916,0.572,0.455,0.091
35.9,2.713,1.817,0.779,0.915,0.572,0.455,0.091
36.0,2.73,1.831,0.784,0.916,0.573,0.455,0.091
36.1,2.736,1.837,0.786,0.916,0.573,0.455,0.091
36.2,2.739,1.839,0.787,0.916,0.573,0.456,0.092
36.300000000000004,2.74,1.84,0.787,0.916,0.575,0.456,0.091
36.4,2.741,1.84,0.787,0.916,0.574,0.457,0.091
36.5,2.709,1.812,0.777,0.917,0.573,0.456,0.091
36.6,2.728,1.829,0.783,0.916,0.575,0.457,0.092
36.7,2.704,1.808,0.775,0.916,0.576,0.457,0.091
36.800000000000004,2.726,1.827,0.783,0.917,0.574,0.457,0.091
36.9,2.703,1.807,0.775,0.916,0.574,0.457,0.091
37.0,2.693,1.799,0.772,0.916,0.574,0.457,0.091
37.1,2.69,1.796,0.771,0.917,0.573,0.457,0.091
37.2,2.72,1.823,0.781,0.916,0.575,0.457,0.091
37.300000000000004,2.733,1.833,0.785,0.916,0.576,0.457,0.091
37.4,2.738,1.838,0.786,0.916,0.574,0.457,0.092
37.5,2.74,1.839,0.787,0.916,0.574,0.457,0.091
37.6,2.74,1.84,0.787,0.916,0.575,0.458,0.091
37.7,2.741,1.84,0.787,0.916,0.574,0.457,0.091
37.800000000000004,2.741,1.84,0.788,0.916,0.573,0.457,0.091
37.9,2.741,1.84,0.788,0.917,0.575,0.458,0.091
38.0,2.677,1.784,0.767,0.917,0.576,0.458,0.091
38.1,2.715,1.818,0.779,0.917,0.576,0.458,0.09
38.2,2.731,1.832,0.784,0.916,0.575,0.458,0.091
38.300000000000004,2.737,1.837,0.786,0.917,0.575,0.458,0.091
38.400000000000006,2.739,1.839,0.787,0.917,0.576,0.458,0.091
38.5,2.74,1.84,0.787,0.917,0.576,0.458,0.091
38.6,2.708,1.812,0.777,0.916,0.576,0.458,0.091
38.7,2.728,1.829,0.783,0.917,0.576,0.458,0.091
38.800000000000004,2.736,1.836,0.786,0.917,0.576,0.458,0.091
38.900000000000006,2.707,1.811,0.776,0.917,0.576,0.458,0.091
39.0,2.727,1.828,0.783,0.916,0.576,0.458,0.091
39.1,2.735,1.836,0.786,0.917,0.576,0.458,0.091
39.2,2.739,1.839,0.787,0.917,0.576,0.458,0.091
39.300000000000004,2.74,1.84,0.787,0.917,0.576,0.458,0.091
39.400000000000006,2.741,1.84,0.787,0.917,0.576,0.458,0.091
39.5,2.741,1.84,0.787,0.917,0.576,0.459,0.091
39.6,2.709,1.812,0.777,0.916,0.576,0.459,0.091
39.7,2.696,1.801,0.773,0.917,0.576,0.46,0.091
39.800000000000004,2.691,1.797,0.771,0.917,0.576,0.459,0.091
39.900000000000006,2.721,1.823,0.781,0.917,0.576,0.459,0.091
40.0,2.733,1.833,0.785,0.917,0.576,0.46,0.091
40.1,2.706,1.81,0.776,0.917,0.576,0.459,0.092
40.2,2.695,1.8,0.772,0.916,0.576,0.46,0.091
40.300000000000004,2.722,1.824,0.782,0.917,0.576,0.46,0.092
40.400000000000006,2.733,1.834,0.785,0.918,0.576,0.46,0.092
40.5,2.706,1.81,0.776,0.917,0.576,0.46,0.092
40.6,2.727,1.828,0.783,0.917,0.576,0.46,0.091
40.7,2.671,1.78,0.765,0.917,0.576,0.46,0.091
40.800000000000004,2.681,1.788,0.768,0.917,0.576,0.46,0.091
40.900000000000006,2.717,1.819,0.78,0.917,0.576,0.46,0.091
41.0,2.731,1.832,0.784,0.917,0.577,0.46,0.091
41.1,2.737,1.837,0.786,0.918,0.576,0.461,0.091
41.2,2.739,1.839,0.787,0.918,0.577,0.46,0.091
41.300000000000004,2.74,1.84,0.787,0.917,0.576,0.461,0.091
41.400000000000006,2.741,1.84,0.787,0.918,0.577,0.461,0.091
41.5,2.741,1.84,0.788,0.918,0.576,0.461,0.091
41.6,2.709,1.812,0.777,0.918,0.577,0.462,0.091
41.7,2.728,1.829,0.783,0.918,0.576,0.461,0.091
41.800000000000004,2.736,1.836,0.786,0.918,0.577,0.461,0.091
41.900000000000006,2.707,1.811,0.776,0.919,0.577,0.461,0.092
42.0,2.727,1.829,0.783,0.918,0.577,0.462,0.091
42.1,2.735,1.836,0.786,0.918,0.577,0.461,0.091
42.2,2.707,1.81,0.776,0.918,0.577,0.461,0.091
42.300000000000004,2.695,1.8,0.773,0.918,0.577,0.461,0.092
42.400000000000006,2.723,1.824,0.782,0.918,0.577,0.461,0.091
42.5,2.734,1.834,0.785,0.919,0.577,0.462,0.092
42.6,2.738,1.838,0.787,0.918,0.577,0.462,0.091
42.7,2.708,1.811,0.777,0.919,0.577,0.462,0.091
42.800000000000004,2.663,1.773,0.762,0.918,0.577,0.462,0.091
42.900000000000006,2.71,1.813,0.777,0.918,0.577,0.462,0.091
43.0,2.728,1.83,0.784,0.918,0.578,0.462,0.092
43.1,2.736,1.836,0.786,0.919,0.578,0.463,0.091
43.2,2.739,1.839,0.787,0.918,0.577,0.462,0.091
43.300000000000004,2.74,1.84,0.787,0.919,0.577,0.463,0.091
43.400000000000006,2.741,1.84,0.787,0.919,0.577,0.462,0.092
43.5,2.741,1.84,0.788,0.918,0.578,0.463,0.092
43.6,2.741,1.84,0.788,0.918,0.577,0.462,0.091
43.7,2.741,1.84,0.788,0.919,0.578,0.462,0.091
43.800000000000004,2.709,1.812,0.777,0.919,0.578,0.463,0.092
43.900000000000006,2.728,1.829,0.783,0.919,0.578,0.463,0.092
44.0,2.704,1.808,0.775,0.919,0.577,0.463,0.092
44.1,2.726,1.827,0.783,0.918,0.577,0.463,0.091
44.2,2.735,1.835,0.786,0.918,0.578,0.463,0.092
44.300000000000004,2.738,1.838,0.787,0.919,0.578,0.463,0.091
44.400000000000006,2.772,1.868,0.798,0.918,0.578,0.463,0.091
44.5,2.721,1.823,0.781,0.918,0.578,0.463,0.091
44.6,2.701,1.805,0.775,0.918,0.578,0.463,0.092
44.7,2.693,1.798,0.772,0.919,0.578,0.463,0.091
44.800000000000004,2.689,1.795,0.771,0.918,0.578,0.463,0.091
44.900000000000006,2.688,1.794,0.77,0.918,0.578,0.463,0.091
45.0,2.688,1.794,0.77,0.918,0.579,0.463,0.091
45.1,2.687,1.794,0.77,0.918,0.579,0.463,0.091
45.2,2.687,1.794,0.77,0.918,0.578,0.463,0.091
45.300000000000004,2.687,1.794,0.77,0.918,0.578,0.463,0.091
45.400000000000006,2.687,1.794,0.77,0.919,0.578,0.463,0.091
45.5,2.687,1.794,0.77,0.919,0.578,0.463,0.091
45.6,2.687,1.794,0.77,0.919,0.578,0.463,0.091
45.7,2.687,1.794,0.77,0.919,0.578,0.463,0.091
45.800000000000004,2.687,1.794,0.77,0.918,0.578,0.464,0.091
45.900000000000006,2.687,1.794,0.77,0.919,0.579,0.464,0.091
46.0,2.719,1.822,0.781,0.918,0.579,0.463,0.091
46.1,2.7,1.805,0.774,0.918,0.578,0.463,0.091
46.2,2.725,1.826,0.782,0.919,0.579,0.464,0.091
46.300000000000004,2.702,1.807,0.775,0.919,0.579,0.464,0.091
46.400000000000006,2.725,1.827,0.783,0.918,0.579,0.463,0.092
46.5,2.703,1.807,0.775,0.918,0.579,0.464,0.091
46.6,2.693,1.799,0.772,0.919,0.579,0.464,0.091
46.7,2.722,1.824,0.781,0.919,0.579,0.464,0.092
46.800000000000004,2.701,1.806,0.775,0.918,0.58,0.464,0.091
46.900000000000006,2.725,1.827,0.782,0.918,0.579,0.463,0.091
47.0,2.702,1.807,0.775,0.919,0.579,0.464,0.091
47.1,2.725,1.827,0.783,0.919,0.579,0.465,0.091
47.2,2.735,1.835,0.786,0.919,0.58,0.465,0.091
47.300000000000004,2.706,1.81,0.776,0.919,0.58,0.465,0.091
47.400000000000006,2.727,1.828,0.783,0.919,0.58,0.465,0.091
47.5,2.703,1.807,0.775,0.919,0.58,0.465,0.091
47.6,2.694,1.799,0.772,0.919,0.58,0.465,0.091
47.7,2.722,1.824,0.781,0.919,0.58,0.465,0.092
47.800000000000004,2.701,1.806,0.775,0.92,0.58,0.465,0.091
47.900000000000006,2.725,1.827,0.782,0.919,0.579,0.465,0.092
48.0,2.735,1.835,0.785,0.92,0.579,0.466,0.092
48.1,2.738,1.838,0.787,0.92,0.58,0.466,0.092
48.2,2.74,1.84,0.787,0.921,0.58,0.466,0.091
48.300000000000004,2.708,1.812,0.777,0.921,0.58,0.466,0.091
48.400000000000006,2.696,1.801,0.773,0.92,0.58,0.465,0.092
48.5,2.723,1.825,0.782,0.92,0.58,0.465,0.092
48.6,2.701,1.806,0.775,0.92,0.58,0.466,0.092
48.7,2.725,1.827,0.782,0.921,0.581,0.466,0.092
48.800000000000004,2.702,1.807,0.775,0.92,0.58,0.465,0.091
48.900000000000006,2.693,1.799,0.772,0.92,0.58,0.465,0.091
49.0,2.722,1.824,0.781,0.921,0.58,0.465,0.09
49.1,2.701,1.806,0.775,0.921,0.581,0.465,0.091
49.2,2.693,1.798,0.772,0.92,0.581,0.466,0.091
49.300000000000004,2.689,1.795,0.771,0.92,0.581,0.466,0.091
49.400000000000006,2.688,1.794,0.77,0.919,0.581,0.465,0.09
49.5,2.688,1.794,0.77,0.919,0.581,0.466,0.091
49.6,2.687,1.794,0.77,0.92,0.58,0.466,0.091
49.7,2.687,1.794,0.77,0.921,0.581,0.466,0.091
49.800000000000004,2.687,1.794,0.77,0.921,0.582,0.466,0.091
49.900000000000006,2.687,1.794,0.77,0.922,0.581,0.466,0.091
50.0,2.687,1.794,0.77,0.921,0.581,0.466,0.091
50.1,2.687,1.794,0.77,0.921,0.581,0.466,0.092
50.2,2.719,1.822,0.781,0.921,0.581,0.466,0.091
50.300000000000004,2.7,1.805,0.774,0.921,0.581,0.467,0.091
50.400000000000006,2.692,1.798,0.772,0.921,0.581,0.466,0.091
50.5,2.689,1.795,0.771,0.922,0.581,0.466,0.091
50.6,2.688,1.794,0.77,0.921,0.581,0.467,0.091
50.7,2.72,1.822,0.781,0.921,0.582,0.467,0.091
50.800000000000004,2.7,1.805,0.774,0.922,0.582,0.467,0.091
50.900000000000006,2.692,1.798,0.772,0.921,0.581,0.467,0.091
51.0,2.689,1.795,0.771,0.921,0.582,0.468,0.091
51.1,2.688,1.794,0.77,0.921,0.581,0.468,0.092
51.2,2.688,1.794,0.77,0.921,0.582,0.467,0.091
51.300000000000004,2.687,1.794,0.77,0.922,0.581,0.467,0.091
51.400000000000006,2.719,1.822,0.781,0.921,0.582,0.468,0.091
51.5,2.732,1.833,0.785,0.921,0.581,0.468,0.091
51.6,2.705,1.809,0.776,0.921,0.582,0.468,0.092
51.7,2.694,1.8,0.772,0.922,0.581,0.468,0.092
51.800000000000004,2.722,1.824,0.782,0.921,0.581,0.468,0.092
51.900000000000006,2.701,1.806,0.775,0.921,0.582,0.468,0.092
52.0,2.661,1.771,0.762,0.921,0.582,0.468,0.092
52.1,2.709,1.813,0.777,0.922,0.582,0.468,0.091
52.2,2.696,1.801,0.773,0.922,0.582,0.468,0.092
52.300000000000004,2.723,1.825,0.782,0.921,0.582,0.468,0.093
52.400000000000006,2.734,1.834,0.785,0.922,0.582,0.468,0.092
52.5,2.738,1.838,0.787,0.922,0.582,0.468,0.092
52.6,2.708,1.811,0.777,0.922,0.583,0.468,0.091
52.7,2.728,1.829,0.783,0.922,0.582,0.468,0.091
52.800000000000004,2.703,1.808,0.775,0.921,0.582,0.468,0.091
52.900000000000006,2.694,1.799,0.772,0.921,0.582,0.468,0.091
53.0,2.69,1.796,0.771,0.922,0.582,0.468,0.091
53.1,2.72,1.823,0.781,0.921,0.582,0.468,0.091
53.2,2.733,1.833,0.785,0.922,0.582,0.468,0.091
53.300000000000004,2.738,1.838,0.786,0.921,0.582,0.468,0.092
53.400000000000006,2.74,1.839,0.787,0.922,0.583,0.468,0.092
53.5,2.74,1.84,0.787,0.922,0.582,0.468,0.091
53.6,2.709,1.812,0.777,0.921,0.582,0.468,0.091
53.7,2.728,1.829,0.783,0.921,0.582,0.468,0.091
53.800000000000004,2.736,1.836,0.786,0.921,0.583,0.468,0.091
53.900000000000006,2.707,1.811,0.776,0.922,0.582,0.469,0.091
54.0,2.727,1.828,0.783,0.921,0.582,0.469,0.092
54.1,2.735,1.836,0.786,0.922,0.583,0.469,0.092
54.2,2.739,1.839,0.787,0.922,0.582,0.47,0.092
54.300000000000004,2.74,1.84,0.787,0.922,0.582,0.469,0.092
54.400000000000006,2.741,1.84,0.787,0.923,0.583,0.469,0.092
54.5,2.709,1.812,0.777,0.922,0.583,0.47,0.091
54.6,2.728,1.829,0.783,0.922,0.582,0.47,0.091
54.7,2.736,1.836,0.786,0.922,0.583,0.469,0.092
54.800000000000004,2.739,1.839,0.787,0.922,0.583,0.47,0.092
54.900000000000006,2.74,1.84,0.787,0.922,0.582,0.47,0.091
55.0,2.741,1.84,0.787,0.922,0.583,0.471,0.092
55.1,2.645,1.757,0.756,0.922,0.583,0.47,0.092
55.2,2.702,1.807,0.775,0.923,0.584,0.47,0.093
55.300000000000004,2.725,1.827,0.783,0.922,0.583,0.471,0.093
55.400000000000006,2.735,1.835,0.786,0.923,0.583,0.47,0.092
55.5,2.738,1.838,0.787,0.922,0.583,0.471,0.093
55.6,2.74,1.84,0.787,0.922,0.583,0.47,0.092
55.7,2.74,1.84,0.787,0.923,0.583,0.471,0.093
55.800000000000004,2.741,1.84,0.787,0.923,0.583,0.471,0.093
55.900000000000006,2.773,1.869,0.798,0.922,0.583,0.471,0.093
56.0,2.722,1.824,0.781,0.923,0.583,0.471,0.093
56.1,2.733,1.834,0.785,0.923,0.583,0.471,0.093
56.2,2.738,1.838,0.787,0.922,0.583,0.471,0.093
56.300000000000004,2.74,1.839,0.787,0.922,0.583,0.471,0.092
56.400000000000006,2.74,1.84,0.787,0.923,0.584,0.472,0.093
56.5,2.741,1.84,0.787,0.923,0.584,0.472,0.093
56.6,2.741,1.84,0.788,0.924,0.584,0.473,0.092
56.7,2.773,1.869,0.798,0.923,0.584,0.472,0.092
56.800000000000004,2.754,1.852,0.792,0.922,0.584,0.473,0.093
56.900000000000006,2.746,1.845,0.789,0.922,0.584,0.473,0.093
57.0,2.743,1.842,0.788,0.923,0.584,0.473,0.092
57.1,2.742,1.841,0.788,0.923,0.585,0.473,0.092
57.2,2.741,1.841,0.788,0.923,0.584,0.474,0.093
57.300000000000004,2.773,1.869,0.798,0.923,0.585,0.474,0.093
57.400000000000006,2.754,1.852,0.792,0.922,0.584,0.474,0.092
57.5,2.778,1.874,0.8,0.923,0.584,0.474,0.093
57.6,2.788,1.882,0.803,0.923,0.585,0.474,0.093
57.7,2.76,1.857,0.794,0.924,0.585,0.474,0.092
57.800000000000004,2.781,1.876,0.801,0.923,0.584,0.474,0.093
57.900000000000006,2.789,1.883,0.803,0.922,0.584,0.474,0.093
58.0,2.793,1.886,0.804,0.923,0.585,0.475,0.093
58.1,2.794,1.887,0.805,0.923,0.585,0.475,0.093
58.2,2.794,1.888,0.805,0.924,0.584,0.476,0.093
58.300000000000004,2.795,1.888,0.805,0.924,0.585,0.475,0.094
58.400000000000006,2.795,1.888,0.805,0.925,0.585,0.476,0.093
58.5,2.795,1.888,0.805,0.925,0.584,0.476,0.094
58.6,2.795,1.888,0.805,0.924,0.585,0.477,0.093
58.7,2.795,1.888,0.805,0.924,0.585,0.477,0.094
58.800000000000004,2.795,1.888,0.805,0.925,0.585,0.476,0.094
58.900000000000006,2.795,1.888,0.805,0.925,0.585,0.477,0.093
59.0,2.795,1.888,0.805,0.924,0.585,0.477,0.093
59.1,2.795,1.888,0.805,0.925,0.585,0.477,0.093
59.2,2.795,1.888,0.805,0.924,0.585,0.478,0.094
59.300000000000004,2.795,1.888,0.805,0.925,0.586,0.478,0.094
59.400000000000006,2.795,1.888,0.805,0.925,0.585,0.478,0.094
59.5,2.795,1.888,0.805,0.925,0.585,0.478,0.093
59.6,2.795,1.888,0.805,0.925,0.585,0.479,0.094
59.7,2.795,1.888,0.805,0.925,0.586,0.478,0.094
59.800000000000004,2.795,1.888,0.805,0.925,0.585,0.478,0.094
59.900000000000006,2.795,1.888,0.805,0.926,0.586,0.478,0.093
60.0,2.795,1.888,0.805,0.926,0.586,0.479,0.094
60.1,2.795,1.888,0.805,0.925,0.586,0.48,0.094
60.2,2.795,1.888,0.805,0.925,0.586,0.48,0.094
60.300000000000004,2.795,1.888,0.805,0.926,0.586,0.48,0.094
60.400000000000006,2.795,1.888,0.805,0.926,0.586,0.48,0.094
60.5,2.795,1.888,0.805,0.925,0.586,0.48,0.094
60.6,2.795,1.888,0.805,0.925,0.585,0.48,0.094
60.7,2.795,1.888,0.805,0.926,0.586,0.48,0.094
60.800000000000004,2.795,1.888,0.805,0.925,0.586,0.48,0.093
60.900000000000006,2.795,1.888,0.805,0.926,0.586,0.481,0.094
61.0,2.762,1.859,0.795,0.926,0.585,0.481,0.093
61.1,2.782,1.877,0.801,0.925,0.586,0.481,0.094
61.2,2.79,1.883,0.803,0.926,0.586,0.48,0.093
61.300000000000004,2.793,1.886,0.804,0.925,0.586,0.48,0.093
61.400000000000006,2.762,1.859,0.794,0.925,0.586,0.48,0.093
61.5,2.781,1.876,0.801,0.926,0.586,0.48,0.093
61.6,2.789,1.883,0.803,0.926,0.586,0.481,0.094
61.7,2.793,1.886,0.804,0.925,0.586,0.481,0.093
61.800000000000004,2.762,1.859,0.794,0.926,0.586,0.48,0.094
61.900000000000006,2.781,1.876,0.801,0.925,0.586,0.481,0.093
62.0,2.789,1.883,0.803,0.925,0.586,0.482,0.094
62.1,2.76,1.858,0.794,0.926,0.586,0.482,0.093
62.2,2.781,1.876,0.801,0.925,0.586,0.482,0.094
62.300000000000004,2.789,1.883,0.803,0.925,0.586,0.481,0.094
62.400000000000006,2.793,1.886,0.804,0.925,0.587,0.482,0.093
62.5,2.794,1.887,0.805,0.925,0.587,0.482,0.094
62.6,2.794,1.888,0.805,0.926,0.586,0.482,0.094
62.7,2.827,1.917,0.816,0.925,0.587,0.482,0.093
62.800000000000004,2.808,1.899,0.809,0.925,0.586,0.482,0.093
62.900000000000006,2.8,1.893,0.807,0.925,0.587,0.482,0.094
63.0,2.829,1.919,0.816,0.926,0.587,0.482,0.094
63.1,2.809,1.9,0.81,0.925,0.587,0.482,0.093
63.2,2.8,1.893,0.807,0.926,0.587,0.482,0.093
63.300000000000004,2.797,1.89,0.806,0.926,0.587,0.482,0.094
63.400000000000006,2.796,1.889,0.805,0.926,0.587,0.482,0.094
63.5,2.795,1.888,0.805,0.925,0.587,0.483,0.093
63.6,2.827,1.917,0.816,0.925,0.587,0.482,0.094
63.7,2.678,1.815,0.773,0.878,0.557,0.458,0.089
63.800000000000004,2.559,1.733,0.738,0.84,0.533,0.438,0.085
63.900000000000006,2.464,1.668,0.71,0.81,0.514,0.423,0.082
64.0,2.388,1.616,0.688,0.786,0.499,0.41,0.08
64.10000000000001,2.335,1.582,0.673,0.767,0.487,0.401,0.078
64.2,2.285,1.547,0.659,0.752,0.477,0.393,0.076
64.3,2.245,1.519,0.647,0.74,0.469,0.386,0.075
64.4,2.213,1.497,0.638,0.73,0.463,0.381,0.074
64.5,2.187,1.479,0.63,0.722,0.458,0.377,0.073
64.60000000000001,2.167,1.465,0.624,0.716,0.454,0.374,0.073
64.7,2.143,1.447,0.617,0.711,0.451,0.371,0.072
64.8,2.123,1.432,0.611,0.707,0.448,0.37,0.072
64.9,2.099,1.413,0.604,0.704,0.446,0.368,0.072
65.0,2.072,1.391,0.595,0.702,0.445,0.367,0.071
65.10000000000001,2.043,1.367,0.586,0.699,0.443,0.366,0.071
65.2,2.027,1.354,0.581,0.698,0.443,0.365,0.07
65.3,2.015,1.344,0.577,0.696,0.442,0.364,0.07
65.4,2.005,1.336,0.574,0.695,0.441,0.363,0.069
65.5,1.989,1.323,0.569,0.694,0.441,0.362,0.069
65.60000000000001,1.992,1.326,0.57,0.693,0.44,0.361,0.069
65.7,1.987,1.321,0.569,0.692,0.44,0.36,0.068
65.8,1.975,1.311,0.565,0.691,0.44,0.359,0.068
65.9,1.957,1.296,0.559,0.691,0.44,0.358,0.068
66.0,1.935,1.277,0.552,0.69,0.44,0.357,0.067
66.10000000000001,1.917,1.262,0.546,0.689,0.439,0.357,0.067
66.2,1.903,1.25,0.542,0.689,0.439,0.356,0.067
66.3,1.892,1.24,0.538,0.688,0.439,0.355,0.067
66.4,1.875,1.226,0.533,0.688,0.439,0.355,0.066
66.5,1.862,1.215,0.528,0.687,0.439,0.354,0.066
66.60000000000001,1.851,1.206,0.525,0.687,0.439,0.353,0.066
66.7,1.843,1.198,0.522,0.686,0.439,0.352,0.066
66.8,1.828,1.186,0.517,0.686,0.439,0.351,0.065
66.9,1.816,1.176,0.514,0.686,0.439,0.35,0.065
67.0,1.807,1.168,0.511,0.686,0.439,0.35,0.065
67.10000000000001,1.799,1.162,0.508,0.685,0.439,0.349,0.065
67.2,1.793,1.157,0.506,0.685,0.439,0.348,0.065
67.3,1.789,1.153,0.505,0.685,0.439,0.347,0.065
67.4,1.785,1.149,0.504,0.685,0.439,0.346,0.065
67.5,1.782,1.147,0.503,0.684,0.439,0.346,0.064
67.60000000000001,1.779,1.145,0.502,0.684,0.439,0.345,0.064
67.7,1.777,1.143,0.501,0.684,0.439,0.344,0.064
67.8,1.768,1.135,0.498,0.684,0.439,0.343,0.064
67.9,1.761,1.129,0.496,0.683,0.439,0.343,0.064
68.0,1.755,1.124,0.494,0.683,0.439,0.342,0.064
68.10000000000001,1.758,1.127,0.495,0.683,0.439,0.341,0.064
68.2,1.76,1.129,0.496,0.682,0.439,0.34,0.063
68.3,1.762,1.13,0.496,0.682,0.439,0.34,0.063
68.4,1.764,1.131,0.497,0.682,0.439,0.339,0.063
68.5,1.765,1.132,0.497,0.682,0.439,0.338,0.063
68.60000000000001,1.766,1.133,0.498,0.682,0.439,0.338,0.063
68.7,1.767,1.134,0.498,0.681,0.439,0.337,0.063
68.8,1.767,1.134,0.498,0.681,0.439,0.336,0.063
68.9,1.768,1.135,0.498,0.681,0.439,0.335,0.063
69.0,1.768,1.135,0.498,0.68,0.439,0.335,0.063
69.10000000000001,1.768,1.135,0.498,0.68,0.439,0.334,0.062
69.2,1.769,1.136,0.498,0.68,0.439,0.333,0.062
69.3,1.769,1.136,0.498,0.679,0.439,0.332,0.062
69.4,1.769,1.136,0.499,0.679,0.439,0.331,0.062
69.5,1.754,1.123,0.494,0.679,0.439,0.33,0.062
69.60000000000001,1.757,1.126,0.495,0.679,0.439,0.33,0.062
69.7,1.752,1.122,0.493,0.678,0.439,0.329,0.062
69.8,1.771,1.138,0.499,0.678,0.439,0.328,0.062
69.9,1.771,1.138,0.499,0.678,0.439,0.327,0.061
70.0,1.77,1.137,0.499,0.678,0.439,0.327,0.061
70.10000000000001,1.763,1.131,0.497,0.677,0.439,0.326,0.061
70.2,1.764,1.132,0.497,0.677,0.439,0.325,0.061
70.3,1.765,1.133,0.497,0.677,0.439,0.324,0.061
70.4,1.766,1.134,0.498,0.677,0.439,0.324,0.061
70.5,1.767,1.134,0.498,0.676,0.439,0.323,0.061
70.60000000000001,1.767,1.135,0.498,0.676,0.439,0.322,0.061
70.7,1.76,1.129,0.496,0.676,0.439,0.322,0.061
70.8,1.762,1.13,0.496,0.676,0.439,0.321,0.06
70.9,1.756,1.125,0.494,0.676,0.439,0.32,0.06
71.0,1.751,1.121,0.493,0.676,0.44,0.32,0.06
71.10000000000001,1.747,1.117,0.491,0.676,0.44,0.319,0.06
71.2,1.736,1.108,0.488,0.676,0.44,0.318,0.06
71.3,1.735,1.108,0.488,0.676,0.44,0.318,0.06
71.4,1.734,1.107,0.487,0.676,0.44,0.317,0.06
71.5,1.711,1.087,0.48,0.676,0.44,0.316,0.06
71.60000000000001,1.715,1.091,0.481,0.675,0.44,0.316,0.06
71.7,1.718,1.093,0.482,0.675,0.44,0.315,0.06
71.8,1.721,1.096,0.483,0.675,0.44,0.315,0.06
71.9,1.715,1.091,0.481,0.675,0.44,0.314,0.06
72.0,1.718,1.094,0.482,0.675,0.44,0.314,0.06
72.10000000000001,1.713,1.089,0.481,0.675,0.44,0.313,0.06
72.2,1.717,1.092,0.482,0.674,0.44,0.313,0.06
72.3,1.712,1.088,0.48,0.674,0.44,0.312,0.059
72.4,1.708,1.085,0.479,0.674,0.44,0.311,0.059
72.5,1.713,1.089,0.481,0.674,0.44,0.311,0.059
72.60000000000001,1.709,1.086,0.479,0.674,0.44,0.31,0.059
72.7,1.705,1.083,0.478,0.673,0.44,0.31,0.059
72.8,1.703,1.081,0.477,0.673,0.44,0.309,0.059
72.9,1.701,1.079,0.477,0.673,0.439,0.308,0.059
73.0,1.699,1.078,0.476,0.673,0.439,0.308,0.059
73.10000000000001,1.698,1.077,0.476,0.673,0.439,0.307,0.059
73.2,1.697,1.076,0.476,0.673,0.439,0.307,0.059
73.3,1.696,1.075,0.475,0.673,0.439,0.306,0.059
73.4,1.695,1.075,0.475,0.673,0.44,0.306,0.059
73.5,1.695,1.074,0.475,0.673,0.44,0.305,0.059
73.60000000000001,1.694,1.074,0.475,0.673,0.44,0.305,0.059
73.7,1.694,1.073,0.475,0.672,0.44,0.304,0.059
73.8,1.694,1.073,0.475,0.672,0.44,0.304,0.059
73.9,1.694,1.073,0.475,0.672,0.44,0.303,0.059
74.0,1.693,1.073,0.474,0.672,0.44,0.303,0.059
74.10000000000001,1.693,1.073,0.474,0.672,0.44,0.302,0.059
74.2,1.693,1.073,0.474,0.672,0.44,0.302,0.059
74.3,1.693,1.073,0.474,0.672,0.44,0.301,0.059
74.4,1.693,1.073,0.474,0.672,0.44,0.301,0.059
74.5,1.685,1.066,0.472,0.671,0.44,0.3,0.059
74.60000000000001,1.694,1.074,0.475,0.671,0.44,0.3,0.059
74.7,1.694,1.074,0.475,0.671,0.44,0.299,0.059
74.8,1.694,1.073,0.475,0.671,0.44,0.299,0.059
74.9,1.694,1.073,0.475,0.671,0.44,0.298,0.059
75.0,1.686,1.067,0.472,0.671,0.44,0.298,0.059
75.10000000000001,1.687,1.068,0.472,0.671,0.44,0.298,0.059
75.2,1.688,1.069,0.473,0.671,0.44,0.297,0.059
75.3,1.689,1.069,0.473,0.671,0.44,0.297,0.059
75.4,1.69,1.07,0.473,0.671,0.44,0.297,0.059
75.5,1.69,1.07,0.474,0.671,0.44,0.297,0.059
75.60000000000001,1.699,1.077,0.476,0.671,0.44,0.296,0.059
75.7,1.697,1.076,0.476,0.671,0.44,0.296,0.059
75.8,1.696,1.075,0.475,0.671,0.44,0.296,0.059
75.9,1.696,1.075,0.475,0.671,0.44,0.296,0.059
76.0,1.687,1.068,0.473,0.671,0.44,0.296,0.059
76.10000000000001,1.688,1.069,0.473,0.671,0.44,0.295,0.059
76.2,1.689,1.07,0.473,0.671,0.44,0.295,0.059
76.3,1.69,1.07,0.473,0.671,0.44,0.295,0.059
76.4,1.691,1.071,0.474,0.67,0.44,0.294,0.059
76.5,1.691,1.071,0.474,0.67,0.44,0.294,0.059
76.60000000000001,1.691,1.071,0.474,0.67,0.44,0.293,0.059
76.7,1.684,1.065,0.471,0.67,0.44,0.293,0.059
76.80000000000001,1.686,1.067,0.472,0.67,0.44,0.293,0.059
76.9,1.687,1.068,0.472,0.67,0.44,0.292,0.059
77.0,1.681,1.062,0.47,0.67,0.44,0.292,0.059
77.10000000000001,1.683,1.064,0.471,0.67,0.44,0.292,0.059
77.2,1.685,1.066,0.472,0.67,0.44,0.291,0.059
77.30000000000001,1.687,1.067,0.472,0.67,0.44,0.291,0.059
77.4,1.68,1.062,0.47,0.669,0.44,0.291,0.059
77.5,1.683,1.064,0.471,0.669,0.44,0.291,0.059
77.60000000000001,1.685,1.066,0.472,0.669,0.44,0.29,0.059
77.7,1.679,1.061,0.47,0.669,0.44,0.29,0.059
77.80000000000001,1.681,1.063,0.471,0.669,0.44,0.29,0.059
77.9,1.684,1.065,0.471,0.669,0.44,0.289,0.059
78.0,1.686,1.066,0.472,0.669,0.44,0.289,0.059
78.10000000000001,1.687,1.068,0.472,0.669,0.44,0.289,0.059
78.2,1.688,1.069,0.473,0.669,0.44,0.288,0.059
78.30000000000001,1.689,1.069,0.473,0.669,0.44,0.288,0.059
78.4,1.682,1.064,0.471,0.669,0.44,0.288,0.059
78.5,1.684,1.065,0.472,0.669,0.44,0.288,0.059
78.60000000000001,1.678,1.06,0.47,0.669,0.44,0.287,0.059
78.7,1.681,1.063,0.471,0.669,0.44,0.287,0.059
78.80000000000001,1.683,1.065,0.471,0.669,0.44,0.287,0.059
78.9,1.678,1.06,0.469,0.669,0.44,0.287,0.059
79.0,1.681,1.062,0.47,0.669,0.44,0.287,0.059
79.10000000000001,1.675,1.058,0.469,0.669,0.44,0.287,0.059
79.2,1.679,1.061,0.47,0.669,0.44,0.286,0.059
79.30000000000001,1.674,1.057,0.468,0.669,0.44,0.286,0.059
79.4,1.678,1.06,0.47,0.669,0.44,0.286,0.059
79.5,1.681,1.062,0.47,0.669,0.44,0.285,0.059
79.60000000000001,1.683,1.064,0.471,0.669,0.44,0.285,0.059
79.7,1.685,1.066,0.472,0.669,0.44,0.285,0.059
79.80000000000001,1.687,1.067,0.472,0.669,0.44,0.285,0.059
79.9,1.688,1.068,0.473,0.669,0.44,0.284,0.059
80.0,1.689,1.069,0.473,0.669,0.44,0.284,0.059
80.10000000000001,1.682,1.063,0.471,0.669,0.441,0.284,0.059
80.2,1.684,1.065,0.472,0.669,0.441,0.284,0.059
80.30000000000001,1.671,1.054,0.467,0.669,0.441,0.284,0.059
80.4,1.675,1.058,0.469,0.669,0.441,0.283,0.059
80.5,1.679,1.061,0.47,0.669,0.44,0.283,0.059
80.60000000000001,1.681,1.063,0.471,0.669,0.44,0.283,0.059
80.7,1.684,1.065,0.471,0.669,0.44,0.283,0.059
80.80000000000001,1.685,1.066,0.472,0.669,0.441,0.283,0.059
80.9,1.687,1.068,0.472,0.669,0.441,0.283,0.059
81.0,1.688,1.069,0.473,0.669,0.441,0.282,0.059
81.10000000000001,1.689,1.069,0.473,0.669,0.441,0.282,0.059
81.2,1.69,1.07,0.473,0.669,0.441,0.282,0.059
81.30000000000001,1.706,1.083,0.478,0.669,0.441,0.282,0.059
81.4,1.703,1.081,0.478,0.669,0.441,0.282,0.059
81.5,1.701,1.079,0.477,0.669,0.441,0.282,0.059
81.60000000000001,1.699,1.078,0.476,0.669,0.441,0.282,0.059
81.7,1.698,1.077,0.476,0.669,0.441,0.282,0.059
81.80000000000001,1.697,1.076,0.476,0.669,0.441,0.282,0.059
81.9,1.696,1.075,0.475,0.669,0.441,0.281,0.059
82.0,1.695,1.075,0.475,0.669,0.441,0.281,0.059
82.10000000000001,1.695,1.074,0.475,0.669,0.441,0.281,0.059
82.2,1.694,1.074,0.475,0.669,0.44,0.281,0.059
82.30000000000001,1.694,1.073,0.475,0.669,0.44,0.281,0.059
82.4,1.694,1.073,0.475,0.669,0.44,0.281,0.059
82.5,1.694,1.073,0.475,0.669,0.44,0.281,0.059
82.60000000000001,1.693,1.073,0.474,0.669,0.44,0.28,0.059
82.7,1.693,1.073,0.474,0.669,0.44,0.28,0.059
82.80000000000001,1.693,1.073,0.474,0.669,0.44,0.28,0.059
82.9,1.693,1.073,0.474,0.669,0.44,0.28,0.059
83.0,1.701,1.079,0.477,0.669,0.44,0.28,0.059
83.10000000000001,1.707,1.084,0.479,0.669,0.441,0.28,0.059
83.2,1.712,1.088,0.48,0.669,0.44,0.28,0.059
83.30000000000001,1.716,1.091,0.482,0.669,0.441,0.28,0.059
83.4,1.742,1.114,0.49,0.669,0.441,0.28,0.059
83.5,1.74,1.112,0.489,0.669,0.44,0.28,0.059
83.60000000000001,1.746,1.117,0.491,0.669,0.44,0.28,0.059
83.7,1.743,1.114,0.49,0.669,0.44,0.279,0.059
83.80000000000001,1.741,1.112,0.489,0.669,0.441,0.279,0.059
83.9,1.739,1.111,0.489,0.669,0.441,0.279,0.059
84.0,1.729,1.103,0.486,0.669,0.441,0.279,0.059
84.10000000000001,1.73,1.103,0.486,0.669,0.441,0.279,0.059
84.2,1.73,1.103,0.486,0.669,0.441,0.279,0.059
84.30000000000001,1.73,1.104,0.486,0.669,0.441,0.279,0.059
84.4,1.73,1.104,0.486,0.669,0.441,0.279,0.059
84.5,1.731,1.104,0.486,0.669,0.441,0.279,0.059
84.60000000000001,1.731,1.104,0.486,0.669,0.441,0.279,0.059
84.7,1.731,1.104,0.486,0.669,0.441,0.279,0.059
84.80000000000001,1.731,1.104,0.486,0.669,0.441,0.279,0.06
84.9,1.723,1.098,0.484,0.669,0.441,0.279,0.06
85.0,1.717,1.093,0.482,0.669,0.441,0.279,0.06
85.10000000000001,1.712,1.088,0.48,0.669,0.441,0.279,0.06
85.2,1.708,1.085,0.479,0.669,0.441,0.279,0.06
85.30000000000001,1.705,1.083,0.478,0.669,0.441,0.279,0.06
85.4,1.703,1.081,0.477,0.669,0.441,0.279,0.06
85.5,1.701,1.079,0.477,0.669,0.441,0.279,0.06
85.60000000000001,1.707,1.084,0.479,0.669,0.441,0.279,0.06
85.7,1.704,1.082,0.478,0.669,0.441,0.279,0.06
85.80000000000001,1.702,1.08,0.477,0.669,0.441,0.279,0.06
85.9,1.7,1.078,0.477,0.669,0.441,0.279,0.059
86.0,1.698,1.077,0.476,0.669,0.441,0.279,0.06
86.10000000000001,1.705,1.083,0.478,0.669,0.441,0.279,0.06
86.2,1.703,1.08,0.477,0.669,0.441,0.279,0.06
86.30000000000001,1.701,1.079,0.477,0.669,0.441,0.279,0.06
86.4,1.699,1.078,0.476,0.668,0.441,0.279,0.06
86.5,1.698,1.076,0.476,0.668,0.441,0.279,0.06
86.60000000000001,1.697,1.076,0.476,0.667,0.441,0.278,0.06
86.7,1.688,1.069,0.473,0.667,0.441,0.278,0.06
86.80000000000001,1.689,1.069,0.473,0.667,0.441,0.278,0.06
86.9,1.69,1.07,0.473,0.667,0.441,0.278,0.06
87.0,1.683,1.064,0.471,0.667,0.441,0.278,0.06
87.10000000000001,1.685,1.066,0.472,0.667,0.442,0.278,0.06
87.2,1.686,1.067,0.472,0.667,0.442,0.278,0.06
87.30000000000001,1.68,1.062,0.47,0.667,0.441,0.278,0.06
87.4,1.675,1.058,0.469,0.667,0.442,0.278,0.06
87.5,1.671,1.054,0.467,0.667,0.442,0.278,0.059
87.60000000000001,1.675,1.058,0.469,0.666,0.441,0.278,0.06
87.7,1.679,1.061,0.47,0.666,0.441,0.278,0.06
87.80000000000001,1.682,1.063,0.471,0.666,0.441,0.278,0.06
87.9,1.684,1.065,0.471,0.666,0.442,0.278,0.06
88.0,1.678,1.06,0.47,0.666,0.441,0.278,0.06
88.10000000000001,1.681,1.063,0.47,0.666,0.441,0.277,0.06
88.2,1.676,1.058,0.469,0.666,0.441,0.277,0.06
88.30000000000001,1.671,1.055,0.467,0.666,0.441,0.277,0.06
88.4,1.676,1.058,0.469,0.665,0.441,0.277,0.06
88.5,1.679,1.061,0.47,0.665,0.441,0.277,0.06
88.60000000000001,1.682,1.063,0.471,0.665,0.441,0.276,0.06
88.7,1.692,1.072,0.474,0.666,0.441,0.276,0.06
88.80000000000001,1.692,1.072,0.474,0.666,0.442,0.276,0.06
88.9,1.692,1.072,0.474,0.665,0.442,0.276,0.06
89.0,1.692,1.072,0.474,0.665,0.442,0.276,0.06
89.10000000000001,1.692,1.072,0.474,0.665,0.442,0.276,0.06
89.2,1.692,1.072,0.474,0.666,0.442,0.276,0.06
89.30000000000001,1.7,1.079,0.477,0.665,0.442,0.275,0.06
89.4,1.706,1.084,0.479,0.665,0.442,0.275,0.06
89.5,1.719,1.094,0.483,0.665,0.442,0.275,0.06
89.60000000000001,1.714,1.09,0.481,0.665,0.442,0.275,0.06
89.7,1.717,1.093,0.482,0.665,0.441,0.275,0.06
89.80000000000001,1.72,1.095,0.483,0.666,0.442,0.275,0.06
89.9,1.722,1.097,0.484,0.666,0.442,0.275,0.06
90.0,1.724,1.098,0.484,0.666,0.442,0.275,0.06
90.10000000000001,1.725,1.1,0.485,0.666,0.442,0.275,0.06
90.2,1.727,1.101,0.485,0.666,0.442,0.275,0.06
90.30000000000001,1.727,1.101,0.485,0.666,0.442,0.275,0.06
90.4,1.72,1.095,0.483,0.666,0.442,0.275,0.06
90.5,1.715,1.091,0.481,0.666,0.442,0.275,0.06
90.60000000000001,1.71,1.087,0.48,0.667,0.442,0.275,0.06
90.7,1.707,1.084,0.479,0.667,0.442,0.275,0.06
90.80000000000001,1.704,1.082,0.478,0.667,0.442,0.274,0.06
90.9,1.702,1.08,0.477,0.667,0.442,0.274,0.06
91.0,1.7,1.078,0.477,0.668,0.442,0.274,0.06
91.10000000000001,1.698,1.077,0.476,0.668,0.442,0.274,0.06
91.2,1.697,1.076,0.476,0.668,0.442,0.274,0.06
91.30000000000001,1.696,1.075,0.475,0.668,0.442,0.274,0.06
91.4,1.703,1.081,0.478,0.668,0.442,0.275,0.06
91.5,1.709,1.086,0.479,0.668,0.442,0.275,0.06
91.60000000000001,1.706,1.083,0.478,0.668,0.442,0.275,0.06
91.7,1.711,1.087,0.48,0.668,0.442,0.275,0.06
91.80000000000001,1.715,1.091,0.481,0.668,0.442,0.275,0.06
91.9,1.718,1.093,0.482,0.668,0.442,0.275,0.06
92.0,1.721,1.096,0.483,0.668,0.442,0.275,0.06
92.10000000000001,1.723,1.097,0.484,0.668,0.442,0.275,0.06
92.2,1.724,1.099,0.484,0.668,0.442,0.275,0.06
92.30000000000001,1.726,1.1,0.485,0.668,0.442,0.275,0.06
92.4,1.727,1.101,0.485,0.669,0.442,0.275,0.06
92.5,1.728,1.101,0.485,0.669,0.442,0.275,0.06
92.60000000000001,1.728,1.102,0.486,0.669,0.442,0.276,0.06
92.7,1.729,1.102,0.486,0.669,0.442,0.276,0.06
92.80000000000001,1.729,1.103,0.486,0.669,0.443,0.276,0.06
92.9,1.73,1.103,0.486,0.669,0.443,0.276,0.06
93.0,1.73,1.103,0.486,0.669,0.443,0.276,0.06
93.10000000000001,1.73,1.104,0.486,0.669,0.443,0.276,0.06
93.2,1.73,1.104,0.486,0.669,0.443,0.276,0.06
93.30000000000001,1.731,1.104,0.486,0.669,0.443,0.277,0.06
93.4,1.738,1.11,0.489,0.669,0.443,0.277,0.06
93.5,1.745,1.116,0.491,0.669,0.443,0.277,0.06
93.60000000000001,1.75,1.12,0.492,0.669,0.442,0.277,0.06
93.7,2.123,1.362,0.598,0.806,0.533,0.334,0.073
93.80000000000001,2.272,1.458,0.64,0.861,0.569,0.357,0.078
93.9,2.332,1.497,0.657,0.883,0.583,0.367,0.08
94.0,2.355,1.513,0.664,0.891,0.59,0.371,0.08
94.10000000000001,2.365,1.519,0.667,0.895,0.592,0.373,0.081
94.2,2.369,1.521,0.668,0.898,0.592,0.373,0.082
94.30000000000001,2.37,1.522,0.668,0.898,0.593,0.374,0.082
94.4,2.371,1.523,0.668,0.899,0.593,0.375,0.082
94.5,2.371,1.523,0.668,0.899,0.593,0.375,0.082
94.60000000000001,2.371,1.523,0.668,0.9,0.593,0.376,0.082
94.7,2.371,1.523,0.668,0.9,0.593,0.376,0.083
94.80000000000001,2.371,1.523,0.668,0.9,0.593,0.377,0.083
94.9,2.371,1.523,0.668,0.901,0.594,0.378,0.082
95.0,2.371,1.523,0.668,0.901,0.594,0.378,0.083
95.10000000000001,2.371,1.523,0.668,0.9,0.593,0.378,0.083
95.2,2.371,1.523,0.668,0.901,0.594,0.378,0.083
95.30000000000001,2.371,1.523,0.668,0.901,0.593,0.378,0.083
95.4,2.403,1.549,0.678,0.901,0.593,0.379,0.083
95.5,2.384,1.533,0.672,0.901,0.594,0.38,0.082
95.60000000000001,2.407,1.553,0.68,0.902,0.594,0.38,0.083
95.7,2.386,1.535,0.673,0.902,0.594,0.38,0.083
95.80000000000001,2.408,1.554,0.68,0.903,0.594,0.381,0.083
95.9,2.417,1.562,0.683,0.902,0.594,0.38,0.083
96.0,2.39,1.538,0.674,0.903,0.594,0.381,0.083
96.10000000000001,2.41,1.555,0.681,0.902,0.593,0.381,0.084
96.2,2.418,1.562,0.683,0.903,0.594,0.381,0.083
96.30000000000001,2.39,1.539,0.674,0.904,0.593,0.381,0.084
96.4,2.379,1.529,0.671,0.904,0.593,0.382,0.084
96.5,2.374,1.525,0.669,0.905,0.593,0.382,0.084
96.60000000000001,2.342,1.498,0.659,0.905,0.594,0.383,0.084
96.7,2.359,1.513,0.665,0.905,0.594,0.384,0.084
96.80000000000001,2.398,1.545,0.677,0.906,0.593,0.385,0.084
96.9,2.413,1.558,0.682,0.906,0.594,0.386,0.084
97.0,2.451,1.59,0.694,0.907,0.594,0.386,0.084
97.10000000000001,2.466,1.603,0.699,0.908,0.594,0.387,0.085
97.2,2.472,1.608,0.7,0.908,0.594,0.388,0.085
97.30000000000001,2.474,1.61,0.701,0.909,0.594,0.388,0.085
97.4,2.506,1.637,0.712,0.909,0.594,0.389,0.086
97.5,2.519,1.648,0.716,0.909,0.594,0.39,0.086
97.60000000000001,2.525,1.653,0.717,0.91,0.594,0.391,0.086
97.7,2.495,1.628,0.708,0.909,0.593,0.391,0.086
97.80000000000001,2.515,1.645,0.714,0.91,0.594,0.392,0.086
97.9,2.523,1.651,0.717,0.91,0.594,0.393,0.087
98.0,2.526,1.654,0.718,0.91,0.594,0.393,0.087
98.10000000000001,2.527,1.655,0.718,0.91,0.593,0.395,0.087
98.2,2.528,1.656,0.719,0.91,0.594,0.396,0.087
98.30000000000001,2.528,1.656,0.719,0.91,0.594,0.396,0.087
98.4,2.528,1.656,0.719,0.911,0.594,0.397,0.087
98.5,2.528,1.656,0.719,0.911,0.595,0.397,0.087
98.60000000000001,2.528,1.656,0.719,0.912,0.594,0.398,0.087
98.7,2.528,1.656,0.719,0.912,0.594,0.398,0.088
98.80000000000001,2.528,1.656,0.719,0.912,0.594,0.399,0.087
98.9,2.528,1.656,0.719,0.912,0.594,0.399,0.087
99.0,2.528,1.656,0.719,0.911,0.595,0.4,0.088
99.10000000000001,2.528,1.656,0.719,0.912,0.595,0.4,0.087
99.2,2.528,1.656,0.719,0.913,0.594,0.401,0.088
99.30000000000001,2.497,1.629,0.708,0.913,0.594,0.402,0.088
99.4,2.515,1.645,0.715,0.913,0.595,0.402,0.088
99.5,2.492,1.625,0.707,0.913,0.595,0.402,0.088
99.60000000000001,2.482,1.616,0.704,0.913,0.595,0.403,0.088
99.7,2.478,1.613,0.703,0.912,0.595,0.404,0.088
99.80000000000001,2.508,1.639,0.712,0.912,0.595,0.404,0.088
99.9,2.52,1.649,0.716,0.912,0.595,0.405,0.088
100.0,2.493,1.626,0.707,0.913,0.594,0.405,0.087
100.10000000000001,2.483,1.617,0.704,0.913,0.595,0.405,0.088
100.2,2.51,1.64,0.713,0.913,0.595,0.406,0.088
100.30000000000001,2.521,1.65,0.716,0.913,0.594,0.406,0.088
100.4,2.525,1.653,0.718,0.913,0.595,0.406,0.088
100.5,2.495,1.628,0.708,0.913,0.595,0.407,0.088
100.60000000000001,2.515,1.645,0.714,0.913,0.594,0.407,0.088
100.7,2.523,1.651,0.717,0.913,0.595,0.407,0.088
100.80000000000001,2.526,1.654,0.718,0.913,0.595,0.408,0.088
100.9,2.527,1.655,0.718,0.913,0.595,0.408,0.089
101.0,2.528,1.656,0.719,0.914,0.595,0.409,0.089
101.10000000000001,2.528,1.656,0.719,0.914,0.595,0.409,0.088
101.2,2.528,1.656,0.719,0.914,0.596,0.41,0.088
101.30000000000001,2.528,1.656,0.719,0.914,0.596,0.41,0.088
101.4,2.528,1.656,0.719,0.914,0.596,0.41,0.088
101.5,2.528,1.656,0.719,0.913,0.596,0.411,0.089
101.60000000000001,2.528,1.656,0.719,0.914,0.596,0.411,0.089
101.7,2.528,1.656,0.719,0.914,0.596,0.412,0.089
101.80000000000001,2.528,1.656,0.719,0.915,0.596,0.412,0.089
101.9,2.528,1.656,0.719,0.915,0.596,0.412,0.089
102.0,2.528,1.656,0.719,0.914,0.595,0.413,0.089
102.10000000000001,2.528,1.656,0.719,0.914,0.596,0.413,0.089
102.2,2.528,1.656,0.719,0.914,0.596,0.413,0.089
102.30000000000001,2.528,1.656,0.719,0.914,0.596,0.414,0.089
102.4,2.497,1.629,0.708,0.915,0.596,0.414,0.088
102.5,2.515,1.645,0.715,0.915,0.596,0.414,0.089
102.60000000000001,2.523,1.652,0.717,0.916,0.597,0.415,0.089
102.7,2.526,1.654,0.718,0.916,0.596,0.415,0.089
102.80000000000001,2.527,1.655,0.718,0.917,0.597,0.416,0.089
102.9,2.496,1.629,0.708,0.916,0.596,0.416,0.089
103.0,2.515,1.645,0.715,0.916,0.596,0.416,0.089
103.10000000000001,2.523,1.652,0.717,0.916,0.596,0.417,0.089
103.2,2.526,1.654,0.718,0.917,0.597,0.417,0.089
103.30000000000001,2.527,1.655,0.718,0.915,0.596,0.417,0.088
103.4,2.496,1.629,0.708,0.916,0.596,0.418,0.089
103.5,2.484,1.618,0.704,0.915,0.597,0.418,0.088
103.60000000000001,2.51,1.641,0.713,0.914,0.597,0.418,0.089
103.7,2.521,1.65,0.716,0.915,0.596,0.418,0.089
103.80000000000001,2.525,1.653,0.718,0.914,0.596,0.418,0.089
103.9,2.495,1.628,0.708,0.915,0.596,0.419,0.089
104.0,2.515,1.645,0.714,0.915,0.596,0.418,0.09
104.10000000000001,2.523,1.651,0.717,0.915,0.596,0.419,0.089
104.2,2.526,1.654,0.718,0.915,0.597,0.42,0.09
104.30000000000001,2.527,1.655,0.718,0.914,0.596,0.42,0.089
104.4,2.528,1.656,0.719,0.914,0.596,0.42,0.089
104.5,2.528,1.656,0.719,0.914,0.597,0.421,0.089
104.60000000000001,2.528,1.656,0.719,0.915,0.596,0.42,0.089
104.7,2.528,1.656,0.719,0.915,0.596,0.42,0.089
104.80000000000001,2.528,1.656,0.719,0.916,0.597,0.421,0.09
104.9,2.528,1.656,0.719,0.915,0.597,0.421,0.089
105.0,2.528,1.656,0.719,0.916,0.597,0.422,0.09
105.10000000000001,2.528,1.656,0.719,0.916,0.597,0.421,0.09
105.2,2.497,1.629,0.708,0.916,0.597,0.421,0.089
105.30000000000001,2.515,1.645,0.715,0.916,0.597,0.422,0.09
105.4,2.523,1.652,0.717,0.915,0.597,0.422,0.089
105.5,2.526,1.654,0.718,0.916,0.597,0.422,0.09
105.60000000000001,2.496,1.628,0.708,0.917,0.597,0.422,0.089
105.7,2.452,1.591,0.694,0.916,0.597,0.423,0.089
105.80000000000001,2.466,1.603,0.699,0.916,0.597,0.423,0.09
105.9,2.503,1.635,0.711,0.916,0.597,0.423,0.09
106.0,2.518,1.647,0.715,0.917,0.597,0.423,0.09
106.10000000000001,2.524,1.653,0.717,0.916,0.597,0.423,0.089
106.2,2.495,1.628,0.708,0.916,0.597,0.424,0.09
106.30000000000001,2.515,1.645,0.714,0.917,0.597,0.424,0.09
106.4,2.491,1.624,0.707,0.917,0.597,0.425,0.089
106.5,2.513,1.643,0.714,0.916,0.597,0.425,0.09
106.60000000000001,2.522,1.651,0.717,0.917,0.597,0.425,0.09
106.7,2.526,1.654,0.718,0.916,0.597,0.425,0.09
106.80000000000001,2.496,1.628,0.708,0.916,0.597,0.425,0.09
106.9,2.515,1.645,0.714,0.916,0.597,0.425,0.09
107.0,2.523,1.651,0.717,0.916,0.597,0.426,0.09
107.10000000000001,2.494,1.627,0.708,0.916,0.597,0.426,0.09
107.2,2.515,1.644,0.714,0.916,0.597,0.426,0.09
107.30000000000001,2.491,1.624,0.707,0.916,0.598,0.426,0.09
107.4,2.513,1.643,0.714,0.917,0.598,0.426,0.091
107.5,2.522,1.651,0.717,0.917,0.598,0.427,0.09
107.60000000000001,2.463,1.6,0.698,0.917,0.598,0.428,0.09
107.7,2.502,1.634,0.71,0.917,0.598,0.428,0.09
107.80000000000001,2.518,1.647,0.715,0.917,0.598,0.428,0.09
107.9,2.492,1.625,0.707,0.917,0.598,0.428,0.09
108.0,2.482,1.617,0.704,0.917,0.598,0.428,0.089
108.10000000000001,2.51,1.64,0.713,0.917,0.598,0.429,0.089
108.2,2.521,1.65,0.716,0.917,0.598,0.428,0.09
108.30000000000001,2.525,1.653,0.718,0.917,0.598,0.428,0.09
108.4,2.527,1.655,0.718,0.917,0.598,0.429,0.09
108.5,2.496,1.629,0.708,0.917,0.598,0.428,0.09
108.60000000000001,2.484,1.618,0.704,0.917,0.598,0.429,0.09
108.7,2.51,1.641,0.713,0.917,0.598,0.429,0.09
108.80000000000001,2.521,1.65,0.716,0.917,0.598,0.429,0.09
108.9,2.494,1.627,0.708,0.917,0.598,0.429,0.089
109.0,2.514,1.644,0.714,0.917,0.598,0.429,0.09
109.10000000000001,2.491,1.624,0.707,0.917,0.598,0.429,0.09
109.2,2.513,1.643,0.714,0.918,0.598,0.43,0.09
109.30000000000001,2.522,1.651,0.717,0.917,0.598,0.43,0.09
109.4,2.494,1.627,0.708,0.917,0.598,0.43,0.09
109.5,2.515,1.644,0.714,0.918,0.598,0.43,0.09
109.60000000000001,2.491,1.624,0.707,0.917,0.598,0.43,0.09
109.7,2.482,1.616,0.704,0.917,0.598,0.43,0.09
109.80000000000001,2.51,1.64,0.713,0.918,0.598,0.43,0.09
109.9,2.521,1.65,0.716,0.917,0.598,0.431,0.09
110.0,2.525,1.653,0.718,0.917,0.599,0.431,0.09
110.10000000000001,2.527,1.655,0.718,0.917,0.599,0.432,0.09
110.2,2.496,1.629,0.708,0.917,0.598,0.432,0.09
110.30000000000001,2.484,1.618,0.704,0.918,0.599,0.431,0.09
110.4,2.479,1.614,0.703,0.918,0.599,0.431,0.09
110.5,2.477,1.612,0.702,0.918,0.598,0.432,0.09
110.60000000000001,2.476,1.611,0.702,0.918,0.599,0.432,0.09
110.7,2.476,1.611,0.702,0.918,0.598,0.432,0.09
110.80000000000001,2.476,1.611,0.702,0.919,0.599,0.433,0.09
110.9,2.507,1.638,0.712,0.918,0.599,0.433,0.091
111.0,2.488,1.622,0.706,0.918,0.598,0.433,0.09
111.10000000000001,2.481,1.615,0.703,0.918,0.599,0.434,0.09
111.2,2.509,1.64,0.713,0.918,0.598,0.433,0.09
111.30000000000001,2.489,1.622,0.706,0.917,0.599,0.434,0.09
111.4,2.481,1.616,0.703,0.918,0.599,0.433,0.09
111.5,2.478,1.613,0.702,0.917,0.599,0.434,0.089
111.60000000000001,2.476,1.612,0.702,0.918,0.599,0.434,0.09
111.7,2.507,1.638,0.712,0.918,0.599,0.434,0.09
111.80000000000001,2.488,1.622,0.706,0.917,0.599,0.434,0.09
111.9,2.481,1.615,0.703,0.918,0.599,0.435,0.09
112.0,2.509,1.64,0.713,0.918,0.599,0.434,0.09
112.10000000000001,2.52,1.649,0.716,0.917,0.599,0.435,0.09
112.2,2.494,1.626,0.707,0.918,0.599,0.435,0.09
112.30000000000001,2.483,1.617,0.704,0.918,0.599,0.436,0.09
112.4,2.478,1.614,0.703,0.918,0.6,0.436,0.09
112.5,2.477,1.612,0.702,0.918,0.599,0.436,0.09
112.60000000000001,2.476,1.611,0.702,0.918,0.599,0.436,0.091
112.7,2.476,1.611,0.702,0.919,0.599,0.436,0.09
112.80000000000001,2.507,1.638,0.712,0.919,0.6,0.436,0.09
112.9,2.488,1.622,0.706,0.919,0.6,0.436,0.09
113.0,2.481,1.615,0.703,0.919,0.6,0.436,0.091
113.10000000000001,2.509,1.64,0.713,0.918,0.599,0.436,0.09
113.2,2.52,1.649,0.716,0.919,0.6,0.437,0.09
113.30000000000001,2.494,1.626,0.707,0.919,0.6,0.437,0.09
113.4,2.483,1.617,0.704,0.918,0.6,0.436,0.09
113.5,2.478,1.614,0.703,0.919,0.6,0.437,0.091
113.60000000000001,2.508,1.639,0.712,0.919,0.6,0.437,0.091
113.7,2.489,1.622,0.706,0.918,0.599,0.437,0.09
113.80000000000001,2.481,1.616,0.703,0.918,0.599,0.437,0.091
113.9,2.509,1.64,0.713,0.918,0.599,0.437,0.091
114.0,2.489,1.623,0.706,0.919,0.6,0.437,0.09
114.10000000000001,2.481,1.616,0.703,0.919,0.6,0.438,0.091
114.2,2.509,1.64,0.713,0.919,0.6,0.437,0.09
114.30000000000001,2.489,1.623,0.706,0.919,0.601,0.438,0.091
114.4,2.481,1.616,0.703,0.919,0.6,0.437,0.091
114.5,2.478,1.613,0.702,0.919,0.601,0.438,0.091
114.60000000000001,2.476,1.612,0.702,0.919,0.601,0.438,0.09
114.7,2.507,1.638,0.712,0.919,0.601,0.439,0.091
114.80000000000001,2.52,1.649,0.716,0.919,0.601,0.439,0.091
114.9,2.493,1.626,0.707,0.918,0.601,0.439,0.09
115.0,2.514,1.644,0.714,0.918,0.6,0.439,0.091
115.10000000000001,2.522,1.651,0.717,0.919,0.601,0.439,0.09
115.2,2.494,1.627,0.708,0.919,0.601,0.439,0.09
115.30000000000001,2.483,1.617,0.704,0.919,0.601,0.439,0.091
115.4,2.51,1.641,0.713,0.919,0.6,0.439,0.091
115.5,2.489,1.623,0.706,0.919,0.6,0.439,0.091
115.60000000000001,2.513,1.643,0.714,0.919,0.601,0.439,0.091
115.7,2.522,1.651,0.717,0.92,0.601,0.44,0.09
115.80000000000001,2.494,1.627,0.708,0.919,0.601,0.439,0.091
115.9,2.514,1.644,0.714,0.919,0.601,0.44,0.09
116.0,2.491,1.624,0.707,0.919,0.601,0.44,0.091
116.10000000000001,2.513,1.643,0.714,0.92,0.602,0.441,0.09
116.2,2.491,1.624,0.707,0.919,0.601,0.441,0.091
116.30000000000001,2.482,1.616,0.704,0.919,0.601,0.441,0.091
116.4,2.509,1.64,0.713,0.919,0.601,0.441,0.09
116.5,2.489,1.623,0.706,0.919,0.601,0.441,0.091
116.60000000000001,2.512,1.643,0.714,0.919,0.601,0.441,0.09
116.7,2.522,1.651,0.717,0.92,0.601,0.441,0.091
116.80000000000001,2.526,1.654,0.718,0.919,0.601,0.442,0.091
116.9,2.527,1.655,0.718,0.92,0.602,0.441,0.091
117.0,2.528,1.656,0.718,0.92,0.601,0.442,0.091
117.10000000000001,2.528,1.656,0.719,0.921,0.601,0.442,0.091
117.2,2.528,1.656,0.719,0.92,0.601,0.441,0.091
117.30000000000001,2.528,1.656,0.719,0.919,0.601,0.442,0.091
117.4,2.528,1.656,0.719,0.919,0.602,0.442,0.091
117.5,2.528,1.656,0.719,0.919,0.602,0.443,0.09
117.60000000000001,2.528,1.656,0.719,0.92,0.601,0.443,0.091
117.7,2.528,1.656,0.719,0.921,0.602,0.443,0.091
117.80000000000001,2.528,1.656,0.719,0.921,0.602,0.442,0.091
117.9,2.528,1.656,0.719,0.921,0.601,0.442,0.091
118.0,2.528,1.656,0.719,0.921,0.602,0.442,0.091
118.10000000000001,2.528,1.656,0.719,0.921,0.602,0.443,0.091
118.2,2.528,1.656,0.719,0.921,0.601,0.444,0.091
118.30000000000001,2.528,1.656,0.719,0.92,0.602,0.444,0.091
118.4,2.528,1.656,0.719,0.919,0.601,0.444,0.091
118.5,2.528,1.656,0.719,0.92,0.602,0.444,0.091
118.60000000000001,2.528,1.656,0.719,0.92,0.602,0.444,0.091
118.7,2.528,1.656,0.719,0.919,0.602,0.444,0.091
118.80000000000001,2.528,1.656,0.719,0.919,0.602,0.444,0.091
118.9,2.528,1.656,0.719,0.92,0.601,0.444,0.091
119.0,2.528,1.656,0.719,0.919,0.602,0.444,0.091
119.10000000000001,2.497,1.629,0.708,0.919,0.601,0.444,0.09
119.2,2.484,1.618,0.704,0.92,0.601,0.444,0.09
119.30000000000001,2.51,1.641,0.713,0.92,0.601,0.445,0.091
119.4,2.489,1.623,0.706,0.92,0.602,0.445,0.091
119.5,2.513,1.643,0.714,0.919,0.602,0.445,0.091
119.60000000000001,2.522,1.651,0.717,0.92,0.602,0.445,0.091
119.7,2.494,1.627,0.708,0.92,0.602,0.445,0.09
119.80000000000001,2.514,1.644,0.714,0.919,0.602,0.445,0.091
119.9,2.491,1.624,0.707,0.92,0.602,0.445,0.091
120.0,2.513,1.643,0.714,0.92,0.602,0.445,0.091
120.10000000000001,2.522,1.651,0.717,0.919,0.602,0.445,0.091
120.2,2.526,1.654,0.718,0.92,0.602,0.445,0.091
120.30000000000001,2.496,1.628,0.708,0.921,0.603,0.446,0.09
120.4,2.515,1.645,0.714,0.921,0.602,0.445,0.091
120.5,2.523,1.651,0.717,0.921,0.603,0.446,0.091
120.60000000000001,2.526,1.654,0.718,0.921,0.602,0.446,0.09
120.7,2.527,1.655,0.718,0.921,0.602,0.446,0.091
120.80000000000001,2.528,1.656,0.719,0.921,0.602,0.446,0.091
120.9,2.528,1.656,0.719,0.921,0.602,0.445,0.09
121.0,2.528,1.656,0.719,0.921,0.602,0.446,0.091
121.10000000000001,2.528,1.656,0.719,0.921,0.602,0.446,0.091
121.2,2.528,1.656,0.719,0.921,0.602,0.446,0.091
121.30000000000001,2.497,1.629,0.708,0.921,0.602,0.446,0.091
121.4,2.515,1.645,0.715,0.92,0.602,0.446,0.091
121.5,2.523,1.652,0.717,0.921,0.603,0.446,0.091
121.60000000000001,2.526,1.654,0.718,0.921,0.602,0.446,0.091
121.7,2.527,1.655,0.718,0.921,0.603,0.447,0.091
121.80000000000001,2.528,1.656,0.719,0.921,0.603,0.446,0.091
121.9,2.496,1.629,0.708,0.921,0.602,0.447,0.091
122.0,2.515,1.645,0.715,0.921,0.603,0.446,0.091
122.10000000000001,2.523,1.652,0.717,0.922,0.603,0.447,0.091
122.2,2.526,1.654,0.718,0.921,0.602,0.447,0.091
122.30000000000001,2.496,1.628,0.708,0.921,0.602,0.447,0.091
122.4,2.515,1.645,0.714,0.921,0.602,0.447,0.09
122.5,2.523,1.651,0.717,0.921,0.602,0.448,0.091
122.60000000000001,2.494,1.627,0.708,0.921,0.603,0.448,0.091
122.7,2.515,1.644,0.714,0.921,0.602,0.447,0.091
122.80000000000001,2.523,1.651,0.717,0.921,0.603,0.448,0.091
122.9,2.494,1.627,0.708,0.921,0.602,0.447,0.091
123.0,2.515,1.644,0.714,0.92,0.602,0.448,0.091
123.10000000000001,2.523,1.651,0.717,0.921,0.603,0.448,0.091
123.2,2.494,1.627,0.708,0.922,0.603,0.448,0.091
123.30000000000001,2.515,1.644,0.714,0.921,0.603,0.448,0.091
123.4,2.523,1.651,0.717,0.921,0.603,0.449,0.09
123.5,2.526,1.654,0.718,0.921,0.603,0.449,0.09
123.60000000000001,2.496,1.628,0.708,0.921,0.603,0.448,0.091
123.7,2.484,1.618,0.704,0.921,0.603,0.448,0.091
123.80000000000001,2.51,1.641,0.713,0.922,0.604,0.449,0.091
123.9,2.489,1.623,0.706,0.922,0.603,0.449,0.091
124.0,2.513,1.643,0.714,0.922,0.603,0.449,0.091
124.10000000000001,2.522,1.651,0.717,0.922,0.603,0.448,0.091
124.2,2.526,1.654,0.718,0.923,0.604,0.449,0.091
124.30000000000001,2.527,1.655,0.718,0.922,0.603,0.449,0.092
124.4,2.496,1.629,0.708,0.922,0.604,0.449,0.091
124.5,2.484,1.618,0.704,0.923,0.604,0.449,0.091
124.60000000000001,2.479,1.614,0.703,0.922,0.603,0.449,0.091
124.7,2.477,1.612,0.702,0.922,0.603,0.449,0.091
124.80000000000001,2.476,1.611,0.702,0.922,0.603,0.449,0.091
124.9,2.476,1.611,0.702,0.922,0.604,0.449,0.091
125.0,2.476,1.611,0.702,0.923,0.603,0.449,0.091
125.10000000000001,2.476,1.611,0.702,0.922,0.604,0.449,0.091
125.2,2.507,1.638,0.712,0.921,0.603,0.449,0.091
125.30000000000001,2.52,1.649,0.716,0.922,0.604,0.449,0.091
125.4,2.493,1.626,0.707,0.922,0.603,0.449,0.091
125.5,2.514,1.644,0.714,0.922,0.603,0.449,0.091
125.60000000000001,2.491,1.624,0.707,0.923,0.604,0.449,0.091
125.7,2.482,1.616,0.704,0.922,0.603,0.449,0.091
125.80000000000001,2.478,1.613,0.703,0.921,0.604,0.45,0.091
125.9,2.477,1.612,0.702,0.922,0.604,0.45,0.091
126.0,2.476,1.611,0.702,0.921,0.604,0.45,0.091
126.10000000000001,2.507,1.638,0.712,0.922,0.603,0.45,0.091
126.2,2.52,1.649,0.716,0.922,0.604,0.45,0.091
126.30000000000001,2.493,1.626,0.707,0.922,0.604,0.45,0.091
126.4,2.483,1.617,0.704,0.922,0.605,0.45,0.091
126.5,2.478,1.613,0.703,0.922,0.604,0.449,0.091
126.60000000000001,2.477,1.612,0.702,0.921,0.603,0.449,0.092
126.7,2.476,1.611,0.702,0.921,0.603,0.449,0.091
126.80000000000001,2.476,1.611,0.702,0.921,0.604,0.449,0.091
126.9,2.476,1.611,0.702,0.922,0.604,0.45,0.091
127.0,2.476,1.611,0.702,0.922,0.604,0.449,0.091
127.10000000000001,2.476,1.611,0.702,0.922,0.605,0.45,0.091
127.2,2.507,1.638,0.712,0.923,0.605,0.45,0.091
127.30000000000001,2.488,1.622,0.706,0.922,0.604,0.45,0.091
127.4,2.481,1.615,0.703,0.921,0.605,0.45,0.091
127.5,2.478,1.613,0.702,0.922,0.604,0.45,0.09
127.60000000000001,2.476,1.612,0.702,0.923,0.605,0.45,0.091
127.7,2.476,1.611,0.702,0.922,0.605,0.45,0.091
127.80000000000001,2.476,1.611,0.702,0.922,0.605,0.45,0.091
127.9,2.476,1.611,0.702,0.923,0.605,0.451,0.091
128.0,2.476,1.611,0.702,0.922,0.605,0.45,0.091
128.1,2.476,1.611,0.702,0.922,0.605,0.45,0.091
128.20000000000002,2.476,1.611,0.702,0.922,0.605,0.45,0.091
128.3,2.476,1.611,0.702,0.923,0.606,0.451,0.092
128.4,2.476,1.611,0.702,0.923,0.605,0.451,0.091
128.5,2.476,1.611,0.702,0.922,0.605,0.45,0.091
128.6,2.444,1.584,0.692,0.923,0.605,0.45,0.091
128.70000000000002,2.463,1.6,0.698,0.922,0.605,0.45,0.091
128.8,2.471,1.607,0.7,0.923,0.605,0.45,0.091
128.9,2.474,1.609,0.701,0.923,0.606,0.45,0.091
129.0,2.475,1.61,0.701,0.923,0.606,0.451,0.091
129.1,2.475,1.611,0.702,0.923,0.605,0.45,0.091
129.20000000000002,2.475,1.611,0.702,0.923,0.605,0.451,0.091
129.3,2.475,1.611,0.702,0.922,0.605,0.452,0.091
129.4,2.476,1.611,0.702,0.922,0.605,0.452,0.091
129.5,2.444,1.584,0.692,0.923,0.606,0.452,0.091
129.6,2.463,1.6,0.698,0.923,0.605,0.451,0.091
129.70000000000002,2.471,1.607,0.7,0.923,0.605,0.452,0.091
129.8,2.442,1.583,0.691,0.922,0.605,0.451,0.091
129.9,2.462,1.6,0.697,0.922,0.605,0.452,0.091
130.0,2.47,1.607,0.7,0.921,0.605,0.452,0.091
130.1,2.473,1.609,0.701,0.922,0.605,0.451,0.091
130.20000000000002,2.475,1.61,0.701,0.922,0.606,0.452,0.091
130.3,2.475,1.611,0.702,0.923,0.606,0.451,0.091
130.4,2.475,1.611,0.702,0.922,0.606,0.451,0.09
130.5,2.475,1.611,0.702,0.922,0.606,0.452,0.091
130.6,2.476,1.611,0.702,0.922,0.606,0.452,0.091
130.70000000000002,2.476,1.611,0.702,0.922,0.606,0.452,0.091
130.8,2.476,1.611,0.702,0.922,0.606,0.452,0.091
130.9,2.476,1.611,0.702,0.922,0.605,0.452,0.091
131.0,2.476,1.611,0.702,0.922,0.606,0.452,0.091
131.1,2.476,1.611,0.702,0.923,0.606,0.452,0.091
131.20000000000002,2.476,1.611,0.702,0.922,0.606,0.452,0.091
131.3,2.476,1.611,0.702,0.923,0.606,0.452,0.091
131.4,2.476,1.611,0.702,0.922,0.605,0.452,0.091
131.5,2.476,1.611,0.702,0.923,0.606,0.452,0.091
131.6,2.476,1.611,0.702,0.922,0.606,0.452,0.091
131.70000000000002,2.476,1.611,0.702,0.923,0.606,0.452,0.091
131.8,2.507,1.638,0.712,0.923,0.606,0.452,0.091
131.9,2.488,1.622,0.706,0.922,0.606,0.452,0.091
132.0,2.481,1.615,0.703,0.922,0.606,0.452,0.091
132.1,2.478,1.613,0.702,0.923,0.606,0.452,0.091
132.20000000000002,2.476,1.612,0.702,0.923,0.606,0.452,0.09
132.3,2.445,1.585,0.692,0.923,0.607,0.452,0.091
132.4,2.463,1.601,0.698,0.923,0.607,0.452,0.091
132.5,2.471,1.607,0.7,0.923,0.606,0.452,0.091
132.6,2.474,1.609,0.701,0.923,0.607,0.453,0.091
132.70000000000002,2.475,1.61,0.701,0.922,0.607,0.452,0.091
132.8,2.475,1.611,0.702,0.923,0.606,0.452,0.091
132.9,2.475,1.611,0.702,0.923,0.607,0.452,0.09
133.0,2.475,1.611,0.702,0.923,0.607,0.452,0.091
133.1,2.476,1.611,0.702,0.923,0.608,0.452,0.09
133.20000000000002,2.476,1.611,0.702,0.922,0.607,0.452,0.091
133.3,2.476,1.611,0.702,0.923,0.606,0.452,0.091
133.4,2.476,1.611,0.702,0.924,0.607,0.452,0.09
133.5,2.507,1.638,0.712,0.923,0.608,0.452,0.09
133.6,2.488,1.622,0.706,0.923,0.608,0.452,0.09
133.70000000000002,2.481,1.615,0.703,0.924,0.608,0.452,0.091
133.8,2.478,1.613,0.702,0.923,0.608,0.452,0.091
133.9,2.476,1.612,0.702,0.924,0.608,0.452,0.091
134.0,2.476,1.611,0.702,0.924,0.608,0.452,0.091
134.1,2.476,1.611,0.702,0.924,0.608,0.452,0.091
134.20000000000002,2.476,1.611,0.702,0.924,0.608,0.452,0.091
134.3,2.476,1.611,0.702,0.923,0.608,0.452,0.091
134.4,2.476,1.611,0.702,0.923,0.608,0.452,0.091
134.5,2.476,1.611,0.702,0.924,0.608,0.452,0.091
134.6,2.476,1.611,0.702,0.925,0.608,0.452,0.091
134.70000000000002,2.476,1.611,0.702,0.924,0.608,0.453,0.091
134.8,2.476,1.611,0.702,0.924,0.608,0.452,0.091
134.9,2.444,1.584,0.692,0.923,0.608,0.453,0.091
135.0,2.463,1.6,0.698,0.924,0.608,0.453,0.091
135.1,2.471,1.607,0.7,0.923,0.608,0.453,0.091
135.20000000000002,2.474,1.609,0.701,0.924,0.608,0.452,0.091
135.3,2.475,1.61,0.701,0.924,0.608,0.452,0.091
135.4,2.475,1.611,0.702,0.924,0.609,0.452,0.09
135.5,2.475,1.611,0.702,0.923,0.608,0.453,0.091
135.6,2.475,1.611,0.702,0.924,0.608,0.452,0.09
135.70000000000002,2.476,1.611,0.702,0.923,0.608,0.452,0.09
135.8,2.476,1.611,0.702,0.923,0.608,0.453,0.091
135.9,2.476,1.611,0.702,0.923,0.608,0.452,0.091
136.0,2.507,1.638,0.712,0.923,0.609,0.452,0.091
136.1,2.395,1.543,0.676,0.923,0.609,0.453,0.091
136.20000000000002,2.443,1.584,0.691,0.924,0.608,0.452,0.091
136.3,2.369,1.521,0.668,0.924,0.609,0.452,0.091
136.4,2.433,1.575,0.688,0.925,0.608,0.453,0.091
136.5,2.459,1.597,0.696,0.924,0.609,0.453,0.091
136.6,2.469,1.605,0.7,0.924,0.609,0.452,0.091
136.70000000000002,2.473,1.609,0.701,0.925,0.609,0.452,0.092
136.8,2.474,1.61,0.701,0.924,0.609,0.453,0.092
136.9,2.507,1.638,0.712,0.924,0.609,0.452,0.091
137.0,2.488,1.622,0.706,0.924,0.609,0.453,0.091
137.1,2.481,1.615,0.703,0.924,0.608,0.453,0.091
137.20000000000002,2.478,1.613,0.702,0.924,0.609,0.453,0.091
137.3,2.476,1.612,0.702,0.924,0.609,0.453,0.091
137.4,2.476,1.611,0.702,0.925,0.61,0.453,0.091
137.5,2.476,1.611,0.702,0.925,0.609,0.453,0.091
137.6,2.476,1.611,0.702,0.924,0.609,0.453,0.092
137.70000000000002,2.476,1.611,0.702,0.925,0.608,0.453,0.091
137.8,2.476,1.611,0.702,0.924,0.609,0.453,0.091
137.9,2.476,1.611,0.702,0.924,0.609,0.453,0.091
138.0,2.476,1.611,0.702,0.924,0.608,0.452,0.091
138.1,2.476,1.611,0.702,0.924,0.609,0.453,0.091
138.20000000000002,2.476,1.611,0.702,0.925,0.609,0.454,0.091
138.3,2.476,1.611,0.702,0.924,0.609,0.453,0.091
138.4,2.476,1.611,0.702,0.924,0.61,0.453,0.09
138.5,2.476,1.611,0.702,0.925,0.609,0.453,0.091
138.6,2.476,1.611,0.702,0.924,0.609,0.453,0.091
138.70000000000002,2.444,1.584,0.692,0.925,0.609,0.453,0.091
138.8,2.463,1.6,0.698,0.925,0.61,0.453,0.091
138.9,2.471,1.607,0.7,0.925,0.61,0.453,0.091
139.0,2.474,1.609,0.701,0.925,0.61,0.453,0.091
139.1,2.475,1.61,0.701,0.924,0.609,0.453,0.091
139.20000000000002,2.475,1.611,0.702,0.925,0.61,0.453,0.091
139.3,2.475,1.611,0.702,0.925,0.61,0.453,0.091
139.4,2.475,1.611,0.702,0.924,0.61,0.453,0.091
139.5,2.476,1.611,0.702,0.924,0.609,0.453,0.091
139.6,2.476,1.611,0.702,0.925,0.61,0.454,0.091
139.70000000000002,2.476,1.611,0.702,0.925,0.61,0.453,0.091
139.8,2.476,1.611,0.702,0.925,0.61,0.453,0.091
139.9,2.476,1.611,0.702,0.925,0.61,0.453,0.091
140.0,2.476,1.611,0.702,0.925,0.611,0.454,0.091
140.1,2.476,1.611,0.702,0.925,0.61,0.453,0.092
140.20000000000002,2.476,1.611,0.702,0.925,0.609,0.453,0.091
140.3,2.476,1.611,0.702,0.925,0.61,0.454,0.091
140.4,2.476,1.611,0.702,0.925,0.61,0.453,0.091
140.5,2.476,1.611,0.702,0.925,0.61,0.454,0.091
140.6,2.476,1.611,0.702,0.925,0.61,0.454,0.091
140.70000000000002,2.476,1.611,0.702,0.925,0.61,0.454,0.091
140.8,2.476,1.611,0.702,0.925,0.61,0.454,0.091
140.9,2.476,1.611,0.702,0.925,0.61,0.454,0.09
141.0,2.476,1.611,0.702,0.925,0.61,0.454,0.091
141.1,2.476,1.611,0.702,0.925,0.611,0.454,0.091
141.20000000000002,2.476,1.611,0.702,0.926,0.611,0.454,0.092
141.3,2.476,1.611,0.702,0.926,0.61,0.454,0.091
141.4,2.476,1.611,0.702,0.925,0.61,0.454,0.091
141.5,2.476,1.611,0.702,0.925,0.611,0.454,0.091
141.6,2.476,1.611,0.702,0.926,0.61,0.454,0.091
141.70000000000002,2.476,1.611,0.702,0.926,0.611,0.454,0.091
141.8,2.444,1.584,0.692,0.926,0.611,0.454,0.091
141.9,2.463,1.6,0.698,0.925,0.61,0.454,0.091
142.0,2.471,1.607,0.7,0.926,0.611,0.454,0.091
142.1,2.474,1.609,0.701,0.926,0.611,0.454,0.091
142.20000000000002,2.475,1.61,0.701,0.925,0.61,0.454,0.091
142.3,2.475,1.611,0.702,0.925,0.611,0.455,0.091
142.4,2.475,1.611,0.702,0.926,0.612,0.454,0.091
142.5,2.382,1.532,0.672,0.925,0.611,0.454,0.091
142.6,2.438,1.579,0.69,0.926,0.611,0.454,0.091
142.70000000000002,2.461,1.598,0.697,0.925,0.61,0.454,0.091
142.8,2.438,1.579,0.69,0.925,0.611,0.454,0.092
142.9,2.461,1.598,0.697,0.925,0.611,0.454,0.091
143.0,2.47,1.606,0.7,0.925,0.61,0.454,0.092
143.1,2.473,1.609,0.701,0.926,0.61,0.454,0.091
143.20000000000002,2.475,1.61,0.701,0.925,0.61,0.454,0.091
143.3,2.475,1.611,0.702,0.925,0.611,0.454,0.091
143.4,2.444,1.584,0.692,0.926,0.611,0.454,0.091
143.5,2.432,1.574,0.688,0.925,0.611,0.454,0.091
143.6,2.458,1.596,0.696,0.926,0.611,0.454,0.091
143.70000000000002,2.469,1.605,0.699,0.926,0.612,0.455,0.091
143.8,2.473,1.609,0.701,0.925,0.611,0.454,0.091
143.9,2.474,1.61,0.701,0.926,0.611,0.454,0.091
144.0,2.475,1.611,0.702,0.925,0.612,0.454,0.091
144.1,2.444,1.584,0.692,0.925,0.612,0.454,0.091
144.20000000000002,2.463,1.6,0.698,0.925,0.612,0.455,0.091
144.3,2.439,1.58,0.69,0.925,0.611,0.454,0.092
144.4,2.461,1.599,0.697,0.926,0.612,0.454,0.091
144.5,2.47,1.606,0.7,0.925,0.611,0.454,0.091
144.6,2.473,1.609,0.701,0.925,0.611,0.454,0.091
144.70000000000002,2.475,1.61,0.701,0.925,0.611,0.454,0.091
144.8,2.475,1.611,0.702,0.925,0.611,0.454,0.091
144.9,2.444,1.584,0.692,0.925,0.611,0.454,0.091
145.0,2.463,1.6,0.698,0.925,0.611,0.454,0.091
145.1,2.471,1.607,0.7,0.925,0.611,0.454,0.091
145.20000000000002,2.474,1.609,0.701,0.925,0.612,0.454,0.091
145.3,2.475,1.61,0.701,0.925,0.612,0.455,0.091
145.4,2.475,1.611,0.702,0.925,0.612,0.454,0.091
145.5,2.475,1.611,0.702,0.925,0.611,0.454,0.091
145.6,2.475,1.611,0.702,0.925,0.612,0.454,0.091
145.70000000000002,2.476,1.611,0.702,0.925,0.612,0.454,0.091
145.8,2.476,1.611,0.702,0.925,0.612,0.455,0.092
145.9,2.444,1.584,0.692,0.925,0.612,0.454,0.091
146.0,2.463,1.6,0.698,0.925,0.612,0.454,0.091
146.1,2.471,1.607,0.7,0.925,0.612,0.454,0.091
146.20000000000002,2.474,1.609,0.701,0.925,0.611,0.454,0.091
146.3,2.506,1.637,0.712,0.925,0.612,0.454,0.091
146.4,2.488,1.622,0.706,0.925,0.613,0.455,0.091
146.5,2.48,1.615,0.703,0.925,0.612,0.454,0.092
146.6,2.478,1.613,0.702,0.925,0.612,0.454,0.091
146.70000000000002,2.476,1.612,0.702,0.926,0.612,0.455,0.091
146.8,2.603,1.721,0.743,0.925,0.612,0.454,0.091
146.9,2.526,1.655,0.718,0.925,0.612,0.454,0.091
147.0,2.496,1.629,0.708,0.925,0.611,0.454,0.091
147.1,2.484,1.618,0.704,0.925,0.611,0.454,0.091
147.20000000000002,2.479,1.614,0.703,0.925,0.611,0.454,0.091
147.3,2.477,1.612,0.702,0.924,0.612,0.454,0.091
147.4,2.445,1.585,0.692,0.925,0.612,0.454,0.091
147.5,2.463,1.601,0.698,0.925,0.612,0.455,0.091
147.6,2.439,1.58,0.69,0.925,0.612,0.454,0.091
147.70000000000002,2.399,1.546,0.677,0.924,0.612,0.454,0.091
147.8,2.445,1.585,0.692,0.925,0.612,0.455,0.092
147.9,2.463,1.601,0.698,0.925,0.613,0.454,0.091
148.0,2.471,1.607,0.7,0.924,0.612,0.455,0.091
148.1,2.474,1.609,0.701,0.925,0.612,0.454,0.091
148.20000000000002,2.475,1.61,0.701,0.925,0.612,0.454,0.091
148.3,2.475,1.611,0.702,0.925,0.612,0.455,0.091
148.4,2.475,1.611,0.702,0.926,0.613,0.455,0.091
148.5,2.475,1.611,0.702,0.925,0.613,0.455,0.091
148.6,2.444,1.584,0.692,0.925,0.613,0.454,0.091
148.70000000000002,2.432,1.574,0.688,0.925,0.612,0.455,0.091
148.8,2.458,1.596,0.696,0.925,0.612,0.455,0.091
148.9,2.406,1.552,0.679,0.925,0.613,0.455,0.091
149.0,2.448,1.588,0.693,0.925,0.613,0.454,0.091
149.1,2.464,1.602,0.698,0.925,0.613,0.455,0.091
149.20000000000002,2.471,1.607,0.7,0.925,0.612,0.455,0.091
149.3,2.442,1.583,0.691,0.925,0.613,0.455,0.091
149.4,2.462,1.6,0.697,0.925,0.613,0.455,0.092
149.5,2.47,1.607,0.7,0.924,0.612,0.455,0.091
149.6,2.473,1.609,0.701,0.925,0.612,0.454,0.091
149.70000000000002,2.443,1.584,0.691,0.925,0.613,0.455,0.091
149.8,2.463,1.6,0.698,0.925,0.612,0.455,0.091
149.9,2.439,1.58,0.69,0.926,0.613,0.455,0.091
150.0,2.43,1.572,0.687,0.925,0.612,0.455,0.091
150.1,2.457,1.595,0.696,0.925,0.613,0.456,0.091
150.20000000000002,2.468,1.605,0.699,0.925,0.613,0.455,0.092
150.3,2.473,1.609,0.701,0.925,0.613,0.455,0.091
150.4,2.443,1.583,0.691,0.926,0.613,0.456,0.092
150.5,2.463,1.6,0.698,0.926,0.613,0.455,0.091
150.6,2.439,1.58,0.69,0.926,0.613,0.455,0.091
150.70000000000002,2.461,1.599,0.697,0.925,0.613,0.455,0.091
150.8,2.438,1.579,0.69,0.925,0.613,0.455,0.091
150.9,2.461,1.598,0.697,0.926,0.613,0.456,0.092
151.0,2.47,1.606,0.7,0.926,0.613,0.455,0.091
151.1,2.473,1.609,0.701,0.926,0.613,0.455,0.091
151.20000000000002,2.475,1.61,0.701,0.925,0.613,0.455,0.091
151.3,2.475,1.611,0.702,0.925,0.613,0.455,0.091
151.4,2.475,1.611,0.702,0.926,0.613,0.455,0.091
151.5,2.475,1.611,0.702,0.926,0.613,0.455,0.091
151.6,2.444,1.584,0.692,0.926,0.613,0.456,0.091
151.70000000000002,2.463,1.6,0.698,0.925,0.613,0.455,0.091
151.8,2.471,1.607,0.7,0.925,0.613,0.455,0.091
151.9,2.442,1.583,0.691,0.926,0.613,0.455,0.091
152.0,2.462,1.6,0.697,0.925,0.613,0.455,0.091
152.1,2.47,1.607,0.7,0.925,0.613,0.455,0.091
152.20000000000002,2.473,1.609,0.701,0.925,0.613,0.455,0.091
152.3,2.475,1.61,0.701,0.926,0.613,0.455,0.091
152.4,2.475,1.611,0.702,0.925,0.613,0.455,0.091
152.5,2.475,1.611,0.702,0.925,0.614,0.455,0.091
152.6,2.475,1.611,0.702,0.925,0.613,0.456,0.091
152.70000000000002,2.476,1.611,0.702,0.926,0.613,0.456,0.091
152.8,2.476,1.611,0.702,0.926,0.614,0.456,0.092
152.9,2.476,1.611,0.702,0.927,0.614,0.455,0.092
153.0,2.476,1.611,0.702,0.926,0.613,0.455,0.091
153.1,2.476,1.611,0.702,0.926,0.613,0.455,0.091
153.20000000000002,2.476,1.611,0.702,0.927,0.613,0.456,0.092
153.3,2.444,1.584,0.692,0.928,0.613,0.455,0.091
153.4,2.432,1.574,0.688,0.927,0.614,0.456,0.091
153.5,2.458,1.596,0.696,0.927,0.614,0.456,0.091
153.60000000000002,2.437,1.578,0.689,0.928,0.614,0.456,0.091
153.70000000000002,2.429,1.571,0.687,0.927,0.614,0.456,0.092
153.8,2.457,1.595,0.696,0.928,0.614,0.456,0.092
153.9,2.437,1.578,0.689,0.927,0.614,0.457,0.091
154.0,2.429,1.571,0.687,0.927,0.615,0.457,0.091
154.10000000000002,2.457,1.595,0.696,0.928,0.615,0.456,0.091
154.20000000000002,2.468,1.605,0.699,0.927,0.614,0.457,0.09
154.3,2.441,1.582,0.691,0.927,0.614,0.456,0.091
154.4,2.43,1.573,0.687,0.928,0.615,0.457,0.091
154.5,2.426,1.569,0.686,0.927,0.614,0.456,0.091
154.60000000000002,2.424,1.568,0.685,0.926,0.615,0.456,0.091
154.70000000000002,2.424,1.567,0.685,0.927,0.615,0.456,0.091
154.8,2.423,1.567,0.685,0.927,0.614,0.457,0.091
154.9,2.455,1.593,0.695,0.928,0.615,0.456,0.091
155.0,2.436,1.577,0.689,0.928,0.614,0.457,0.092
155.10000000000002,2.46,1.598,0.697,0.927,0.614,0.457,0.091
155.20000000000002,2.438,1.579,0.69,0.927,0.614,0.456,0.091
155.3,2.524,1.652,0.717,0.926,0.614,0.456,0.091
155.4,2.463,1.601,0.698,0.927,0.614,0.456,0.092
155.5,2.439,1.58,0.69,0.928,0.614,0.457,0.091
155.60000000000002,2.43,1.572,0.687,0.928,0.614,0.457,0.091
155.70000000000002,2.426,1.569,0.686,0.927,0.614,0.456,0.091
155.8,2.424,1.568,0.685,0.926,0.614,0.457,0.091
155.9,2.455,1.594,0.695,0.928,0.615,0.457,0.091
156.0,2.436,1.578,0.689,0.927,0.615,0.458,0.091
156.10000000000002,2.397,1.545,0.677,0.928,0.614,0.457,0.091
156.20000000000002,2.444,1.585,0.692,0.928,0.615,0.457,0.091
156.3,2.432,1.574,0.688,0.927,0.614,0.457,0.091
156.4,2.427,1.57,0.686,0.928,0.615,0.458,0.091
156.5,2.456,1.594,0.695,0.928,0.615,0.457,0.091
156.60000000000002,2.436,1.578,0.689,0.928,0.615,0.457,0.091
156.70000000000002,2.429,1.571,0.687,0.928,0.616,0.457,0.091
156.8,2.425,1.569,0.686,0.928,0.615,0.456,0.091
156.9,2.424,1.567,0.685,0.928,0.616,0.457,0.091
157.0,2.424,1.567,0.685,0.928,0.615,0.457,0.091
157.10000000000002,2.423,1.567,0.685,0.928,0.615,0.457,0.091
157.20000000000002,2.423,1.567,0.685,0.928,0.615,0.458,0.091
157.3,2.423,1.567,0.685,0.928,0.615,0.457,0.091
157.4,2.423,1.567,0.685,0.927,0.615,0.457,0.091
157.5,2.423,1.567,0.685,0.928,0.615,0.457,0.091
157.60000000000002,2.423,1.567,0.685,0.928,0.616,0.457,0.092
157.70000000000002,2.423,1.567,0.685,0.928,0.616,0.457,0.091
157.8,2.423,1.567,0.685,0.928,0.616,0.456,0.092
157.9,2.423,1.567,0.685,0.928,0.615,0.457,0.091
158.0,2.423,1.567,0.685,0.927,0.616,0.456,0.091
158.10000000000002,2.423,1.567,0.685,0.928,0.615,0.456,0.092
158.20000000000002,2.423,1.567,0.685,0.927,0.615,0.456,0.091
158.3,2.423,1.567,0.685,0.927,0.615,0.456,0.092
158.4,2.423,1.567,0.685,0.927,0.615,0.457,0.091
158.5,2.423,1.567,0.685,0.927,0.616,0.456,0.091
158.60000000000002,2.423,1.567,0.685,0.928,0.616,0.457,0.091
158.70000000000002,2.423,1.567,0.685,0.928,0.616,0.457,0.091
158.8,2.423,1.567,0.685,0.927,0.616,0.456,0.091
158.9,2.423,1.567,0.685,0.926,0.616,0.456,0.091
159.0,2.423,1.567,0.685,0.927,0.616,0.455,0.092
159.10000000000002,2.423,1.567,0.685,0.927,0.616,0.456,0.091
159.20000000000002,2.423,1.567,0.685,0.926,0.617,0.456,0.091
159.3,2.423,1.567,0.685,0.927,0.616,0.456,0.091
159.4,2.455,1.593,0.695,0.927,0.616,0.456,0.091
159.5,2.467,1.604,0.699,0.926,0.617,0.456,0.091
159.60000000000002,2.441,1.582,0.691,0.927,0.616,0.456,0.091
159.70000000000002,2.43,1.573,0.687,0.928,0.617,0.456,0.091
159.8,2.457,1.596,0.696,0.927,0.616,0.457,0.091
159.9,2.437,1.578,0.689,0.927,0.616,0.456,0.091
160.0,2.429,1.571,0.687,0.927,0.616,0.457,0.091
160.10000000000002,2.363,1.516,0.666,0.928,0.616,0.457,0.091
160.20000000000002,2.26,1.453,0.637,0.88,0.585,0.434,0.086
160.3,2.169,1.396,0.612,0.843,0.559,0.415,0.083
160.4,2.096,1.351,0.592,0.812,0.54,0.4,0.08
160.5,2.039,1.314,0.575,0.788,0.524,0.388,0.077
160.60000000000002,1.992,1.285,0.563,0.769,0.511,0.379,0.076
160.70000000000002,1.963,1.268,0.555,0.753,0.501,0.371,0.074
160.8,1.94,1.255,0.548,0.741,0.493,0.365,0.073
160.9,1.913,1.238,0.541,0.731,0.486,0.36,0.072
161.0,1.892,1.224,0.535,0.724,0.481,0.356,0.071
161.10000000000002,1.875,1.213,0.53,0.717,0.477,0.353,0.07
161.20000000000002,1.862,1.204,0.526,0.712,0.473,0.351,0.07
161.3,1.851,1.197,0.523,0.708,0.471,0.349,0.069
161.4,1.85,1.198,0.523,0.705,0.469,0.347,0.069
161.5,1.842,1.192,0.521,0.703,0.467,0.346,0.069
161.60000000000002,1.835,1.188,0.519,0.701,0.466,0.345,0.069
161.70000000000002,1.83,1.184,0.517,0.699,0.465,0.344,0.069
161.8,1.818,1.174,0.514,0.697,0.464,0.343,0.068
161.9,1.816,1.173,0.513,0.697,0.463,0.343,0.068
162.0,1.799,1.159,0.508,0.696,0.463,0.342,0.068
162.10000000000002,1.778,1.142,0.501,0.695,0.462,0.342,0.068
162.20000000000002,1.753,1.122,0.493,0.695,0.462,0.342,0.068
162.3,1.733,1.105,0.487,0.694,0.462,0.341,0.068
162.4,1.717,1.092,0.482,0.694,0.461,0.341,0.068
162.5,1.697,1.076,0.476,0.693,0.461,0.341,0.068
162.60000000000002,1.688,1.069,0.473,0.693,0.461,0.341,0.067
162.70000000000002,1.682,1.063,0.471,0.693,0.461,0.341,0.067
162.8,1.684,1.065,0.471,0.693,0.461,0.34,0.067
162.9,1.686,1.066,0.472,0.693,0.461,0.34,0.066
163.0,1.679,1.061,0.47,0.693,0.461,0.34,0.066
163.10000000000002,1.682,1.064,0.471,0.692,0.461,0.339,0.066
163.20000000000002,1.677,1.059,0.469,0.692,0.461,0.339,0.065
163.3,1.672,1.055,0.468,0.692,0.461,0.339,0.065
163.4,1.669,1.052,0.467,0.691,0.461,0.338,0.065
163.5,1.666,1.05,0.466,0.691,0.461,0.337,0.064
163.60000000000002,1.664,1.048,0.465,0.691,0.461,0.337,0.064
163.70000000000002,1.662,1.047,0.464,0.69,0.461,0.336,0.064
163.8,1.66,1.046,0.464,0.69,0.461,0.335,0.064
163.9,1.659,1.045,0.464,0.69,0.461,0.335,0.064
164.0,1.658,1.044,0.463,0.689,0.461,0.334,0.063
164.10000000000002,1.657,1.043,0.463,0.689,0.461,0.333,0.063
164.20000000000002,1.657,1.043,0.463,0.689,0.461,0.333,0.063
164.3,1.656,1.042,0.463,0.688,0.461,0.332,0.063
164.4,1.664,1.048,0.465,0.688,0.461,0.331,0.063
164.5,1.67,1.053,0.467,0.688,0.461,0.33,0.063
164.60000000000002,1.667,1.051,0.466,0.688,0.461,0.33,0.062
164.70000000000002,1.664,1.049,0.465,0.687,0.461,0.329,0.062
164.8,1.67,1.053,0.467,0.687,0.461,0.328,0.062
164.9,1.674,1.057,0.468,0.687,0.461,0.327,0.062
165.0,1.67,1.054,0.467,0.686,0.461,0.326,0.062
165.10000000000002,1.667,1.051,0.466,0.686,0.461,0.326,0.061
165.20000000000002,1.665,1.049,0.465,0.686,0.461,0.325,0.061
165.3,1.663,1.048,0.465,0.685,0.461,0.324,0.061
165.4,1.661,1.046,0.464,0.685,0.461,0.324,0.061
165.5,1.66,1.045,0.464,0.685,0.461,0.323,0.061
165.60000000000002,1.651,1.038,0.461,0.684,0.461,0.322,0.061
165.70000000000002,1.652,1.039,0.461,0.684,0.461,0.321,0.061
165.8,1.652,1.039,0.461,0.684,0.461,0.321,0.061
165.9,1.653,1.039,0.462,0.684,0.461,0.32,0.061
166.0,1.653,1.04,0.462,0.684,0.461,0.319,0.061
166.10000000000002,1.653,1.04,0.462,0.683,0.461,0.319,0.061
166.20000000000002,1.654,1.04,0.462,0.683,0.461,0.318,0.061
166.3,1.654,1.04,0.462,0.683,0.461,0.317,0.061
166.4,1.662,1.047,0.464,0.683,0.461,0.317,0.061
166.5,1.66,1.046,0.464,0.683,0.461,0.316,0.061
166.60000000000002,1.659,1.045,0.464,0.682,0.461,0.316,0.061
166.70000000000002,1.658,1.044,0.463,0.682,0.461,0.315,0.061
166.8,1.657,1.043,0.463,0.682,0.461,0.315,0.061
166.9,1.642,1.03,0.458,0.682,0.461,0.315,0.061
167.0,1.644,1.032,0.459,0.682,0.461,0.314,0.06
167.10000000000002,1.646,1.034,0.46,0.682,0.461,0.314,0.06
167.20000000000002,1.656,1.042,0.463,0.682,0.461,0.313,0.06
167.3,1.655,1.042,0.462,0.681,0.461,0.312,0.06
167.4,1.655,1.041,0.462,0.681,0.461,0.312,0.06
167.5,1.655,1.041,0.462,0.681,0.461,0.311,0.06
167.60000000000002,1.655,1.041,0.462,0.68,0.461,0.31,0.06
167.70000000000002,1.663,1.047,0.465,0.68,0.461,0.309,0.059
167.8,1.661,1.046,0.464,0.679,0.461,0.309,0.059
167.9,1.66,1.045,0.464,0.679,0.461,0.308,0.059
168.0,1.659,1.044,0.463,0.678,0.461,0.307,0.059
168.10000000000002,1.65,1.037,0.461,0.678,0.461,0.306,0.059
168.20000000000002,1.643,1.032,0.459,0.677,0.461,0.305,0.059
168.3,1.638,1.027,0.457,0.677,0.461,0.304,0.059
168.4,1.634,1.024,0.456,0.677,0.461,0.304,0.059
168.5,1.63,1.021,0.454,0.677,0.461,0.303,0.059
168.60000000000002,1.628,1.019,0.454,0.676,0.461,0.302,0.059
168.70000000000002,1.625,1.017,0.453,0.676,0.461,0.302,0.059
168.8,1.624,1.015,0.452,0.676,0.461,0.301,0.059
168.9,1.622,1.014,0.452,0.676,0.461,0.3,0.059
169.0,1.621,1.013,0.452,0.676,0.461,0.3,0.059
169.10000000000002,1.62,1.013,0.451,0.675,0.461,0.299,0.059
169.20000000000002,1.612,1.006,0.449,0.675,0.461,0.298,0.059
169.3,1.613,1.007,0.449,0.674,0.461,0.298,0.059
169.4,1.614,1.007,0.449,0.674,0.461,0.297,0.059
169.5,1.607,1.002,0.447,0.674,0.461,0.297,0.059
169.60000000000002,1.601,0.997,0.445,0.674,0.461,0.296,0.059
169.70000000000002,1.597,0.993,0.444,0.673,0.461,0.296,0.059
169.8,1.593,0.991,0.443,0.673,0.461,0.295,0.059
169.9,1.59,0.988,0.442,0.673,0.461,0.294,0.059
170.0,1.588,0.986,0.441,0.673,0.461,0.293,0.059
170.10000000000002,1.586,0.985,0.441,0.673,0.461,0.293,0.058
170.20000000000002,1.585,0.984,0.44,0.673,0.461,0.292,0.058
170.3,1.583,0.983,0.44,0.672,0.461,0.292,0.058
170.4,1.583,0.982,0.439,0.672,0.461,0.291,0.058
170.5,1.582,0.981,0.439,0.672,0.461,0.291,0.058
170.60000000000002,1.581,0.981,0.439,0.672,0.46,0.29,0.058
170.70000000000002,1.581,0.981,0.439,0.672,0.46,0.289,0.058
170.8,1.588,0.986,0.441,0.672,0.46,0.289,0.058
170.9,1.594,0.991,0.443,0.672,0.46,0.288,0.059
171.0,1.598,0.995,0.444,0.672,0.46,0.288,0.059
171.10000000000002,1.602,0.998,0.446,0.672,0.46,0.288,0.059
171.20000000000002,1.605,1,0.446,0.672,0.461,0.287,0.059
171.3,1.607,1.002,0.447,0.672,0.461,0.287,0.059
171.4,1.609,1.004,0.448,0.672,0.461,0.286,0.059
171.5,1.611,1.005,0.448,0.672,0.46,0.286,0.059
171.60000000000002,1.612,1.006,0.449,0.672,0.46,0.285,0.059
171.70000000000002,1.613,1.007,0.449,0.672,0.46,0.285,0.059
171.8,1.614,1.007,0.449,0.672,0.46,0.285,0.059
171.9,1.614,1.008,0.449,0.672,0.46,0.284,0.059
172.0,1.622,1.014,0.452,0.671,0.46,0.284,0.059
172.10000000000002,1.629,1.02,0.454,0.671,0.46,0.283,0.059
172.20000000000002,1.634,1.024,0.456,0.671,0.46,0.283,0.059
172.3,1.638,1.027,0.457,0.671,0.46,0.283,0.059
172.4,1.634,1.024,0.456,0.671,0.46,0.283,0.059
172.5,1.638,1.027,0.457,0.671,0.461,0.282,0.059
172.60000000000002,1.641,1.03,0.458,0.671,0.461,0.282,0.059
172.70000000000002,1.652,1.038,0.461,0.671,0.461,0.281,0.059
172.8,1.652,1.039,0.461,0.671,0.461,0.281,0.059
172.9,1.66,1.046,0.464,0.671,0.461,0.281,0.059
173.0,1.667,1.051,0.466,0.671,0.46,0.28,0.059
173.10000000000002,1.672,1.055,0.468,0.671,0.461,0.28,0.059
173.20000000000002,1.676,1.059,0.469,0.671,0.461,0.28,0.059
173.3,1.68,1.061,0.47,0.671,0.461,0.28,0.059
173.4,1.682,1.064,0.471,0.67,0.461,0.279,0.059
173.5,1.684,1.065,0.472,0.67,0.461,0.279,0.059
173.60000000000002,1.678,1.06,0.47,0.67,0.461,0.279,0.059
173.70000000000002,1.674,1.057,0.468,0.67,0.46,0.278,0.059
173.8,1.67,1.053,0.467,0.67,0.461,0.278,0.059
173.9,1.667,1.051,0.466,0.669,0.461,0.277,0.058
174.0,1.657,1.043,0.463,0.669,0.461,0.277,0.059
174.10000000000002,1.649,1.036,0.46,0.669,0.461,0.277,0.059
174.20000000000002,1.642,1.031,0.458,0.669,0.461,0.276,0.059
174.3,1.637,1.026,0.457,0.669,0.461,0.276,0.059
174.4,1.633,1.023,0.455,0.669,0.46,0.275,0.059
174.5,1.614,1.008,0.45,0.669,0.46,0.275,0.059
174.60000000000002,1.607,1.002,0.447,0.669,0.46,0.275,0.059
174.70000000000002,1.609,1.004,0.448,0.669,0.46,0.274,0.059
174.8,1.611,1.005,0.448,0.669,0.46,0.274,0.059
174.9,1.612,1.006,0.449,0.669,0.46,0.274,0.059
175.0,1.605,1.001,0.447,0.669,0.46,0.273,0.058
175.10000000000002,1.6,0.996,0.445,0.668,0.46,0.273,0.058
175.20000000000002,1.603,0.999,0.446,0.668,0.46,0.273,0.058
175.3,1.598,0.995,0.444,0.668,0.46,0.272,0.058
175.4,1.594,0.992,0.443,0.668,0.46,0.272,0.058
175.5,1.599,0.995,0.445,0.668,0.46,0.272,0.059
175.60000000000002,1.602,0.998,0.446,0.668,0.46,0.271,0.059
175.70000000000002,1.605,1.001,0.447,0.668,0.46,0.271,0.059
175.8,1.608,1.002,0.447,0.668,0.46,0.271,0.058
175.9,1.609,1.004,0.448,0.668,0.46,0.27,0.058
176.0,1.611,1.005,0.448,0.668,0.46,0.27,0.058
176.10000000000002,1.612,1.006,0.449,0.669,0.46,0.27,0.058
176.20000000000002,1.613,1.007,0.449,0.669,0.46,0.27,0.058
176.3,1.622,1.014,0.452,0.669,0.46,0.27,0.059
176.4,1.628,1.019,0.454,0.669,0.46,0.27,0.059
176.5,1.634,1.024,0.456,0.669,0.46,0.269,0.059
176.60000000000002,1.638,1.027,0.457,0.669,0.46,0.269,0.059
176.70000000000002,1.641,1.03,0.458,0.669,0.46,0.269,0.059
176.8,1.644,1.032,0.459,0.669,0.46,0.269,0.059
176.9,1.654,1.04,0.462,0.669,0.46,0.269,0.059
177.0,1.662,1.047,0.464,0.669,0.461,0.269,0.059
177.10000000000002,1.668,1.052,0.466,0.669,0.461,0.269,0.059
177.20000000000002,1.673,1.056,0.468,0.669,0.461,0.269,0.059
177.3,1.677,1.059,0.469,0.67,0.461,0.269,0.059
177.4,1.68,1.062,0.47,0.67,0.461,0.269,0.06
177.5,1.683,1.064,0.471,0.67,0.461,0.269,0.06
177.60000000000002,1.614,1.007,0.449,0.669,0.46,0.27,0.059
177.70000000000002,1.685,1.066,0.472,0.67,0.461,0.269,0.06
177.8,1.686,1.067,0.472,0.67,0.461,0.269,0.06
177.9,1.688,1.068,0.473,0.67,0.461,0.27,0.06
178.0,1.689,1.069,0.473,0.67,0.461,0.27,0.06
178.10000000000002,1.689,1.07,0.473,0.671,0.461,0.27,0.061
178.20000000000002,1.69,1.07,0.473,0.671,0.461,0.27,0.061
178.3,1.691,1.071,0.474,0.671,0.461,0.27,0.061
178.4,1.691,1.071,0.474,0.671,0.461,0.271,0.061
178.5,1.691,1.071,0.474,0.672,0.461,0.271,0.061
178.60000000000002,1.692,1.071,0.474,0.672,0.461,0.271,0.061
178.70000000000002,1.7,1.078,0.476,0.672,0.461,0.271,0.061
178.8,1.698,1.077,0.476,0.672,0.461,0.271,0.061
178.9,1.682,1.063,0.471,0.672,0.461,0.272,0.062
179.0,1.684,1.065,0.471,0.672,0.461,0.272,0.062
179.10000000000002,1.686,1.067,0.472,0.673,0.461,0.272,0.062
179.20000000000002,1.695,1.074,0.475,0.673,0.461,0.272,0.062
179.3,1.694,1.074,0.475,0.673,0.461,0.273,0.062
179.4,1.694,1.074,0.475,0.673,0.461,0.273,0.062
179.5,1.694,1.073,0.475,0.673,0.461,0.273,0.062
179.60000000000002,1.694,1.073,0.475,0.673,0.461,0.274,0.062
179.70000000000002,1.693,1.073,0.474,0.673,0.461,0.274,0.062
179.8,1.693,1.073,0.474,0.672,0.461,0.274,0.061
179.9,1.693,1.073,0.474,0.672,0.461,0.274,0.061
180.0,1.685,1.066,0.472,0.671,0.461,0.273,0.061
180.10000000000002,1.75,1.121,0.493,0.671,0.461,0.272,0.061
180.20000000000002,1.738,1.111,0.489,0.671,0.461,0.271,0.061
180.3,1.729,1.103,0.486,0.67,0.461,0.271,0.06
180.4,1.722,1.097,0.484,0.67,0.461,0.27,0.06
180.5,1.716,1.092,0.482,0.67,0.461,0.27,0.06
180.60000000000002,1.711,1.088,0.48,0.67,0.461,0.269,0.06
180.70000000000002,1.715,1.091,0.481,0.67,0.461,0.269,0.06
180.8,1.711,1.088,0.48,0.67,0.461,0.269,0.06
180.9,1.715,1.091,0.481,0.67,0.461,0.269,0.06
181.0,1.71,1.087,0.48,0.67,0.461,0.269,0.06
181.10000000000002,1.715,1.091,0.481,0.67,0.461,0.268,0.06
181.20000000000002,1.718,1.093,0.482,0.67,0.461,0.268,0.06
181.3,1.721,1.096,0.483,0.67,0.461,0.268,0.06
181.4,1.723,1.097,0.484,0.67,0.461,0.268,0.06
181.5,1.779,1.146,0.502,0.671,0.461,0.269,0.06
181.60000000000002,1.77,1.137,0.499,0.671,0.461,0.27,0.06
181.70000000000002,1.762,1.131,0.496,0.672,0.461,0.27,0.06
181.8,1.756,1.125,0.494,0.672,0.461,0.271,0.061
181.9,1.751,1.121,0.493,0.673,0.461,0.271,0.061
182.0,1.747,1.118,0.492,0.673,0.461,0.272,0.061
182.10000000000002,1.744,1.115,0.491,0.673,0.461,0.272,0.061
182.20000000000002,1.741,1.113,0.49,0.674,0.461,0.273,0.061
182.3,1.731,1.105,0.487,0.674,0.462,0.273,0.061
182.4,1.731,1.105,0.487,0.675,0.462,0.274,0.061
182.5,1.731,1.105,0.487,0.675,0.462,0.274,0.061
182.60000000000002,1.731,1.104,0.487,0.675,0.462,0.275,0.061
182.70000000000002,1.731,1.104,0.487,0.675,0.462,0.276,0.061
182.8,1.731,1.104,0.486,0.676,0.461,0.276,0.062
182.9,1.731,1.104,0.486,0.676,0.461,0.276,0.062
183.0,1.731,1.104,0.486,0.676,0.461,0.277,0.062
183.10000000000002,1.731,1.104,0.486,0.676,0.461,0.277,0.062
183.20000000000002,1.731,1.104,0.486,0.676,0.461,0.278,0.062
183.3,1.731,1.104,0.486,0.676,0.461,0.278,0.062
183.4,1.731,1.104,0.486,0.677,0.462,0.278,0.062
183.5,1.731,1.104,0.486,0.677,0.462,0.279,0.062
183.60000000000002,1.731,1.104,0.486,0.677,0.462,0.279,0.062
183.70000000000002,1.731,1.104,0.486,0.677,0.462,0.279,0.062
183.8,1.731,1.104,0.486,0.678,0.462,0.28,0.062
183.9,1.731,1.104,0.486,0.678,0.461,0.28,0.062
184.0,1.731,1.104,0.486,0.677,0.462,0.28,0.062
184.10000000000002,1.739,1.111,0.489,0.677,0.461,0.28,0.062
184.20000000000002,1.737,1.109,0.488,0.677,0.462,0.28,0.061
184.3,1.736,1.108,0.488,0.677,0.461,0.28,0.061
184.4,1.735,1.108,0.488,0.677,0.461,0.28,0.061
184.5,1.734,1.107,0.487,0.676,0.462,0.28,0.061
184.60000000000002,1.734,1.106,0.487,0.676,0.461,0.28,0.061
184.70000000000002,1.725,1.1,0.485,0.676,0.461,0.279,0.06
184.8,1.719,1.094,0.483,0.676,0.461,0.279,0.06
184.9,1.714,1.09,0.481,0.676,0.461,0.279,0.06
185.0,1.709,1.086,0.48,0.676,0.461,0.279,0.06
185.10000000000002,1.706,1.083,0.478,0.676,0.462,0.278,0.06
185.20000000000002,1.703,1.081,0.478,0.675,0.462,0.278,0.06
185.3,1.701,1.079,0.477,0.675,0.462,0.278,0.059
185.4,1.699,1.078,0.476,0.675,0.461,0.277,0.059
185.5,1.698,1.077,0.476,0.674,0.461,0.277,0.059
185.60000000000002,1.697,1.076,0.476,0.674,0.461,0.276,0.059
185.70000000000002,1.704,1.082,0.478,0.673,0.461,0.276,0.059
185.8,1.702,1.08,0.477,0.673,0.462,0.275,0.059
185.9,1.7,1.078,0.477,0.672,0.461,0.275,0.059
186.0,1.698,1.077,0.476,0.672,0.461,0.274,0.059
186.10000000000002,1.697,1.076,0.476,0.671,0.461,0.274,0.059
186.20000000000002,1.689,1.069,0.473,0.671,0.461,0.273,0.059
186.3,1.689,1.07,0.473,0.67,0.461,0.272,0.059
186.4,1.698,1.077,0.476,0.67,0.461,0.272,0.059
186.5,1.697,1.076,0.476,0.67,0.461,0.271,0.059
186.60000000000002,1.696,1.075,0.475,0.67,0.461,0.27,0.059
186.70000000000002,1.695,1.075,0.475,0.669,0.461,0.27,0.059
186.8,1.687,1.068,0.472,0.669,0.461,0.269,0.059
186.9,1.681,1.062,0.47,0.668,0.461,0.269,0.059
187.0,1.675,1.058,0.469,0.668,0.461,0.268,0.059
187.10000000000002,1.664,1.048,0.465,0.668,0.461,0.268,0.059
187.20000000000002,1.662,1.047,0.464,0.667,0.461,0.267,0.058
187.3,1.668,1.052,0.466,0.666,0.461,0.267,0.058
187.4,1.997,1.258,0.558,0.8,0.555,0.318,0.07
187.5,2.099,1.315,0.585,0.853,0.594,0.339,0.075
187.60000000000002,2.17,1.363,0.606,0.875,0.608,0.347,0.077
187.70000000000002,2.168,1.357,0.604,0.882,0.614,0.349,0.077
187.8,2.167,1.355,0.604,0.885,0.616,0.349,0.077
187.9,2.166,1.354,0.603,0.887,0.617,0.349,0.078
188.0,2.197,1.378,0.613,0.887,0.618,0.348,0.078
188.10000000000002,2.178,1.363,0.607,0.887,0.618,0.349,0.079
188.20000000000002,2.202,1.382,0.614,0.887,0.618,0.348,0.079
188.3,2.211,1.39,0.617,0.887,0.618,0.348,0.078
188.4,2.215,1.393,0.618,0.888,0.618,0.348,0.079
188.5,2.216,1.394,0.619,0.888,0.619,0.348,0.079
188.60000000000002,2.217,1.394,0.619,0.889,0.618,0.347,0.078
188.70000000000002,2.248,1.42,0.629,0.89,0.618,0.348,0.079
188.8,2.26,1.43,0.633,0.89,0.618,0.347,0.079
188.9,2.265,1.434,0.634,0.891,0.619,0.348,0.079
189.0,2.267,1.436,0.635,0.892,0.618,0.348,0.079
189.10000000000002,2.268,1.436,0.635,0.894,0.618,0.348,0.079
189.20000000000002,2.299,1.462,0.645,0.895,0.618,0.348,0.08
189.3,2.311,1.473,0.649,0.896,0.618,0.349,0.079
189.4,2.316,1.477,0.651,0.897,0.619,0.349,0.08
189.5,2.318,1.479,0.651,0.898,0.618,0.349,0.08
189.60000000000002,2.319,1.479,0.652,0.899,0.619,0.35,0.081
189.70000000000002,2.319,1.479,0.652,0.9,0.619,0.35,0.081
189.8,2.32,1.48,0.652,0.9,0.619,0.351,0.082
189.9,2.289,1.454,0.642,0.901,0.618,0.352,0.082
190.0,2.307,1.469,0.648,0.902,0.619,0.353,0.083
190.10000000000002,2.315,1.476,0.65,0.903,0.62,0.355,0.082
190.20000000000002,2.318,1.478,0.651,0.903,0.619,0.356,0.082
190.3,2.319,1.479,0.652,0.904,0.619,0.356,0.083
190.4,2.319,1.479,0.652,0.905,0.619,0.357,0.083
190.5,2.351,1.506,0.662,0.906,0.619,0.358,0.083
190.60000000000002,2.363,1.516,0.666,0.907,0.62,0.359,0.084
190.70000000000002,2.399,1.546,0.677,0.908,0.62,0.361,0.084
190.8,2.382,1.532,0.672,0.908,0.62,0.363,0.085
190.9,2.407,1.553,0.68,0.909,0.619,0.364,0.084
191.0,2.386,1.535,0.673,0.909,0.619,0.365,0.085
191.10000000000002,2.408,1.554,0.68,0.91,0.62,0.366,0.085
191.20000000000002,2.417,1.562,0.683,0.911,0.619,0.367,0.086
191.3,2.421,1.565,0.684,0.912,0.619,0.369,0.086
191.4,2.36,1.514,0.665,0.912,0.62,0.371,0.086
191.5,2.398,1.546,0.677,0.913,0.62,0.372,0.087
191.60000000000002,2.413,1.558,0.682,0.914,0.62,0.372,0.086
191.70000000000002,2.388,1.537,0.674,0.913,0.619,0.373,0.085
191.8,2.347,1.503,0.661,0.911,0.62,0.372,0.083
191.9,2.3,1.463,0.646,0.909,0.62,0.371,0.081
192.0,2.25,1.422,0.63,0.905,0.619,0.369,0.08
192.10000000000002,2.2,1.381,0.614,0.901,0.618,0.367,0.079
192.20000000000002,2.241,1.414,0.627,0.898,0.618,0.365,0.078
192.3,2.196,1.378,0.613,0.895,0.618,0.362,0.079
192.4,2.178,1.363,0.607,0.896,0.618,0.361,0.08
192.5,2.202,1.382,0.614,0.896,0.618,0.361,0.081
192.60000000000002,2.242,1.415,0.627,0.897,0.619,0.362,0.082
192.70000000000002,2.258,1.428,0.632,0.898,0.619,0.362,0.082
192.8,2.264,1.433,0.634,0.898,0.619,0.363,0.082
192.9,2.236,1.41,0.625,0.899,0.619,0.364,0.081
193.0,2.225,1.401,0.622,0.899,0.619,0.363,0.08
193.10000000000002,2.22,1.397,0.62,0.898,0.619,0.363,0.079
193.20000000000002,2.218,1.396,0.62,0.898,0.619,0.363,0.08
193.3,2.248,1.42,0.629,0.899,0.619,0.362,0.081
193.4,2.23,1.405,0.623,0.899,0.619,0.362,0.081
193.5,2.253,1.424,0.631,0.9,0.619,0.363,0.082
193.60000000000002,2.262,1.432,0.634,0.901,0.619,0.364,0.082
193.70000000000002,2.266,1.435,0.635,0.901,0.619,0.364,0.083
193.8,2.267,1.436,0.635,0.902,0.619,0.364,0.083
193.9,2.268,1.437,0.635,0.903,0.619,0.364,0.082
194.0,2.268,1.437,0.635,0.904,0.619,0.365,0.083
194.10000000000002,2.268,1.437,0.635,0.905,0.619,0.365,0.083
194.20000000000002,2.268,1.437,0.635,0.905,0.619,0.366,0.084
194.3,2.268,1.437,0.635,0.906,0.619,0.367,0.083
194.4,2.268,1.437,0.635,0.907,0.619,0.367,0.083
194.5,2.268,1.437,0.635,0.905,0.619,0.367,0.081
194.60000000000002,2.238,1.412,0.626,0.903,0.618,0.366,0.08
194.70000000000002,2.195,1.376,0.612,0.899,0.618,0.365,0.079
194.8,2.178,1.362,0.607,0.898,0.619,0.364,0.08
194.9,2.171,1.357,0.605,0.898,0.619,0.364,0.08
195.0,2.199,1.38,0.613,0.898,0.619,0.364,0.08
195.10000000000002,2.21,1.389,0.617,0.899,0.619,0.364,0.081
195.20000000000002,2.214,1.392,0.618,0.9,0.618,0.364,0.081
195.3,2.216,1.394,0.619,0.901,0.619,0.364,0.082
195.4,2.217,1.394,0.619,0.901,0.619,0.364,0.082
195.5,2.248,1.42,0.629,0.902,0.619,0.364,0.082
195.60000000000002,2.26,1.43,0.633,0.902,0.619,0.364,0.083
195.70000000000002,2.234,1.409,0.625,0.903,0.62,0.364,0.083
195.8,2.255,1.426,0.631,0.903,0.619,0.365,0.083
195.9,2.263,1.432,0.634,0.904,0.619,0.365,0.083
196.0,2.266,1.435,0.635,0.905,0.619,0.366,0.083
196.10000000000002,2.267,1.436,0.635,0.905,0.618,0.366,0.083
196.20000000000002,2.268,1.437,0.635,0.905,0.619,0.366,0.084
196.3,2.268,1.437,0.635,0.906,0.619,0.367,0.083
196.4,2.268,1.437,0.635,0.906,0.619,0.367,0.084
196.5,2.268,1.437,0.635,0.906,0.619,0.367,0.084
196.60000000000002,2.268,1.437,0.635,0.907,0.619,0.368,0.084
196.70000000000002,2.268,1.437,0.635,0.908,0.619,0.368,0.084
196.8,2.268,1.437,0.635,0.908,0.619,0.369,0.085
196.9,2.268,1.437,0.635,0.909,0.62,0.37,0.085
197.0,2.299,1.463,0.645,0.909,0.62,0.37,0.085
197.10000000000002,2.281,1.447,0.639,0.909,0.62,0.371,0.085
197.20000000000002,2.398,1.546,0.677,0.909,0.62,0.37,0.085
197.3,2.32,1.48,0.652,0.909,0.62,0.371,0.085
197.4,2.289,1.454,0.642,0.91,0.62,0.372,0.085
197.5,2.276,1.444,0.638,0.91,0.621,0.372,0.085
197.60000000000002,2.272,1.44,0.637,0.909,0.62,0.372,0.086
197.70000000000002,2.3,1.464,0.646,0.91,0.62,0.373,0.086
197.8,2.312,1.473,0.649,0.91,0.62,0.373,0.085
197.9,2.286,1.451,0.641,0.911,0.62,0.374,0.085
198.0,2.306,1.468,0.648,0.91,0.62,0.374,0.086
198.10000000000002,2.283,1.45,0.64,0.91,0.62,0.374,0.086
198.20000000000002,2.274,1.442,0.637,0.911,0.62,0.375,0.086
198.3,2.301,1.465,0.646,0.911,0.62,0.375,0.087
198.4,2.282,1.448,0.64,0.912,0.619,0.376,0.086
198.5,2.304,1.467,0.647,0.912,0.62,0.375,0.086
198.60000000000002,2.283,1.449,0.64,0.912,0.62,0.376,0.087
198.70000000000002,2.274,1.442,0.637,0.913,0.62,0.376,0.087
198.8,2.301,1.464,0.646,0.912,0.62,0.377,0.086
198.9,2.251,1.423,0.63,0.913,0.62,0.378,0.087
199.0,2.261,1.431,0.633,0.912,0.62,0.378,0.087
199.10000000000002,2.296,1.46,0.644,0.913,0.62,0.378,0.087
199.20000000000002,2.31,1.472,0.649,0.913,0.62,0.379,0.087
199.3,2.316,1.477,0.651,0.913,0.62,0.379,0.087
199.4,2.318,1.478,0.651,0.912,0.621,0.379,0.087
199.5,2.319,1.479,0.652,0.913,0.62,0.38,0.087
199.60000000000002,2.319,1.479,0.652,0.913,0.621,0.38,0.087
199.70000000000002,2.32,1.48,0.652,0.913,0.62,0.381,0.087
199.8,2.32,1.48,0.652,0.914,0.621,0.381,0.088
199.9,2.32,1.48,0.652,0.914,0.621,0.382,0.087
200.0,2.32,1.48,0.652,0.913,0.62,0.382,0.088
200.10000000000002,2.32,1.48,0.652,0.913,0.62,0.382,0.087
200.20000000000002,2.32,1.48,0.652,0.914,0.621,0.383,0.087
200.3,2.32,1.48,0.652,0.914,0.62,0.384,0.087
200.4,2.32,1.48,0.652,0.914,0.62,0.384,0.088
200.5,2.32,1.48,0.652,0.913,0.62,0.384,0.087
200.60000000000002,2.32,1.48,0.652,0.913,0.62,0.385,0.088
200.70000000000002,2.351,1.506,0.662,0.913,0.621,0.385,0.088
200.8,2.332,1.49,0.656,0.913,0.621,0.385,0.088
200.9,2.325,1.484,0.653,0.913,0.62,0.385,0.088
201.0,2.322,1.481,0.652,0.914,0.621,0.386,0.087
201.10000000000002,2.32,1.48,0.652,0.914,0.621,0.386,0.088
201.20000000000002,2.32,1.48,0.652,0.914,0.621,0.386,0.088
201.3,2.32,1.48,0.652,0.913,0.621,0.386,0.088
201.4,2.32,1.48,0.652,0.914,0.62,0.387,0.088
201.5,2.32,1.48,0.652,0.914,0.621,0.388,0.087
201.60000000000002,2.32,1.48,0.652,0.913,0.62,0.388,0.088
201.70000000000002,2.351,1.506,0.662,0.914,0.621,0.388,0.088
201.8,2.332,1.49,0.656,0.914,0.62,0.388,0.088
201.9,2.325,1.484,0.653,0.914,0.621,0.388,0.088
202.0,2.322,1.481,0.652,0.914,0.621,0.389,0.088
202.10000000000002,2.32,1.48,0.652,0.914,0.62,0.389,0.088
202.20000000000002,2.32,1.48,0.652,0.914,0.621,0.388,0.088
202.3,2.32,1.48,0.652,0.914,0.621,0.389,0.088
202.4,2.289,1.454,0.642,0.914,0.621,0.389,0.088
202.5,2.307,1.469,0.648,0.914,0.621,0.39,0.089
202.60000000000002,2.315,1.476,0.65,0.914,0.621,0.39,0.089
202.70000000000002,2.318,1.478,0.651,0.914,0.621,0.39,0.088
202.8,2.319,1.479,0.652,0.914,0.621,0.39,0.088
202.9,2.319,1.479,0.652,0.915,0.621,0.391,0.088
203.0,2.351,1.506,0.662,0.914,0.621,0.391,0.088
203.10000000000002,2.332,1.49,0.656,0.914,0.621,0.391,0.089
203.20000000000002,2.325,1.484,0.653,0.914,0.621,0.391,0.089
203.3,2.322,1.481,0.652,0.914,0.621,0.391,0.088
203.4,2.32,1.48,0.652,0.915,0.621,0.391,0.089
203.5,2.32,1.48,0.652,0.915,0.621,0.392,0.089
203.60000000000002,2.32,1.48,0.652,0.914,0.62,0.393,0.089
203.70000000000002,2.32,1.48,0.652,0.915,0.621,0.393,0.089
203.8,2.32,1.48,0.652,0.915,0.62,0.393,0.088
203.9,2.32,1.48,0.652,0.916,0.621,0.394,0.089
204.0,2.32,1.48,0.652,0.915,0.621,0.393,0.089
204.10000000000002,2.32,1.48,0.652,0.915,0.621,0.393,0.089
204.20000000000002,2.32,1.48,0.652,0.914,0.621,0.394,0.089
204.3,2.32,1.48,0.652,0.914,0.621,0.394,0.09
204.4,2.32,1.48,0.652,0.914,0.621,0.394,0.089
204.5,2.289,1.454,0.642,0.914,0.621,0.394,0.089
204.60000000000002,2.307,1.469,0.648,0.914,0.621,0.395,0.09
204.70000000000002,2.346,1.502,0.66,0.915,0.62,0.395,0.09
204.8,2.33,1.488,0.655,0.915,0.621,0.396,0.089
204.9,2.324,1.483,0.653,0.914,0.621,0.396,0.089
205.0,2.321,1.481,0.652,0.915,0.622,0.396,0.089
205.10000000000002,2.32,1.48,0.652,0.914,0.621,0.396,0.089
205.20000000000002,2.32,1.48,0.652,0.915,0.621,0.396,0.09
205.3,2.351,1.506,0.662,0.915,0.621,0.396,0.089
205.4,2.332,1.49,0.656,0.914,0.621,0.396,0.089
205.5,2.325,1.484,0.653,0.914,0.621,0.397,0.089
205.60000000000002,2.322,1.481,0.652,0.915,0.621,0.396,0.09
205.70000000000002,2.32,1.48,0.652,0.915,0.621,0.397,0.09
205.8,2.32,1.48,0.652,0.915,0.621,0.397,0.09
205.9,2.32,1.48,0.652,0.915,0.621,0.397,0.09
206.0,2.32,1.48,0.652,0.916,0.622,0.398,0.09
206.10000000000002,2.382,1.532,0.672,0.915,0.622,0.398,0.089
206.20000000000002,2.345,1.501,0.66,0.915,0.621,0.398,0.09
206.3,2.33,1.488,0.655,0.914,0.621,0.398,0.09
206.4,2.355,1.509,0.663,0.915,0.621,0.398,0.089
206.5,2.334,1.491,0.656,0.915,0.621,0.398,0.09
206.60000000000002,2.325,1.484,0.654,0.915,0.621,0.399,0.09
206.70000000000002,2.322,1.482,0.653,0.914,0.621,0.398,0.089
206.8,2.321,1.48,0.652,0.915,0.621,0.398,0.09
206.9,2.32,1.48,0.652,0.915,0.621,0.399,0.09
207.0,2.32,1.48,0.652,0.916,0.622,0.399,0.089
207.10000000000002,2.32,1.48,0.652,0.916,0.622,0.399,0.09
207.20000000000002,2.32,1.48,0.652,0.915,0.621,0.4,0.09
207.3,2.32,1.48,0.652,0.915,0.622,0.4,0.09
207.4,2.32,1.48,0.652,0.916,0.621,0.4,0.09
207.5,2.32,1.48,0.652,0.916,0.621,0.4,0.09
207.60000000000002,2.32,1.48,0.652,0.916,0.621,0.401,0.09
207.70000000000002,2.32,1.48,0.652,0.916,0.621,0.401,0.089
207.8,2.32,1.48,0.652,0.915,0.622,0.401,0.09
207.9,2.32,1.48,0.652,0.916,0.622,0.401,0.09
208.0,2.32,1.48,0.652,0.916,0.621,0.401,0.09
208.10000000000002,2.32,1.48,0.652,0.916,0.622,0.402,0.089
208.20000000000002,2.32,1.48,0.652,0.917,0.622,0.402,0.089
208.3,2.32,1.48,0.652,0.916,0.621,0.401,0.09
208.4,2.32,1.48,0.652,0.915,0.622,0.402,0.09
208.5,2.32,1.48,0.652,0.916,0.622,0.402,0.09
208.60000000000002,2.32,1.48,0.652,0.916,0.622,0.402,0.09
208.70000000000002,2.32,1.48,0.652,0.916,0.622,0.402,0.09
208.8,2.351,1.506,0.662,0.917,0.622,0.402,0.09
208.9,2.332,1.49,0.656,0.916,0.622,0.402,0.09
209.0,2.325,1.484,0.653,0.916,0.622,0.402,0.09
209.10000000000002,2.322,1.481,0.652,0.916,0.622,0.402,0.09
209.20000000000002,2.32,1.48,0.652,0.916,0.622,0.402,0.09
209.3,2.32,1.48,0.652,0.916,0.622,0.402,0.09
209.4,2.351,1.506,0.662,0.916,0.622,0.402,0.089
209.5,2.332,1.49,0.656,0.916,0.622,0.403,0.09
209.60000000000002,2.356,1.51,0.663,0.916,0.622,0.404,0.09
209.70000000000002,2.365,1.518,0.666,0.916,0.622,0.404,0.089
209.8,2.369,1.521,0.668,0.915,0.622,0.404,0.09
209.9,2.339,1.496,0.658,0.915,0.621,0.404,0.09
210.0,2.328,1.486,0.654,0.915,0.622,0.404,0.09
210.10000000000002,2.323,1.482,0.653,0.916,0.622,0.404,0.09
210.20000000000002,2.321,1.481,0.652,0.916,0.622,0.404,0.09
210.3,2.32,1.48,0.652,0.916,0.621,0.404,0.09
210.4,2.32,1.48,0.652,0.915,0.622,0.404,0.09
210.5,2.32,1.48,0.652,0.916,0.622,0.404,0.09
210.60000000000002,2.32,1.48,0.652,0.916,0.622,0.404,0.09
210.70000000000002,2.351,1.506,0.662,0.916,0.622,0.404,0.09
210.8,2.363,1.516,0.666,0.916,0.623,0.404,0.09
210.9,2.337,1.494,0.657,0.915,0.622,0.404,0.09
211.0,2.327,1.485,0.654,0.915,0.622,0.404,0.09
211.10000000000002,2.322,1.482,0.653,0.916,0.622,0.405,0.09
211.20000000000002,2.321,1.481,0.652,0.916,0.622,0.405,0.09
211.3,2.32,1.48,0.652,0.916,0.621,0.405,0.09
211.4,2.32,1.48,0.652,0.916,0.622,0.405,0.09
211.5,2.32,1.48,0.652,0.916,0.622,0.405,0.09
211.60000000000002,2.32,1.48,0.652,0.916,0.622,0.405,0.09
211.70000000000002,2.32,1.48,0.652,0.917,0.622,0.406,0.09
211.8,2.32,1.48,0.652,0.916,0.622,0.406,0.09
211.9,2.32,1.48,0.652,0.916,0.622,0.405,0.09
212.0,2.32,1.48,0.652,0.915,0.622,0.405,0.09
212.10000000000002,2.32,1.48,0.652,0.914,0.622,0.406,0.09
212.20000000000002,2.32,1.48,0.652,0.915,0.622,0.406,0.09
212.3,2.32,1.48,0.652,0.916,0.623,0.406,0.09
212.4,2.32,1.48,0.652,0.916,0.623,0.406,0.09
212.5,2.32,1.48,0.652,0.916,0.622,0.406,0.09
212.60000000000002,2.351,1.506,0.662,0.915,0.622,0.406,0.09
212.70000000000002,2.332,1.49,0.656,0.915,0.622,0.406,0.09
212.8,2.325,1.484,0.653,0.915,0.623,0.406,0.09
212.9,2.322,1.481,0.652,0.916,0.622,0.406,0.09
213.0,2.32,1.48,0.652,0.916,0.622,0.406,0.09
213.10000000000002,2.32,1.48,0.652,0.916,0.622,0.406,0.09
213.20000000000002,2.32,1.48,0.652,0.916,0.622,0.406,0.091
213.3,2.32,1.48,0.652,0.915,0.622,0.407,0.091
213.4,2.32,1.48,0.652,0.916,0.622,0.406,0.09
213.5,2.32,1.48,0.652,0.916,0.622,0.407,0.09
213.60000000000002,2.32,1.48,0.652,0.916,0.622,0.406,0.09
213.70000000000002,2.32,1.48,0.652,0.917,0.622,0.407,0.09
213.8,2.32,1.48,0.652,0.916,0.622,0.406,0.09
213.9,2.32,1.48,0.652,0.916,0.622,0.407,0.09
214.0,2.32,1.48,0.652,0.916,0.622,0.406,0.09
214.10000000000002,2.32,1.48,0.652,0.915,0.622,0.406,0.09
214.20000000000002,2.32,1.48,0.652,0.915,0.622,0.406,0.09
214.3,2.32,1.48,0.652,0.914,0.622,0.406,0.09
214.4,2.32,1.48,0.652,0.915,0.622,0.406,0.09
214.5,2.32,1.48,0.652,0.916,0.622,0.407,0.09
214.60000000000002,2.32,1.48,0.652,0.915,0.622,0.407,0.09
214.70000000000002,2.32,1.48,0.652,0.916,0.622,0.407,0.09
214.8,2.32,1.48,0.652,0.916,0.623,0.407,0.09
214.9,2.32,1.48,0.652,0.916,0.622,0.407,0.09
215.0,2.32,1.48,0.652,0.915,0.623,0.407,0.091
215.10000000000002,2.32,1.48,0.652,0.915,0.622,0.407,0.09
215.20000000000002,2.32,1.48,0.652,0.914,0.622,0.407,0.09
215.3,2.32,1.48,0.652,0.915,0.622,0.408,0.09
215.4,2.32,1.48,0.652,0.916,0.622,0.408,0.09
215.5,2.32,1.48,0.652,0.915,0.622,0.408,0.09
215.60000000000002,2.32,1.48,0.652,0.916,0.622,0.407,0.09
215.70000000000002,2.32,1.48,0.652,0.916,0.622,0.408,0.09
215.8,2.32,1.48,0.652,0.916,0.622,0.408,0.09
215.9,2.32,1.48,0.652,0.917,0.622,0.408,0.09
216.0,2.32,1.48,0.652,0.916,0.623,0.409,0.09
216.10000000000002,2.32,1.48,0.652,0.915,0.623,0.408,0.089
216.20000000000002,2.32,1.48,0.652,0.916,0.622,0.408,0.09
216.3,2.32,1.48,0.652,0.917,0.622,0.409,0.09
216.4,2.32,1.48,0.652,0.916,0.623,0.409,0.09
216.5,2.32,1.48,0.652,0.916,0.622,0.409,0.09
216.60000000000002,2.32,1.48,0.652,0.915,0.622,0.408,0.091
216.70000000000002,2.32,1.48,0.652,0.915,0.622,0.409,0.09
216.8,2.32,1.48,0.652,0.915,0.622,0.409,0.09
216.9,2.351,1.506,0.662,0.916,0.622,0.409,0.09
217.0,2.332,1.49,0.656,0.916,0.622,0.409,0.09
217.10000000000002,2.325,1.484,0.653,0.916,0.622,0.409,0.09
217.20000000000002,2.322,1.481,0.652,0.915,0.622,0.409,0.09
217.3,2.32,1.48,0.652,0.915,0.622,0.409,0.09
217.4,2.32,1.48,0.652,0.915,0.622,0.409,0.09
217.5,2.32,1.48,0.652,0.915,0.622,0.409,0.09
217.60000000000002,2.32,1.48,0.652,0.915,0.623,0.409,0.089
217.70000000000002,2.289,1.454,0.642,0.915,0.622,0.409,0.09
217.8,2.307,1.469,0.648,0.915,0.622,0.409,0.09
217.9,2.315,1.476,0.65,0.916,0.622,0.409,0.09
218.0,2.318,1.478,0.651,0.915,0.622,0.409,0.09
218.10000000000002,2.319,1.479,0.652,0.915,0.622,0.409,0.09
218.20000000000002,2.319,1.479,0.652,0.915,0.623,0.409,0.09
218.3,2.32,1.48,0.652,0.915,0.623,0.41,0.09
218.4,2.32,1.48,0.652,0.916,0.622,0.41,0.09
218.5,2.32,1.48,0.652,0.915,0.622,0.41,0.09
218.60000000000002,2.32,1.48,0.652,0.915,0.622,0.409,0.09
218.70000000000002,2.32,1.48,0.652,0.915,0.622,0.41,0.09
218.8,2.32,1.48,0.652,0.915,0.623,0.41,0.09
218.9,2.32,1.48,0.652,0.915,0.623,0.41,0.09
219.0,2.32,1.48,0.652,0.916,0.622,0.41,0.09
219.10000000000002,2.32,1.48,0.652,0.915,0.623,0.41,0.09
219.20000000000002,2.32,1.48,0.652,0.914,0.622,0.41,0.09
219.3,2.32,1.48,0.652,0.915,0.623,0.409,0.09
219.4,2.32,1.48,0.652,0.916,0.623,0.41,0.09
219.5,2.32,1.48,0.652,0.916,0.623,0.41,0.09
219.60000000000002,2.32,1.48,0.652,0.916,0.623,0.41,0.09
219.70000000000002,2.32,1.48,0.652,0.915,0.623,0.41,0.09
219.8,2.32,1.48,0.652,0.916,0.624,0.41,0.09
219.9,2.32,1.48,0.652,0.916,0.623,0.41,0.09
220.0,2.32,1.48,0.652,0.916,0.624,0.411,0.09
220.10000000000002,2.32,1.48,0.652,0.916,0.623,0.411,0.09
220.20000000000002,2.351,1.506,0.662,0.916,0.624,0.41,0.09
220.3,2.332,1.49,0.656,0.916,0.624,0.411,0.09
220.4,2.325,1.484,0.653,0.917,0.623,0.411,0.09
220.5,2.322,1.481,0.652,0.915,0.623,0.41,0.09
220.60000000000002,2.32,1.48,0.652,0.916,0.624,0.411,0.09
220.70000000000002,2.32,1.48,0.652,0.916,0.624,0.411,0.09
220.8,2.32,1.48,0.652,0.915,0.623,0.411,0.09
220.9,2.32,1.48,0.652,0.915,0.623,0.411,0.09
221.0,2.351,1.506,0.662,0.915,0.623,0.411,0.09
221.10000000000002,2.332,1.49,0.656,0.916,0.624,0.411,0.09
221.20000000000002,2.325,1.484,0.653,0.915,0.623,0.41,0.09
221.3,2.322,1.481,0.652,0.916,0.624,0.411,0.09
221.4,2.32,1.48,0.652,0.916,0.624,0.411,0.09
221.5,2.32,1.48,0.652,0.917,0.624,0.412,0.09
221.60000000000002,2.32,1.48,0.652,0.916,0.623,0.412,0.09
221.70000000000002,2.32,1.48,0.652,0.915,0.623,0.412,0.09
221.8,2.32,1.48,0.652,0.916,0.623,0.411,0.09
221.9,2.32,1.48,0.652,0.916,0.624,0.412,0.09
222.0,2.32,1.48,0.652,0.916,0.624,0.412,0.09
222.10000000000002,2.32,1.48,0.652,0.916,0.624,0.412,0.09
222.20000000000002,2.32,1.48,0.652,0.917,0.624,0.412,0.09
222.3,2.32,1.48,0.652,0.916,0.624,0.412,0.09
222.4,2.32,1.48,0.652,0.916,0.624,0.411,0.09
222.5,2.32,1.48,0.652,0.916,0.625,0.412,0.09
222.60000000000002,2.351,1.506,0.662,0.917,0.624,0.412,0.09
222.70000000000002,2.332,1.49,0.656,0.916,0.625,0.412,0.089
222.8,2.325,1.484,0.653,0.917,0.624,0.412,0.09
222.9,2.322,1.481,0.652,0.916,0.624,0.412,0.09
223.0,2.32,1.48,0.652,0.917,0.624,0.412,0.09
223.10000000000002,2.32,1.48,0.652,0.916,0.624,0.412,0.09
223.20000000000002,2.32,1.48,0.652,0.916,0.624,0.412,0.09
223.3,2.32,1.48,0.652,0.916,0.624,0.412,0.089
223.4,2.32,1.48,0.652,0.916,0.624,0.412,0.09
223.5,2.32,1.48,0.652,0.916,0.625,0.413,0.09
223.60000000000002,2.32,1.48,0.652,0.916,0.624,0.412,0.09
223.70000000000002,2.32,1.48,0.652,0.917,0.624,0.412,0.09
223.8,2.289,1.454,0.642,0.916,0.624,0.412,0.091
223.9,2.307,1.469,0.648,0.916,0.624,0.412,0.09
224.0,2.284,1.45,0.64,0.916,0.624,0.412,0.09
224.10000000000002,2.274,1.442,0.637,0.916,0.624,0.412,0.09
224.20000000000002,2.302,1.465,0.646,0.916,0.625,0.412,0.09
224.3,2.312,1.474,0.65,0.915,0.624,0.412,0.09
224.4,2.317,1.477,0.651,0.915,0.624,0.412,0.09
224.5,2.318,1.479,0.651,0.914,0.624,0.412,0.09
224.60000000000002,2.319,1.479,0.652,0.915,0.624,0.412,0.09
224.70000000000002,2.319,1.48,0.652,0.916,0.623,0.412,0.09
224.8,2.32,1.48,0.652,0.916,0.624,0.412,0.09
224.9,2.32,1.48,0.652,0.915,0.624,0.412,0.09
225.0,2.289,1.454,0.642,0.915,0.624,0.412,0.09
225.10000000000002,2.307,1.469,0.648,0.915,0.624,0.412,0.09
225.20000000000002,2.284,1.45,0.64,0.915,0.623,0.412,0.09
225.3,2.305,1.468,0.647,0.915,0.623,0.412,0.09
225.4,2.283,1.449,0.64,0.916,0.624,0.412,0.09
225.5,2.305,1.468,0.647,0.916,0.624,0.412,0.09
225.60000000000002,2.314,1.475,0.65,0.915,0.624,0.412,0.09
225.70000000000002,2.317,1.478,0.651,0.916,0.624,0.412,0.09
225.8,2.319,1.479,0.652,0.917,0.624,0.412,0.089
225.9,2.319,1.479,0.652,0.916,0.625,0.412,0.09
226.0,2.319,1.48,0.652,0.916,0.624,0.412,0.09
226.10000000000002,2.32,1.48,0.652,0.916,0.625,0.412,0.09
226.20000000000002,2.32,1.48,0.652,0.915,0.624,0.412,0.09
226.3,2.32,1.48,0.652,0.916,0.625,0.412,0.09
226.4,2.32,1.48,0.652,0.916,0.625,0.412,0.09
226.5,2.445,1.585,0.692,0.916,0.625,0.412,0.089
226.60000000000002,2.37,1.522,0.668,0.917,0.625,0.412,0.09
226.70000000000002,2.34,1.497,0.658,0.916,0.625,0.412,0.09
226.8,2.328,1.486,0.654,0.916,0.624,0.412,0.09
226.9,2.323,1.482,0.653,0.915,0.625,0.412,0.09
227.0,2.321,1.481,0.652,0.916,0.625,0.412,0.09
227.10000000000002,2.382,1.532,0.672,0.915,0.625,0.412,0.09
227.20000000000002,2.314,1.475,0.65,0.916,0.625,0.412,0.091
227.3,2.317,1.478,0.651,0.915,0.625,0.412,0.09
227.4,2.319,1.479,0.652,0.916,0.625,0.412,0.09
227.5,2.319,1.479,0.652,0.916,0.625,0.412,0.09
227.60000000000002,2.319,1.48,0.652,0.916,0.625,0.412,0.09
227.70000000000002,2.32,1.48,0.652,0.916,0.625,0.412,0.09
227.8,2.32,1.48,0.652,0.916,0.625,0.413,0.09
227.9,2.32,1.48,0.652,0.915,0.625,0.412,0.09
228.0,2.32,1.48,0.652,0.916,0.624,0.412,0.09
228.10000000000002,2.32,1.48,0.652,0.915,0.625,0.412,0.09
228.20000000000002,2.32,1.48,0.652,0.916,0.625,0.413,0.09
228.3,2.32,1.48,0.652,0.916,0.625,0.412,0.09
228.4,2.32,1.48,0.652,0.917,0.625,0.412,0.09
228.5,2.32,1.48,0.652,0.916,0.625,0.412,0.09
228.60000000000002,2.32,1.48,0.652,0.916,0.625,0.412,0.09
228.70000000000002,2.289,1.454,0.642,0.917,0.625,0.412,0.09
228.8,2.307,1.469,0.648,0.916,0.626,0.413,0.09
228.9,2.315,1.476,0.65,0.916,0.625,0.413,0.09
229.0,2.318,1.478,0.651,0.916,0.625,0.412,0.09
229.10000000000002,2.288,1.453,0.642,0.916,0.625,0.412,0.09
229.20000000000002,2.307,1.469,0.648,0.915,0.625,0.413,0.09
229.3,2.315,1.475,0.65,0.916,0.625,0.413,0.089
229.4,2.318,1.478,0.651,0.917,0.625,0.413,0.09
229.5,2.35,1.505,0.661,0.916,0.624,0.412,0.09
229.60000000000002,2.332,1.49,0.656,0.916,0.625,0.413,0.09
229.70000000000002,2.324,1.484,0.653,0.915,0.624,0.412,0.09
229.8,2.322,1.481,0.652,0.916,0.624,0.412,0.09
229.9,2.32,1.48,0.652,0.916,0.625,0.413,0.09
230.0,2.32,1.48,0.652,0.916,0.625,0.413,0.09
230.10000000000002,2.32,1.48,0.652,0.915,0.625,0.413,0.09
230.20000000000002,2.32,1.48,0.652,0.916,0.625,0.413,0.09
230.3,2.32,1.48,0.652,0.916,0.626,0.413,0.09
230.4,2.32,1.48,0.652,0.917,0.626,0.413,0.09
230.5,2.32,1.48,0.652,0.916,0.625,0.413,0.09
230.60000000000002,2.32,1.48,0.652,0.916,0.625,0.413,0.09
230.70000000000002,2.32,1.48,0.652,0.917,0.625,0.413,0.09
230.8,2.32,1.48,0.652,0.916,0.625,0.413,0.089
230.9,2.32,1.48,0.652,0.916,0.625,0.413,0.09
231.0,2.32,1.48,0.652,0.917,0.626,0.413,0.09
231.10000000000002,2.32,1.48,0.652,0.916,0.625,0.413,0.09
231.20000000000002,2.32,1.48,0.652,0.916,0.625,0.413,0.09
231.3,2.32,1.48,0.652,0.916,0.626,0.413,0.09
231.4,2.32,1.48,0.652,0.917,0.625,0.413,0.09
231.5,2.32,1.48,0.652,0.916,0.625,0.413,0.09
231.60000000000002,2.32,1.48,0.652,0.915,0.625,0.413,0.09
231.70000000000002,2.32,1.48,0.652,0.916,0.626,0.412,0.09
231.8,2.32,1.48,0.652,0.915,0.625,0.413,0.09
231.9,2.32,1.48,0.652,0.916,0.625,0.413,0.09
232.0,2.32,1.48,0.652,0.916,0.625,0.413,0.09
232.10000000000002,2.32,1.48,0.652,0.916,0.625,0.413,0.09
232.20000000000002,2.32,1.48,0.652,0.916,0.625,0.413,0.09
232.3,2.32,1.48,0.652,0.916,0.626,0.413,0.09
232.4,2.32,1.48,0.652,0.917,0.626,0.413,0.091
232.5,2.32,1.48,0.652,0.917,0.626,0.413,0.09
232.60000000000002,2.351,1.506,0.662,0.916,0.626,0.413,0.09
232.70000000000002,2.332,1.49,0.656,0.916,0.625,0.413,0.09
232.8,2.325,1.484,0.653,0.915,0.625,0.413,0.09
232.9,2.322,1.481,0.652,0.916,0.625,0.413,0.09
233.0,2.32,1.48,0.652,0.916,0.625,0.413,0.09
233.10000000000002,2.32,1.48,0.652,0.916,0.626,0.413,0.09
233.20000000000002,2.32,1.48,0.652,0.916,0.626,0.413,0.09
233.3,2.32,1.48,0.652,0.916,0.626,0.414,0.089
233.4,2.258,1.429,0.632,0.916,0.625,0.413,0.09
233.5,2.295,1.459,0.644,0.916,0.626,0.413,0.09
233.60000000000002,2.31,1.472,0.649,0.916,0.626,0.413,0.09
233.70000000000002,2.316,1.476,0.651,0.915,0.625,0.413,0.091
233.8,2.318,1.478,0.651,0.916,0.626,0.413,0.09
233.9,2.319,1.479,0.652,0.916,0.626,0.412,0.09
234.0,2.289,1.454,0.642,0.917,0.626,0.413,0.09
234.10000000000002,2.276,1.444,0.638,0.916,0.626,0.413,0.091
234.20000000000002,2.302,1.465,0.646,0.915,0.626,0.413,0.09
234.3,2.282,1.448,0.64,0.916,0.625,0.413,0.09
234.4,2.274,1.441,0.637,0.916,0.626,0.413,0.09
234.5,2.301,1.464,0.646,0.915,0.625,0.413,0.089
234.60000000000002,2.312,1.474,0.65,0.916,0.626,0.413,0.09
234.70000000000002,2.286,1.452,0.641,0.916,0.626,0.413,0.089
234.8,2.275,1.443,0.638,0.916,0.626,0.413,0.09
234.9,2.271,1.439,0.636,0.915,0.626,0.413,0.09
235.0,2.3,1.464,0.646,0.916,0.626,0.413,0.09
235.10000000000002,2.312,1.473,0.649,0.915,0.626,0.413,0.09
235.20000000000002,2.286,1.451,0.641,0.916,0.626,0.413,0.09
235.3,2.275,1.443,0.638,0.916,0.625,0.413,0.09
235.4,2.271,1.439,0.636,0.915,0.626,0.413,0.09
235.5,2.3,1.464,0.646,0.916,0.626,0.414,0.09
235.60000000000002,2.312,1.473,0.649,0.916,0.626,0.413,0.09
235.70000000000002,2.317,1.477,0.651,0.916,0.626,0.413,0.09
235.8,2.318,1.479,0.651,0.916,0.626,0.413,0.09
235.9,2.319,1.479,0.652,0.916,0.626,0.413,0.09
236.0,2.319,1.48,0.652,0.915,0.626,0.414,0.09
236.10000000000002,2.32,1.48,0.652,0.916,0.626,0.413,0.09
236.20000000000002,2.32,1.48,0.652,0.915,0.626,0.413,0.09
236.3,2.32,1.48,0.652,0.916,0.626,0.413,0.09
236.4,2.32,1.48,0.652,0.915,0.626,0.413,0.09
236.5,2.32,1.48,0.652,0.916,0.626,0.413,0.09
236.60000000000002,2.32,1.48,0.652,0.917,0.626,0.413,0.09
236.70000000000002,2.32,1.48,0.652,0.916,0.627,0.413,0.09
236.8,2.32,1.48,0.652,0.916,0.626,0.414,0.089
236.9,2.32,1.48,0.652,0.916,0.626,0.413,0.09
237.0,2.32,1.48,0.652,0.916,0.626,0.413,0.09
237.10000000000002,2.32,1.48,0.652,0.916,0.626,0.414,0.09
237.20000000000002,2.32,1.48,0.652,0.917,0.626,0.413,0.09
237.3,2.32,1.48,0.652,0.916,0.626,0.413,0.09
237.4,2.32,1.48,0.652,0.916,0.627,0.414,0.09
237.5,2.351,1.506,0.662,0.916,0.626,0.413,0.09
237.60000000000002,2.332,1.49,0.656,0.915,0.626,0.413,0.09
237.70000000000002,2.325,1.484,0.653,0.916,0.627,0.413,0.09
237.8,2.322,1.481,0.652,0.916,0.626,0.413,0.09
237.9,2.29,1.455,0.642,0.916,0.626,0.413,0.09
238.0,2.277,1.444,0.638,0.916,0.626,0.413,0.09
238.10000000000002,2.302,1.465,0.646,0.916,0.626,0.413,0.09
238.20000000000002,2.313,1.474,0.65,0.916,0.626,0.413,0.09
238.3,2.317,1.477,0.651,0.915,0.626,0.413,0.09
238.4,2.319,1.479,0.651,0.916,0.626,0.413,0.09
238.5,2.288,1.454,0.642,0.916,0.626,0.414,0.09
238.60000000000002,2.276,1.444,0.638,0.917,0.626,0.414,0.09
238.70000000000002,2.271,1.44,0.637,0.916,0.627,0.414,0.09
238.8,2.27,1.438,0.636,0.916,0.627,0.414,0.09
238.9,2.3,1.463,0.645,0.916,0.627,0.414,0.09
239.0,2.281,1.447,0.639,0.916,0.626,0.414,0.09
239.10000000000002,2.304,1.467,0.647,0.916,0.626,0.413,0.09
239.20000000000002,2.313,1.474,0.65,0.916,0.626,0.414,0.09
239.3,2.286,1.452,0.641,0.916,0.626,0.414,0.09
239.4,2.306,1.469,0.648,0.915,0.626,0.414,0.09
239.5,2.314,1.475,0.65,0.916,0.627,0.413,0.09
239.60000000000002,2.287,1.452,0.641,0.915,0.626,0.414,0.09
239.70000000000002,2.276,1.443,0.638,0.915,0.626,0.413,0.09
239.8,2.302,1.465,0.646,0.916,0.626,0.413,0.09
239.9,2.313,1.474,0.65,0.916,0.627,0.413,0.09
240.0,2.286,1.452,0.641,0.916,0.626,0.413,0.09
240.10000000000002,2.306,1.468,0.648,0.916,0.626,0.414,0.089
240.20000000000002,2.283,1.45,0.64,0.916,0.626,0.414,0.09
240.3,2.244,1.417,0.628,0.916,0.626,0.414,0.09
240.4,2.32,1.48,0.652,0.916,0.626,0.413,0.09
240.5,2.32,1.48,0.652,0.917,0.627,0.414,0.09
240.60000000000002,2.32,1.48,0.652,0.916,0.627,0.414,0.09
240.70000000000002,2.32,1.48,0.652,0.916,0.627,0.413,0.09
240.8,2.32,1.48,0.652,0.916,0.627,0.413,0.09
240.9,2.32,1.48,0.652,0.916,0.627,0.414,0.09
241.0,2.32,1.48,0.652,0.916,0.627,0.413,0.089
241.10000000000002,2.32,1.48,0.652,0.916,0.627,0.414,0.09
241.20000000000002,2.32,1.48,0.652,0.915,0.627,0.413,0.09
241.3,2.289,1.454,0.642,0.916,0.626,0.414,0.09
241.4,2.307,1.469,0.648,0.915,0.627,0.413,0.09
241.5,2.253,1.425,0.631,0.916,0.626,0.413,0.09
241.60000000000002,2.293,1.458,0.643,0.916,0.627,0.414,0.09
241.70000000000002,2.309,1.471,0.648,0.916,0.626,0.413,0.089
241.8,2.315,1.476,0.65,0.916,0.626,0.413,0.09
241.9,2.318,1.478,0.651,0.915,0.627,0.413,0.09
242.0,2.319,1.479,0.652,0.915,0.627,0.413,0.089
242.10000000000002,2.319,1.479,0.652,0.915,0.627,0.413,0.09
242.20000000000002,2.289,1.454,0.642,0.916,0.627,0.414,0.09
242.3,2.307,1.469,0.648,0.915,0.626,0.413,0.09
242.4,2.315,1.476,0.65,0.916,0.627,0.414,0.089
242.5,2.318,1.478,0.651,0.915,0.627,0.413,0.09
242.60000000000002,2.288,1.453,0.642,0.915,0.626,0.413,0.089
242.70000000000002,2.307,1.469,0.648,0.915,0.627,0.414,0.09
242.8,2.284,1.45,0.64,0.916,0.627,0.413,0.09
242.9,2.274,1.442,0.637,0.916,0.628,0.414,0.09
243.0,2.271,1.439,0.636,0.916,0.627,0.413,0.089
243.10000000000002,2.269,1.438,0.636,0.916,0.626,0.413,0.09
243.20000000000002,2.299,1.463,0.645,0.916,0.627,0.413,0.089
243.3,2.281,1.447,0.639,0.916,0.627,0.413,0.09
243.4,2.273,1.441,0.637,0.915,0.626,0.413,0.09
243.5,2.301,1.464,0.646,0.915,0.627,0.413,0.09
243.60000000000002,2.312,1.473,0.649,0.914,0.626,0.413,0.09
243.70000000000002,2.317,1.477,0.651,0.915,0.627,0.413,0.09
243.8,2.288,1.453,0.642,0.916,0.627,0.414,0.09
243.9,2.307,1.469,0.648,0.915,0.627,0.413,0.09
244.0,2.284,1.45,0.64,0.916,0.628,0.413,0.09
244.10000000000002,2.305,1.468,0.647,0.915,0.627,0.414,0.09
244.20000000000002,2.283,1.449,0.64,0.915,0.627,0.413,0.089
244.3,2.274,1.442,0.637,0.915,0.627,0.413,0.09
244.4,2.271,1.439,0.636,0.916,0.626,0.413,0.09
244.5,2.3,1.463,0.646,0.916,0.627,0.414,0.09
244.60000000000002,2.312,1.473,0.649,0.916,0.628,0.413,0.09
244.70000000000002,2.316,1.477,0.651,0.915,0.627,0.413,0.09
244.8,2.257,1.428,0.632,0.914,0.627,0.413,0.09
244.9,2.295,1.459,0.644,0.915,0.627,0.413,0.09
245.0,2.31,1.471,0.649,0.915,0.628,0.413,0.09
245.10000000000002,2.316,1.476,0.651,0.916,0.627,0.413,0.09
245.20000000000002,2.318,1.478,0.651,0.916,0.628,0.413,0.09
245.3,2.288,1.453,0.642,0.916,0.627,0.413,0.09
245.4,2.307,1.469,0.648,0.916,0.628,0.414,0.09
245.5,2.284,1.45,0.64,0.916,0.628,0.413,0.09
245.60000000000002,2.305,1.468,0.647,0.916,0.628,0.413,0.09
245.70000000000002,2.314,1.475,0.65,0.916,0.627,0.413,0.09
245.8,2.317,1.478,0.651,0.916,0.628,0.414,0.089
245.9,2.319,1.479,0.652,0.915,0.627,0.414,0.089
246.0,2.319,1.479,0.652,0.915,0.627,0.413,0.09
246.10000000000002,2.289,1.454,0.642,0.916,0.628,0.414,0.09
246.20000000000002,2.307,1.469,0.648,0.916,0.628,0.414,0.09
246.3,2.284,1.45,0.64,0.915,0.627,0.414,0.09
246.4,2.305,1.468,0.647,0.916,0.628,0.414,0.09
246.5,2.314,1.475,0.65,0.916,0.628,0.413,0.09
246.60000000000002,2.317,1.478,0.651,0.916,0.628,0.413,0.091
246.70000000000002,2.319,1.479,0.652,0.917,0.628,0.414,0.09
246.8,2.319,1.479,0.652,0.916,0.628,0.413,0.09
246.9,2.319,1.48,0.652,0.917,0.628,0.414,0.09
247.0,2.32,1.48,0.652,0.916,0.628,0.414,0.09
247.10000000000002,2.289,1.454,0.642,0.917,0.628,0.414,0.09
247.20000000000002,2.307,1.469,0.648,0.917,0.628,0.413,0.09
247.3,2.284,1.45,0.64,0.917,0.629,0.414,0.089
247.4,2.305,1.468,0.647,0.917,0.628,0.414,0.09
247.5,2.314,1.475,0.65,0.916,0.627,0.414,0.09
247.60000000000002,2.286,1.452,0.641,0.916,0.628,0.414,0.09
247.70000000000002,2.306,1.469,0.648,0.916,0.628,0.414,0.09
247.8,2.314,1.475,0.65,0.916,0.628,0.413,0.09
247.9,2.287,1.452,0.641,0.916,0.628,0.414,0.09
248.0,2.276,1.443,0.638,0.916,0.628,0.413,0.09
248.10000000000002,2.271,1.439,0.636,0.916,0.629,0.414,0.09
248.20000000000002,2.269,1.438,0.636,0.916,0.628,0.413,0.09
248.3,2.269,1.437,0.636,0.916,0.628,0.414,0.089
248.4,2.268,1.437,0.636,0.916,0.628,0.413,0.09
248.5,2.268,1.437,0.636,0.916,0.628,0.414,0.089
248.60000000000002,2.268,1.437,0.636,0.916,0.628,0.413,0.09
248.70000000000002,2.268,1.437,0.635,0.916,0.629,0.414,0.09
248.8,2.268,1.437,0.635,0.917,0.628,0.413,0.09
248.9,2.268,1.437,0.635,0.916,0.628,0.413,0.09
249.0,2.268,1.437,0.635,0.916,0.629,0.414,0.09
249.10000000000002,2.268,1.437,0.635,0.917,0.628,0.413,0.09
249.20000000000002,2.268,1.437,0.635,0.916,0.629,0.414,0.09
249.3,2.268,1.437,0.635,0.916,0.629,0.413,0.09
249.4,2.268,1.437,0.635,0.917,0.629,0.414,0.09
249.5,2.268,1.437,0.635,0.916,0.629,0.414,0.09
249.60000000000002,2.268,1.437,0.635,0.917,0.629,0.414,0.09
249.70000000000002,2.268,1.437,0.635,0.916,0.629,0.413,0.09
249.8,2.268,1.437,0.635,0.916,0.629,0.413,0.09
249.9,2.268,1.437,0.635,0.916,0.628,0.414,0.09
250.0,2.299,1.463,0.645,0.916,0.629,0.413,0.09
250.10000000000002,2.281,1.447,0.639,0.916,0.628,0.413,0.09
250.20000000000002,2.273,1.441,0.637,0.916,0.628,0.413,0.089
250.3,2.27,1.439,0.636,0.917,0.628,0.414,0.089
250.4,2.269,1.438,0.636,0.916,0.629,0.413,0.09
250.5,2.299,1.463,0.645,0.915,0.628,0.414,0.09
250.60000000000002,2.281,1.447,0.639,0.915,0.629,0.413,0.09
250.70000000000002,2.304,1.467,0.647,0.916,0.629,0.414,0.09
250.8,2.283,1.449,0.64,0.917,0.629,0.413,0.09
250.9,2.305,1.467,0.647,0.916,0.628,0.413,0.09
251.0,2.283,1.449,0.64,0.916,0.629,0.413,0.089
251.10000000000002,2.274,1.442,0.637,0.916,0.629,0.413,0.09
251.20000000000002,2.271,1.439,0.636,0.915,0.629,0.413,0.09
251.3,2.3,1.463,0.646,0.916,0.629,0.413,0.09
251.4,2.281,1.447,0.64,0.916,0.629,0.413,0.089
251.5,2.304,1.467,0.647,0.915,0.629,0.414,0.09
251.60000000000002,2.313,1.475,0.65,0.916,0.629,0.413,0.09
251.70000000000002,2.286,1.452,0.641,0.915,0.629,0.413,0.09
251.8,2.275,1.443,0.638,0.916,0.629,0.414,0.09
251.9,2.302,1.465,0.646,0.915,0.629,0.414,0.09
252.0,2.282,1.448,0.64,0.916,0.629,0.413,0.09
252.10000000000002,2.274,1.441,0.637,0.916,0.629,0.414,0.09
252.20000000000002,2.27,1.439,0.636,0.916,0.629,0.413,0.09
252.3,2.3,1.463,0.646,0.916,0.629,0.413,0.089
252.4,2.281,1.447,0.64,0.915,0.629,0.413,0.089
252.5,2.212,1.391,0.618,0.914,0.629,0.412,0.087
252.60000000000002,2.154,1.343,0.599,0.91,0.629,0.411,0.085
252.70000000000002,2.131,1.325,0.592,0.907,0.628,0.408,0.084
252.8,2.092,1.293,0.58,0.903,0.628,0.404,0.082
252.9,2.046,1.256,0.565,0.9,0.627,0.401,0.081
253.0,1.939,1.171,0.532,0.895,0.627,0.399,0.081
253.10000000000002,2.015,1.231,0.556,0.894,0.626,0.397,0.082
253.20000000000002,2.045,1.255,0.565,0.893,0.627,0.395,0.083
253.3,2.057,1.265,0.569,0.895,0.628,0.394,0.084
253.4,2.092,1.293,0.58,0.896,0.628,0.394,0.083
253.5,2.106,1.304,0.584,0.896,0.628,0.393,0.084
253.60000000000002,2.112,1.309,0.586,0.897,0.628,0.393,0.084
253.70000000000002,2.114,1.311,0.587,0.898,0.628,0.392,0.084
253.8,2.007,1.244,0.557,0.852,0.596,0.372,0.08
253.9,1.921,1.191,0.533,0.816,0.57,0.356,0.076
254.0,1.852,1.148,0.514,0.787,0.55,0.343,0.073
254.10000000000002,1.805,1.12,0.501,0.764,0.534,0.333,0.071
254.20000000000002,1.767,1.098,0.491,0.746,0.521,0.325,0.07
254.3,1.737,1.08,0.483,0.731,0.51,0.318,0.068
254.4,1.712,1.066,0.476,0.719,0.502,0.313,0.067
254.5,1.693,1.055,0.471,0.71,0.495,0.308,0.066
254.60000000000002,1.678,1.046,0.467,0.703,0.49,0.305,0.065
254.70000000000002,1.666,1.039,0.463,0.698,0.485,0.302,0.065
254.8,1.656,1.033,0.461,0.693,0.482,0.3,0.064
254.9,1.648,1.028,0.459,0.689,0.479,0.298,0.064
255.0,1.642,1.024,0.457,0.686,0.477,0.297,0.064
255.10000000000002,1.637,1.021,0.456,0.684,0.475,0.296,0.064
255.20000000000002,1.633,1.019,0.454,0.683,0.474,0.295,0.063
255.3,1.629,1.017,0.454,0.681,0.473,0.294,0.063
255.4,1.627,1.016,0.453,0.68,0.472,0.293,0.063
255.5,1.625,1.015,0.452,0.679,0.472,0.293,0.063
255.60000000000002,1.623,1.014,0.452,0.679,0.471,0.292,0.063
255.70000000000002,1.622,1.013,0.452,0.678,0.471,0.292,0.063
255.8,1.621,1.012,0.451,0.678,0.47,0.291,0.063
255.9,1.62,1.012,0.451,0.678,0.47,0.291,0.063
256.0,1.619,1.011,0.451,0.677,0.47,0.291,0.063
256.1,1.611,1.005,0.448,0.677,0.47,0.291,0.063
256.2,1.605,1,0.446,0.677,0.47,0.291,0.063
256.3,1.599,0.995,0.445,0.677,0.47,0.291,0.063
256.40000000000003,1.595,0.992,0.443,0.677,0.47,0.291,0.063
256.5,1.646,1.034,0.46,0.677,0.47,0.29,0.063
256.6,1.632,1.023,0.455,0.677,0.47,0.29,0.063
256.7,1.629,1.021,0.454,0.677,0.47,0.289,0.063
256.8,1.627,1.018,0.453,0.677,0.469,0.289,0.063
256.90000000000003,1.617,1.01,0.45,0.677,0.469,0.289,0.063
257.0,1.609,1.004,0.448,0.677,0.469,0.289,0.063
257.1,1.596,0.993,0.444,0.677,0.469,0.288,0.063
257.2,1.592,0.99,0.443,0.676,0.469,0.288,0.062
257.3,1.59,0.988,0.442,0.676,0.469,0.288,0.062
257.40000000000003,1.587,0.986,0.441,0.675,0.469,0.287,0.062
257.5,1.586,0.985,0.44,0.675,0.469,0.287,0.062
257.6,1.577,0.977,0.438,0.675,0.469,0.286,0.062
257.7,1.577,0.978,0.438,0.674,0.469,0.285,0.061
257.8,1.57,0.972,0.435,0.674,0.469,0.285,0.061
257.90000000000003,1.572,0.973,0.436,0.674,0.469,0.284,0.061
258.0,1.573,0.974,0.436,0.673,0.469,0.283,0.061
258.1,1.567,0.969,0.434,0.673,0.469,0.283,0.06
258.2,1.569,0.971,0.435,0.672,0.469,0.282,0.06
258.3,1.571,0.973,0.436,0.672,0.469,0.281,0.06
258.40000000000003,1.573,0.974,0.436,0.671,0.469,0.28,0.06
258.5,1.574,0.975,0.437,0.671,0.469,0.279,0.06
258.6,1.575,0.976,0.437,0.671,0.469,0.279,0.06
258.7,1.576,0.976,0.437,0.67,0.469,0.278,0.06
258.8,1.576,0.977,0.437,0.67,0.469,0.277,0.06
258.90000000000003,1.577,0.977,0.438,0.67,0.469,0.277,0.06
259.0,1.577,0.978,0.438,0.67,0.469,0.276,0.06
259.1,1.578,0.978,0.438,0.67,0.469,0.275,0.06
259.2,1.578,0.978,0.438,0.67,0.469,0.275,0.06
259.3,1.578,0.978,0.438,0.67,0.469,0.274,0.06
259.40000000000003,1.578,0.978,0.438,0.67,0.469,0.274,0.06
259.5,1.578,0.979,0.438,0.67,0.469,0.274,0.06
259.6,1.586,0.985,0.441,0.67,0.469,0.274,0.06
259.7,1.585,0.984,0.44,0.67,0.469,0.273,0.06
259.8,1.591,0.989,0.442,0.67,0.469,0.273,0.06
259.90000000000003,1.596,0.993,0.444,0.67,0.469,0.273,0.06
260.0,1.6,0.996,0.445,0.669,0.469,0.272,0.06
260.1,1.604,0.999,0.446,0.67,0.469,0.272,0.06
260.2,1.606,1.001,0.447,0.67,0.469,0.272,0.06
260.3,1.608,1.003,0.448,0.67,0.469,0.272,0.06
260.40000000000003,1.61,1.004,0.448,0.67,0.469,0.271,0.06
260.5,1.611,1.005,0.448,0.67,0.469,0.271,0.06
260.6,1.605,1,0.446,0.67,0.469,0.271,0.06
260.7,1.607,1.002,0.447,0.67,0.469,0.271,0.06
260.8,1.609,1.004,0.448,0.67,0.469,0.271,0.06
260.90000000000003,1.611,1.005,0.448,0.67,0.469,0.271,0.06
261.0,1.612,1.006,0.449,0.67,0.469,0.27,0.06
261.1,1.613,1.007,0.449,0.67,0.469,0.271,0.06
261.2,1.614,1.007,0.449,0.67,0.469,0.271,0.06
261.3,1.614,1.008,0.449,0.671,0.469,0.271,0.06
261.40000000000003,1.615,1.008,0.45,0.671,0.469,0.271,0.06
261.5,1.615,1.008,0.45,0.671,0.469,0.271,0.06
261.6,1.615,1.009,0.45,0.671,0.469,0.271,0.06
261.7,1.616,1.009,0.45,0.672,0.469,0.271,0.06
261.8,1.616,1.009,0.45,0.672,0.469,0.271,0.06
261.90000000000003,1.616,1.009,0.45,0.672,0.469,0.271,0.06
262.0,1.624,1.016,0.452,0.672,0.469,0.271,0.06
262.1,1.63,1.021,0.454,0.672,0.469,0.271,0.061
262.2,1.627,1.018,0.454,0.672,0.469,0.272,0.061
262.3,1.625,1.017,0.453,0.672,0.469,0.272,0.061
262.40000000000003,1.616,1.009,0.45,0.673,0.469,0.272,0.061
262.5,1.624,1.015,0.452,0.673,0.469,0.272,0.061
262.6,1.622,1.014,0.452,0.673,0.469,0.272,0.06
262.7,1.621,1.013,0.452,0.673,0.469,0.272,0.06
262.8,1.62,1.013,0.451,0.673,0.469,0.272,0.061
262.90000000000003,1.619,1.012,0.451,0.673,0.469,0.272,0.061
263.0,1.619,1.012,0.451,0.673,0.469,0.273,0.061
263.1,1.626,1.017,0.453,0.673,0.47,0.273,0.061
263.2,1.632,1.022,0.455,0.673,0.47,0.273,0.061
263.3,1.629,1.02,0.454,0.674,0.47,0.273,0.062
263.40000000000003,1.611,1.005,0.448,0.674,0.47,0.274,0.062
263.5,1.62,1.013,0.451,0.674,0.47,0.274,0.062
263.6,1.627,1.018,0.453,0.674,0.47,0.274,0.062
263.7,1.632,1.023,0.455,0.674,0.47,0.274,0.062
263.8,1.637,1.026,0.457,0.675,0.47,0.275,0.062
263.90000000000003,1.64,1.029,0.458,0.675,0.469,0.275,0.062
264.0,1.643,1.032,0.459,0.675,0.47,0.275,0.062
264.1,1.646,1.033,0.459,0.675,0.47,0.275,0.062
264.2,1.647,1.035,0.46,0.675,0.47,0.275,0.062
264.3,1.649,1.036,0.46,0.675,0.47,0.276,0.062
264.40000000000003,1.627,1.019,0.454,0.675,0.469,0.276,0.062
264.5,1.633,1.023,0.455,0.675,0.469,0.276,0.062
264.6,1.637,1.027,0.457,0.675,0.469,0.277,0.063
264.7,1.641,1.029,0.458,0.675,0.469,0.277,0.063
264.8,1.643,1.032,0.459,0.675,0.469,0.277,0.063
264.90000000000003,1.646,1.034,0.459,0.676,0.47,0.277,0.063
265.0,1.647,1.035,0.46,0.676,0.47,0.277,0.063
265.1,1.649,1.036,0.46,0.676,0.47,0.278,0.063
265.2,1.65,1.037,0.461,0.676,0.469,0.278,0.063
265.3,1.651,1.038,0.461,0.676,0.469,0.278,0.063
265.40000000000003,1.636,1.026,0.456,0.676,0.47,0.278,0.063
265.5,1.64,1.029,0.458,0.676,0.47,0.278,0.063
265.6,1.643,1.031,0.459,0.676,0.47,0.279,0.063
265.7,1.645,1.033,0.459,0.676,0.47,0.279,0.063
265.8,1.647,1.035,0.46,0.676,0.47,0.279,0.063
265.90000000000003,1.641,1.03,0.458,0.676,0.47,0.279,0.063
266.0,1.644,1.032,0.459,0.676,0.47,0.279,0.063
266.1,1.646,1.034,0.459,0.676,0.47,0.279,0.063
266.2,1.648,1.035,0.46,0.676,0.47,0.28,0.063
266.3,1.649,1.036,0.46,0.676,0.47,0.28,0.063
266.40000000000003,1.65,1.037,0.461,0.676,0.47,0.28,0.063
266.5,1.651,1.038,0.461,0.677,0.47,0.28,0.064
266.6,1.652,1.039,0.461,0.676,0.47,0.28,0.063
266.7,1.652,1.039,0.461,0.676,0.47,0.28,0.063
266.8,1.638,1.027,0.457,0.676,0.47,0.28,0.063
266.90000000000003,1.641,1.03,0.458,0.676,0.47,0.28,0.063
267.0,1.644,1.032,0.459,0.676,0.47,0.28,0.063
267.1,1.646,1.034,0.459,0.676,0.47,0.281,0.063
267.2,1.64,1.029,0.458,0.676,0.47,0.281,0.063
267.3,1.643,1.031,0.458,0.676,0.47,0.281,0.063
267.40000000000003,1.645,1.033,0.459,0.676,0.47,0.281,0.063
267.5,1.647,1.035,0.46,0.676,0.47,0.281,0.063
267.6,1.649,1.036,0.46,0.676,0.47,0.281,0.063
267.7,1.65,1.037,0.461,0.676,0.47,0.281,0.063
267.8,1.651,1.038,0.461,0.676,0.47,0.282,0.063
267.90000000000003,1.652,1.038,0.461,0.676,0.47,0.282,0.063
268.0,1.652,1.039,0.461,0.676,0.47,0.282,0.063
268.1,1.66,1.046,0.464,0.676,0.47,0.282,0.063
268.2,1.659,1.045,0.464,0.676,0.47,0.282,0.063
268.3,1.658,1.044,0.463,0.676,0.47,0.282,0.063
268.40000000000003,1.657,1.043,0.463,0.676,0.47,0.282,0.063
268.5,1.657,1.043,0.463,0.676,0.47,0.282,0.063
268.6,1.656,1.042,0.463,0.676,0.47,0.282,0.063
268.7,1.656,1.042,0.463,0.676,0.47,0.283,0.063
268.8,1.656,1.042,0.463,0.676,0.47,0.283,0.063
268.90000000000003,1.655,1.042,0.462,0.676,0.47,0.283,0.063
269.0,1.655,1.041,0.462,0.676,0.47,0.283,0.063
269.1,1.655,1.041,0.462,0.676,0.47,0.283,0.063
269.2,1.655,1.041,0.462,0.676,0.47,0.283,0.063
269.3,1.655,1.041,0.462,0.676,0.47,0.283,0.063
269.40000000000003,1.655,1.041,0.462,0.676,0.47,0.283,0.064
269.5,1.655,1.041,0.462,0.676,0.47,0.284,0.064
269.6,1.655,1.041,0.462,0.676,0.47,0.284,0.064
269.7,1.655,1.041,0.462,0.676,0.47,0.284,0.064
269.8,1.655,1.041,0.462,0.676,0.47,0.284,0.064
269.90000000000003,1.655,1.041,0.462,0.676,0.47,0.284,0.063
270.0,1.655,1.041,0.462,0.676,0.47,0.284,0.063
270.1,1.655,1.041,0.462,0.676,0.47,0.284,0.063
270.2,1.662,1.047,0.465,0.676,0.47,0.284,0.063
270.3,1.674,1.057,0.468,0.677,0.47,0.286,0.064
270.40000000000003,1.664,1.049,0.465,0.676,0.47,0.285,0.064
270.5,1.661,1.046,0.464,0.676,0.47,0.284,0.063
270.6,1.658,1.043,0.463,0.676,0.47,0.284,0.064
270.7,1.673,1.056,0.468,0.677,0.47,0.286,0.064
270.8,1.662,1.047,0.465,0.676,0.47,0.286,0.064
270.90000000000003,1.659,1.045,0.464,0.676,0.47,0.284,0.063
271.0,1.67,1.053,0.467,0.677,0.47,0.286,0.064
271.1,1.657,1.043,0.463,0.676,0.47,0.285,0.064
271.2,1.673,1.056,0.468,0.677,0.47,0.286,0.064
271.3,1.668,1.052,0.467,0.676,0.47,0.285,0.064
271.40000000000003,1.658,1.044,0.463,0.676,0.47,0.284,0.064
271.5,1.669,1.053,0.467,0.677,0.47,0.286,0.064
271.6,1.678,1.06,0.47,0.677,0.47,0.286,0.064
271.7,1.674,1.057,0.468,0.677,0.47,0.286,0.064
271.8,1.678,1.06,0.47,0.677,0.471,0.286,0.064
271.90000000000003,1.681,1.063,0.47,0.677,0.471,0.286,0.064
272.0,1.683,1.065,0.471,0.677,0.471,0.287,0.064
272.1,1.685,1.066,0.472,0.677,0.471,0.287,0.064
272.2,1.687,1.067,0.472,0.677,0.471,0.287,0.064
272.3,1.688,1.068,0.473,0.677,0.471,0.287,0.064
272.40000000000003,1.689,1.069,0.473,0.677,0.471,0.287,0.064
272.5,1.69,1.07,0.473,0.677,0.471,0.287,0.064
272.6,1.69,1.07,0.473,0.678,0.471,0.287,0.065
272.7,1.691,1.071,0.474,0.678,0.471,0.287,0.065
272.8,1.691,1.071,0.474,0.678,0.471,0.288,0.065
272.90000000000003,1.691,1.071,0.474,0.678,0.471,0.288,0.065
273.0,1.692,1.072,0.474,0.678,0.471,0.288,0.065
273.1,1.692,1.072,0.474,0.678,0.471,0.288,0.065
273.2,1.692,1.072,0.474,0.678,0.471,0.288,0.065
273.3,1.692,1.072,0.474,0.678,0.471,0.288,0.065
273.40000000000003,1.669,1.053,0.467,0.678,0.471,0.288,0.065
273.5,1.674,1.057,0.468,0.678,0.471,0.288,0.065
273.6,1.678,1.06,0.47,0.678,0.471,0.288,0.065
273.7,1.681,1.063,0.47,0.678,0.471,0.288,0.065
273.8,1.683,1.065,0.471,0.678,0.471,0.288,0.065
273.90000000000003,1.685,1.066,0.472,0.678,0.471,0.289,0.065
274.0,1.687,1.067,0.472,0.678,0.471,0.289,0.065
274.1,1.688,1.068,0.473,0.678,0.471,0.289,0.065
274.2,1.689,1.069,0.473,0.678,0.471,0.289,0.065
274.3,1.69,1.07,0.473,0.678,0.471,0.289,0.065
274.40000000000003,1.69,1.07,0.473,0.678,0.471,0.289,0.065
274.5,1.691,1.071,0.474,0.678,0.471,0.289,0.065
274.6,1.691,1.071,0.474,0.678,0.471,0.289,0.065
274.7,1.691,1.071,0.474,0.678,0.471,0.289,0.065
274.8,1.692,1.072,0.474,0.678,0.471,0.289,0.065
274.90000000000003,1.692,1.072,0.474,0.678,0.471,0.289,0.065
275.0,1.692,1.072,0.474,0.678,0.471,0.289,0.065
275.1,1.692,1.072,0.474,0.678,0.471,0.289,0.065
275.2,1.692,1.072,0.474,0.678,0.471,0.289,0.065
275.3,1.692,1.072,0.474,0.678,0.471,0.289,0.065
275.40000000000003,1.692,1.072,0.474,0.678,0.471,0.29,0.065
275.5,1.692,1.072,0.474,0.678,0.471,0.29,0.065
275.6,1.7,1.079,0.477,0.678,0.471,0.29,0.065
275.7,1.699,1.077,0.476,0.678,0.471,0.29,0.065
275.8,1.698,1.076,0.476,0.678,0.471,0.29,0.065
275.90000000000003,1.697,1.076,0.475,0.678,0.471,0.29,0.065
276.0,1.696,1.075,0.475,0.678,0.471,0.29,0.065
276.1,1.687,1.068,0.473,0.678,0.471,0.29,0.065
276.2,1.689,1.069,0.473,0.678,0.471,0.29,0.065
276.3,1.689,1.07,0.473,0.678,0.471,0.29,0.065
276.40000000000003,1.69,1.07,0.473,0.678,0.471,0.29,0.065
276.5,1.683,1.064,0.471,0.678,0.471,0.29,0.065
276.6,1.685,1.066,0.472,0.678,0.471,0.29,0.065
276.7,1.679,1.061,0.47,0.678,0.471,0.29,0.065
276.8,1.682,1.063,0.471,0.678,0.471,0.29,0.065
276.90000000000003,1.684,1.065,0.471,0.678,0.471,0.29,0.064
277.0,1.686,1.066,0.472,0.678,0.471,0.29,0.064
277.1,1.679,1.061,0.47,0.678,0.471,0.29,0.064
277.2,1.682,1.064,0.471,0.678,0.471,0.29,0.064
277.3,1.684,1.065,0.472,0.678,0.472,0.29,0.064
277.40000000000003,1.686,1.067,0.472,0.678,0.472,0.29,0.064
277.5,1.687,1.068,0.473,0.677,0.472,0.29,0.064
277.6,1.681,1.062,0.47,0.677,0.472,0.29,0.064
277.7,1.683,1.064,0.471,0.677,0.472,0.29,0.064
277.8,1.685,1.066,0.472,0.677,0.471,0.29,0.064
277.90000000000003,1.687,1.067,0.472,0.677,0.472,0.29,0.064
278.0,1.688,1.068,0.473,0.677,0.472,0.29,0.064
278.1,1.689,1.069,0.473,0.677,0.472,0.29,0.064
278.2,1.69,1.07,0.473,0.677,0.472,0.29,0.064
278.3,1.683,1.064,0.471,0.677,0.472,0.29,0.064
278.40000000000003,1.685,1.066,0.472,0.677,0.472,0.29,0.064
278.5,1.671,1.054,0.467,0.677,0.472,0.29,0.064
278.6,1.675,1.058,0.469,0.677,0.472,0.29,0.064
278.7,1.671,1.055,0.467,0.677,0.472,0.29,0.064
278.8,1.668,1.052,0.466,0.677,0.472,0.29,0.064
278.90000000000003,1.665,1.05,0.466,0.676,0.472,0.289,0.064
279.0,1.663,1.048,0.465,0.675,0.472,0.289,0.063
279.1,1.661,1.046,0.464,0.675,0.472,0.289,0.063
279.2,1.652,1.039,0.461,0.674,0.471,0.288,0.063
279.3,1.653,1.039,0.462,0.674,0.471,0.288,0.062
279.40000000000003,1.653,1.04,0.462,0.673,0.471,0.288,0.062
279.5,1.653,1.04,0.462,0.673,0.471,0.287,0.062
279.6,1.654,1.04,0.462,0.673,0.471,0.287,0.062
279.7,1.654,1.04,0.462,0.672,0.471,0.287,0.062
279.8,1.654,1.04,0.462,0.672,0.471,0.286,0.062
279.90000000000003,1.654,1.04,0.462,0.672,0.471,0.286,0.062
280.0,1.654,1.041,0.462,0.672,0.471,0.286,0.062
280.1,1.654,1.041,0.462,0.672,0.471,0.286,0.062
280.2,1.662,1.047,0.465,0.672,0.471,0.285,0.062
280.3,1.668,1.052,0.466,0.672,0.471,0.285,0.062
280.40000000000003,1.673,1.056,0.468,0.672,0.471,0.285,0.062
280.5,1.677,1.059,0.469,0.672,0.471,0.285,0.062
280.6,1.696,1.075,0.475,0.673,0.471,0.285,0.062
280.7,1.695,1.074,0.475,0.673,0.472,0.286,0.062
280.8,1.695,1.074,0.475,0.673,0.472,0.286,0.062
280.90000000000003,1.694,1.074,0.475,0.674,0.472,0.286,0.062
281.0,1.694,1.073,0.475,0.674,0.472,0.286,0.062
281.1,1.694,1.073,0.475,0.674,0.472,0.286,0.063
281.2,1.693,1.073,0.474,0.674,0.472,0.286,0.063
281.3,1.693,1.073,0.474,0.675,0.472,0.286,0.063
281.40000000000003,1.686,1.066,0.472,0.675,0.472,0.286,0.063
281.5,1.687,1.068,0.472,0.675,0.472,0.286,0.063
281.6,1.688,1.069,0.473,0.675,0.471,0.286,0.063
281.7,1.689,1.069,0.473,0.675,0.472,0.287,0.063
281.8,1.69,1.07,0.473,0.675,0.471,0.287,0.063
281.90000000000003,1.69,1.07,0.474,0.676,0.472,0.287,0.063
282.0,1.691,1.071,0.474,0.676,0.472,0.287,0.063
282.1,1.691,1.071,0.474,0.676,0.472,0.287,0.064
282.2,1.692,1.071,0.474,0.676,0.472,0.287,0.064
282.3,1.692,1.072,0.474,0.676,0.472,0.287,0.064
282.40000000000003,1.692,1.072,0.474,0.676,0.472,0.287,0.064
282.5,2.038,1.291,0.571,0.814,0.568,0.346,0.077
282.6,2.176,1.378,0.61,0.87,0.607,0.369,0.082
282.7,2.231,1.414,0.625,0.892,0.622,0.379,0.084
282.8,2.253,1.428,0.631,0.901,0.628,0.382,0.085
282.90000000000003,2.293,1.459,0.644,0.904,0.63,0.385,0.086
283.0,2.403,1.55,0.678,0.906,0.632,0.385,0.086
283.1,2.322,1.482,0.653,0.907,0.633,0.386,0.086
283.2,2.29,1.455,0.642,0.908,0.633,0.386,0.086
283.3,2.277,1.444,0.638,0.907,0.633,0.386,0.086
283.40000000000003,2.272,1.44,0.637,0.908,0.634,0.386,0.086
283.5,2.27,1.438,0.636,0.908,0.633,0.386,0.086
283.6,2.269,1.437,0.636,0.908,0.633,0.386,0.086
283.7,2.268,1.437,0.636,0.908,0.633,0.387,0.086
283.8,2.268,1.437,0.636,0.907,0.633,0.386,0.086
283.90000000000003,2.268,1.437,0.636,0.908,0.634,0.387,0.087
284.0,2.268,1.437,0.635,0.909,0.633,0.386,0.086
284.1,2.268,1.437,0.635,0.908,0.633,0.386,0.086
284.2,2.268,1.437,0.635,0.908,0.633,0.387,0.086
284.3,2.268,1.437,0.635,0.908,0.633,0.386,0.087
284.40000000000003,2.268,1.437,0.635,0.909,0.633,0.386,0.087
284.5,2.268,1.437,0.635,0.909,0.633,0.387,0.087
284.6,2.268,1.437,0.635,0.908,0.633,0.388,0.086
284.7,2.299,1.463,0.645,0.909,0.633,0.388,0.087
284.8,2.281,1.447,0.639,0.909,0.634,0.388,0.086
284.90000000000003,2.273,1.441,0.637,0.908,0.633,0.387,0.086
285.0,2.27,1.439,0.636,0.908,0.633,0.387,0.086
285.1,2.269,1.438,0.636,0.908,0.633,0.386,0.087
285.2,2.269,1.437,0.636,0.908,0.633,0.387,0.086
285.3,2.268,1.437,0.636,0.909,0.634,0.388,0.086
285.40000000000003,2.268,1.437,0.636,0.908,0.634,0.388,0.086
285.5,2.268,1.437,0.635,0.908,0.633,0.388,0.086
285.6,2.268,1.437,0.635,0.908,0.634,0.388,0.086
285.7,2.299,1.463,0.645,0.909,0.633,0.388,0.086
285.8,2.281,1.447,0.639,0.909,0.634,0.388,0.086
285.90000000000003,2.304,1.467,0.647,0.909,0.633,0.388,0.086
286.0,2.313,1.474,0.65,0.909,0.633,0.388,0.087
286.1,2.317,1.478,0.651,0.909,0.634,0.388,0.086
286.2,2.288,1.453,0.642,0.909,0.633,0.388,0.086
286.3,2.307,1.469,0.648,0.91,0.634,0.388,0.086
286.40000000000003,2.315,1.475,0.65,0.909,0.634,0.388,0.087
286.5,2.318,1.478,0.651,0.909,0.634,0.388,0.086
286.6,2.319,1.479,0.652,0.909,0.634,0.388,0.087
286.7,2.319,1.479,0.652,0.909,0.633,0.389,0.086
286.8,2.32,1.48,0.652,0.909,0.634,0.388,0.087
286.90000000000003,2.32,1.48,0.652,0.91,0.634,0.389,0.087
287.0,2.32,1.48,0.652,0.909,0.634,0.389,0.087
287.1,2.32,1.48,0.652,0.909,0.634,0.389,0.086
287.2,2.32,1.48,0.652,0.91,0.634,0.389,0.087
287.3,2.32,1.48,0.652,0.909,0.633,0.389,0.086
287.40000000000003,2.289,1.454,0.642,0.909,0.633,0.388,0.087
287.5,2.276,1.444,0.638,0.909,0.633,0.389,0.086
287.6,2.302,1.465,0.646,0.909,0.633,0.389,0.086
287.7,2.282,1.448,0.64,0.91,0.633,0.388,0.086
287.8,2.305,1.467,0.647,0.909,0.634,0.389,0.087
287.90000000000003,2.314,1.475,0.65,0.909,0.634,0.389,0.087
288.0,2.317,1.478,0.651,0.909,0.634,0.389,0.086
288.1,2.319,1.479,0.652,0.91,0.633,0.389,0.087
288.2,2.288,1.454,0.642,0.91,0.634,0.389,0.087
288.3,2.276,1.444,0.638,0.909,0.634,0.389,0.087
288.40000000000003,2.271,1.44,0.637,0.909,0.634,0.39,0.086
288.5,2.3,1.464,0.646,0.909,0.634,0.389,0.087
288.6,2.312,1.473,0.649,0.91,0.634,0.39,0.086
288.7,2.317,1.477,0.651,0.91,0.634,0.39,0.086
288.8,2.318,1.479,0.651,0.91,0.634,0.389,0.086
288.90000000000003,2.319,1.479,0.652,0.909,0.633,0.389,0.086
289.0,2.289,1.454,0.642,0.909,0.633,0.389,0.086
289.1,2.276,1.444,0.638,0.91,0.634,0.389,0.087
289.2,2.271,1.44,0.637,0.91,0.634,0.388,0.087
289.3,2.27,1.438,0.636,0.909,0.634,0.388,0.087
289.40000000000003,2.269,1.437,0.636,0.909,0.633,0.388,0.086
289.5,2.268,1.437,0.636,0.909,0.634,0.388,0.086
289.6,2.268,1.437,0.636,0.909,0.633,0.388,0.086
289.7,2.268,1.437,0.636,0.909,0.633,0.388,0.086
289.8,2.268,1.437,0.635,0.91,0.633,0.388,0.087
289.90000000000003,2.268,1.437,0.635,0.909,0.633,0.388,0.086
290.0,2.268,1.437,0.635,0.909,0.633,0.388,0.086
290.1,2.268,1.437,0.635,0.909,0.633,0.388,0.086
290.2,2.268,1.437,0.635,0.909,0.634,0.388,0.086
290.3,2.238,1.412,0.626,0.909,0.633,0.388,0.086
290.40000000000003,2.225,1.401,0.622,0.909,0.633,0.388,0.087
290.5,2.251,1.423,0.63,0.909,0.633,0.388,0.087
290.6,2.292,1.457,0.643,0.909,0.634,0.388,0.087
290.7,2.278,1.445,0.639,0.909,0.633,0.388,0.087
290.8,2.272,1.44,0.637,0.908,0.634,0.388,0.086
290.90000000000003,2.27,1.438,0.636,0.909,0.634,0.388,0.086
291.0,2.269,1.437,0.636,0.908,0.633,0.387,0.086
291.1,2.268,1.437,0.636,0.909,0.634,0.387,0.086
291.2,2.268,1.437,0.636,0.908,0.633,0.387,0.086
291.3,2.268,1.437,0.636,0.909,0.634,0.386,0.086
291.40000000000003,2.268,1.437,0.635,0.908,0.633,0.387,0.086
291.5,2.268,1.437,0.635,0.909,0.633,0.386,0.086
291.6,2.268,1.437,0.635,0.908,0.634,0.386,0.086
291.7,2.268,1.437,0.635,0.908,0.633,0.385,0.086
291.8,2.299,1.463,0.645,0.908,0.633,0.386,0.086
291.90000000000003,2.281,1.447,0.639,0.908,0.633,0.386,0.086
292.0,2.273,1.441,0.637,0.909,0.634,0.385,0.086
292.1,2.27,1.439,0.636,0.908,0.633,0.386,0.086
292.2,2.269,1.438,0.636,0.908,0.633,0.386,0.086
292.3,2.269,1.437,0.636,0.908,0.633,0.386,0.086
292.40000000000003,2.268,1.437,0.636,0.907,0.633,0.385,0.086
292.5,2.238,1.412,0.626,0.908,0.633,0.385,0.086
292.6,2.225,1.401,0.622,0.908,0.633,0.385,0.086
292.7,2.251,1.423,0.63,0.908,0.633,0.386,0.086
292.8,2.261,1.431,0.633,0.908,0.633,0.385,0.086
292.90000000000003,2.235,1.409,0.625,0.908,0.633,0.385,0.086
293.0,2.255,1.426,0.631,0.907,0.633,0.385,0.086
293.1,2.263,1.433,0.634,0.907,0.633,0.385,0.086
293.2,2.266,1.435,0.635,0.908,0.633,0.384,0.086
293.3,2.267,1.436,0.635,0.908,0.633,0.385,0.086
293.40000000000003,2.268,1.437,0.635,0.908,0.633,0.385,0.086
293.5,2.268,1.437,0.635,0.908,0.633,0.385,0.086
293.6,2.268,1.437,0.635,0.907,0.633,0.385,0.086
293.7,2.268,1.437,0.635,0.907,0.633,0.384,0.086
293.8,2.268,1.437,0.635,0.907,0.634,0.384,0.086
293.90000000000003,2.268,1.437,0.635,0.908,0.633,0.384,0.087
294.0,2.238,1.412,0.626,0.908,0.633,0.384,0.086
294.1,2.225,1.401,0.622,0.908,0.633,0.384,0.086
294.2,2.251,1.423,0.63,0.907,0.633,0.384,0.086
294.3,2.261,1.431,0.633,0.907,0.633,0.384,0.086
294.40000000000003,2.235,1.409,0.625,0.907,0.633,0.384,0.087
294.5,2.255,1.426,0.631,0.907,0.633,0.384,0.086
294.6,2.232,1.407,0.624,0.906,0.633,0.384,0.086
294.7,2.223,1.4,0.621,0.907,0.633,0.384,0.086
294.8,2.189,1.372,0.61,0.907,0.633,0.384,0.086
294.90000000000003,2.237,1.411,0.625,0.906,0.633,0.384,0.086
295.0,2.256,1.426,0.631,0.906,0.633,0.384,0.086
295.1,2.232,1.407,0.624,0.906,0.634,0.384,0.086
295.2,2.254,1.425,0.631,0.906,0.633,0.384,0.086
295.3,2.232,1.407,0.624,0.906,0.633,0.383,0.087
295.40000000000003,2.223,1.4,0.621,0.906,0.633,0.384,0.086
295.5,2.25,1.422,0.63,0.906,0.634,0.384,0.086
295.6,2.23,1.406,0.623,0.907,0.634,0.383,0.087
295.7,2.222,1.399,0.621,0.906,0.634,0.383,0.086
295.8,2.219,1.396,0.62,0.907,0.633,0.382,0.086
295.90000000000003,2.249,1.421,0.629,0.906,0.634,0.383,0.087
296.0,2.23,1.405,0.623,0.907,0.633,0.382,0.086
296.1,2.222,1.399,0.621,0.907,0.633,0.382,0.086
296.2,2.219,1.396,0.62,0.906,0.634,0.381,0.085
296.3,2.218,1.395,0.62,0.906,0.633,0.382,0.086
296.40000000000003,2.217,1.395,0.619,0.906,0.634,0.382,0.086
296.5,2.341,1.498,0.659,0.906,0.633,0.381,0.085
296.6,2.297,1.461,0.645,0.906,0.633,0.381,0.086
296.7,2.249,1.421,0.629,0.906,0.633,0.381,0.086
296.8,2.261,1.431,0.633,0.906,0.633,0.381,0.086
296.90000000000003,2.265,1.434,0.635,0.905,0.633,0.381,0.086
297.0,2.236,1.411,0.625,0.906,0.634,0.381,0.086
297.1,2.225,1.401,0.622,0.906,0.634,0.38,0.086
297.2,2.22,1.397,0.62,0.905,0.633,0.38,0.086
297.3,2.218,1.396,0.62,0.906,0.634,0.381,0.086
297.40000000000003,2.218,1.395,0.619,0.905,0.633,0.38,0.086
297.5,2.217,1.395,0.619,0.905,0.633,0.38,0.086
297.6,2.217,1.395,0.619,0.905,0.634,0.38,0.086
297.7,2.217,1.395,0.619,0.906,0.633,0.381,0.086
297.8,2.217,1.395,0.619,0.906,0.634,0.38,0.086
297.90000000000003,2.217,1.395,0.619,0.906,0.634,0.38,0.086
298.0,2.217,1.395,0.619,0.906,0.633,0.38,0.086
298.1,2.217,1.395,0.619,0.905,0.633,0.38,0.086
298.2,2.217,1.395,0.619,0.906,0.633,0.38,0.087
298.3,2.217,1.395,0.619,0.905,0.633,0.38,0.086
298.40000000000003,2.217,1.395,0.619,0.905,0.633,0.38,0.087
298.5,2.248,1.42,0.629,0.906,0.633,0.38,0.086
298.6,2.229,1.405,0.623,0.906,0.634,0.38,0.086
298.7,2.222,1.399,0.621,0.905,0.633,0.38,0.086
298.8,2.219,1.396,0.62,0.906,0.633,0.38,0.086
298.90000000000003,2.218,1.395,0.62,0.906,0.634,0.38,0.087
299.0,2.217,1.395,0.619,0.905,0.633,0.38,0.086
299.1,2.217,1.395,0.619,0.905,0.633,0.38,0.086
299.2,2.217,1.395,0.619,0.906,0.634,0.38,0.086
299.3,2.217,1.395,0.619,0.905,0.633,0.38,0.086
299.40000000000003,2.217,1.395,0.619,0.905,0.634,0.38,0.086
299.5,2.187,1.37,0.61,0.905,0.633,0.379,0.087
299.6,2.205,1.385,0.615,0.905,0.633,0.379,0.086
299.7,2.212,1.391,0.618,0.905,0.633,0.379,0.086
299.8,2.185,1.368,0.609,0.905,0.633,0.379,0.086
299.90000000000003,2.204,1.384,0.615,0.905,0.634,0.378,0.085
300.0,2.212,1.39,0.618,0.906,0.633,0.379,0.086
300.1,2.215,1.393,0.619,0.905,0.633,0.378,0.086
300.2,2.216,1.394,0.619,0.905,0.634,0.379,0.086
300.3,2.217,1.394,0.619,0.905,0.633,0.378,0.086
300.40000000000003,2.217,1.395,0.619,0.904,0.633,0.379,0.086
300.5,2.217,1.395,0.619,0.905,0.634,0.378,0.086
300.6,2.217,1.395,0.619,0.906,0.633,0.378,0.086
300.7,2.217,1.395,0.619,0.906,0.633,0.378,0.086
300.8,2.217,1.395,0.619,0.905,0.633,0.378,0.086
300.90000000000003,2.248,1.42,0.629,0.905,0.633,0.378,0.086
301.0,2.229,1.405,0.623,0.905,0.634,0.378,0.086
301.1,2.222,1.399,0.621,0.905,0.634,0.378,0.085
301.2,2.219,1.396,0.62,0.905,0.633,0.378,0.086
301.3,2.218,1.395,0.62,0.905,0.633,0.377,0.086
301.40000000000003,2.217,1.395,0.619,0.905,0.633,0.378,0.087
301.5,2.217,1.395,0.619,0.905,0.633,0.378,0.086
301.6,2.187,1.37,0.61,0.905,0.633,0.378,0.086
301.7,2.205,1.385,0.615,0.905,0.633,0.378,0.086
301.8,2.182,1.366,0.608,0.904,0.633,0.377,0.086
301.90000000000003,2.234,1.408,0.625,0.904,0.633,0.377,0.086
302.0,2.224,1.4,0.621,0.904,0.633,0.377,0.086
302.1,2.22,1.397,0.62,0.904,0.633,0.376,0.086
302.2,2.218,1.396,0.62,0.903,0.633,0.377,0.086
302.3,2.157,1.345,0.6,0.904,0.633,0.376,0.086
302.40000000000003,2.162,1.35,0.602,0.905,0.633,0.376,0.087
302.5,2.195,1.377,0.612,0.904,0.633,0.376,0.087
302.6,2.208,1.388,0.617,0.904,0.633,0.376,0.086
302.7,2.214,1.392,0.618,0.903,0.633,0.376,0.086
302.8,2.216,1.394,0.619,0.903,0.633,0.376,0.086
302.90000000000003,2.217,1.394,0.619,0.904,0.633,0.376,0.086
303.0,2.248,1.42,0.629,0.904,0.633,0.375,0.086
303.1,2.322,1.482,0.653,0.903,0.633,0.375,0.085
303.2,2.259,1.43,0.633,0.903,0.632,0.375,0.086
303.3,2.203,1.384,0.615,0.903,0.633,0.376,0.086
303.40000000000003,2.181,1.365,0.608,0.904,0.632,0.375,0.086
303.5,2.203,1.383,0.615,0.903,0.633,0.375,0.086
303.6,2.181,1.365,0.608,0.904,0.633,0.375,0.086
303.7,2.203,1.383,0.615,0.904,0.633,0.375,0.086
303.8,2.211,1.39,0.617,0.903,0.633,0.375,0.086
303.90000000000003,2.184,1.368,0.609,0.902,0.633,0.374,0.087
304.0,2.204,1.384,0.615,0.903,0.632,0.374,0.086
304.1,2.212,1.39,0.618,0.902,0.633,0.374,0.086
304.2,2.215,1.393,0.619,0.903,0.633,0.374,0.087
304.3,2.247,1.419,0.629,0.902,0.633,0.374,0.086
304.40000000000003,2.229,1.405,0.623,0.903,0.633,0.375,0.086
304.5,2.191,1.374,0.611,0.902,0.632,0.374,0.086
304.6,2.207,1.386,0.616,0.903,0.633,0.374,0.086
304.7,2.182,1.366,0.608,0.902,0.632,0.374,0.086
304.8,2.203,1.383,0.615,0.902,0.633,0.374,0.086
304.90000000000003,2.212,1.39,0.618,0.903,0.633,0.374,0.086
305.0,2.215,1.393,0.619,0.902,0.633,0.374,0.086
305.1,2.216,1.394,0.619,0.903,0.632,0.374,0.086
305.2,2.186,1.369,0.61,0.902,0.632,0.374,0.086
305.3,2.205,1.385,0.615,0.903,0.633,0.374,0.086
305.40000000000003,2.182,1.366,0.608,0.903,0.633,0.374,0.086
305.5,2.203,1.383,0.615,0.902,0.633,0.374,0.086
305.6,2.181,1.365,0.608,0.902,0.633,0.374,0.086
305.7,2.172,1.358,0.605,0.902,0.632,0.373,0.085
305.8,2.199,1.38,0.614,0.902,0.632,0.373,0.086
305.90000000000003,2.179,1.364,0.607,0.902,0.631,0.373,0.086
306.0,2.171,1.357,0.605,0.901,0.631,0.373,0.086
306.1,2.199,1.38,0.614,0.902,0.632,0.373,0.086
306.2,2.179,1.364,0.607,0.903,0.632,0.373,0.086
306.3,2.171,1.357,0.605,0.902,0.633,0.373,0.086
306.40000000000003,2.199,1.38,0.614,0.902,0.632,0.373,0.087
306.5,2.179,1.364,0.607,0.902,0.632,0.373,0.087
306.6,2.171,1.357,0.605,0.902,0.632,0.373,0.086
306.7,2.199,1.38,0.614,0.902,0.632,0.373,0.086
306.8,2.179,1.364,0.607,0.902,0.633,0.372,0.086
306.90000000000003,2.171,1.357,0.605,0.902,0.633,0.373,0.086
307.0,2.199,1.38,0.614,0.902,0.633,0.373,0.086
307.1,2.179,1.364,0.607,0.902,0.632,0.372,0.086
307.20000000000005,2.202,1.382,0.614,0.902,0.632,0.372,0.086
307.3,2.181,1.365,0.608,0.902,0.633,0.373,0.086
307.40000000000003,2.172,1.358,0.605,0.901,0.632,0.372,0.086
307.5,2.169,1.355,0.604,0.902,0.632,0.372,0.086
307.6,2.167,1.354,0.603,0.902,0.633,0.372,0.086
307.70000000000005,2.167,1.353,0.603,0.902,0.632,0.372,0.086
307.8,2.197,1.378,0.613,0.902,0.632,0.372,0.086
307.90000000000003,2.178,1.363,0.607,0.902,0.631,0.372,0.086
308.0,2.171,1.357,0.605,0.902,0.632,0.372,0.086
308.1,2.199,1.38,0.613,0.902,0.632,0.372,0.086
308.20000000000005,2.21,1.389,0.617,0.901,0.632,0.372,0.086
308.3,2.184,1.367,0.609,0.901,0.632,0.372,0.086
308.40000000000003,2.173,1.359,0.605,0.901,0.633,0.372,0.086
308.5,2.169,1.355,0.604,0.902,0.633,0.372,0.086
308.6,2.167,1.354,0.604,0.902,0.632,0.372,0.086
308.70000000000005,2.197,1.378,0.613,0.901,0.631,0.372,0.086
308.8,2.209,1.388,0.617,0.902,0.632,0.372,0.086
308.90000000000003,2.183,1.367,0.609,0.902,0.632,0.371,0.086
309.0,2.173,1.359,0.605,0.902,0.631,0.372,0.086
309.1,2.199,1.38,0.614,0.901,0.632,0.372,0.086
309.20000000000005,2.18,1.364,0.607,0.901,0.633,0.371,0.085
309.3,2.172,1.357,0.605,0.901,0.632,0.37,0.086
309.40000000000003,2.168,1.355,0.604,0.901,0.632,0.37,0.086
309.5,2.167,1.354,0.603,0.901,0.631,0.371,0.085
309.6,2.167,1.353,0.603,0.901,0.631,0.37,0.086
309.70000000000005,2.197,1.378,0.613,0.901,0.632,0.371,0.085
309.8,2.209,1.388,0.617,0.901,0.632,0.37,0.086
309.90000000000003,2.153,1.342,0.599,0.901,0.631,0.37,0.086
310.0,2.191,1.374,0.611,0.901,0.631,0.37,0.086
310.1,2.207,1.386,0.616,0.901,0.632,0.37,0.085
310.20000000000005,2.182,1.366,0.608,0.902,0.631,0.37,0.086
310.3,2.173,1.358,0.605,0.901,0.632,0.37,0.086
310.40000000000003,2.169,1.355,0.604,0.901,0.632,0.37,0.085
310.5,2.167,1.354,0.604,0.901,0.632,0.37,0.086
310.6,2.167,1.353,0.603,0.901,0.632,0.37,0.086
310.70000000000005,2.197,1.378,0.613,0.902,0.631,0.37,0.086
310.8,2.179,1.363,0.607,0.902,0.632,0.37,0.086
310.90000000000003,2.202,1.382,0.614,0.902,0.632,0.37,0.086
311.0,2.18,1.365,0.608,0.902,0.632,0.37,0.086
311.1,2.172,1.358,0.605,0.901,0.632,0.369,0.085
311.20000000000005,2.168,1.355,0.604,0.901,0.631,0.37,0.086
311.3,2.167,1.354,0.603,0.901,0.631,0.37,0.086
311.40000000000003,2.167,1.353,0.603,0.901,0.631,0.369,0.086
311.5,2.166,1.353,0.603,0.901,0.631,0.369,0.086
311.6,2.166,1.353,0.603,0.901,0.631,0.369,0.086
311.70000000000005,2.166,1.353,0.603,0.9,0.631,0.369,0.085
311.8,2.197,1.378,0.613,0.901,0.631,0.369,0.086
311.90000000000003,2.178,1.363,0.607,0.9,0.631,0.369,0.086
312.0,2.171,1.357,0.605,0.901,0.631,0.369,0.086
312.1,2.168,1.355,0.604,0.901,0.632,0.369,0.086
312.20000000000005,2.167,1.354,0.603,0.901,0.631,0.37,0.086
312.3,2.167,1.353,0.603,0.901,0.632,0.369,0.085
312.40000000000003,2.166,1.353,0.603,0.901,0.632,0.37,0.085
312.5,2.166,1.353,0.603,0.901,0.631,0.369,0.086
312.6,2.166,1.353,0.603,0.9,0.632,0.369,0.086
312.70000000000005,2.166,1.353,0.603,0.901,0.632,0.369,0.086
312.8,2.166,1.353,0.603,0.901,0.632,0.369,0.086
312.90000000000003,2.166,1.353,0.603,0.901,0.631,0.368,0.086
313.0,2.166,1.353,0.603,0.901,0.632,0.368,0.086
313.1,2.166,1.353,0.603,0.901,0.631,0.368,0.086
313.20000000000005,2.166,1.353,0.603,0.9,0.632,0.368,0.087
313.3,2.166,1.353,0.603,0.901,0.631,0.368,0.086
313.40000000000003,2.166,1.353,0.603,0.901,0.631,0.369,0.086
313.5,2.166,1.353,0.603,0.9,0.631,0.368,0.085
313.6,2.166,1.353,0.603,0.9,0.632,0.368,0.086
313.70000000000005,2.197,1.378,0.613,0.9,0.631,0.368,0.086
313.8,2.178,1.363,0.607,0.9,0.632,0.369,0.086
313.90000000000003,2.171,1.357,0.605,0.9,0.632,0.369,0.086
314.0,2.168,1.355,0.604,0.901,0.631,0.368,0.086
314.1,2.167,1.354,0.603,0.901,0.632,0.367,0.086
314.20000000000005,2.197,1.378,0.613,0.901,0.632,0.368,0.086
314.3,2.179,1.363,0.607,0.901,0.633,0.368,0.086
314.40000000000003,2.171,1.357,0.605,0.901,0.632,0.368,0.086
314.5,2.168,1.355,0.604,0.901,0.632,0.367,0.086
314.6,2.167,1.354,0.603,0.9,0.631,0.368,0.086
314.70000000000005,2.167,1.353,0.603,0.901,0.632,0.368,0.086
314.8,2.166,1.353,0.603,0.901,0.631,0.368,0.086
314.90000000000003,2.166,1.353,0.603,0.901,0.632,0.368,0.086
315.0,2.166,1.353,0.603,0.9,0.632,0.368,0.085
315.1,2.166,1.353,0.603,0.9,0.631,0.367,0.085
315.20000000000005,2.166,1.353,0.603,0.9,0.631,0.367,0.085
315.3,2.166,1.353,0.603,0.9,0.632,0.367,0.085
315.40000000000003,2.166,1.353,0.603,0.901,0.631,0.367,0.085
315.5,2.166,1.353,0.603,0.901,0.631,0.367,0.085
315.6,2.166,1.353,0.603,0.9,0.631,0.367,0.086
315.70000000000005,2.166,1.353,0.603,0.901,0.631,0.367,0.085
315.8,2.166,1.353,0.603,0.9,0.631,0.367,0.085
315.90000000000003,2.166,1.353,0.603,0.901,0.631,0.366,0.086
316.0,2.166,1.353,0.603,0.9,0.631,0.367,0.085
316.1,2.166,1.353,0.603,0.901,0.631,0.366,0.085
316.20000000000005,2.166,1.353,0.603,0.901,0.631,0.367,0.086
316.3,2.166,1.353,0.603,0.9,0.631,0.366,0.086
316.40000000000003,2.166,1.353,0.603,0.9,0.631,0.366,0.086
316.5,2.166,1.353,0.603,0.901,0.631,0.366,0.085
316.6,2.166,1.353,0.603,0.9,0.631,0.366,0.085
316.70000000000005,2.166,1.353,0.603,0.9,0.631,0.366,0.085
316.8,2.166,1.353,0.603,0.899,0.631,0.366,0.086
316.90000000000003,2.166,1.353,0.603,0.9,0.631,0.366,0.085
317.0,2.197,1.378,0.613,0.9,0.631,0.366,0.085
317.1,2.178,1.363,0.607,0.9,0.631,0.366,0.086
317.20000000000005,2.171,1.357,0.605,0.9,0.631,0.366,0.085
317.3,2.168,1.355,0.604,0.899,0.631,0.366,0.085
317.40000000000003,2.167,1.354,0.603,0.9,0.631,0.366,0.085
317.5,2.167,1.353,0.603,0.899,0.631,0.365,0.086
317.6,2.166,1.353,0.603,0.899,0.631,0.366,0.085
317.70000000000005,2.166,1.353,0.603,0.9,0.631,0.365,0.086
317.8,2.166,1.353,0.603,0.9,0.632,0.366,0.086
317.90000000000003,2.166,1.353,0.603,0.9,0.631,0.366,0.085
318.0,2.166,1.353,0.603,0.9,0.631,0.365,0.086
318.1,2.166,1.353,0.603,0.9,0.631,0.365,0.086
318.20000000000005,2.166,1.353,0.603,0.9,0.631,0.366,0.085
318.3,2.166,1.353,0.603,0.901,0.631,0.366,0.085
318.40000000000003,2.166,1.353,0.603,0.901,0.632,0.365,0.085
318.5,2.166,1.353,0.603,0.9,0.631,0.366,0.086
318.6,2.166,1.353,0.603,0.9,0.631,0.365,0.086
318.70000000000005,2.197,1.378,0.613,0.899,0.63,0.365,0.085
318.8,2.178,1.363,0.607,0.899,0.631,0.365,0.085
318.90000000000003,2.171,1.357,0.605,0.899,0.631,0.365,0.085
319.0,2.168,1.355,0.604,0.899,0.631,0.365,0.085
319.1,2.167,1.354,0.603,0.9,0.632,0.365,0.085
319.20000000000005,2.136,1.329,0.594,0.9,0.631,0.365,0.086
319.3,2.154,1.343,0.599,0.899,0.631,0.365,0.085
319.40000000000003,2.161,1.349,0.602,0.899,0.631,0.365,0.085
319.5,2.164,1.351,0.603,0.898,0.631,0.365,0.085
319.6,2.165,1.352,0.603,0.898,0.631,0.364,0.086
319.70000000000005,2.166,1.353,0.603,0.898,0.631,0.365,0.085
319.8,2.166,1.353,0.603,0.899,0.631,0.364,0.086
319.90000000000003,2.166,1.353,0.603,0.899,0.631,0.365,0.085
320.0,2.166,1.353,0.603,0.898,0.631,0.364,0.085
320.1,2.166,1.353,0.603,0.898,0.631,0.364,0.085
320.20000000000005,2.166,1.353,0.603,0.898,0.631,0.364,0.085
320.3,2.166,1.353,0.603,0.899,0.631,0.364,0.085
320.40000000000003,2.166,1.353,0.603,0.898,0.631,0.364,0.085
320.5,2.166,1.353,0.603,0.899,0.631,0.364,0.085
320.6,2.166,1.353,0.603,0.9,0.631,0.364,0.085
320.70000000000005,2.166,1.353,0.603,0.899,0.631,0.365,0.085
320.8,2.166,1.353,0.603,0.899,0.631,0.364,0.086
320.90000000000003,2.166,1.353,0.603,0.898,0.631,0.364,0.085
321.0,2.166,1.353,0.603,0.898,0.631,0.364,0.085
321.1,2.136,1.328,0.594,0.898,0.631,0.364,0.085
321.20000000000005,2.154,1.343,0.599,0.898,0.631,0.364,0.085
321.3,2.253,1.425,0.631,0.898,0.631,0.364,0.086
321.40000000000003,2.201,1.382,0.614,0.899,0.631,0.364,0.085
321.5,2.211,1.39,0.617,0.898,0.631,0.364,0.086
321.6,2.184,1.368,0.609,0.899,0.631,0.364,0.085
321.70000000000005,2.173,1.359,0.605,0.899,0.632,0.364,0.085
321.8,2.169,1.355,0.604,0.899,0.632,0.364,0.085
321.90000000000003,2.167,1.354,0.604,0.898,0.631,0.364,0.085
322.0,2.167,1.353,0.603,0.898,0.631,0.364,0.084
322.1,2.166,1.353,0.603,0.899,0.631,0.364,0.085
322.20000000000005,2.166,1.353,0.603,0.899,0.631,0.364,0.085
322.3,2.166,1.353,0.603,0.899,0.631,0.363,0.085
322.40000000000003,2.166,1.353,0.603,0.898,0.632,0.363,0.085
322.5,2.166,1.353,0.603,0.899,0.632,0.363,0.085
322.6,2.166,1.353,0.603,0.898,0.632,0.362,0.085
322.70000000000005,2.197,1.378,0.613,0.898,0.631,0.363,0.085
322.8,2.178,1.363,0.607,0.898,0.631,0.363,0.085
322.90000000000003,2.202,1.382,0.614,0.898,0.631,0.362,0.085
323.0,2.18,1.365,0.608,0.898,0.631,0.362,0.085
323.1,2.172,1.358,0.605,0.898,0.631,0.362,0.085
323.20000000000005,2.168,1.355,0.604,0.898,0.63,0.362,0.085
323.3,2.137,1.329,0.594,0.897,0.631,0.362,0.085
323.40000000000003,2.154,1.343,0.599,0.897,0.631,0.362,0.085
323.5,2.131,1.325,0.592,0.898,0.631,0.362,0.084
323.6,2.152,1.342,0.599,0.898,0.631,0.361,0.084
323.70000000000005,2.13,1.324,0.592,0.897,0.631,0.361,0.083
323.8,2.122,1.317,0.589,0.893,0.63,0.359,0.081
323.90000000000003,2.088,1.289,0.579,0.889,0.63,0.357,0.08
324.0,2.044,1.254,0.565,0.885,0.63,0.355,0.079
324.1,2.027,1.24,0.559,0.883,0.63,0.354,0.08
324.20000000000005,2.05,1.259,0.567,0.883,0.631,0.353,0.081
324.3,2.059,1.266,0.57,0.884,0.63,0.352,0.081
324.40000000000003,2.063,1.269,0.571,0.884,0.63,0.352,0.082
324.5,2.064,1.27,0.571,0.885,0.63,0.351,0.081
324.6,2.065,1.271,0.571,0.885,0.63,0.35,0.082
324.70000000000005,2.065,1.271,0.571,0.885,0.631,0.35,0.082
324.8,2.095,1.296,0.581,0.886,0.63,0.349,0.082
324.90000000000003,2.077,1.281,0.575,0.886,0.63,0.35,0.082
325.0,2.07,1.275,0.573,0.887,0.631,0.349,0.082
325.1,2.067,1.273,0.572,0.887,0.63,0.349,0.083
325.20000000000005,2.096,1.296,0.581,0.887,0.631,0.349,0.082
325.3,2.078,1.281,0.575,0.888,0.631,0.349,0.083
325.40000000000003,2.1,1.3,0.583,0.889,0.63,0.349,0.082
325.5,2.11,1.307,0.585,0.889,0.63,0.349,0.082
325.6,2.113,1.31,0.587,0.889,0.63,0.349,0.083
325.70000000000005,2.115,1.311,0.587,0.89,0.631,0.349,0.083
325.8,2.115,1.312,0.587,0.891,0.63,0.349,0.083
325.90000000000003,2.116,1.312,0.587,0.891,0.631,0.349,0.083
326.0,2.116,1.312,0.587,0.892,0.631,0.349,0.083
326.1,2.116,1.312,0.587,0.891,0.631,0.349,0.083
326.20000000000005,2.116,1.312,0.587,0.892,0.631,0.349,0.083
326.3,2.116,1.312,0.587,0.891,0.63,0.349,0.083
326.40000000000003,2.116,1.312,0.587,0.892,0.63,0.349,0.083
326.5,2.146,1.337,0.597,0.892,0.631,0.349,0.083
326.6,2.128,1.322,0.591,0.893,0.631,0.349,0.083
326.70000000000005,2.121,1.316,0.589,0.893,0.63,0.349,0.083
326.8,2.148,1.338,0.597,0.892,0.631,0.349,0.084
326.90000000000003,2.159,1.347,0.601,0.895,0.63,0.349,0.083
327.0,2.133,1.326,0.593,0.895,0.631,0.349,0.083
327.1,2.123,1.318,0.589,0.894,0.63,0.35,0.084
327.20000000000005,2.118,1.314,0.588,0.895,0.63,0.35,0.083
327.3,2.117,1.313,0.588,0.894,0.63,0.35,0.084
327.40000000000003,2.116,1.312,0.587,0.895,0.631,0.35,0.084
327.5,2.146,1.337,0.597,0.896,0.63,0.35,0.084
327.6,2.158,1.347,0.601,0.896,0.63,0.35,0.084
327.70000000000005,2.133,1.326,0.593,0.896,0.63,0.35,0.084
327.8,2.153,1.342,0.599,0.896,0.631,0.35,0.084
327.90000000000003,2.161,1.349,0.602,0.896,0.631,0.35,0.084
328.0,2.164,1.351,0.603,0.896,0.631,0.35,0.084
328.1,2.135,1.328,0.593,0.896,0.63,0.351,0.084
328.20000000000005,2.154,1.343,0.599,0.896,0.63,0.351,0.084
328.3,2.161,1.349,0.602,0.896,0.63,0.351,0.085
328.40000000000003,2.164,1.351,0.603,0.896,0.63,0.351,0.084
328.5,2.165,1.352,0.603,0.896,0.631,0.351,0.084
328.6,2.166,1.353,0.603,0.896,0.631,0.351,0.085
328.70000000000005,2.166,1.353,0.603,0.896,0.631,0.352,0.085
328.8,2.166,1.353,0.603,0.896,0.631,0.352,0.084
328.90000000000003,2.166,1.353,0.603,0.896,0.63,0.352,0.085
329.0,2.166,1.353,0.603,0.896,0.63,0.352,0.085
329.1,2.166,1.353,0.603,0.896,0.63,0.353,0.085
329.20000000000005,2.166,1.353,0.603,0.896,0.63,0.352,0.084
329.3,2.166,1.353,0.603,0.896,0.63,0.352,0.084
329.40000000000003,2.166,1.353,0.603,0.896,0.631,0.352,0.085
329.5,2.166,1.353,0.603,0.897,0.63,0.353,0.084
329.6,2.166,1.353,0.603,0.896,0.631,0.353,0.085
329.70000000000005,2.166,1.353,0.603,0.897,0.63,0.353,0.085
329.8,2.166,1.353,0.603,0.897,0.631,0.353,0.085
329.90000000000003,2.166,1.353,0.603,0.896,0.631,0.353,0.085
330.0,2.076,1.28,0.575,0.897,0.631,0.354,0.085
330.1,2.13,1.324,0.592,0.897,0.631,0.353,0.085
330.20000000000005,2.152,1.341,0.599,0.896,0.631,0.353,0.085
330.3,2.16,1.348,0.601,0.897,0.631,0.354,0.085
330.40000000000003,2.164,1.351,0.602,0.896,0.631,0.354,0.085
330.5,2.165,1.352,0.603,0.896,0.63,0.354,0.085
330.6,2.166,1.353,0.603,0.896,0.63,0.353,0.085
330.70000000000005,2.166,1.353,0.603,0.896,0.63,0.354,0.085
330.8,2.166,1.353,0.603,0.897,0.63,0.354,0.085
330.90000000000003,2.166,1.353,0.603,0.897,0.631,0.354,0.084
331.0,2.166,1.353,0.603,0.896,0.631,0.355,0.085
331.1,2.166,1.353,0.603,0.897,0.631,0.354,0.085
331.20000000000005,2.166,1.353,0.603,0.896,0.631,0.355,0.085
331.3,2.166,1.353,0.603,0.896,0.631,0.355,0.085
331.40000000000003,2.197,1.378,0.613,0.896,0.631,0.355,0.085
331.5,2.178,1.363,0.607,0.897,0.631,0.355,0.085
331.6,2.171,1.357,0.605,0.897,0.631,0.356,0.085
331.70000000000005,2.168,1.355,0.604,0.897,0.63,0.356,0.085
331.8,2.167,1.354,0.603,0.896,0.631,0.355,0.085
331.90000000000003,2.167,1.353,0.603,0.896,0.63,0.355,0.085
332.0,2.166,1.353,0.603,0.896,0.63,0.356,0.085
332.1,2.166,1.353,0.603,0.897,0.631,0.355,0.085
332.20000000000005,2.136,1.328,0.594,0.897,0.63,0.356,0.086
332.3,2.154,1.343,0.599,0.896,0.631,0.356,0.085
332.40000000000003,2.161,1.349,0.602,0.897,0.631,0.356,0.086
332.5,2.164,1.351,0.603,0.896,0.631,0.356,0.085
332.6,2.165,1.352,0.603,0.897,0.631,0.356,0.085
332.70000000000005,2.166,1.353,0.603,0.896,0.631,0.356,0.085
332.8,2.197,1.378,0.613,0.897,0.631,0.356,0.085
332.90000000000003,2.178,1.363,0.607,0.896,0.631,0.356,0.086
333.0,2.171,1.357,0.605,0.896,0.631,0.356,0.086
333.1,2.168,1.355,0.604,0.897,0.63,0.356,0.085
333.20000000000005,2.167,1.354,0.603,0.897,0.63,0.356,0.085
333.3,2.167,1.353,0.603,0.896,0.631,0.356,0.086
333.40000000000003,2.166,1.353,0.603,0.896,0.63,0.356,0.086
333.5,2.136,1.328,0.594,0.897,0.631,0.357,0.086
333.6,2.154,1.343,0.599,0.897,0.63,0.357,0.086
333.70000000000005,2.161,1.349,0.602,0.897,0.631,0.356,0.085
333.8,2.195,1.376,0.612,0.897,0.63,0.357,0.085
333.90000000000003,2.178,1.362,0.607,0.897,0.631,0.357,0.086
334.0,2.171,1.357,0.605,0.897,0.631,0.357,0.086
334.1,2.168,1.355,0.604,0.896,0.631,0.357,0.086
334.20000000000005,2.167,1.354,0.603,0.897,0.631,0.357,0.086
334.3,2.197,1.378,0.613,0.897,0.63,0.357,0.086
334.40000000000003,2.179,1.363,0.607,0.897,0.631,0.357,0.087
334.5,2.171,1.357,0.605,0.897,0.631,0.357,0.086
334.6,2.199,1.38,0.613,0.897,0.631,0.358,0.086
334.70000000000005,2.179,1.364,0.607,0.898,0.631,0.357,0.086
334.8,2.111,1.308,0.586,0.897,0.631,0.358,0.086
334.90000000000003,2.144,1.335,0.596,0.897,0.631,0.357,0.086
335.0,2.188,1.371,0.61,0.896,0.631,0.357,0.086
335.1,2.175,1.36,0.606,0.897,0.63,0.357,0.086
335.20000000000005,2.17,1.356,0.604,0.896,0.631,0.358,0.086
335.3,2.168,1.354,0.604,0.896,0.63,0.357,0.085
335.40000000000003,2.197,1.378,0.613,0.896,0.63,0.357,0.086
335.5,2.209,1.388,0.617,0.897,0.631,0.358,0.086
335.6,2.214,1.392,0.618,0.897,0.631,0.358,0.086
335.70000000000005,2.185,1.369,0.609,0.897,0.631,0.358,0.086
335.8,2.174,1.359,0.606,0.898,0.631,0.358,0.086
335.90000000000003,2.2,1.381,0.614,0.897,0.631,0.358,0.086
336.0,2.18,1.364,0.607,0.897,0.631,0.358,0.086
336.1,2.172,1.357,0.605,0.897,0.631,0.358,0.086
336.20000000000005,2.168,1.355,0.604,0.897,0.631,0.358,0.086
336.3,2.107,1.305,0.584,0.896,0.63,0.358,0.086
336.40000000000003,2.142,1.334,0.596,0.897,0.631,0.358,0.086
336.5,2.157,1.345,0.6,0.897,0.63,0.358,0.086
336.6,2.193,1.375,0.612,0.898,0.631,0.358,0.085
336.70000000000005,2.177,1.362,0.607,0.897,0.63,0.358,0.086
336.8,2.171,1.357,0.605,0.897,0.63,0.358,0.086
336.90000000000003,2.168,1.354,0.604,0.896,0.63,0.358,0.086
337.0,2.167,1.354,0.603,0.897,0.63,0.358,0.086
337.1,2.167,1.353,0.603,0.897,0.631,0.358,0.086
337.20000000000005,2.197,1.378,0.613,0.897,0.631,0.358,0.086
337.3,2.209,1.388,0.617,0.897,0.631,0.358,0.086
337.40000000000003,2.183,1.367,0.609,0.897,0.63,0.358,0.085
337.5,2.173,1.359,0.605,0.897,0.631,0.358,0.086
337.6,2.199,1.38,0.614,0.896,0.63,0.359,0.086
337.70000000000005,2.21,1.389,0.617,0.896,0.63,0.358,0.086
337.8,2.184,1.367,0.609,0.897,0.631,0.359,0.086
337.90000000000003,2.204,1.384,0.615,0.897,0.631,0.358,0.086
338.0,2.181,1.365,0.608,0.897,0.631,0.358,0.086
338.1,2.172,1.358,0.605,0.897,0.63,0.358,0.086
338.20000000000005,2.199,1.38,0.614,0.897,0.631,0.359,0.086
338.3,2.21,1.389,0.617,0.897,0.631,0.359,0.086
338.40000000000003,2.184,1.367,0.609,0.897,0.631,0.358,0.087
338.5,2.204,1.384,0.615,0.897,0.631,0.359,0.086
338.6,2.181,1.365,0.608,0.897,0.631,0.359,0.086
338.70000000000005,2.172,1.358,0.605,0.897,0.631,0.359,0.086
338.8,2.169,1.355,0.604,0.897,0.631,0.359,0.087
338.90000000000003,2.198,1.379,0.613,0.897,0.631,0.359,0.086
339.0,2.179,1.363,0.607,0.897,0.631,0.36,0.087
339.1,2.202,1.382,0.614,0.897,0.631,0.359,0.087
339.20000000000005,2.18,1.365,0.608,0.896,0.631,0.359,0.087
339.3,2.202,1.383,0.615,0.897,0.63,0.359,0.087
339.40000000000003,2.181,1.365,0.608,0.897,0.631,0.359,0.086
339.5,2.172,1.358,0.605,0.897,0.631,0.36,0.086
339.6,2.169,1.355,0.604,0.897,0.631,0.359,0.087
339.70000000000005,2.167,1.354,0.603,0.897,0.631,0.36,0.087
339.8,2.197,1.378,0.613,0.897,0.631,0.359,0.086
339.90000000000003,2.209,1.388,0.617,0.896,0.631,0.359,0.086
340.0,2.183,1.367,0.609,0.896,0.63,0.36,0.086
340.1,2.204,1.384,0.615,0.897,0.63,0.36,0.086
340.20000000000005,2.181,1.365,0.608,0.897,0.631,0.36,0.086
340.3,2.233,1.408,0.624,0.897,0.631,0.36,0.086
340.40000000000003,2.193,1.375,0.612,0.897,0.631,0.36,0.086
340.5,2.177,1.362,0.607,0.896,0.631,0.36,0.087
340.6,2.171,1.357,0.605,0.896,0.63,0.359,0.087
340.70000000000005,2.168,1.354,0.604,0.896,0.63,0.36,0.086
340.8,2.167,1.354,0.603,0.897,0.631,0.36,0.086
340.90000000000003,2.167,1.353,0.603,0.897,0.631,0.36,0.087
341.0,2.166,1.353,0.603,0.897,0.631,0.359,0.086
341.1,2.166,1.353,0.603,0.896,0.63,0.36,0.086
341.20000000000005,2.166,1.353,0.603,0.897,0.631,0.36,0.086
341.3,2.166,1.353,0.603,0.897,0.631,0.36,0.086
341.40000000000003,2.197,1.378,0.613,0.897,0.63,0.36,0.087
341.5,2.178,1.363,0.607,0.897,0.631,0.361,0.086
341.6,2.171,1.357,0.605,0.897,0.63,0.361,0.086
341.70000000000005,2.168,1.355,0.604,0.897,0.631,0.361,0.087
341.8,2.198,1.379,0.613,0.897,0.63,0.361,0.087
341.90000000000003,2.179,1.363,0.607,0.897,0.631,0.361,0.087
342.0,2.141,1.332,0.595,0.897,0.63,0.361,0.087
342.1,2.156,1.345,0.6,0.896,0.631,0.361,0.087
342.20000000000005,2.193,1.375,0.612,0.897,0.631,0.36,0.087
342.3,2.177,1.362,0.607,0.897,0.631,0.36,0.086
342.40000000000003,2.17,1.357,0.605,0.897,0.631,0.36,0.086
342.5,2.168,1.354,0.604,0.897,0.63,0.36,0.086
342.6,2.167,1.354,0.603,0.897,0.63,0.36,0.086
342.70000000000005,2.167,1.353,0.603,0.897,0.63,0.36,0.087
342.8,2.166,1.353,0.603,0.897,0.631,0.361,0.086
342.90000000000003,2.166,1.353,0.603,0.897,0.631,0.361,0.086
343.0,2.197,1.378,0.613,0.897,0.631,0.361,0.086
343.1,2.178,1.363,0.607,0.896,0.631,0.36,0.086
343.20000000000005,2.171,1.357,0.605,0.897,0.631,0.361,0.086
343.3,2.168,1.355,0.604,0.897,0.631,0.361,0.086
343.40000000000003,2.167,1.354,0.603,0.897,0.63,0.362,0.087
343.5,2.197,1.378,0.613,0.896,0.631,0.361,0.087
343.6,2.209,1.388,0.617,0.897,0.631,0.361,0.086
343.70000000000005,2.214,1.392,0.618,0.896,0.63,0.361,0.086
343.8,2.216,1.394,0.619,0.897,0.631,0.36,0.086
343.90000000000003,2.217,1.394,0.619,0.897,0.631,0.361,0.087
344.0,2.217,1.395,0.619,0.897,0.631,0.36,0.087
344.1,2.217,1.395,0.619,0.896,0.631,0.361,0.087
344.20000000000005,2.217,1.395,0.619,0.897,0.63,0.361,0.086
344.3,2.217,1.395,0.619,0.896,0.631,0.361,0.087
344.40000000000003,2.187,1.37,0.61,0.896,0.631,0.361,0.087
344.5,2.205,1.385,0.615,0.896,0.63,0.36,0.087
344.6,2.212,1.391,0.618,0.896,0.631,0.361,0.087
344.70000000000005,2.185,1.368,0.609,0.896,0.63,0.361,0.087
344.8,2.174,1.359,0.606,0.896,0.63,0.361,0.086
344.90000000000003,2.169,1.355,0.604,0.897,0.631,0.361,0.087
345.0,2.198,1.379,0.613,0.896,0.631,0.361,0.087
345.1,2.179,1.363,0.607,0.896,0.63,0.361,0.086
345.20000000000005,2.171,1.357,0.605,0.897,0.631,0.361,0.087
345.3,2.199,1.38,0.613,0.897,0.63,0.361,0.087
345.40000000000003,2.21,1.389,0.617,0.897,0.63,0.361,0.086
345.5,2.184,1.367,0.609,0.897,0.63,0.36,0.086
345.6,2.173,1.359,0.605,0.897,0.631,0.361,0.086
345.70000000000005,2.169,1.355,0.604,0.896,0.631,0.361,0.086
345.8,2.198,1.379,0.613,0.896,0.631,0.36,0.086
345.90000000000003,2.179,1.363,0.607,0.896,0.63,0.361,0.087
346.0,2.202,1.382,0.614,0.896,0.631,0.361,0.087
346.1,2.211,1.39,0.617,0.896,0.63,0.361,0.087
346.20000000000005,2.215,1.393,0.619,0.896,0.63,0.361,0.086
346.3,2.186,1.369,0.609,0.896,0.63,0.361,0.086
346.40000000000003,2.204,1.384,0.615,0.897,0.631,0.361,0.087
346.5,2.182,1.366,0.608,0.896,0.63,0.361,0.087
346.6,2.172,1.358,0.605,0.896,0.63,0.361,0.086
346.70000000000005,2.199,1.38,0.614,0.896,0.63,0.361,0.086
346.8,2.179,1.364,0.607,0.896,0.63,0.361,0.087
346.90000000000003,2.172,1.357,0.605,0.896,0.63,0.362,0.087
347.0,2.168,1.355,0.604,0.896,0.63,0.361,0.086
347.1,2.167,1.354,0.603,0.896,0.63,0.361,0.086
347.20000000000005,2.167,1.353,0.603,0.897,0.631,0.361,0.086
347.3,2.197,1.378,0.613,0.896,0.63,0.361,0.086
347.40000000000003,2.178,1.363,0.607,0.897,0.63,0.361,0.086
347.5,2.171,1.357,0.605,0.896,0.63,0.361,0.086
347.6,2.199,1.38,0.613,0.896,0.631,0.361,0.087
347.70000000000005,2.21,1.389,0.617,0.896,0.631,0.361,0.086
347.8,2.245,1.418,0.628,0.897,0.631,0.361,0.086
347.90000000000003,2.198,1.379,0.613,0.897,0.631,0.361,0.086
348.0,2.081,1.305,0.58,0.851,0.599,0.343,0.082
348.1,1.988,1.245,0.554,0.814,0.573,0.328,0.078
348.20000000000005,1.905,1.192,0.531,0.785,0.552,0.316,0.076
348.3,1.847,1.155,0.515,0.762,0.536,0.307,0.073
348.40000000000003,1.809,1.132,0.504,0.743,0.523,0.299,0.072
348.5,1.77,1.108,0.493,0.728,0.512,0.293,0.07
348.6,1.739,1.088,0.485,0.716,0.504,0.289,0.069
348.70000000000005,1.715,1.072,0.478,0.707,0.497,0.285,0.068
348.8,1.695,1.06,0.472,0.699,0.492,0.282,0.068
348.90000000000003,1.679,1.05,0.468,0.693,0.488,0.279,0.067
349.0,1.667,1.042,0.464,0.688,0.484,0.277,0.066
349.1,1.657,1.035,0.461,0.684,0.482,0.276,0.066
349.20000000000005,1.648,1.03,0.459,0.681,0.479,0.274,0.066
349.3,1.642,1.026,0.457,0.679,0.478,0.273,0.066
349.40000000000003,1.637,1.023,0.456,0.677,0.476,0.273,0.065
349.5,1.633,1.02,0.455,0.675,0.475,0.272,0.065
349.6,1.63,1.018,0.454,0.674,0.474,0.271,0.065
349.70000000000005,1.627,1.016,0.453,0.673,0.473,0.271,0.065
349.8,1.625,1.015,0.452,0.672,0.473,0.271,0.065
349.90000000000003,1.623,1.014,0.452,0.671,0.473,0.27,0.065
350.0,1.622,1.013,0.452,0.671,0.472,0.27,0.064
350.1,1.613,1.006,0.449,0.67,0.472,0.27,0.064
350.20000000000005,1.606,1.001,0.447,0.67,0.472,0.27,0.064
350.3,1.593,0.99,0.443,0.67,0.471,0.27,0.064
350.40000000000003,1.583,0.982,0.439,0.67,0.471,0.27,0.065
350.5,1.574,0.975,0.437,0.669,0.471,0.27,0.064
350.6,1.568,0.97,0.435,0.669,0.471,0.27,0.064
350.70000000000005,1.555,0.96,0.431,0.669,0.471,0.269,0.064
350.8,1.552,0.957,0.43,0.669,0.471,0.269,0.064
350.90000000000003,1.55,0.956,0.429,0.669,0.471,0.269,0.064
351.0,1.548,0.954,0.429,0.669,0.471,0.269,0.064
351.1,1.539,0.947,0.426,0.668,0.471,0.269,0.064
351.20000000000005,1.54,0.947,0.426,0.668,0.471,0.269,0.064
351.3,1.54,0.948,0.426,0.667,0.471,0.269,0.064
351.40000000000003,1.54,0.948,0.426,0.667,0.471,0.268,0.064
351.5,1.541,0.948,0.426,0.666,0.471,0.268,0.063
351.6,1.563,0.967,0.433,0.665,0.471,0.268,0.063
351.70000000000005,1.552,0.957,0.43,0.664,0.471,0.267,0.063
351.8,1.549,0.955,0.429,0.664,0.471,0.267,0.063
351.90000000000003,1.548,0.954,0.429,0.663,0.471,0.266,0.063
352.0,1.547,0.953,0.428,0.663,0.471,0.266,0.062
352.1,1.538,0.946,0.425,0.662,0.471,0.265,0.062
352.20000000000005,1.531,0.941,0.423,0.662,0.471,0.265,0.062
352.3,1.526,0.936,0.422,0.661,0.471,0.264,0.062
352.40000000000003,1.529,0.939,0.423,0.661,0.471,0.263,0.062
352.5,1.531,0.941,0.423,0.661,0.471,0.263,0.062
352.6,1.533,0.942,0.424,0.66,0.471,0.262,0.062
352.70000000000005,1.535,0.944,0.424,0.66,0.471,0.262,0.062
352.8,1.529,0.939,0.423,0.659,0.471,0.261,0.062
352.90000000000003,1.524,0.935,0.421,0.659,0.471,0.261,0.062
353.0,1.52,0.931,0.42,0.658,0.471,0.26,0.062
353.1,1.57,0.973,0.436,0.657,0.471,0.257,0.061
353.20000000000005,1.564,0.968,0.434,0.655,0.471,0.256,0.061
353.3,1.56,0.964,0.432,0.654,0.471,0.254,0.061
353.40000000000003,1.548,0.955,0.429,0.653,0.471,0.252,0.061
353.5,1.547,0.954,0.428,0.652,0.471,0.251,0.06
353.6,1.538,0.947,0.426,0.652,0.471,0.25,0.06
353.70000000000005,1.539,0.947,0.426,0.651,0.471,0.249,0.06
353.8,1.532,0.941,0.424,0.651,0.471,0.249,0.06
353.90000000000003,1.526,0.937,0.422,0.65,0.471,0.248,0.06
354.0,1.529,0.939,0.423,0.65,0.471,0.247,0.06
354.1,1.532,0.941,0.423,0.649,0.47,0.246,0.059
354.20000000000005,1.534,0.943,0.424,0.648,0.47,0.245,0.059
354.3,1.535,0.944,0.425,0.648,0.47,0.245,0.059
354.40000000000003,1.536,0.945,0.425,0.647,0.47,0.244,0.059
354.5,1.537,0.946,0.425,0.647,0.471,0.243,0.059
354.6,1.538,0.946,0.426,0.646,0.47,0.242,0.059
354.70000000000005,1.539,0.947,0.426,0.646,0.47,0.241,0.059
354.8,1.532,0.941,0.424,0.645,0.47,0.241,0.059
354.90000000000003,1.534,0.943,0.424,0.645,0.47,0.24,0.059
355.0,1.535,0.944,0.425,0.644,0.47,0.239,0.059
355.1,1.536,0.945,0.425,0.644,0.47,0.239,0.059
355.20000000000005,1.537,0.946,0.425,0.644,0.47,0.238,0.059
355.3,1.538,0.946,0.426,0.644,0.47,0.238,0.059
355.40000000000003,1.539,0.947,0.426,0.643,0.47,0.237,0.059
355.5,1.532,0.941,0.424,0.643,0.47,0.237,0.059
355.6,1.534,0.943,0.424,0.643,0.47,0.236,0.059
355.70000000000005,1.535,0.944,0.425,0.643,0.47,0.236,0.059
355.8,1.536,0.945,0.425,0.643,0.47,0.235,0.059
355.90000000000003,1.537,0.946,0.425,0.643,0.47,0.235,0.059
356.0,1.538,0.946,0.426,0.643,0.47,0.234,0.059
356.1,1.539,0.947,0.426,0.643,0.47,0.234,0.059
356.20000000000005,1.539,0.947,0.426,0.643,0.47,0.234,0.059
356.3,1.54,0.947,0.426,0.643,0.47,0.233,0.059
356.40000000000003,1.54,0.948,0.426,0.643,0.47,0.233,0.059
356.5,1.54,0.948,0.426,0.642,0.47,0.233,0.059
356.6,1.541,0.948,0.426,0.642,0.47,0.232,0.059
356.70000000000005,1.541,0.948,0.426,0.642,0.47,0.232,0.059
356.8,1.541,0.948,0.426,0.642,0.47,0.232,0.059
356.90000000000003,1.541,0.948,0.426,0.642,0.47,0.231,0.059
357.0,1.541,0.948,0.426,0.642,0.47,0.231,0.059
357.1,1.534,0.942,0.424,0.642,0.47,0.231,0.059
357.20000000000005,1.535,0.944,0.425,0.642,0.47,0.231,0.059
357.3,1.536,0.945,0.425,0.642,0.47,0.23,0.059
357.40000000000003,1.537,0.946,0.425,0.641,0.47,0.23,0.059
357.5,1.538,0.946,0.425,0.641,0.47,0.23,0.058
357.6,1.539,0.947,0.426,0.641,0.47,0.229,0.058
357.70000000000005,1.539,0.947,0.426,0.641,0.47,0.229,0.058
357.8,1.54,0.947,0.426,0.64,0.47,0.228,0.058
357.90000000000003,1.54,0.948,0.426,0.64,0.47,0.228,0.058
358.0,1.54,0.948,0.426,0.64,0.47,0.227,0.058
358.1,1.541,0.948,0.426,0.64,0.47,0.227,0.058
358.20000000000005,1.541,0.948,0.426,0.64,0.47,0.226,0.058
358.3,1.541,0.948,0.426,0.639,0.47,0.226,0.058
358.40000000000003,1.541,0.948,0.426,0.639,0.47,0.225,0.058
358.5,1.541,0.948,0.426,0.639,0.47,0.225,0.058
358.6,1.549,0.955,0.429,0.639,0.47,0.224,0.058
358.70000000000005,1.547,0.953,0.428,0.638,0.47,0.224,0.058
358.8,1.546,0.952,0.428,0.638,0.47,0.224,0.058
358.90000000000003,1.545,0.952,0.428,0.638,0.47,0.223,0.058
359.0,1.544,0.951,0.427,0.638,0.47,0.223,0.058
359.1,1.544,0.951,0.427,0.638,0.47,0.223,0.058
359.20000000000005,1.543,0.95,0.427,0.638,0.47,0.222,0.058
359.3,1.543,0.95,0.427,0.638,0.47,0.222,0.058
359.40000000000003,1.543,0.95,0.427,0.638,0.47,0.222,0.058
359.5,1.542,0.949,0.427,0.638,0.47,0.221,0.058
359.6,1.542,0.949,0.427,0.639,0.47,0.221,0.058
359.70000000000005,1.542,0.949,0.427,0.639,0.469,0.221,0.058
359.8,1.549,0.955,0.429,0.639,0.469,0.22,0.058
359.90000000000003,1.555,0.96,0.431,0.639,0.469,0.22,0.058
360.0,1.56,0.964,0.432,0.639,0.469,0.22,0.058
360.1,1.564,0.967,0.434,0.639,0.469,0.22,0.058
360.20000000000005,1.567,0.969,0.434,0.639,0.469,0.22,0.058
360.3,1.569,0.971,0.435,0.639,0.469,0.22,0.058
360.40000000000003,1.571,0.973,0.436,0.639,0.469,0.22,0.058
360.5,1.573,0.974,0.436,0.639,0.469,0.219,0.058
360.6,1.574,0.975,0.437,0.639,0.469,0.219,0.058
360.70000000000005,1.575,0.976,0.437,0.639,0.469,0.219,0.058
360.8,1.576,0.976,0.437,0.639,0.469,0.219,0.058
360.90000000000003,1.576,0.977,0.437,0.639,0.469,0.219,0.058
361.0,1.577,0.977,0.438,0.639,0.469,0.218,0.058
361.1,1.577,0.978,0.438,0.639,0.469,0.218,0.058
361.20000000000005,1.57,0.972,0.435,0.639,0.469,0.218,0.058
361.3,1.572,0.973,0.436,0.639,0.469,0.218,0.058
361.40000000000003,1.573,0.974,0.436,0.639,0.469,0.218,0.058
361.5,1.574,0.975,0.437,0.639,0.469,0.218,0.058
361.6,1.575,0.976,0.437,0.639,0.469,0.217,0.058
361.70000000000005,1.576,0.977,0.437,0.639,0.469,0.217,0.058
361.8,1.577,0.977,0.438,0.639,0.469,0.217,0.058
361.90000000000003,1.569,0.971,0.435,0.639,0.469,0.217,0.058
362.0,1.571,0.973,0.436,0.639,0.469,0.216,0.058
362.1,1.565,0.968,0.434,0.639,0.469,0.216,0.058
362.20000000000005,1.56,0.964,0.432,0.639,0.469,0.216,0.059
362.3,1.557,0.961,0.431,0.638,0.469,0.216,0.059
362.40000000000003,1.561,0.965,0.433,0.638,0.469,0.216,0.058
362.5,1.557,0.961,0.431,0.638,0.469,0.215,0.058
362.6,1.554,0.959,0.43,0.638,0.469,0.215,0.058
362.70000000000005,1.551,0.957,0.43,0.638,0.469,0.215,0.058
362.8,1.557,0.961,0.431,0.638,0.469,0.215,0.058
362.90000000000003,1.584,0.984,0.44,0.638,0.469,0.214,0.058
363.0,1.576,0.977,0.437,0.639,0.469,0.214,0.058
363.1,1.569,0.971,0.435,0.639,0.469,0.214,0.058
363.20000000000005,1.571,0.973,0.436,0.639,0.469,0.213,0.058
363.3,1.565,0.968,0.434,0.639,0.469,0.213,0.058
363.40000000000003,1.56,0.964,0.432,0.639,0.469,0.213,0.058
363.5,1.556,0.961,0.431,0.639,0.469,0.213,0.058
363.6,1.553,0.958,0.43,0.639,0.469,0.213,0.058
363.70000000000005,1.551,0.956,0.429,0.639,0.469,0.213,0.058
363.8,1.549,0.955,0.429,0.639,0.469,0.212,0.058
363.90000000000003,1.547,0.954,0.428,0.639,0.469,0.212,0.058
364.0,1.546,0.953,0.428,0.639,0.469,0.212,0.058
364.1,1.545,0.952,0.428,0.639,0.469,0.212,0.058
364.20000000000005,1.544,0.951,0.427,0.638,0.469,0.212,0.058
364.3,1.551,0.957,0.43,0.638,0.469,0.212,0.058
364.40000000000003,1.557,0.961,0.431,0.638,0.469,0.211,0.058
364.5,1.561,0.965,0.433,0.638,0.469,0.211,0.058
364.6,1.565,0.968,0.434,0.637,0.469,0.211,0.058
364.70000000000005,1.568,0.97,0.435,0.637,0.469,0.211,0.058
364.8,1.57,0.972,0.435,0.637,0.469,0.21,0.058
364.90000000000003,1.579,0.979,0.438,0.637,0.469,0.21,0.058
365.0,1.579,0.979,0.438,0.637,0.469,0.209,0.058
365.1,1.579,0.979,0.438,0.636,0.469,0.209,0.058
365.20000000000005,1.579,0.979,0.438,0.636,0.469,0.209,0.057
365.3,1.579,0.979,0.438,0.636,0.469,0.209,0.057
365.40000000000003,1.579,0.979,0.438,0.636,0.469,0.208,0.057
365.5,1.579,0.979,0.438,0.636,0.469,0.208,0.057
365.6,1.579,0.979,0.438,0.635,0.469,0.208,0.057
365.70000000000005,1.579,0.979,0.438,0.635,0.469,0.208,0.057
365.8,1.579,0.979,0.438,0.635,0.469,0.207,0.058
365.90000000000003,1.579,0.979,0.438,0.635,0.469,0.207,0.058
366.0,1.579,0.979,0.438,0.635,0.469,0.207,0.058
366.1,1.579,0.979,0.438,0.635,0.469,0.207,0.058
366.20000000000005,1.579,0.979,0.438,0.635,0.469,0.207,0.058
366.3,1.579,0.979,0.438,0.635,0.469,0.207,0.058
366.40000000000003,1.579,0.979,0.438,0.635,0.469,0.206,0.058
366.5,1.579,0.979,0.438,0.635,0.469,0.206,0.058
366.6,1.579,0.979,0.438,0.635,0.469,0.206,0.058
366.70000000000005,1.579,0.979,0.438,0.635,0.469,0.206,0.058
366.8,1.579,0.979,0.438,0.635,0.469,0.206,0.058
366.90000000000003,1.579,0.979,0.438,0.635,0.469,0.206,0.058
367.0,1.579,0.979,0.438,0.635,0.469,0.206,0.058
367.1,1.579,0.979,0.438,0.635,0.469,0.206,0.058
367.20000000000005,1.579,0.979,0.438,0.634,0.469,0.205,0.058
367.3,1.579,0.979,0.438,0.634,0.469,0.205,0.058
367.40000000000003,1.579,0.979,0.438,0.634,0.469,0.205,0.058
367.5,1.579,0.979,0.438,0.634,0.469,0.205,0.058
367.6,1.579,0.979,0.438,0.634,0.469,0.205,0.058
367.70000000000005,1.579,0.979,0.438,0.634,0.469,0.205,0.058
367.8,1.579,0.979,0.438,0.634,0.469,0.204,0.058
367.90000000000003,1.579,0.979,0.438,0.634,0.469,0.204,0.058
368.0,1.579,0.979,0.438,0.634,0.469,0.204,0.058
368.1,1.579,0.979,0.438,0.634,0.469,0.204,0.058
368.20000000000005,1.579,0.979,0.438,0.634,0.469,0.204,0.058
368.3,1.579,0.979,0.438,0.634,0.468,0.204,0.058
368.40000000000003,1.579,0.979,0.438,0.633,0.468,0.204,0.058
368.5,1.579,0.979,0.438,0.633,0.468,0.203,0.058
368.6,1.579,0.979,0.438,0.633,0.468,0.203,0.058
368.70000000000005,1.586,0.985,0.441,0.633,0.468,0.203,0.058
368.8,1.585,0.984,0.44,0.633,0.468,0.203,0.058
368.90000000000003,1.584,0.983,0.44,0.633,0.468,0.203,0.058
369.0,1.583,0.982,0.439,0.633,0.468,0.202,0.058
369.1,1.59,0.988,0.442,0.633,0.468,0.202,0.058
369.20000000000005,1.587,0.986,0.441,0.633,0.468,0.202,0.058
369.3,1.586,0.985,0.44,0.633,0.468,0.202,0.058
369.40000000000003,1.584,0.983,0.44,0.633,0.468,0.202,0.058
369.5,1.583,0.983,0.44,0.633,0.468,0.202,0.058
369.6,1.59,0.988,0.442,0.633,0.468,0.202,0.058
369.70000000000005,1.588,0.986,0.441,0.633,0.468,0.202,0.058
369.8,1.586,0.985,0.44,0.633,0.468,0.202,0.058
369.90000000000003,1.584,0.984,0.44,0.633,0.468,0.202,0.058
370.0,1.583,0.983,0.44,0.633,0.468,0.202,0.058
370.1,1.582,0.982,0.439,0.632,0.468,0.201,0.058
370.20000000000005,1.582,0.981,0.439,0.632,0.468,0.201,0.058
370.3,1.581,0.981,0.439,0.632,0.468,0.201,0.058
370.40000000000003,1.581,0.981,0.439,0.632,0.468,0.201,0.058
370.5,1.58,0.98,0.439,0.632,0.468,0.201,0.058
370.6,1.58,0.98,0.439,0.632,0.468,0.201,0.058
370.70000000000005,1.58,0.98,0.439,0.632,0.468,0.201,0.058
370.8,1.58,0.98,0.438,0.632,0.468,0.201,0.058
370.90000000000003,1.579,0.979,0.438,0.632,0.468,0.201,0.058
371.0,1.579,0.979,0.438,0.632,0.468,0.201,0.058
371.1,1.579,0.979,0.438,0.632,0.468,0.201,0.058
371.20000000000005,1.579,0.979,0.438,0.632,0.468,0.2,0.058
371.3,1.579,0.979,0.438,0.632,0.468,0.2,0.058
371.40000000000003,1.579,0.979,0.438,0.632,0.468,0.2,0.058
371.5,1.579,0.979,0.438,0.632,0.468,0.2,0.058
371.6,1.579,0.979,0.438,0.632,0.468,0.2,0.058
371.70000000000005,1.579,0.979,0.438,0.632,0.468,0.2,0.058
371.8,1.594,0.991,0.443,0.632,0.468,0.2,0.058
371.90000000000003,1.591,0.989,0.442,0.632,0.468,0.2,0.058
372.0,1.589,0.987,0.441,0.632,0.468,0.199,0.058
372.1,1.587,0.985,0.441,0.632,0.468,0.199,0.058
372.20000000000005,1.585,0.984,0.44,0.632,0.467,0.199,0.058
372.3,1.584,0.983,0.44,0.631,0.467,0.199,0.058
372.40000000000003,1.583,0.982,0.44,0.631,0.467,0.199,0.058
372.5,1.582,0.982,0.439,0.631,0.468,0.199,0.058
372.6,1.581,0.981,0.439,0.631,0.468,0.199,0.058
372.70000000000005,1.588,0.987,0.441,0.631,0.468,0.199,0.058
372.8,1.587,0.985,0.441,0.631,0.468,0.199,0.058
372.90000000000003,1.585,0.984,0.44,0.631,0.468,0.199,0.058
373.0,1.584,0.983,0.44,0.631,0.467,0.199,0.058
373.1,1.583,0.982,0.439,0.631,0.468,0.199,0.058
373.20000000000005,1.582,0.982,0.439,0.631,0.468,0.198,0.058
373.3,1.581,0.981,0.439,0.632,0.468,0.198,0.058
373.40000000000003,1.581,0.981,0.439,0.632,0.468,0.198,0.058
373.5,1.573,0.974,0.436,0.632,0.468,0.198,0.058
373.6,1.574,0.975,0.437,0.632,0.468,0.198,0.058
373.70000000000005,1.575,0.976,0.437,0.632,0.468,0.198,0.058
373.8,1.576,0.977,0.437,0.632,0.468,0.198,0.058
373.90000000000003,1.576,0.977,0.438,0.632,0.468,0.198,0.058
374.0,1.577,0.977,0.438,0.632,0.468,0.198,0.058
374.1,1.577,0.978,0.438,0.632,0.468,0.197,0.058
374.20000000000005,1.578,0.978,0.438,0.632,0.468,0.197,0.058
374.3,1.578,0.978,0.438,0.632,0.468,0.197,0.058
374.40000000000003,1.578,0.978,0.438,0.632,0.468,0.197,0.058
374.5,1.578,0.979,0.438,0.632,0.468,0.197,0.058
374.6,1.578,0.979,0.438,0.632,0.468,0.197,0.058
374.70000000000005,1.578,0.979,0.438,0.632,0.468,0.197,0.058
374.8,1.579,0.979,0.438,0.632,0.468,0.197,0.058
374.90000000000003,1.586,0.985,0.441,0.632,0.468,0.196,0.058
375.0,1.585,0.984,0.44,0.632,0.468,0.196,0.058
375.1,1.584,0.983,0.44,0.632,0.468,0.196,0.058
375.20000000000005,1.583,0.982,0.439,0.631,0.468,0.196,0.058
375.3,1.582,0.981,0.439,0.631,0.468,0.196,0.058
375.40000000000003,1.581,0.981,0.439,0.631,0.468,0.196,0.058
375.5,1.558,0.963,0.432,0.631,0.468,0.196,0.058
375.6,1.562,0.966,0.433,0.631,0.468,0.196,0.058
375.70000000000005,1.566,0.968,0.434,0.631,0.468,0.196,0.058
375.8,1.568,0.971,0.435,0.631,0.468,0.195,0.058
375.90000000000003,1.57,0.972,0.436,0.631,0.468,0.195,0.058
376.0,1.572,0.974,0.436,0.631,0.468,0.195,0.058
376.1,1.581,0.981,0.439,0.631,0.468,0.195,0.058
376.20000000000005,1.581,0.981,0.439,0.631,0.468,0.195,0.058
376.3,1.932,1.204,0.537,0.759,0.563,0.234,0.069
376.40000000000003,2.042,1.269,0.567,0.811,0.601,0.25,0.075
376.5,2.086,1.295,0.579,0.831,0.616,0.256,0.077
376.6,2.104,1.305,0.584,0.839,0.622,0.258,0.077
376.70000000000005,2.111,1.309,0.586,0.843,0.624,0.259,0.078
376.8,2.114,1.311,0.587,0.844,0.625,0.26,0.077
376.90000000000003,2.115,1.311,0.587,0.845,0.626,0.26,0.078
377.0,2.115,1.312,0.587,0.845,0.626,0.26,0.078
377.1,2.116,1.312,0.587,0.845,0.626,0.26,0.078
377.20000000000005,2.146,1.337,0.597,0.846,0.627,0.26,0.078
377.3,2.158,1.346,0.601,0.847,0.627,0.26,0.078
377.40000000000003,2.163,1.35,0.602,0.848,0.627,0.26,0.078
377.5,2.165,1.352,0.603,0.848,0.626,0.26,0.078
377.6,2.135,1.328,0.593,0.849,0.627,0.26,0.079
377.70000000000005,2.154,1.343,0.599,0.849,0.627,0.261,0.079
377.8,2.161,1.349,0.602,0.85,0.626,0.261,0.079
377.90000000000003,2.164,1.351,0.603,0.851,0.627,0.262,0.079
378.0,2.165,1.352,0.603,0.851,0.627,0.261,0.078
378.1,2.166,1.353,0.603,0.852,0.627,0.262,0.078
378.20000000000005,2.166,1.353,0.603,0.853,0.628,0.262,0.079
378.3,2.166,1.353,0.603,0.854,0.627,0.262,0.078
378.40000000000003,2.166,1.353,0.603,0.854,0.628,0.263,0.079
378.5,2.166,1.353,0.603,0.855,0.627,0.262,0.079
378.6,2.136,1.328,0.594,0.856,0.627,0.263,0.079
378.70000000000005,2.154,1.343,0.599,0.856,0.628,0.263,0.079
378.8,2.161,1.349,0.602,0.857,0.628,0.264,0.079
378.90000000000003,2.195,1.376,0.612,0.858,0.627,0.265,0.079
379.0,2.208,1.387,0.616,0.858,0.627,0.265,0.079
379.1,2.214,1.392,0.618,0.86,0.628,0.265,0.079
379.20000000000005,2.216,1.394,0.619,0.861,0.628,0.266,0.08
379.3,2.217,1.394,0.619,0.861,0.628,0.266,0.079
379.40000000000003,2.217,1.395,0.619,0.863,0.628,0.267,0.08
379.5,2.217,1.395,0.619,0.864,0.628,0.268,0.08
379.6,2.217,1.395,0.619,0.864,0.628,0.269,0.08
379.70000000000005,2.248,1.42,0.629,0.865,0.628,0.27,0.08
379.8,2.26,1.43,0.633,0.867,0.628,0.271,0.081
379.90000000000003,2.265,1.434,0.634,0.869,0.628,0.273,0.081
380.0,2.267,1.436,0.635,0.87,0.629,0.274,0.082
380.1,2.268,1.436,0.635,0.871,0.628,0.275,0.082
380.20000000000005,2.268,1.437,0.635,0.872,0.628,0.276,0.082
380.3,2.268,1.437,0.635,0.873,0.628,0.277,0.082
380.40000000000003,2.268,1.437,0.635,0.874,0.629,0.279,0.082
380.5,2.268,1.437,0.635,0.876,0.628,0.28,0.082
380.6,2.268,1.437,0.635,0.876,0.628,0.281,0.083
380.70000000000005,2.177,1.362,0.607,0.877,0.629,0.283,0.083
380.8,2.232,1.407,0.624,0.878,0.628,0.284,0.083
380.90000000000003,2.254,1.425,0.631,0.879,0.629,0.285,0.082
381.0,2.293,1.458,0.643,0.879,0.628,0.286,0.083
381.1,2.309,1.471,0.648,0.88,0.629,0.287,0.084
381.20000000000005,2.285,1.451,0.641,0.88,0.629,0.288,0.083
381.3,2.275,1.442,0.638,0.881,0.629,0.289,0.084
381.40000000000003,2.271,1.439,0.636,0.882,0.629,0.291,0.084
381.5,2.3,1.463,0.646,0.882,0.629,0.292,0.084
381.6,2.405,1.552,0.679,0.882,0.628,0.293,0.084
381.70000000000005,2.354,1.509,0.663,0.883,0.629,0.294,0.084
381.8,2.333,1.491,0.656,0.883,0.628,0.294,0.084
381.90000000000003,2.325,1.484,0.654,0.884,0.629,0.295,0.085
382.0,2.322,1.482,0.653,0.885,0.628,0.296,0.085
382.1,2.29,1.455,0.642,0.885,0.628,0.297,0.085
382.20000000000005,2.308,1.47,0.648,0.885,0.628,0.299,0.085
382.3,2.315,1.476,0.65,0.885,0.629,0.3,0.085
382.40000000000003,2.318,1.478,0.651,0.885,0.629,0.3,0.085
382.5,2.319,1.479,0.652,0.885,0.629,0.301,0.085
382.6,2.319,1.479,0.652,0.886,0.628,0.302,0.084
382.70000000000005,2.32,1.48,0.652,0.886,0.628,0.303,0.085
382.8,2.32,1.48,0.652,0.885,0.629,0.304,0.085
382.90000000000003,2.32,1.48,0.652,0.886,0.629,0.304,0.086
383.0,2.32,1.48,0.652,0.886,0.628,0.305,0.085
383.1,2.32,1.48,0.652,0.886,0.629,0.306,0.086
383.20000000000005,2.32,1.48,0.652,0.887,0.628,0.307,0.085
383.3,2.32,1.48,0.652,0.886,0.628,0.308,0.085
383.40000000000003,2.32,1.48,0.652,0.887,0.629,0.308,0.085
383.5,2.32,1.48,0.652,0.886,0.628,0.309,0.085
383.6,2.351,1.506,0.662,0.887,0.628,0.309,0.086
383.70000000000005,2.332,1.49,0.656,0.887,0.628,0.31,0.086
383.8,2.325,1.484,0.653,0.887,0.628,0.31,0.086
383.90000000000003,2.322,1.481,0.652,0.887,0.628,0.311,0.085
384.0,2.32,1.48,0.652,0.887,0.628,0.312,0.086
384.1,2.289,1.454,0.642,0.887,0.628,0.312,0.086
384.20000000000005,2.307,1.47,0.648,0.888,0.629,0.313,0.085
384.3,2.315,1.476,0.65,0.888,0.628,0.314,0.085
384.40000000000003,2.318,1.478,0.651,0.889,0.629,0.314,0.086
384.5,2.319,1.479,0.652,0.888,0.628,0.315,0.086
384.6,2.319,1.479,0.652,0.889,0.629,0.316,0.086
384.70000000000005,2.32,1.48,0.652,0.889,0.629,0.317,0.086
384.8,2.32,1.48,0.652,0.889,0.628,0.317,0.086
384.90000000000003,2.32,1.48,0.652,0.89,0.629,0.317,0.086
385.0,2.351,1.506,0.662,0.889,0.629,0.318,0.086
385.1,2.363,1.516,0.666,0.889,0.628,0.319,0.086
385.20000000000005,2.337,1.494,0.657,0.889,0.628,0.32,0.086
385.3,2.327,1.485,0.654,0.889,0.628,0.32,0.086
385.40000000000003,2.322,1.482,0.653,0.889,0.628,0.32,0.086
385.5,2.321,1.481,0.652,0.889,0.628,0.32,0.086
385.6,2.32,1.48,0.652,0.889,0.628,0.32,0.086
385.70000000000005,2.289,1.454,0.642,0.889,0.629,0.321,0.085
385.8,2.277,1.444,0.638,0.889,0.628,0.321,0.085
385.90000000000003,2.272,1.44,0.637,0.888,0.629,0.321,0.085
386.0,2.239,1.413,0.626,0.887,0.628,0.321,0.085
386.1,2.256,1.427,0.632,0.886,0.628,0.32,0.084
386.20000000000005,2.233,1.408,0.624,0.885,0.627,0.32,0.084
386.3,2.193,1.375,0.612,0.884,0.627,0.32,0.083
386.40000000000003,2.177,1.362,0.607,0.884,0.627,0.319,0.083
386.5,2.17,1.357,0.605,0.883,0.628,0.319,0.083
386.6,2.168,1.354,0.604,0.882,0.628,0.318,0.083
386.70000000000005,2.167,1.354,0.603,0.882,0.627,0.317,0.084
386.8,2.167,1.353,0.603,0.881,0.628,0.317,0.084
386.90000000000003,2.166,1.353,0.603,0.881,0.627,0.317,0.083
387.0,2.166,1.353,0.603,0.881,0.628,0.317,0.084
387.1,2.166,1.353,0.603,0.881,0.628,0.317,0.083
387.20000000000005,2.166,1.353,0.603,0.881,0.628,0.317,0.084
387.3,2.166,1.353,0.603,0.881,0.627,0.317,0.083
387.40000000000003,2.197,1.378,0.613,0.882,0.627,0.317,0.083
387.5,2.209,1.388,0.617,0.881,0.628,0.317,0.084
387.6,2.214,1.392,0.618,0.881,0.628,0.316,0.083
387.70000000000005,2.185,1.369,0.609,0.882,0.627,0.317,0.083
387.8,2.204,1.384,0.615,0.882,0.627,0.316,0.083
387.90000000000003,2.212,1.391,0.618,0.882,0.627,0.317,0.084
388.0,2.246,1.418,0.628,0.882,0.627,0.317,0.084
388.1,2.229,1.404,0.623,0.882,0.628,0.317,0.083
388.20000000000005,2.222,1.398,0.621,0.883,0.628,0.317,0.084
388.3,2.219,1.396,0.62,0.883,0.628,0.318,0.084
388.40000000000003,2.218,1.395,0.62,0.883,0.627,0.318,0.084
388.5,2.217,1.395,0.619,0.884,0.628,0.318,0.084
388.6,2.217,1.395,0.619,0.884,0.628,0.318,0.085
388.70000000000005,2.248,1.42,0.629,0.884,0.627,0.319,0.084
388.8,2.26,1.43,0.633,0.885,0.628,0.32,0.084
388.90000000000003,2.265,1.434,0.634,0.884,0.627,0.32,0.085
389.0,2.267,1.436,0.635,0.884,0.627,0.32,0.084
389.1,2.268,1.436,0.635,0.885,0.628,0.32,0.084
389.20000000000005,2.268,1.437,0.635,0.885,0.627,0.32,0.085
389.3,2.268,1.437,0.635,0.885,0.628,0.32,0.084
389.40000000000003,2.268,1.437,0.635,0.885,0.627,0.321,0.085
389.5,2.238,1.412,0.626,0.885,0.627,0.321,0.085
389.6,2.256,1.427,0.632,0.885,0.627,0.322,0.085
389.70000000000005,2.263,1.433,0.634,0.885,0.627,0.322,0.085
389.8,2.266,1.435,0.635,0.885,0.627,0.322,0.085
389.90000000000003,2.267,1.436,0.635,0.885,0.627,0.322,0.085
390.0,2.268,1.437,0.635,0.885,0.627,0.323,0.085
390.1,2.268,1.437,0.635,0.886,0.626,0.323,0.085
390.20000000000005,2.207,1.387,0.616,0.886,0.627,0.324,0.085
390.3,2.244,1.417,0.628,0.886,0.627,0.324,0.085
390.40000000000003,2.258,1.429,0.632,0.886,0.628,0.324,0.085
390.5,2.234,1.408,0.625,0.886,0.628,0.324,0.085
390.6,2.254,1.426,0.631,0.886,0.627,0.324,0.085
390.70000000000005,2.263,1.432,0.634,0.886,0.627,0.325,0.085
390.8,2.266,1.435,0.635,0.886,0.627,0.325,0.085
390.90000000000003,2.267,1.436,0.635,0.886,0.627,0.326,0.085
391.0,2.268,1.437,0.635,0.886,0.627,0.326,0.085
391.1,2.268,1.437,0.635,0.886,0.627,0.325,0.085
391.20000000000005,2.268,1.437,0.635,0.886,0.627,0.326,0.085
391.3,2.268,1.437,0.635,0.886,0.627,0.326,0.086
391.40000000000003,2.238,1.412,0.626,0.886,0.626,0.326,0.085
391.5,2.256,1.427,0.632,0.886,0.627,0.326,0.085
391.6,2.263,1.433,0.634,0.886,0.626,0.327,0.085
391.70000000000005,2.266,1.435,0.635,0.886,0.627,0.327,0.085
391.8,2.237,1.411,0.626,0.886,0.627,0.328,0.085
391.90000000000003,2.256,1.427,0.632,0.886,0.627,0.328,0.086
392.0,2.263,1.433,0.634,0.886,0.627,0.329,0.085
392.1,2.266,1.435,0.635,0.887,0.626,0.329,0.085
392.20000000000005,2.267,1.436,0.635,0.886,0.627,0.329,0.086
392.3,2.268,1.437,0.635,0.886,0.626,0.329,0.085
392.40000000000003,2.268,1.437,0.635,0.886,0.627,0.329,0.085
392.5,2.268,1.437,0.635,0.886,0.627,0.33,0.085
392.6,2.268,1.437,0.635,0.887,0.627,0.33,0.085
392.70000000000005,2.268,1.437,0.635,0.886,0.628,0.33,0.085
392.8,2.268,1.437,0.635,0.887,0.627,0.33,0.085
392.90000000000003,2.268,1.437,0.635,0.887,0.627,0.331,0.085
393.0,2.268,1.437,0.635,0.887,0.627,0.331,0.085
393.1,2.268,1.437,0.635,0.886,0.627,0.33,0.085
393.20000000000005,2.268,1.437,0.635,0.887,0.628,0.331,0.086
393.3,2.268,1.437,0.635,0.886,0.627,0.331,0.086
393.40000000000003,2.268,1.437,0.635,0.887,0.627,0.332,0.085
393.5,2.268,1.437,0.635,0.886,0.627,0.332,0.085
393.6,2.268,1.437,0.635,0.887,0.627,0.332,0.085
393.70000000000005,2.268,1.437,0.635,0.886,0.627,0.332,0.085
393.8,2.268,1.437,0.635,0.886,0.627,0.332,0.085
393.90000000000003,2.268,1.437,0.635,0.887,0.627,0.332,0.086
394.0,2.268,1.437,0.635,0.887,0.627,0.332,0.085
394.1,2.268,1.437,0.635,0.887,0.627,0.332,0.086
394.20000000000005,2.238,1.412,0.626,0.887,0.627,0.333,0.085
394.3,2.256,1.427,0.632,0.887,0.627,0.333,0.085
394.40000000000003,2.263,1.433,0.634,0.886,0.627,0.334,0.085
394.5,2.297,1.461,0.645,0.886,0.627,0.334,0.085
394.6,2.28,1.447,0.639,0.887,0.627,0.333,0.085
394.70000000000005,2.242,1.415,0.627,0.886,0.627,0.334,0.085
394.8,2.258,1.428,0.632,0.886,0.626,0.334,0.085
394.90000000000003,2.264,1.433,0.634,0.887,0.626,0.334,0.085
395.0,2.267,1.436,0.635,0.886,0.627,0.334,0.085
395.1,2.268,1.436,0.635,0.886,0.627,0.334,0.086
395.20000000000005,2.268,1.437,0.635,0.886,0.627,0.334,0.085
395.3,2.268,1.437,0.635,0.886,0.626,0.335,0.085
395.40000000000003,2.268,1.437,0.635,0.887,0.627,0.335,0.085
395.5,2.268,1.437,0.635,0.887,0.627,0.334,0.085
395.6,2.268,1.437,0.635,0.887,0.627,0.335,0.085
395.70000000000005,2.268,1.437,0.635,0.887,0.628,0.335,0.085
395.8,2.268,1.437,0.635,0.887,0.627,0.335,0.086
395.90000000000003,2.268,1.437,0.635,0.886,0.626,0.335,0.085
396.0,2.268,1.437,0.635,0.887,0.627,0.335,0.085
396.1,2.268,1.437,0.635,0.887,0.627,0.335,0.085
396.20000000000005,2.238,1.412,0.626,0.886,0.626,0.336,0.085
396.3,2.225,1.401,0.622,0.887,0.627,0.336,0.085
396.40000000000003,2.251,1.423,0.63,0.886,0.626,0.336,0.085
396.5,2.261,1.431,0.633,0.887,0.627,0.337,0.085
396.6,2.265,1.435,0.635,0.886,0.626,0.336,0.086
396.70000000000005,2.267,1.436,0.635,0.886,0.627,0.336,0.085
396.8,2.268,1.437,0.635,0.887,0.626,0.337,0.085
396.90000000000003,2.268,1.437,0.635,0.887,0.626,0.337,0.085
397.0,2.268,1.437,0.635,0.887,0.626,0.337,0.085
397.1,2.268,1.437,0.635,0.887,0.627,0.337,0.085
397.20000000000005,2.268,1.437,0.635,0.887,0.626,0.337,0.085
397.3,2.268,1.437,0.635,0.886,0.626,0.338,0.085
397.40000000000003,2.268,1.437,0.635,0.886,0.626,0.338,0.085
397.5,2.33,1.489,0.655,0.886,0.626,0.337,0.085
397.6,2.293,1.458,0.643,0.887,0.626,0.338,0.085
397.70000000000005,2.278,1.445,0.639,0.887,0.627,0.338,0.085
397.8,2.272,1.44,0.637,0.886,0.627,0.338,0.085
397.90000000000003,2.27,1.438,0.636,0.886,0.626,0.338,0.085
398.0,2.269,1.437,0.636,0.887,0.626,0.338,0.086
398.1,2.268,1.437,0.636,0.886,0.626,0.338,0.086
398.20000000000005,2.268,1.437,0.636,0.886,0.626,0.338,0.086
398.3,2.268,1.437,0.636,0.887,0.627,0.338,0.086
398.40000000000003,2.299,1.463,0.645,0.887,0.626,0.338,0.085
398.5,2.281,1.447,0.639,0.886,0.626,0.339,0.085
398.6,2.273,1.441,0.637,0.887,0.626,0.339,0.085
398.70000000000005,2.27,1.439,0.636,0.886,0.626,0.339,0.085
398.8,2.269,1.438,0.636,0.886,0.626,0.34,0.085
398.90000000000003,2.269,1.437,0.636,0.886,0.626,0.34,0.086
399.0,2.268,1.437,0.636,0.886,0.626,0.339,0.085
399.1,2.268,1.437,0.636,0.886,0.626,0.34,0.085
399.20000000000005,2.268,1.437,0.635,0.887,0.626,0.34,0.086
399.3,2.361,1.515,0.665,0.887,0.627,0.34,0.086
399.40000000000003,2.305,1.468,0.647,0.887,0.626,0.34,0.086
399.5,2.283,1.449,0.64,0.887,0.626,0.34,0.086
399.6,2.243,1.417,0.628,0.887,0.626,0.34,0.086
399.70000000000005,2.228,1.403,0.623,0.887,0.626,0.34,0.085
399.8,2.252,1.424,0.63,0.886,0.626,0.34,0.086
399.90000000000003,2.262,1.432,0.633,0.886,0.626,0.34,0.086
400.0,2.296,1.46,0.644,0.887,0.626,0.34,0.085
400.1,2.28,1.446,0.639,0.886,0.626,0.34,0.086
400.20000000000005,2.242,1.415,0.627,0.886,0.626,0.34,0.086
400.3,2.258,1.428,0.632,0.886,0.626,0.341,0.086
400.40000000000003,2.264,1.433,0.634,0.886,0.626,0.34,0.086
400.5,2.236,1.41,0.625,0.886,0.626,0.34,0.085
400.6,2.255,1.426,0.631,0.886,0.626,0.341,0.085
400.70000000000005,2.172,1.358,0.605,0.886,0.626,0.341,0.086
400.8,2.23,1.405,0.623,0.886,0.626,0.341,0.085
400.90000000000003,2.253,1.424,0.631,0.887,0.626,0.34,0.085
401.0,2.231,1.407,0.624,0.886,0.626,0.341,0.085
401.1,2.253,1.425,0.631,0.886,0.626,0.341,0.085
401.20000000000005,2.262,1.432,0.634,0.886,0.626,0.34,0.085
401.3,2.266,1.435,0.635,0.886,0.626,0.341,0.085
401.40000000000003,2.267,1.436,0.635,0.886,0.626,0.34,0.085
401.5,2.268,1.437,0.635,0.887,0.626,0.34,0.085
401.6,2.237,1.411,0.626,0.886,0.625,0.34,0.085
401.70000000000005,2.256,1.427,0.632,0.886,0.626,0.341,0.085
401.8,2.233,1.408,0.624,0.885,0.626,0.341,0.085
401.90000000000003,2.254,1.425,0.631,0.886,0.626,0.341,0.085
402.0,2.263,1.432,0.634,0.886,0.626,0.341,0.085
402.1,2.266,1.435,0.635,0.886,0.626,0.341,0.086
402.20000000000005,2.237,1.411,0.625,0.886,0.626,0.341,0.086
402.3,2.225,1.401,0.622,0.886,0.626,0.341,0.085
402.40000000000003,2.251,1.423,0.63,0.886,0.626,0.341,0.085
402.5,2.261,1.431,0.633,0.886,0.626,0.342,0.086
402.6,2.296,1.46,0.644,0.885,0.626,0.342,0.085
402.70000000000005,2.279,1.446,0.639,0.885,0.626,0.342,0.086
402.8,2.273,1.441,0.637,0.885,0.626,0.341,0.085
402.90000000000003,2.239,1.413,0.626,0.885,0.625,0.341,0.085
403.0,2.257,1.427,0.632,0.886,0.626,0.342,0.086
403.1,2.264,1.433,0.634,0.886,0.626,0.342,0.085
403.20000000000005,2.236,1.41,0.625,0.885,0.626,0.342,0.085
403.3,2.255,1.426,0.631,0.885,0.626,0.341,0.085
403.40000000000003,2.232,1.407,0.624,0.885,0.625,0.342,0.086
403.5,2.254,1.425,0.631,0.885,0.625,0.342,0.085
403.6,2.262,1.432,0.634,0.885,0.626,0.342,0.086
403.70000000000005,2.235,1.41,0.625,0.885,0.626,0.342,0.086
403.8,2.255,1.426,0.631,0.886,0.626,0.342,0.085
403.90000000000003,2.232,1.407,0.624,0.885,0.626,0.342,0.085
404.0,2.223,1.4,0.621,0.885,0.626,0.341,0.085
404.1,2.25,1.422,0.63,0.885,0.625,0.342,0.085
404.20000000000005,2.261,1.431,0.633,0.885,0.626,0.342,0.086
404.3,2.204,1.384,0.615,0.885,0.625,0.342,0.086
404.40000000000003,2.243,1.416,0.627,0.885,0.625,0.342,0.086
404.5,2.258,1.428,0.632,0.885,0.626,0.342,0.085
404.6,2.264,1.434,0.634,0.885,0.625,0.342,0.086
404.70000000000005,2.236,1.41,0.625,0.885,0.626,0.342,0.086
404.8,2.255,1.426,0.631,0.885,0.626,0.342,0.085
404.90000000000003,2.263,1.433,0.634,0.886,0.626,0.342,0.086
405.0,2.235,1.41,0.625,0.885,0.625,0.342,0.085
405.1,2.255,1.426,0.631,0.886,0.626,0.342,0.086
405.20000000000005,2.232,1.407,0.624,0.885,0.626,0.342,0.086
405.3,2.223,1.4,0.621,0.886,0.626,0.342,0.086
405.40000000000003,2.25,1.422,0.63,0.885,0.626,0.342,0.086
405.5,2.261,1.431,0.633,0.885,0.626,0.342,0.086
405.6,2.265,1.435,0.635,0.886,0.625,0.342,0.086
405.70000000000005,2.267,1.436,0.635,0.885,0.625,0.342,0.085
405.8,2.237,1.411,0.626,0.885,0.626,0.342,0.086
405.90000000000003,2.164,1.352,0.603,0.885,0.626,0.342,0.085
406.0,2.227,1.403,0.622,0.885,0.626,0.342,0.086
406.1,2.221,1.398,0.621,0.886,0.625,0.342,0.086
406.20000000000005,2.219,1.396,0.62,0.885,0.625,0.342,0.085
406.3,2.248,1.421,0.629,0.886,0.626,0.342,0.086
406.40000000000003,2.26,1.43,0.633,0.885,0.626,0.343,0.085
406.5,2.265,1.434,0.634,0.885,0.626,0.343,0.086
406.6,2.236,1.411,0.625,0.885,0.625,0.342,0.085
406.70000000000005,2.255,1.426,0.631,0.885,0.626,0.343,0.085
406.8,2.232,1.407,0.624,0.886,0.626,0.342,0.085
406.90000000000003,2.223,1.4,0.621,0.885,0.626,0.342,0.085
407.0,2.22,1.397,0.62,0.885,0.626,0.342,0.085
407.1,2.218,1.396,0.62,0.885,0.626,0.343,0.086
407.20000000000005,2.217,1.395,0.619,0.885,0.625,0.342,0.085
407.3,2.217,1.395,0.619,0.885,0.626,0.342,0.085
407.40000000000003,2.217,1.395,0.619,0.885,0.626,0.342,0.085
407.5,2.217,1.395,0.619,0.885,0.625,0.343,0.086
407.6,2.217,1.395,0.619,0.885,0.626,0.342,0.086
407.70000000000005,2.187,1.37,0.61,0.885,0.626,0.342,0.085
407.8,2.205,1.385,0.615,0.885,0.625,0.343,0.085
407.90000000000003,2.212,1.391,0.618,0.885,0.626,0.343,0.086
408.0,2.246,1.418,0.628,0.885,0.626,0.343,0.086
408.1,2.259,1.43,0.633,0.885,0.626,0.343,0.085
408.20000000000005,2.265,1.434,0.634,0.885,0.625,0.343,0.086
408.3,2.236,1.41,0.625,0.885,0.626,0.343,0.085
408.40000000000003,2.225,1.401,0.622,0.885,0.626,0.343,0.086
408.5,2.251,1.423,0.63,0.885,0.626,0.343,0.085
408.6,2.231,1.406,0.624,0.885,0.625,0.343,0.086
408.70000000000005,2.253,1.424,0.631,0.885,0.625,0.342,0.085
408.8,2.262,1.432,0.634,0.885,0.626,0.343,0.085
408.90000000000003,2.235,1.41,0.625,0.885,0.625,0.343,0.085
409.0,2.224,1.401,0.622,0.885,0.625,0.343,0.085
409.1,2.22,1.397,0.62,0.885,0.626,0.343,0.086
409.20000000000005,2.218,1.396,0.62,0.885,0.626,0.343,0.086
409.3,2.218,1.395,0.619,0.885,0.625,0.342,0.086
409.40000000000003,2.248,1.42,0.629,0.884,0.625,0.343,0.086
409.5,2.229,1.405,0.623,0.885,0.625,0.343,0.086
409.6,2.253,1.424,0.631,0.885,0.625,0.343,0.086
409.70000000000005,2.355,1.51,0.663,0.885,0.625,0.343,0.086
409.8,2.396,1.544,0.676,0.885,0.625,0.343,0.086
409.90000000000003,2.289,1.454,0.642,0.885,0.625,0.343,0.086
410.0,2.246,1.419,0.628,0.884,0.625,0.343,0.086
410.1,2.229,1.404,0.623,0.885,0.625,0.343,0.085
410.20000000000005,2.222,1.399,0.621,0.885,0.626,0.343,0.086
410.3,2.25,1.422,0.63,0.885,0.625,0.343,0.086
410.40000000000003,2.261,1.431,0.633,0.884,0.626,0.343,0.085
410.5,2.265,1.434,0.635,0.885,0.626,0.343,0.086
410.6,2.206,1.386,0.616,0.885,0.625,0.343,0.086
410.70000000000005,2.213,1.391,0.618,0.884,0.625,0.343,0.085
410.8,2.246,1.419,0.628,0.885,0.626,0.343,0.086
410.90000000000003,2.229,1.404,0.623,0.884,0.625,0.343,0.086
411.0,2.222,1.399,0.621,0.884,0.625,0.343,0.085
411.1,2.219,1.396,0.62,0.884,0.625,0.343,0.085
411.20000000000005,2.187,1.37,0.61,0.884,0.625,0.343,0.086
411.3,2.236,1.41,0.625,0.884,0.625,0.343,0.085
411.40000000000003,2.225,1.401,0.622,0.885,0.625,0.344,0.085
411.5,2.22,1.397,0.62,0.885,0.625,0.343,0.085
411.6,2.218,1.396,0.62,0.884,0.625,0.343,0.085
411.70000000000005,2.218,1.395,0.619,0.885,0.625,0.343,0.086
411.8,2.217,1.395,0.619,0.885,0.625,0.343,0.086
411.90000000000003,2.248,1.42,0.629,0.885,0.625,0.343,0.086
412.0,2.229,1.405,0.623,0.884,0.625,0.343,0.086
412.1,2.222,1.399,0.621,0.884,0.625,0.343,0.086
412.20000000000005,2.25,1.422,0.63,0.884,0.625,0.343,0.086
412.3,2.23,1.405,0.623,0.884,0.625,0.343,0.086
412.40000000000003,2.222,1.399,0.621,0.884,0.625,0.343,0.085
412.5,2.25,1.422,0.63,0.885,0.625,0.343,0.086
412.6,2.261,1.431,0.633,0.884,0.625,0.343,0.085
412.70000000000005,2.265,1.435,0.635,0.884,0.625,0.343,0.086
412.8,2.236,1.411,0.625,0.885,0.626,0.343,0.085
412.90000000000003,2.225,1.401,0.622,0.884,0.625,0.343,0.085
413.0,2.22,1.397,0.62,0.884,0.625,0.343,0.086
413.1,2.218,1.396,0.62,0.884,0.625,0.343,0.085
413.20000000000005,2.218,1.395,0.619,0.884,0.625,0.343,0.086
413.3,2.217,1.395,0.619,0.885,0.625,0.343,0.085
413.40000000000003,2.217,1.395,0.619,0.884,0.625,0.343,0.086
413.5,2.248,1.42,0.629,0.884,0.625,0.343,0.085
413.6,2.229,1.405,0.623,0.884,0.624,0.343,0.086
413.70000000000005,2.253,1.424,0.631,0.884,0.625,0.343,0.085
413.8,2.231,1.406,0.624,0.885,0.625,0.343,0.086
413.90000000000003,2.223,1.399,0.621,0.885,0.625,0.343,0.086
414.0,2.219,1.397,0.62,0.884,0.625,0.343,0.085
414.1,2.218,1.395,0.62,0.884,0.625,0.343,0.085
414.20000000000005,2.217,1.395,0.619,0.884,0.625,0.343,0.086
414.3,2.248,1.42,0.629,0.884,0.625,0.343,0.086
414.40000000000003,2.229,1.405,0.623,0.885,0.625,0.343,0.086
414.5,2.253,1.424,0.631,0.885,0.626,0.343,0.086
414.6,2.231,1.406,0.624,0.885,0.626,0.343,0.086
414.70000000000005,2.223,1.399,0.621,0.884,0.626,0.343,0.086
414.8,2.219,1.397,0.62,0.884,0.625,0.343,0.086
414.90000000000003,2.218,1.395,0.62,0.885,0.625,0.343,0.085
415.0,2.217,1.395,0.619,0.884,0.626,0.343,0.085
415.1,2.217,1.395,0.619,0.884,0.625,0.343,0.086
415.20000000000005,2.217,1.395,0.619,0.885,0.625,0.343,0.085
415.3,2.217,1.395,0.619,0.884,0.625,0.343,0.085
415.40000000000003,2.217,1.395,0.619,0.884,0.625,0.343,0.085
415.5,2.217,1.395,0.619,0.884,0.625,0.343,0.085
415.6,2.217,1.395,0.619,0.884,0.625,0.343,0.086
415.70000000000005,2.217,1.395,0.619,0.885,0.625,0.343,0.085
415.8,2.217,1.395,0.619,0.884,0.625,0.343,0.085
415.90000000000003,2.217,1.395,0.619,0.884,0.625,0.343,0.086
416.0,2.248,1.42,0.629,0.884,0.625,0.343,0.086
416.1,2.229,1.405,0.623,0.884,0.626,0.344,0.085
416.20000000000005,2.222,1.399,0.621,0.885,0.625,0.343,0.086
416.3,2.219,1.396,0.62,0.884,0.625,0.343,0.086
416.40000000000003,2.218,1.395,0.62,0.884,0.625,0.343,0.086
416.5,2.217,1.395,0.619,0.885,0.625,0.343,0.085
416.6,2.217,1.395,0.619,0.884,0.625,0.343,0.086
416.70000000000005,2.217,1.395,0.619,0.885,0.626,0.343,0.086
416.8,2.248,1.42,0.629,0.884,0.625,0.343,0.085
416.90000000000003,2.229,1.405,0.623,0.884,0.625,0.343,0.085
417.0,2.222,1.399,0.621,0.884,0.626,0.343,0.085
417.1,2.219,1.396,0.62,0.884,0.625,0.343,0.086
417.20000000000005,2.218,1.395,0.62,0.884,0.626,0.343,0.085
417.3,2.217,1.395,0.619,0.884,0.625,0.343,0.086
417.40000000000003,2.217,1.395,0.619,0.885,0.625,0.343,0.086
417.5,2.248,1.42,0.629,0.884,0.625,0.343,0.085
417.6,2.199,1.38,0.614,0.885,0.625,0.343,0.085
417.70000000000005,2.21,1.389,0.617,0.885,0.625,0.343,0.086
417.8,2.214,1.392,0.618,0.884,0.625,0.343,0.086
417.90000000000003,2.216,1.394,0.619,0.884,0.625,0.343,0.086
418.0,2.186,1.369,0.609,0.884,0.625,0.343,0.085
418.1,2.174,1.36,0.606,0.884,0.625,0.343,0.085
418.20000000000005,2.231,1.406,0.624,0.884,0.624,0.343,0.085
418.3,2.222,1.399,0.621,0.884,0.625,0.343,0.086
418.40000000000003,2.219,1.397,0.62,0.884,0.625,0.343,0.085
418.5,2.218,1.395,0.62,0.884,0.625,0.343,0.085
418.6,2.217,1.395,0.619,0.883,0.626,0.343,0.085
418.70000000000005,2.217,1.395,0.619,0.883,0.626,0.343,0.085
418.8,2.217,1.395,0.619,0.884,0.626,0.343,0.085
418.90000000000003,2.217,1.395,0.619,0.884,0.626,0.343,0.085
419.0,2.248,1.42,0.629,0.884,0.625,0.343,0.085
419.1,2.229,1.405,0.623,0.884,0.625,0.343,0.085
419.20000000000005,2.222,1.399,0.621,0.884,0.625,0.343,0.085
419.3,2.219,1.396,0.62,0.884,0.625,0.343,0.085
419.40000000000003,2.218,1.395,0.62,0.884,0.625,0.343,0.085
419.5,2.217,1.395,0.619,0.884,0.625,0.343,0.086
419.6,2.217,1.395,0.619,0.884,0.624,0.343,0.085
419.70000000000005,2.217,1.395,0.619,0.884,0.625,0.343,0.085
419.8,2.217,1.395,0.619,0.884,0.625,0.343,0.085
419.90000000000003,2.217,1.395,0.619,0.884,0.625,0.342,0.085
420.0,2.217,1.395,0.619,0.884,0.625,0.342,0.085
420.1,2.217,1.395,0.619,0.884,0.625,0.343,0.086
420.20000000000005,2.217,1.395,0.619,0.883,0.625,0.342,0.086
420.3,2.217,1.395,0.619,0.884,0.624,0.342,0.085
420.40000000000003,2.217,1.395,0.619,0.883,0.625,0.342,0.085
420.5,2.217,1.395,0.619,0.883,0.625,0.342,0.085
420.6,2.217,1.395,0.619,0.883,0.625,0.343,0.086
420.70000000000005,2.187,1.37,0.61,0.883,0.625,0.342,0.085
420.8,2.205,1.385,0.615,0.883,0.625,0.342,0.085
420.90000000000003,2.243,1.416,0.627,0.883,0.626,0.342,0.085
421.0,2.227,1.403,0.623,0.882,0.625,0.342,0.085
421.1,2.221,1.398,0.621,0.883,0.626,0.342,0.085
421.20000000000005,2.219,1.396,0.62,0.883,0.625,0.343,0.085
421.3,2.218,1.395,0.619,0.882,0.626,0.342,0.085
421.40000000000003,2.217,1.395,0.619,0.882,0.625,0.343,0.085
421.5,2.217,1.395,0.619,0.882,0.625,0.342,0.085
421.6,2.217,1.395,0.619,0.883,0.625,0.342,0.085
421.70000000000005,2.217,1.395,0.619,0.882,0.626,0.342,0.085
421.8,2.217,1.395,0.619,0.883,0.625,0.343,0.085
421.90000000000003,2.217,1.395,0.619,0.882,0.625,0.342,0.086
422.0,2.217,1.395,0.619,0.883,0.625,0.342,0.085
422.1,2.217,1.395,0.619,0.883,0.625,0.342,0.085
422.20000000000005,2.217,1.395,0.619,0.883,0.625,0.342,0.085
422.3,2.248,1.42,0.629,0.883,0.625,0.342,0.085
422.40000000000003,2.199,1.38,0.614,0.882,0.625,0.342,0.084
422.5,2.179,1.364,0.607,0.882,0.625,0.341,0.084
422.6,2.233,1.408,0.624,0.881,0.624,0.341,0.084
422.70000000000005,2.193,1.375,0.612,0.881,0.625,0.34,0.084
422.8,2.177,1.362,0.607,0.88,0.625,0.34,0.084
422.90000000000003,2.14,1.332,0.595,0.881,0.625,0.34,0.084
423.0,2.125,1.32,0.59,0.88,0.624,0.339,0.084
423.1,2.15,1.34,0.598,0.88,0.625,0.34,0.084
423.20000000000005,2.16,1.348,0.601,0.879,0.625,0.34,0.084
423.3,2.225,1.401,0.622,0.879,0.625,0.339,0.084
423.40000000000003,2.19,1.372,0.611,0.879,0.624,0.338,0.084
423.5,2.176,1.361,0.606,0.879,0.624,0.338,0.083
423.6,2.17,1.356,0.604,0.88,0.624,0.338,0.084
423.70000000000005,2.198,1.379,0.613,0.879,0.624,0.338,0.084
423.8,2.179,1.364,0.607,0.879,0.624,0.338,0.084
423.90000000000003,2.171,1.357,0.605,0.879,0.624,0.338,0.084
424.0,2.168,1.355,0.604,0.88,0.624,0.338,0.084
424.1,2.167,1.354,0.603,0.88,0.624,0.338,0.084
424.20000000000005,2.197,1.378,0.613,0.881,0.625,0.338,0.085
424.3,2.179,1.363,0.607,0.88,0.625,0.338,0.084
424.40000000000003,2.171,1.357,0.605,0.88,0.625,0.338,0.084
424.5,2.199,1.38,0.613,0.881,0.624,0.338,0.084
424.6,2.271,1.44,0.636,0.881,0.624,0.338,0.085
424.70000000000005,2.269,1.438,0.636,0.881,0.624,0.338,0.084
424.8,2.208,1.387,0.616,0.881,0.624,0.338,0.085
424.90000000000003,2.183,1.367,0.608,0.882,0.625,0.338,0.085
425.0,2.203,1.383,0.615,0.881,0.625,0.338,0.085
425.1,2.181,1.365,0.608,0.881,0.624,0.338,0.085
425.20000000000005,2.203,1.383,0.615,0.881,0.624,0.338,0.085
425.3,2.211,1.39,0.617,0.881,0.624,0.338,0.084
425.40000000000003,2.215,1.393,0.619,0.881,0.623,0.338,0.085
425.5,2.216,1.394,0.619,0.882,0.624,0.338,0.084
425.6,2.217,1.394,0.619,0.882,0.624,0.338,0.085
425.70000000000005,2.217,1.395,0.619,0.881,0.624,0.338,0.085
425.8,2.217,1.395,0.619,0.881,0.624,0.338,0.085
425.90000000000003,2.187,1.37,0.61,0.881,0.624,0.339,0.085
426.0,2.174,1.36,0.606,0.881,0.625,0.339,0.085
426.1,2.2,1.381,0.614,0.882,0.624,0.34,0.085
426.20000000000005,2.21,1.389,0.617,0.881,0.624,0.339,0.085
426.3,2.214,1.392,0.618,0.881,0.624,0.34,0.085
426.40000000000003,2.216,1.394,0.619,0.882,0.624,0.34,0.084
426.5,2.186,1.369,0.609,0.882,0.624,0.339,0.085
426.6,2.205,1.385,0.615,0.882,0.624,0.34,0.085
426.70000000000005,2.212,1.391,0.618,0.882,0.625,0.34,0.085
426.8,2.215,1.393,0.619,0.881,0.625,0.34,0.085
426.90000000000003,2.216,1.394,0.619,0.881,0.624,0.34,0.085
427.0,2.217,1.394,0.619,0.881,0.625,0.34,0.085
427.1,2.217,1.395,0.619,0.882,0.624,0.34,0.086
427.20000000000005,2.187,1.37,0.61,0.882,0.624,0.34,0.085
427.3,2.205,1.385,0.615,0.882,0.624,0.34,0.086
427.40000000000003,2.243,1.416,0.627,0.883,0.625,0.34,0.085
427.5,2.227,1.403,0.623,0.882,0.624,0.34,0.085
427.6,2.191,1.373,0.611,0.881,0.624,0.34,0.085
427.70000000000005,2.207,1.386,0.616,0.882,0.624,0.341,0.085
427.8,2.213,1.391,0.618,0.882,0.624,0.34,0.085
427.90000000000003,2.215,1.393,0.619,0.882,0.624,0.34,0.085
428.0,2.216,1.394,0.619,0.882,0.623,0.34,0.085
428.1,2.247,1.42,0.629,0.882,0.624,0.34,0.085
428.20000000000005,2.229,1.405,0.623,0.882,0.624,0.341,0.086
428.3,2.222,1.399,0.621,0.881,0.624,0.34,0.086
428.40000000000003,2.219,1.396,0.62,0.882,0.623,0.341,0.085
428.5,2.218,1.395,0.62,0.882,0.624,0.34,0.085
428.6,2.217,1.395,0.619,0.882,0.624,0.341,0.086
428.70000000000005,2.217,1.395,0.619,0.881,0.624,0.34,0.085
428.8,2.217,1.395,0.619,0.882,0.624,0.341,0.086
428.90000000000003,2.217,1.395,0.619,0.882,0.624,0.341,0.086
429.0,2.217,1.395,0.619,0.882,0.624,0.341,0.085
429.1,2.217,1.395,0.619,0.882,0.623,0.341,0.085
429.20000000000005,2.217,1.395,0.619,0.882,0.623,0.341,0.086
429.3,2.217,1.395,0.619,0.882,0.623,0.341,0.086
429.40000000000003,2.217,1.395,0.619,0.882,0.624,0.341,0.086
429.5,2.217,1.395,0.619,0.882,0.623,0.341,0.085
429.6,2.217,1.395,0.619,0.882,0.623,0.341,0.085
429.70000000000005,2.217,1.395,0.619,0.882,0.623,0.341,0.085
429.8,2.217,1.395,0.619,0.883,0.623,0.341,0.086
429.90000000000003,2.217,1.395,0.619,0.882,0.623,0.341,0.086
430.0,2.217,1.395,0.619,0.881,0.624,0.341,0.085
430.1,2.217,1.395,0.619,0.882,0.623,0.341,0.086
430.20000000000005,2.217,1.395,0.619,0.882,0.623,0.342,0.086
430.3,2.217,1.395,0.619,0.882,0.624,0.342,0.085
430.40000000000003,2.217,1.395,0.619,0.882,0.624,0.342,0.086
430.5,2.217,1.395,0.619,0.882,0.624,0.341,0.086
430.6,2.217,1.395,0.619,0.882,0.624,0.341,0.086
430.70000000000005,2.217,1.395,0.619,0.882,0.623,0.342,0.086
430.8,2.217,1.395,0.619,0.882,0.624,0.342,0.086
430.90000000000003,2.217,1.395,0.619,0.883,0.625,0.342,0.085
431.0,2.217,1.395,0.619,0.882,0.625,0.342,0.086
431.1,2.217,1.395,0.619,0.883,0.624,0.342,0.085
431.20000000000005,2.217,1.395,0.619,0.883,0.624,0.342,0.085
431.3,2.217,1.395,0.619,0.882,0.623,0.342,0.086
431.40000000000003,2.217,1.395,0.619,0.882,0.624,0.342,0.085
431.5,2.217,1.395,0.619,0.882,0.624,0.342,0.086
431.6,2.217,1.395,0.619,0.882,0.624,0.342,0.086
431.70000000000005,2.248,1.42,0.629,0.882,0.624,0.342,0.085
431.8,2.26,1.43,0.633,0.882,0.624,0.342,0.085
431.90000000000003,2.234,1.409,0.625,0.882,0.623,0.342,0.086
432.0,2.224,1.4,0.621,0.882,0.624,0.342,0.085
432.1,2.22,1.397,0.62,0.882,0.624,0.342,0.085
432.20000000000005,2.218,1.396,0.62,0.882,0.623,0.342,0.086
432.3,2.248,1.42,0.629,0.882,0.624,0.342,0.086
432.40000000000003,2.23,1.405,0.623,0.882,0.624,0.342,0.086
432.5,2.222,1.399,0.621,0.882,0.624,0.342,0.085
432.6,2.219,1.396,0.62,0.883,0.624,0.342,0.086
432.70000000000005,2.218,1.395,0.62,0.882,0.624,0.342,0.086
432.8,2.217,1.395,0.619,0.882,0.624,0.343,0.085
432.90000000000003,2.187,1.37,0.61,0.882,0.623,0.342,0.086
433.0,2.205,1.385,0.615,0.882,0.624,0.343,0.085
433.1,2.243,1.416,0.627,0.882,0.624,0.342,0.085
433.20000000000005,2.258,1.429,0.632,0.882,0.623,0.343,0.085
433.3,2.233,1.408,0.624,0.882,0.624,0.343,0.085
433.40000000000003,2.224,1.4,0.621,0.882,0.625,0.343,0.086
433.5,2.22,1.397,0.62,0.882,0.624,0.343,0.085
433.6,2.218,1.396,0.62,0.882,0.623,0.342,0.086
433.70000000000005,2.218,1.395,0.619,0.882,0.624,0.343,0.086
433.8,2.217,1.395,0.619,0.882,0.624,0.343,0.085
433.90000000000003,2.217,1.395,0.619,0.882,0.623,0.343,0.086
434.0,2.187,1.37,0.61,0.882,0.624,0.343,0.085
434.1,2.205,1.385,0.615,0.882,0.624,0.343,0.085
434.20000000000005,2.212,1.391,0.618,0.882,0.624,0.343,0.085
434.3,2.215,1.393,0.619,0.882,0.623,0.343,0.085
434.40000000000003,2.216,1.394,0.619,0.882,0.624,0.342,0.086
434.5,2.217,1.394,0.619,0.882,0.624,0.343,0.085
434.6,2.248,1.42,0.629,0.882,0.624,0.342,0.085
434.70000000000005,2.26,1.43,0.633,0.882,0.624,0.342,0.085
434.8,2.234,1.409,0.625,0.882,0.624,0.343,0.086
434.90000000000003,2.224,1.4,0.621,0.882,0.623,0.342,0.086
435.0,2.22,1.397,0.62,0.881,0.623,0.343,0.086
435.1,2.249,1.421,0.629,0.882,0.624,0.343,0.085
435.20000000000005,2.23,1.405,0.623,0.882,0.623,0.343,0.085
435.3,2.222,1.399,0.621,0.882,0.623,0.343,0.085
435.40000000000003,2.219,1.396,0.62,0.881,0.623,0.343,0.085
435.5,2.218,1.395,0.62,0.882,0.624,0.343,0.085
435.6,2.217,1.395,0.619,0.882,0.624,0.343,0.085
435.70000000000005,2.217,1.395,0.619,0.883,0.623,0.343,0.086
435.8,2.248,1.42,0.629,0.882,0.623,0.343,0.086
435.90000000000003,2.229,1.405,0.623,0.882,0.623,0.344,0.086
436.0,2.161,1.349,0.602,0.882,0.624,0.343,0.086
436.1,2.195,1.376,0.612,0.882,0.623,0.343,0.086
436.20000000000005,2.239,1.413,0.626,0.882,0.624,0.343,0.086
436.3,2.226,1.402,0.622,0.882,0.624,0.343,0.085
436.40000000000003,2.221,1.398,0.62,0.881,0.624,0.343,0.086
436.5,2.218,1.396,0.62,0.882,0.625,0.344,0.086
436.6,2.218,1.395,0.619,0.882,0.624,0.343,0.086
436.70000000000005,2.217,1.395,0.619,0.882,0.624,0.343,0.086
436.8,2.217,1.395,0.619,0.882,0.624,0.343,0.085
436.90000000000003,2.217,1.395,0.619,0.883,0.623,0.343,0.085
437.0,2.217,1.395,0.619,0.882,0.624,0.344,0.085
437.1,2.217,1.395,0.619,0.882,0.624,0.344,0.085
437.20000000000005,2.217,1.395,0.619,0.882,0.625,0.344,0.086
437.3,2.217,1.395,0.619,0.882,0.624,0.344,0.086
437.40000000000003,2.217,1.395,0.619,0.883,0.624,0.344,0.086
437.5,2.217,1.395,0.619,0.882,0.624,0.343,0.086
437.6,2.217,1.395,0.619,0.881,0.624,0.343,0.086
437.70000000000005,2.217,1.395,0.619,0.882,0.623,0.343,0.086
437.8,2.217,1.395,0.619,0.882,0.623,0.343,0.085
437.90000000000003,2.217,1.395,0.619,0.882,0.624,0.343,0.085
438.0,2.217,1.395,0.619,0.882,0.623,0.344,0.085
438.1,2.217,1.395,0.619,0.881,0.624,0.344,0.085
438.20000000000005,2.248,1.42,0.629,0.882,0.624,0.343,0.086
438.3,2.229,1.405,0.623,0.882,0.623,0.343,0.086
438.40000000000003,2.222,1.399,0.621,0.881,0.624,0.344,0.085
438.5,2.25,1.422,0.63,0.882,0.624,0.344,0.085
438.6,2.23,1.405,0.623,0.881,0.623,0.343,0.085
438.70000000000005,2.222,1.399,0.621,0.882,0.624,0.343,0.085
438.8,2.219,1.396,0.62,0.882,0.624,0.343,0.085
438.90000000000003,2.218,1.395,0.62,0.882,0.623,0.343,0.086
439.0,2.248,1.42,0.629,0.882,0.624,0.344,0.085
439.1,2.229,1.405,0.623,0.882,0.624,0.344,0.086
439.20000000000005,2.222,1.399,0.621,0.882,0.624,0.343,0.086
439.3,2.219,1.396,0.62,0.882,0.624,0.344,0.086
439.40000000000003,2.218,1.395,0.62,0.881,0.624,0.344,0.085
439.5,2.217,1.395,0.619,0.882,0.624,0.343,0.086
439.6,2.217,1.395,0.619,0.882,0.624,0.344,0.085
439.70000000000005,2.217,1.395,0.619,0.882,0.624,0.344,0.085
439.8,2.156,1.345,0.6,0.882,0.623,0.344,0.085
439.90000000000003,2.193,1.375,0.612,0.882,0.624,0.344,0.086
440.0,2.238,1.412,0.626,0.882,0.623,0.345,0.085
440.1,2.225,1.402,0.622,0.882,0.623,0.345,0.085
440.20000000000005,2.22,1.397,0.62,0.882,0.624,0.345,0.085
440.3,2.218,1.396,0.62,0.883,0.624,0.344,0.085
440.40000000000003,2.218,1.395,0.619,0.882,0.624,0.344,0.085
440.5,2.217,1.395,0.619,0.882,0.624,0.344,0.085
440.6,2.217,1.395,0.619,0.882,0.624,0.343,0.085
440.70000000000005,2.217,1.395,0.619,0.882,0.624,0.344,0.085
440.8,2.217,1.395,0.619,0.882,0.623,0.344,0.085
440.90000000000003,2.217,1.395,0.619,0.881,0.623,0.344,0.086
441.0,2.217,1.395,0.619,0.882,0.624,0.344,0.085
441.1,2.217,1.395,0.619,0.882,0.623,0.345,0.085
441.20000000000005,2.217,1.395,0.619,0.881,0.624,0.344,0.085
441.3,2.217,1.395,0.619,0.882,0.623,0.344,0.085
441.40000000000003,2.217,1.395,0.619,0.882,0.624,0.344,0.085
441.5,2.217,1.395,0.619,0.882,0.623,0.344,0.085
441.6,2.217,1.395,0.619,0.881,0.624,0.345,0.086
441.70000000000005,2.217,1.395,0.619,0.882,0.623,0.344,0.086
441.8,2.217,1.395,0.619,0.882,0.623,0.344,0.085
441.90000000000003,2.217,1.395,0.619,0.882,0.624,0.344,0.085
442.0,2.217,1.395,0.619,0.882,0.624,0.345,0.086
442.1,2.248,1.42,0.629,0.882,0.624,0.344,0.086
442.20000000000005,2.229,1.405,0.623,0.881,0.624,0.345,0.085
442.3,2.222,1.399,0.621,0.881,0.624,0.344,0.086
442.40000000000003,2.219,1.396,0.62,0.881,0.624,0.344,0.086
442.5,2.106,1.325,0.588,0.836,0.592,0.327,0.081
442.6,2.015,1.268,0.563,0.8,0.567,0.313,0.078
442.70000000000005,1.942,1.222,0.543,0.772,0.546,0.301,0.075
442.8,1.885,1.186,0.526,0.749,0.53,0.292,0.073
442.90000000000003,1.838,1.157,0.514,0.731,0.517,0.285,0.071
443.0,1.794,1.127,0.501,0.716,0.507,0.279,0.069
443.1,1.766,1.11,0.493,0.704,0.498,0.275,0.068
443.20000000000005,1.736,1.09,0.484,0.695,0.492,0.271,0.067
443.3,1.712,1.074,0.478,0.687,0.486,0.268,0.066
443.40000000000003,1.693,1.061,0.472,0.681,0.482,0.266,0.066
443.5,1.677,1.05,0.468,0.677,0.479,0.264,0.065
443.6,1.673,1.049,0.467,0.673,0.476,0.263,0.065
443.70000000000005,1.677,1.053,0.468,0.67,0.474,0.261,0.065
443.8,1.665,1.045,0.464,0.667,0.472,0.26,0.065
443.90000000000003,1.655,1.038,0.462,0.665,0.471,0.26,0.064
444.0,1.647,1.032,0.459,0.664,0.47,0.259,0.064
444.1,1.641,1.027,0.457,0.662,0.469,0.259,0.064
444.20000000000005,1.636,1.024,0.456,0.661,0.469,0.258,0.064
444.3,1.632,1.021,0.455,0.661,0.468,0.258,0.064
444.40000000000003,1.637,1.025,0.456,0.66,0.468,0.257,0.064
444.5,1.633,1.022,0.455,0.66,0.467,0.257,0.064
444.6,1.629,1.02,0.454,0.659,0.467,0.257,0.064
444.70000000000005,1.627,1.018,0.453,0.659,0.467,0.257,0.064
444.8,1.625,1.016,0.453,0.659,0.467,0.256,0.063
444.90000000000003,1.608,1.002,0.447,0.658,0.466,0.256,0.063
445.0,1.61,1.004,0.448,0.658,0.466,0.256,0.063
445.1,1.604,0.999,0.446,0.658,0.466,0.256,0.063
445.20000000000005,1.599,0.995,0.444,0.658,0.466,0.256,0.063
445.3,1.595,0.992,0.443,0.658,0.466,0.256,0.063
445.40000000000003,1.591,0.989,0.442,0.658,0.466,0.256,0.063
445.5,1.581,0.981,0.439,0.657,0.466,0.256,0.063
445.6,1.581,0.981,0.439,0.657,0.466,0.256,0.063
445.70000000000005,1.573,0.974,0.436,0.656,0.466,0.256,0.063
445.8,1.567,0.969,0.434,0.656,0.466,0.255,0.063
445.90000000000003,1.561,0.965,0.433,0.655,0.466,0.255,0.063
446.0,1.557,0.962,0.432,0.654,0.466,0.254,0.063
446.1,1.562,0.965,0.433,0.653,0.466,0.254,0.062
446.20000000000005,1.558,0.962,0.432,0.652,0.466,0.253,0.062
446.3,1.554,0.959,0.431,0.652,0.466,0.252,0.062
446.40000000000003,1.552,0.957,0.43,0.65,0.466,0.252,0.062
446.5,1.58,0.98,0.439,0.649,0.466,0.251,0.062
446.6,1.572,0.974,0.436,0.649,0.466,0.25,0.061
446.70000000000005,1.566,0.969,0.434,0.647,0.466,0.25,0.061
446.8,1.561,0.965,0.433,0.646,0.466,0.249,0.061
446.90000000000003,1.557,0.962,0.431,0.646,0.466,0.248,0.061
447.0,1.554,0.959,0.43,0.645,0.466,0.247,0.061
447.1,1.551,0.957,0.43,0.644,0.465,0.246,0.061
447.20000000000005,1.549,0.955,0.429,0.643,0.465,0.245,0.061
447.3,1.54,0.948,0.426,0.643,0.466,0.245,0.061
447.40000000000003,1.54,0.948,0.426,0.642,0.465,0.244,0.061
447.5,1.541,0.948,0.426,0.641,0.465,0.243,0.06
447.6,1.526,0.936,0.422,0.64,0.465,0.242,0.06
447.70000000000005,1.536,0.945,0.425,0.64,0.465,0.241,0.06
447.8,1.537,0.946,0.425,0.639,0.465,0.24,0.06
447.90000000000003,1.538,0.946,0.426,0.638,0.465,0.24,0.06
448.0,1.539,0.947,0.426,0.638,0.465,0.239,0.06
448.1,1.539,0.947,0.426,0.637,0.465,0.238,0.06
448.20000000000005,1.54,0.947,0.426,0.637,0.465,0.237,0.06
448.3,1.54,0.948,0.426,0.636,0.465,0.236,0.06
448.40000000000003,1.54,0.948,0.426,0.636,0.465,0.236,0.06
448.5,1.541,0.948,0.426,0.635,0.465,0.235,0.06
448.6,1.541,0.948,0.426,0.635,0.465,0.234,0.06
448.70000000000005,1.541,0.948,0.426,0.634,0.465,0.233,0.06
448.8,1.541,0.948,0.426,0.634,0.465,0.233,0.06
448.90000000000003,1.533,0.942,0.424,0.634,0.465,0.232,0.06
449.0,1.543,0.95,0.427,0.633,0.465,0.232,0.06
449.1,1.542,0.95,0.427,0.633,0.465,0.231,0.06
449.20000000000005,1.542,0.949,0.427,0.633,0.465,0.23,0.06
449.3,1.542,0.949,0.427,0.632,0.465,0.23,0.06
449.40000000000003,1.542,0.949,0.427,0.632,0.465,0.229,0.06
449.5,1.542,0.949,0.427,0.632,0.465,0.228,0.06
449.6,1.542,0.949,0.427,0.631,0.465,0.227,0.059
449.70000000000005,1.542,0.949,0.427,0.631,0.465,0.227,0.059
449.8,1.542,0.949,0.427,0.631,0.465,0.226,0.06
449.90000000000003,1.541,0.949,0.427,0.631,0.465,0.226,0.059
450.0,1.541,0.949,0.427,0.63,0.465,0.225,0.059
450.1,1.541,0.949,0.427,0.63,0.465,0.225,0.059
450.20000000000005,1.541,0.949,0.427,0.63,0.465,0.224,0.059
450.3,1.541,0.949,0.426,0.63,0.465,0.224,0.059
450.40000000000003,1.541,0.949,0.426,0.63,0.465,0.223,0.059
450.5,1.534,0.943,0.424,0.63,0.465,0.223,0.059
450.6,1.535,0.944,0.425,0.63,0.465,0.222,0.059
450.70000000000005,1.529,0.939,0.423,0.63,0.465,0.222,0.059
450.8,1.562,0.966,0.433,0.63,0.465,0.221,0.059
450.90000000000003,1.558,0.962,0.432,0.63,0.465,0.221,0.059
451.0,1.554,0.96,0.431,0.63,0.465,0.221,0.059
451.1,1.613,1.008,0.449,0.63,0.465,0.22,0.059
451.20000000000005,1.599,0.996,0.445,0.63,0.465,0.22,0.059
451.3,1.587,0.987,0.441,0.63,0.465,0.22,0.059
451.40000000000003,1.578,0.979,0.438,0.63,0.465,0.219,0.059
451.5,1.571,0.973,0.436,0.63,0.465,0.219,0.059
451.6,1.565,0.968,0.434,0.63,0.465,0.219,0.059
451.70000000000005,1.56,0.964,0.432,0.63,0.465,0.218,0.059
451.8,1.556,0.961,0.431,0.63,0.465,0.218,0.059
451.90000000000003,1.553,0.959,0.43,0.63,0.465,0.218,0.059
452.0,1.536,0.945,0.425,0.629,0.465,0.217,0.059
452.1,1.537,0.945,0.425,0.629,0.465,0.217,0.059
452.20000000000005,1.538,0.946,0.425,0.629,0.465,0.216,0.058
452.3,1.546,0.953,0.428,0.628,0.465,0.216,0.058
452.40000000000003,1.545,0.952,0.428,0.628,0.465,0.215,0.058
452.5,1.544,0.951,0.427,0.628,0.465,0.215,0.058
452.6,1.544,0.951,0.427,0.627,0.465,0.214,0.058
452.70000000000005,1.543,0.95,0.427,0.627,0.465,0.214,0.058
452.8,1.543,0.95,0.427,0.627,0.465,0.213,0.058
452.90000000000003,1.543,0.95,0.427,0.626,0.465,0.213,0.058
453.0,1.542,0.95,0.427,0.626,0.465,0.212,0.058
453.1,1.542,0.949,0.427,0.626,0.465,0.212,0.058
453.20000000000005,1.542,0.949,0.427,0.625,0.465,0.211,0.058
453.3,1.542,0.949,0.427,0.625,0.465,0.211,0.058
453.40000000000003,1.542,0.949,0.427,0.625,0.465,0.21,0.058
453.5,1.542,0.949,0.427,0.625,0.465,0.21,0.058
453.6,1.542,0.949,0.427,0.625,0.465,0.209,0.058
453.70000000000005,1.542,0.949,0.427,0.625,0.465,0.209,0.058
453.8,1.541,0.949,0.427,0.625,0.465,0.209,0.058
453.90000000000003,1.534,0.943,0.424,0.625,0.465,0.208,0.058
454.0,1.535,0.944,0.425,0.625,0.465,0.208,0.059
454.1,1.537,0.945,0.425,0.625,0.465,0.208,0.059
454.20000000000005,1.538,0.946,0.425,0.625,0.465,0.208,0.058
454.3,1.538,0.946,0.426,0.625,0.465,0.207,0.059
454.40000000000003,1.539,0.947,0.426,0.626,0.465,0.207,0.059
454.5,1.532,0.941,0.424,0.626,0.465,0.207,0.059
454.6,1.534,0.943,0.424,0.626,0.464,0.207,0.059
454.70000000000005,1.535,0.944,0.425,0.627,0.464,0.207,0.059
454.8,1.544,0.951,0.427,0.627,0.465,0.207,0.059
454.90000000000003,1.544,0.95,0.427,0.628,0.465,0.207,0.059
455.0,1.543,0.95,0.427,0.628,0.465,0.207,0.059
455.1,1.565,0.968,0.434,0.629,0.465,0.207,0.059
455.20000000000005,1.561,0.964,0.433,0.629,0.465,0.207,0.059
455.3,1.557,0.961,0.431,0.63,0.465,0.207,0.059
455.40000000000003,1.554,0.959,0.43,0.63,0.465,0.207,0.059
455.5,1.551,0.957,0.43,0.631,0.465,0.207,0.059
455.6,1.549,0.955,0.429,0.631,0.465,0.207,0.059
455.70000000000005,1.548,0.954,0.428,0.632,0.465,0.207,0.059
455.8,1.546,0.953,0.428,0.632,0.465,0.207,0.059
455.90000000000003,1.553,0.958,0.43,0.633,0.465,0.208,0.059
456.0,1.551,0.956,0.429,0.633,0.465,0.208,0.059
456.1,1.549,0.955,0.429,0.633,0.465,0.208,0.059
456.20000000000005,1.547,0.953,0.428,0.634,0.465,0.208,0.059
456.3,1.546,0.953,0.428,0.634,0.465,0.208,0.059
456.40000000000003,1.545,0.952,0.428,0.635,0.465,0.208,0.059
456.5,1.544,0.951,0.427,0.635,0.465,0.208,0.059
456.6,1.544,0.951,0.427,0.635,0.465,0.209,0.059
456.70000000000005,1.543,0.95,0.427,0.636,0.465,0.209,0.059
456.8,1.543,0.95,0.427,0.636,0.465,0.209,0.059
456.90000000000003,1.55,0.956,0.429,0.636,0.465,0.209,0.059
457.0,1.548,0.954,0.429,0.636,0.465,0.21,0.059
457.1,1.547,0.953,0.428,0.636,0.465,0.21,0.059
457.20000000000005,1.546,0.952,0.428,0.636,0.465,0.21,0.059
457.3,1.545,0.952,0.428,0.637,0.465,0.21,0.059
457.40000000000003,1.544,0.951,0.427,0.637,0.465,0.21,0.059
457.5,1.544,0.951,0.427,0.637,0.465,0.211,0.059
457.6,1.543,0.95,0.427,0.637,0.465,0.211,0.059
457.70000000000005,1.543,0.95,0.427,0.637,0.466,0.211,0.059
457.8,1.542,0.95,0.427,0.638,0.466,0.211,0.059
457.90000000000003,1.535,0.943,0.424,0.638,0.466,0.211,0.059
458.0,1.536,0.944,0.425,0.638,0.466,0.212,0.059
458.1,1.515,0.928,0.418,0.638,0.466,0.212,0.059
458.20000000000005,1.52,0.932,0.42,0.638,0.465,0.212,0.059
458.3,1.524,0.935,0.421,0.638,0.466,0.212,0.059
458.40000000000003,1.513,0.926,0.418,0.638,0.466,0.212,0.059
458.5,1.519,0.931,0.419,0.638,0.466,0.212,0.059
458.6,1.523,0.934,0.421,0.638,0.465,0.212,0.059
458.70000000000005,1.527,0.937,0.422,0.638,0.465,0.212,0.059
458.8,1.53,0.939,0.423,0.638,0.466,0.213,0.059
458.90000000000003,1.532,0.941,0.424,0.638,0.466,0.213,0.059
459.0,1.534,0.943,0.424,0.638,0.465,0.213,0.059
459.1,1.535,0.944,0.425,0.638,0.465,0.213,0.06
459.20000000000005,1.537,0.945,0.425,0.638,0.465,0.213,0.059
459.3,1.538,0.946,0.425,0.638,0.465,0.213,0.059
459.40000000000003,1.546,0.952,0.428,0.638,0.465,0.213,0.06
459.5,1.545,0.952,0.428,0.638,0.465,0.213,0.06
459.6,1.544,0.951,0.427,0.638,0.465,0.213,0.059
459.70000000000005,1.544,0.951,0.427,0.638,0.465,0.213,0.059
459.8,1.543,0.95,0.427,0.638,0.465,0.213,0.059
459.90000000000003,1.543,0.95,0.427,0.637,0.465,0.213,0.059
460.0,1.55,0.956,0.429,0.637,0.465,0.213,0.059
460.1,1.548,0.954,0.429,0.637,0.465,0.213,0.059
460.20000000000005,1.547,0.953,0.428,0.636,0.465,0.213,0.059
460.3,1.546,0.952,0.428,0.636,0.465,0.213,0.059
460.40000000000003,1.545,0.952,0.428,0.635,0.465,0.213,0.059
460.5,1.544,0.951,0.427,0.635,0.465,0.213,0.059
460.6,1.544,0.951,0.427,0.634,0.465,0.213,0.059
460.70000000000005,1.543,0.95,0.427,0.634,0.465,0.212,0.058
460.8,1.558,0.962,0.432,0.633,0.465,0.212,0.058
460.90000000000003,1.555,0.959,0.431,0.632,0.465,0.212,0.058
461.0,1.552,0.957,0.43,0.632,0.465,0.211,0.058
461.1,1.55,0.956,0.429,0.631,0.465,0.211,0.058
461.20000000000005,1.556,0.96,0.431,0.631,0.465,0.211,0.058
461.3,1.56,0.964,0.432,0.63,0.465,0.21,0.058
461.40000000000003,1.564,0.967,0.434,0.63,0.465,0.21,0.058
461.5,1.567,0.969,0.435,0.629,0.465,0.209,0.058
461.6,1.569,0.971,0.435,0.629,0.465,0.209,0.058
461.70000000000005,1.564,0.967,0.434,0.628,0.465,0.209,0.058
461.8,1.559,0.963,0.432,0.628,0.465,0.208,0.058
461.90000000000003,1.556,0.96,0.431,0.628,0.465,0.208,0.058
462.0,1.553,0.958,0.43,0.627,0.465,0.207,0.058
462.1,1.558,0.962,0.432,0.627,0.465,0.207,0.058
462.20000000000005,1.562,0.966,0.433,0.626,0.465,0.206,0.058
462.3,1.573,0.974,0.436,0.626,0.465,0.206,0.058
462.40000000000003,1.574,0.975,0.437,0.625,0.465,0.205,0.058
462.5,1.575,0.976,0.437,0.625,0.465,0.204,0.058
462.6,1.576,0.977,0.437,0.625,0.465,0.204,0.058
462.70000000000005,1.577,0.977,0.438,0.624,0.465,0.203,0.058
462.8,1.569,0.971,0.435,0.624,0.465,0.203,0.058
462.90000000000003,1.571,0.973,0.436,0.624,0.465,0.202,0.058
463.0,1.573,0.974,0.436,0.623,0.465,0.202,0.058
463.1,1.574,0.975,0.437,0.623,0.465,0.202,0.058
463.20000000000005,1.575,0.976,0.437,0.623,0.465,0.201,0.058
463.3,1.576,0.977,0.437,0.622,0.465,0.201,0.058
463.40000000000003,1.576,0.977,0.437,0.622,0.465,0.2,0.058
463.5,1.577,0.977,0.438,0.622,0.464,0.2,0.058
463.6,1.577,0.978,0.438,0.622,0.465,0.199,0.058
463.70000000000005,1.578,0.978,0.438,0.621,0.465,0.198,0.058
463.8,1.578,0.978,0.438,0.621,0.465,0.198,0.058
463.90000000000003,1.578,0.978,0.438,0.621,0.464,0.198,0.058
464.0,1.578,0.978,0.438,0.621,0.464,0.197,0.058
464.1,1.578,0.979,0.438,0.621,0.465,0.197,0.058
464.20000000000005,1.586,0.985,0.441,0.621,0.464,0.196,0.058
464.3,1.585,0.984,0.44,0.621,0.464,0.196,0.058
464.40000000000003,1.561,0.965,0.433,0.621,0.464,0.196,0.058
464.5,1.565,0.968,0.434,0.621,0.464,0.195,0.058
464.6,1.56,0.964,0.432,0.621,0.464,0.195,0.059
464.70000000000005,1.564,0.967,0.434,0.621,0.464,0.195,0.058
464.8,1.567,0.969,0.434,0.621,0.464,0.194,0.058
464.90000000000003,1.569,0.971,0.435,0.621,0.464,0.194,0.059
465.0,1.571,0.973,0.436,0.621,0.464,0.194,0.058
465.1,1.573,0.974,0.436,0.621,0.464,0.193,0.059
465.20000000000005,1.581,0.981,0.439,0.621,0.464,0.193,0.058
465.3,1.581,0.981,0.439,0.621,0.464,0.193,0.058
465.40000000000003,1.588,0.987,0.441,0.621,0.464,0.193,0.058
465.5,1.586,0.985,0.441,0.621,0.465,0.192,0.058
465.6,1.585,0.984,0.44,0.621,0.465,0.192,0.058
465.70000000000005,1.584,0.983,0.44,0.621,0.465,0.192,0.058
465.8,1.59,0.988,0.442,0.621,0.465,0.192,0.058
465.90000000000003,1.588,0.986,0.441,0.621,0.464,0.191,0.059
466.0,1.586,0.985,0.441,0.621,0.465,0.191,0.059
466.1,1.585,0.984,0.44,0.621,0.465,0.19,0.059
466.20000000000005,1.583,0.983,0.44,0.621,0.465,0.19,0.059
466.3,1.583,0.982,0.439,0.621,0.465,0.19,0.059
466.40000000000003,1.582,0.981,0.439,0.621,0.464,0.189,0.059
466.5,1.589,0.987,0.441,0.621,0.464,0.189,0.059
466.6,1.587,0.985,0.441,0.621,0.464,0.189,0.059
466.70000000000005,1.585,0.984,0.44,0.621,0.464,0.189,0.059
466.8,1.592,0.989,0.442,0.621,0.464,0.189,0.059
466.90000000000003,1.612,1.006,0.449,0.621,0.464,0.188,0.059
467.0,1.605,1.001,0.447,0.621,0.464,0.188,0.059
467.1,1.6,0.996,0.445,0.621,0.464,0.188,0.059
467.20000000000005,1.603,0.999,0.446,0.621,0.464,0.187,0.059
467.3,1.606,1.001,0.447,0.621,0.464,0.187,0.059
467.40000000000003,1.601,0.997,0.445,0.621,0.464,0.187,0.059
467.5,1.596,0.993,0.444,0.621,0.464,0.187,0.059
467.6,1.593,0.99,0.443,0.621,0.464,0.187,0.059
467.70000000000005,1.59,0.988,0.442,0.621,0.464,0.186,0.059
467.8,1.588,0.986,0.441,0.621,0.464,0.186,0.059
467.90000000000003,1.593,0.991,0.443,0.621,0.464,0.186,0.059
468.0,1.591,0.989,0.442,0.621,0.464,0.186,0.059
468.1,1.596,0.993,0.444,0.622,0.464,0.186,0.059
468.20000000000005,1.592,0.99,0.443,0.622,0.464,0.186,0.059
468.3,1.59,0.988,0.442,0.622,0.464,0.186,0.059
468.40000000000003,1.587,0.986,0.441,0.622,0.464,0.186,0.059
468.5,1.563,0.967,0.433,0.622,0.464,0.186,0.059
468.6,1.566,0.969,0.434,0.622,0.464,0.185,0.059
468.70000000000005,1.569,0.971,0.435,0.622,0.464,0.185,0.059
468.8,1.578,0.979,0.438,0.621,0.465,0.185,0.059
468.90000000000003,1.579,0.979,0.438,0.621,0.464,0.185,0.059
469.0,1.586,0.985,0.441,0.621,0.464,0.185,0.059
469.1,1.592,0.99,0.443,0.621,0.464,0.184,0.059
469.20000000000005,1.597,0.994,0.444,0.621,0.464,0.184,0.059
469.3,1.601,0.997,0.445,0.621,0.464,0.184,0.059
469.40000000000003,1.613,1.007,0.449,0.621,0.464,0.184,0.059
469.5,1.642,1.031,0.458,0.621,0.464,0.184,0.059
469.6,1.597,0.994,0.444,0.621,0.464,0.184,0.059
469.70000000000005,2.049,1.3,0.574,0.748,0.559,0.22,0.072
469.8,2.15,1.357,0.601,0.798,0.597,0.235,0.076
469.90000000000003,2.129,1.33,0.593,0.819,0.612,0.241,0.078
470.0,1.593,0.991,0.443,0.621,0.464,0.184,0.059
470.1,2.213,1.394,0.618,0.827,0.618,0.243,0.079
470.20000000000005,2.185,1.369,0.609,0.83,0.62,0.244,0.079
470.3,2.174,1.36,0.606,0.831,0.621,0.244,0.079
470.40000000000003,2.169,1.356,0.604,0.832,0.621,0.244,0.079
470.5,1.629,1.02,0.454,0.621,0.464,0.184,0.059
470.6,2.198,1.379,0.613,0.833,0.622,0.245,0.079
470.70000000000005,2.179,1.363,0.607,0.834,0.622,0.245,0.079
470.8,2.263,1.433,0.634,0.834,0.622,0.245,0.08
470.90000000000003,2.236,1.41,0.625,0.835,0.622,0.246,0.08
471.0,2.194,1.376,0.612,0.836,0.622,0.246,0.08
471.1,2.177,1.362,0.607,0.837,0.623,0.246,0.079
471.20000000000005,2.171,1.357,0.605,0.837,0.622,0.247,0.08
471.3,2.168,1.354,0.604,0.838,0.622,0.247,0.08
471.40000000000003,2.197,1.379,0.613,0.839,0.622,0.247,0.08
471.5,2.179,1.363,0.607,0.84,0.622,0.248,0.079
471.6,2.263,1.433,0.634,0.841,0.622,0.248,0.08
471.70000000000005,2.328,1.487,0.655,0.842,0.622,0.249,0.08
