Time,CO (MCS),Ethanol (MCS),VOC (MCS),NO2 (GM),Ethanol (GM),VOC (GM),CO (GM)
0.0,3.591,2.62,1.07,0.905,0.68,0.328,0.101
0.1,3.648,2.675,1.089,0.905,0.681,0.328,0.101
0.2,3.671,2.697,1.097,0.905,0.681,0.328,0.102
0.30000000000000004,3.635,2.662,1.084,0.906,0.681,0.329,0.101
0.4,3.62,2.648,1.079,0.906,0.681,0.329,0.102
0.5,3.614,2.642,1.077,0.905,0.681,0.329,0.101
0.6000000000000001,3.658,2.684,1.092,0.906,0.682,0.329,0.101
0.7000000000000001,3.629,2.657,1.083,0.905,0.681,0.33,0.101
0.8,3.618,2.646,1.079,0.905,0.682,0.33,0.102
0.9,3.613,2.642,1.077,0.905,0.681,0.33,0.102
1.0,3.611,2.64,1.077,0.905,0.681,0.331,0.101
1.1,3.611,2.639,1.076,0.906,0.682,0.331,0.101
1.2000000000000002,3.61,2.639,1.076,0.905,0.681,0.332,0.101
1.3,3.61,2.639,1.076,0.905,0.681,0.332,0.101
1.4000000000000001,3.61,2.639,1.076,0.905,0.681,0.332,0.101
1.5,3.61,2.639,1.076,0.904,0.682,0.332,0.101
1.6,3.61,2.639,1.076,0.905,0.682,0.332,0.101
1.7000000000000002,3.61,2.639,1.076,0.905,0.682,0.332,0.101
1.8,3.564,2.595,1.061,0.905,0.681,0.332,0.1
1.9000000000000001,3.546,2.578,1.055,0.904,0.682,0.332,0.101
2.0,3.723,2.748,1.115,0.905,0.681,0.332,0.1
2.1,3.61,2.639,1.076,0.904,0.681,0.332,0.101
2.2,3.564,2.595,1.061,0.905,0.682,0.333,0.1
2.3000000000000003,3.592,2.621,1.07,0.904,0.681,0.333,0.1
2.4000000000000004,3.557,2.588,1.058,0.904,0.682,0.332,0.1
2.5,3.543,2.575,1.054,0.904,0.682,0.332,0.1
2.6,3.538,2.57,1.052,0.903,0.682,0.332,0.1
2.7,3.535,2.568,1.051,0.903,0.682,0.332,0.099
2.8000000000000003,3.535,2.567,1.051,0.903,0.681,0.333,0.099
2.9000000000000004,3.534,2.566,1.051,0.903,0.681,0.333,0.099
3.0,3.534,2.566,1.05,0.902,0.682,0.332,0.099
3.1,3.489,2.523,1.035,0.903,0.682,0.332,0.099
3.2,3.516,2.549,1.044,0.902,0.682,0.332,0.098
3.3000000000000003,3.481,2.516,1.033,0.902,0.682,0.332,0.099
3.4000000000000004,3.467,2.503,1.028,0.903,0.681,0.332,0.099
3.5,3.462,2.498,1.026,0.902,0.682,0.332,0.098
3.6,3.505,2.539,1.041,0.902,0.682,0.332,0.098
3.7,3.477,2.512,1.031,0.903,0.682,0.332,0.098
3.8000000000000003,3.466,2.501,1.027,0.903,0.682,0.332,0.098
3.9000000000000004,3.461,2.497,1.026,0.902,0.682,0.332,0.098
4.0,3.459,2.496,1.025,0.902,0.682,0.332,0.098
4.1000000000000005,3.459,2.495,1.025,0.901,0.682,0.332,0.098
4.2,3.458,2.495,1.025,0.902,0.682,0.331,0.098
4.3,3.458,2.494,1.025,0.902,0.682,0.332,0.098
4.4,3.458,2.494,1.025,0.901,0.682,0.332,0.098
4.5,3.458,2.494,1.025,0.902,0.682,0.331,0.098
4.6000000000000005,3.458,2.494,1.025,0.902,0.682,0.332,0.098
4.7,3.549,2.581,1.056,0.901,0.682,0.332,0.098
4.800000000000001,3.495,2.529,1.037,0.901,0.682,0.331,0.098
4.9,3.518,2.551,1.045,0.902,0.682,0.331,0.098
5.0,3.482,2.517,1.033,0.902,0.682,0.331,0.098
5.1000000000000005,3.468,2.503,1.028,0.901,0.682,0.331,0.098
5.2,3.462,2.498,1.026,0.902,0.682,0.332,0.098
5.300000000000001,3.46,2.496,1.025,0.901,0.682,0.331,0.098
5.4,3.459,2.495,1.025,0.901,0.682,0.331,0.098
5.5,3.458,2.495,1.025,0.902,0.682,0.331,0.098
5.6000000000000005,3.458,2.494,1.025,0.901,0.682,0.331,0.098
5.7,3.458,2.494,1.025,0.901,0.682,0.33,0.098
5.800000000000001,3.458,2.494,1.025,0.901,0.681,0.331,0.097
5.9,3.458,2.494,1.025,0.901,0.682,0.332,0.098
6.0,3.458,2.494,1.025,0.901,0.682,0.331,0.098
6.1000000000000005,3.458,2.494,1.025,0.9,0.682,0.331,0.098
6.2,3.458,2.494,1.025,0.9,0.682,0.332,0.098
6.300000000000001,3.458,2.494,1.025,0.901,0.683,0.331,0.098
6.4,3.458,2.494,1.025,0.901,0.683,0.332,0.098
6.5,3.458,2.494,1.025,0.901,0.682,0.332,0.098
6.6000000000000005,3.458,2.494,1.025,0.9,0.682,0.332,0.099
6.7,3.458,2.494,1.025,0.901,0.682,0.331,0.098
6.800000000000001,3.458,2.494,1.025,0.9,0.682,0.332,0.098
6.9,3.458,2.494,1.025,0.901,0.682,0.332,0.099
7.0,3.458,2.494,1.025,0.901,0.682,0.332,0.098
7.1000000000000005,3.504,2.537,1.04,0.9,0.682,0.332,0.098
7.2,3.476,2.512,1.031,0.901,0.683,0.332,0.098
7.300000000000001,3.465,2.501,1.027,0.901,0.683,0.332,0.098
7.4,3.461,2.497,1.026,0.901,0.682,0.332,0.097
7.5,3.459,2.495,1.025,0.902,0.683,0.332,0.098
7.6000000000000005,3.459,2.495,1.025,0.901,0.682,0.333,0.098
7.7,3.458,2.495,1.025,0.901,0.682,0.332,0.098
7.800000000000001,3.458,2.494,1.025,0.901,0.682,0.332,0.098
7.9,3.458,2.494,1.025,0.9,0.683,0.332,0.098
8.0,3.458,2.494,1.025,0.901,0.682,0.333,0.098
8.1,3.458,2.494,1.025,0.902,0.682,0.332,0.098
8.200000000000001,3.458,2.494,1.025,0.901,0.682,0.332,0.098
8.3,3.458,2.494,1.025,0.901,0.682,0.332,0.098
8.4,3.458,2.494,1.025,0.901,0.683,0.332,0.099
8.5,3.458,2.494,1.025,0.901,0.682,0.333,0.098
8.6,3.504,2.537,1.04,0.902,0.683,0.333,0.097
8.700000000000001,3.476,2.512,1.031,0.901,0.682,0.333,0.098
8.8,3.465,2.501,1.027,0.9,0.683,0.333,0.098
8.9,3.507,2.54,1.041,0.901,0.683,0.333,0.098
9.0,3.478,2.513,1.031,0.901,0.683,0.333,0.098
9.1,3.466,2.502,1.028,0.901,0.683,0.333,0.098
9.200000000000001,3.461,2.497,1.026,0.901,0.683,0.333,0.098
9.3,3.459,2.496,1.025,0.901,0.683,0.333,0.098
9.4,3.459,2.495,1.025,0.901,0.683,0.334,0.098
9.5,3.504,2.538,1.04,0.901,0.683,0.334,0.097
9.600000000000001,3.476,2.512,1.031,0.901,0.684,0.334,0.097
9.700000000000001,3.466,2.501,1.027,0.901,0.683,0.334,0.097
9.8,3.461,2.497,1.026,0.901,0.683,0.334,0.098
9.9,3.505,2.539,1.041,0.901,0.683,0.334,0.098
10.0,3.568,2.599,1.062,0.902,0.683,0.334,0.098
10.100000000000001,3.502,2.536,1.04,0.901,0.683,0.334,0.098
10.200000000000001,3.476,2.511,1.031,0.901,0.684,0.334,0.098
10.3,3.465,2.501,1.027,0.901,0.683,0.334,0.098
10.4,3.461,2.497,1.026,0.901,0.683,0.334,0.098
10.5,3.459,2.495,1.025,0.901,0.684,0.334,0.097
10.600000000000001,3.459,2.495,1.025,0.901,0.683,0.334,0.097
10.700000000000001,3.458,2.495,1.025,0.9,0.683,0.334,0.097
10.8,3.458,2.494,1.025,0.901,0.683,0.335,0.098
10.9,3.458,2.494,1.025,0.901,0.683,0.334,0.097
11.0,3.458,2.494,1.025,0.901,0.682,0.334,0.097
11.100000000000001,3.829,2.853,1.151,0.901,0.684,0.336,0.097
11.200000000000001,3.606,2.638,1.075,0.901,0.684,0.337,0.097
11.3,3.517,2.552,1.045,0.902,0.683,0.337,0.098
11.4,3.482,2.517,1.033,0.901,0.683,0.336,0.097
11.5,3.468,2.504,1.028,0.901,0.684,0.336,0.098
11.600000000000001,3.462,2.498,1.026,0.902,0.684,0.337,0.098
11.700000000000001,3.46,2.496,1.025,0.902,0.684,0.337,0.097
11.8,3.459,2.495,1.025,0.902,0.684,0.337,0.097
11.9,3.458,2.495,1.025,0.901,0.683,0.338,0.097
12.0,3.458,2.494,1.025,0.902,0.684,0.337,0.097
12.100000000000001,3.458,2.494,1.025,0.901,0.684,0.338,0.097
12.200000000000001,3.458,2.494,1.025,0.902,0.684,0.338,0.097
12.3,3.458,2.494,1.025,0.901,0.684,0.337,0.097
12.4,3.458,2.494,1.025,0.901,0.684,0.338,0.097
12.5,3.458,2.494,1.025,0.901,0.684,0.338,0.098
12.600000000000001,3.458,2.494,1.025,0.901,0.683,0.338,0.098
12.700000000000001,3.458,2.494,1.025,0.901,0.683,0.338,0.097
12.8,3.458,2.494,1.025,0.901,0.684,0.338,0.098
12.9,3.458,2.494,1.025,0.902,0.684,0.339,0.098
13.0,3.458,2.494,1.025,0.901,0.684,0.338,0.097
13.100000000000001,3.458,2.494,1.025,0.902,0.683,0.338,0.097
13.200000000000001,3.458,2.494,1.025,0.901,0.683,0.339,0.097
13.3,3.458,2.494,1.025,0.902,0.684,0.339,0.097
13.4,3.458,2.494,1.025,0.901,0.684,0.338,0.097
13.5,3.458,2.494,1.025,0.902,0.684,0.339,0.097
13.600000000000001,3.504,2.537,1.04,0.901,0.684,0.339,0.097
13.700000000000001,3.431,2.469,1.016,0.902,0.684,0.34,0.097
13.8,3.493,2.527,1.037,0.902,0.685,0.34,0.098
13.9,3.293,2.341,0.97,0.901,0.685,0.34,0.098
14.0,3.392,2.433,1.003,0.902,0.685,0.34,0.097
14.100000000000001,3.432,2.47,1.016,0.903,0.684,0.34,0.098
14.200000000000001,3.448,2.485,1.021,0.902,0.684,0.34,0.098
14.3,3.454,2.49,1.024,0.901,0.685,0.34,0.098
14.4,3.457,2.493,1.024,0.902,0.685,0.34,0.098
14.5,3.458,2.494,1.025,0.902,0.684,0.34,0.097
14.600000000000001,3.458,2.494,1.025,0.903,0.685,0.34,0.098
14.700000000000001,3.458,2.494,1.025,0.902,0.685,0.34,0.098
14.8,3.458,2.494,1.025,0.903,0.685,0.34,0.098
14.9,3.458,2.494,1.025,0.902,0.685,0.341,0.097
15.0,3.458,2.494,1.025,0.902,0.685,0.341,0.097
15.100000000000001,3.458,2.494,1.025,0.903,0.685,0.341,0.098
15.200000000000001,3.458,2.494,1.025,0.903,0.685,0.341,0.098
15.3,3.458,2.494,1.025,0.903,0.685,0.341,0.097
15.4,3.458,2.494,1.025,0.903,0.685,0.342,0.097
15.5,3.458,2.494,1.025,0.903,0.685,0.341,0.098
15.600000000000001,3.458,2.494,1.025,0.903,0.685,0.341,0.098
15.700000000000001,3.458,2.494,1.025,0.902,0.685,0.342,0.097
15.8,3.458,2.494,1.025,0.902,0.686,0.341,0.097
15.9,3.458,2.494,1.025,0.903,0.686,0.341,0.097
16.0,3.458,2.494,1.025,0.903,0.685,0.342,0.097
16.1,3.458,2.494,1.025,0.903,0.685,0.342,0.098
16.2,3.504,2.537,1.04,0.903,0.686,0.342,0.097
16.3,3.476,2.512,1.031,0.903,0.685,0.342,0.098
16.400000000000002,3.42,2.459,1.012,0.903,0.685,0.342,0.098
16.5,3.398,2.438,1.005,0.903,0.685,0.342,0.098
16.6,3.434,2.472,1.017,0.903,0.685,0.342,0.098
16.7,3.449,2.485,1.022,0.902,0.685,0.342,0.098
16.8,3.454,2.491,1.024,0.903,0.685,0.342,0.097
16.900000000000002,3.457,2.493,1.024,0.904,0.685,0.342,0.098
17.0,3.458,2.494,1.025,0.903,0.685,0.343,0.097
17.1,3.458,2.494,1.025,0.903,0.685,0.343,0.098
17.2,3.458,2.494,1.025,0.904,0.685,0.342,0.097
17.3,3.458,2.494,1.025,0.903,0.685,0.342,0.097
17.400000000000002,3.458,2.494,1.025,0.903,0.685,0.342,0.098
17.5,3.458,2.494,1.025,0.902,0.685,0.343,0.098
17.6,3.458,2.494,1.025,0.903,0.686,0.343,0.098
17.7,3.458,2.494,1.025,0.903,0.685,0.343,0.097
17.8,3.458,2.494,1.025,0.902,0.685,0.343,0.098
17.900000000000002,3.458,2.494,1.025,0.903,0.685,0.343,0.098
18.0,3.368,2.41,0.995,0.903,0.685,0.343,0.098
18.1,3.422,2.461,1.013,0.903,0.685,0.343,0.098
18.2,3.444,2.481,1.02,0.903,0.685,0.344,0.097
18.3,3.452,2.489,1.023,0.903,0.685,0.343,0.097
18.400000000000002,3.456,2.492,1.024,0.903,0.685,0.343,0.097
18.5,3.457,2.494,1.025,0.902,0.685,0.343,0.098
18.6,3.458,2.494,1.025,0.903,0.686,0.344,0.097
18.7,3.413,2.452,1.01,0.904,0.685,0.343,0.098
18.8,3.44,2.477,1.019,0.904,0.686,0.344,0.098
18.900000000000002,3.406,2.445,1.007,0.903,0.686,0.344,0.098
19.0,3.437,2.475,1.018,0.904,0.685,0.345,0.098
19.1,3.45,2.486,1.022,0.903,0.685,0.345,0.098
19.200000000000003,3.455,2.491,1.024,0.904,0.685,0.344,0.097
19.3,3.457,2.493,1.024,0.904,0.686,0.345,0.098
19.400000000000002,3.458,2.494,1.025,0.905,0.685,0.345,0.097
19.5,3.458,2.494,1.025,0.905,0.686,0.345,0.098
19.6,3.458,2.494,1.025,0.904,0.685,0.345,0.098
19.700000000000003,3.458,2.494,1.025,0.903,0.686,0.345,0.097
19.8,3.458,2.494,1.025,0.904,0.686,0.346,0.098
19.900000000000002,3.458,2.494,1.025,0.904,0.686,0.345,0.098
20.0,3.458,2.494,1.025,0.905,0.686,0.346,0.097
20.1,3.458,2.494,1.025,0.905,0.686,0.345,0.097
20.200000000000003,3.458,2.494,1.025,0.904,0.685,0.346,0.098
20.3,3.458,2.494,1.025,0.905,0.686,0.345,0.098
20.400000000000002,3.458,2.494,1.025,0.904,0.686,0.346,0.098
20.5,3.458,2.494,1.025,0.904,0.685,0.346,0.098
20.6,3.458,2.494,1.025,0.904,0.686,0.346,0.098
20.700000000000003,3.458,2.494,1.025,0.904,0.686,0.346,0.097
20.8,3.413,2.452,1.01,0.905,0.686,0.346,0.097
20.900000000000002,3.44,2.477,1.019,0.904,0.686,0.346,0.097
21.0,3.451,2.488,1.023,0.905,0.686,0.346,0.098
21.1,3.365,2.407,0.994,0.905,0.685,0.346,0.098
21.200000000000003,3.421,2.459,1.012,0.904,0.686,0.347,0.098
21.3,3.443,2.48,1.02,0.905,0.686,0.346,0.097
21.400000000000002,3.452,2.489,1.023,0.904,0.686,0.346,0.098
21.5,3.456,2.492,1.024,0.904,0.686,0.347,0.098
21.6,3.457,2.493,1.025,0.905,0.686,0.347,0.097
21.700000000000003,3.458,2.494,1.025,0.905,0.687,0.348,0.097
21.8,3.458,2.494,1.025,0.904,0.686,0.348,0.097
21.900000000000002,3.458,2.494,1.025,0.905,0.686,0.348,0.098
22.0,3.458,2.494,1.025,0.904,0.686,0.348,0.097
22.1,3.458,2.494,1.025,0.904,0.686,0.348,0.098
22.200000000000003,3.458,2.494,1.025,0.905,0.686,0.347,0.097
22.3,3.458,2.494,1.025,0.905,0.686,0.348,0.097
22.400000000000002,3.458,2.494,1.025,0.905,0.686,0.347,0.098
22.5,3.458,2.494,1.025,0.904,0.686,0.348,0.098
22.6,3.504,2.537,1.04,0.905,0.686,0.348,0.098
22.700000000000003,3.476,2.512,1.031,0.905,0.686,0.348,0.097
22.8,3.465,2.501,1.027,0.904,0.686,0.348,0.097
22.900000000000002,3.507,2.54,1.041,0.905,0.686,0.348,0.098
23.0,3.478,2.513,1.031,0.905,0.687,0.348,0.097
23.1,3.466,2.502,1.028,0.905,0.686,0.348,0.097
23.200000000000003,3.461,2.497,1.026,0.904,0.687,0.348,0.097
23.3,3.459,2.496,1.025,0.905,0.687,0.348,0.098
23.400000000000002,3.459,2.495,1.025,0.905,0.687,0.348,0.098
23.5,3.458,2.495,1.025,0.905,0.686,0.348,0.097
23.6,3.458,2.494,1.025,0.904,0.686,0.348,0.098
23.700000000000003,3.458,2.494,1.025,0.905,0.687,0.348,0.097
23.8,3.458,2.494,1.025,0.904,0.687,0.348,0.097
23.900000000000002,3.458,2.494,1.025,0.905,0.687,0.348,0.097
24.0,3.458,2.494,1.025,0.905,0.686,0.348,0.098
24.1,3.458,2.494,1.025,0.905,0.687,0.349,0.098
24.200000000000003,3.458,2.494,1.025,0.905,0.686,0.349,0.097
24.3,3.458,2.494,1.025,0.905,0.686,0.348,0.097
24.400000000000002,3.458,2.494,1.025,0.905,0.686,0.348,0.097
24.5,3.458,2.494,1.025,0.904,0.686,0.349,0.097
24.6,3.458,2.494,1.025,0.904,0.686,0.348,0.097
24.700000000000003,3.458,2.494,1.025,0.903,0.687,0.349,0.097
24.8,3.458,2.494,1.025,0.904,0.687,0.349,0.097
24.900000000000002,3.458,2.494,1.025,0.905,0.686,0.349,0.098
25.0,3.413,2.452,1.01,0.905,0.687,0.349,0.097
25.1,3.44,2.477,1.019,0.905,0.687,0.349,0.097
25.200000000000003,3.451,2.488,1.023,0.905,0.688,0.349,0.097
25.3,3.455,2.492,1.024,0.905,0.687,0.349,0.097
25.400000000000002,3.457,2.493,1.025,0.905,0.687,0.35,0.097
25.5,3.458,2.494,1.025,0.905,0.686,0.35,0.097
25.6,3.458,2.494,1.025,0.906,0.687,0.349,0.097
25.700000000000003,3.458,2.494,1.025,0.906,0.686,0.35,0.097
25.8,3.458,2.494,1.025,0.905,0.686,0.35,0.097
25.900000000000002,3.458,2.494,1.025,0.905,0.687,0.35,0.097
26.0,3.458,2.494,1.025,0.905,0.687,0.35,0.097
26.1,3.413,2.452,1.01,0.905,0.687,0.35,0.097
26.200000000000003,3.44,2.477,1.019,0.905,0.686,0.349,0.097
26.3,3.451,2.488,1.023,0.906,0.687,0.35,0.097
26.400000000000002,3.455,2.492,1.024,0.905,0.687,0.35,0.097
26.5,3.457,2.493,1.025,0.906,0.687,0.35,0.097
26.6,3.458,2.494,1.025,0.905,0.687,0.35,0.097
26.700000000000003,3.458,2.494,1.025,0.906,0.686,0.35,0.097
26.8,3.458,2.494,1.025,0.905,0.687,0.35,0.097
26.900000000000002,3.458,2.494,1.025,0.905,0.688,0.351,0.097
27.0,3.458,2.494,1.025,0.905,0.688,0.35,0.097
27.1,3.458,2.494,1.025,0.906,0.688,0.351,0.097
27.200000000000003,3.458,2.494,1.025,0.906,0.688,0.351,0.097
27.3,3.458,2.494,1.025,0.906,0.688,0.352,0.097
27.400000000000002,3.458,2.494,1.025,0.906,0.688,0.352,0.097
27.5,3.458,2.494,1.025,0.906,0.687,0.351,0.097
27.6,3.458,2.494,1.025,0.906,0.688,0.351,0.097
27.700000000000003,3.458,2.494,1.025,0.906,0.687,0.351,0.097
27.8,3.458,2.494,1.025,0.906,0.687,0.352,0.097
27.900000000000002,3.458,2.494,1.025,0.907,0.687,0.352,0.097
28.0,3.504,2.537,1.04,0.906,0.686,0.352,0.097
28.1,3.476,2.512,1.031,0.906,0.687,0.352,0.097
28.200000000000003,3.465,2.501,1.027,0.906,0.687,0.351,0.097
28.3,3.461,2.497,1.026,0.905,0.687,0.352,0.096
28.400000000000002,3.459,2.495,1.025,0.905,0.687,0.352,0.097
28.5,3.459,2.495,1.025,0.905,0.688,0.352,0.097
28.6,3.458,2.495,1.025,0.906,0.687,0.352,0.097
28.700000000000003,3.458,2.494,1.025,0.906,0.687,0.352,0.097
28.8,3.458,2.494,1.025,0.905,0.686,0.352,0.097
28.900000000000002,3.458,2.494,1.025,0.905,0.687,0.352,0.097
29.0,3.458,2.494,1.025,0.905,0.687,0.352,0.097
29.1,3.458,2.494,1.025,0.905,0.686,0.352,0.097
29.200000000000003,3.458,2.494,1.025,0.906,0.687,0.352,0.097
29.3,3.413,2.452,1.01,0.905,0.687,0.353,0.097
29.400000000000002,3.44,2.477,1.019,0.905,0.687,0.352,0.097
29.5,3.451,2.488,1.023,0.906,0.687,0.353,0.097
29.6,3.455,2.492,1.024,0.905,0.687,0.352,0.096
29.700000000000003,3.457,2.493,1.025,0.906,0.687,0.352,0.097
29.8,3.458,2.494,1.025,0.906,0.687,0.353,0.097
29.900000000000002,3.458,2.494,1.025,0.906,0.688,0.353,0.097
30.0,3.458,2.494,1.025,0.905,0.688,0.353,0.096
30.1,3.458,2.494,1.025,0.906,0.688,0.353,0.097
30.200000000000003,3.458,2.494,1.025,0.906,0.688,0.353,0.097
30.3,3.458,2.494,1.025,0.905,0.687,0.353,0.096
30.400000000000002,3.458,2.494,1.025,0.905,0.687,0.353,0.096
30.5,3.458,2.494,1.025,0.906,0.687,0.353,0.097
30.6,3.458,2.494,1.025,0.905,0.687,0.353,0.096
30.700000000000003,3.458,2.494,1.025,0.905,0.687,0.353,0.096
30.8,3.458,2.494,1.025,0.906,0.688,0.353,0.097
30.900000000000002,3.458,2.494,1.025,0.906,0.688,0.354,0.096
31.0,3.458,2.494,1.025,0.906,0.687,0.353,0.097
31.1,3.458,2.494,1.025,0.906,0.687,0.354,0.096
31.200000000000003,3.458,2.494,1.025,0.906,0.688,0.353,0.097
31.3,3.458,2.494,1.025,0.906,0.688,0.353,0.097
31.400000000000002,3.458,2.494,1.025,0.906,0.688,0.354,0.097
31.5,3.458,2.494,1.025,0.907,0.688,0.354,0.097
31.6,3.413,2.452,1.01,0.906,0.687,0.354,0.097
31.700000000000003,3.44,2.477,1.019,0.906,0.688,0.354,0.096
31.8,3.451,2.488,1.023,0.906,0.688,0.354,0.096
31.900000000000002,3.455,2.492,1.024,0.905,0.687,0.354,0.097
32.0,3.457,2.493,1.025,0.905,0.688,0.354,0.096
32.1,3.458,2.494,1.025,0.906,0.688,0.354,0.096
32.2,3.458,2.494,1.025,0.906,0.687,0.354,0.096
32.300000000000004,3.458,2.494,1.025,0.906,0.687,0.354,0.096
32.4,3.458,2.494,1.025,0.906,0.688,0.355,0.096
32.5,3.458,2.494,1.025,0.906,0.688,0.355,0.096
32.6,3.458,2.494,1.025,0.906,0.688,0.355,0.096
32.7,3.458,2.494,1.025,0.906,0.687,0.355,0.096
32.800000000000004,3.458,2.494,1.025,0.906,0.687,0.355,0.096
32.9,3.458,2.494,1.025,0.906,0.688,0.355,0.096
33.0,3.458,2.494,1.025,0.905,0.688,0.354,0.096
33.1,3.458,2.494,1.025,0.905,0.688,0.354,0.096
33.2,3.458,2.494,1.025,0.906,0.688,0.355,0.096
33.300000000000004,3.458,2.494,1.025,0.906,0.688,0.355,0.096
33.4,3.458,2.494,1.025,0.905,0.688,0.355,0.096
33.5,3.458,2.494,1.025,0.905,0.688,0.355,0.096
33.6,3.458,2.494,1.025,0.906,0.688,0.355,0.096
33.7,3.458,2.494,1.025,0.905,0.687,0.355,0.096
33.800000000000004,3.458,2.494,1.025,0.905,0.688,0.356,0.096
33.9,3.458,2.494,1.025,0.906,0.688,0.356,0.097
34.0,3.458,2.494,1.025,0.906,0.689,0.356,0.096
34.1,3.458,2.494,1.025,0.906,0.689,0.356,0.096
34.2,3.458,2.494,1.025,0.906,0.689,0.356,0.096
34.300000000000004,3.458,2.494,1.025,0.907,0.689,0.356,0.096
34.4,3.458,2.494,1.025,0.906,0.689,0.356,0.096
34.5,3.458,2.494,1.025,0.906,0.689,0.356,0.096
34.6,3.458,2.494,1.025,0.906,0.689,0.356,0.096
34.7,3.458,2.494,1.025,0.906,0.689,0.356,0.096
34.800000000000004,3.458,2.494,1.025,0.907,0.689,0.356,0.096
34.9,3.458,2.494,1.025,0.906,0.688,0.356,0.096
35.0,3.458,2.494,1.025,0.907,0.689,0.357,0.096
35.1,3.458,2.494,1.025,0.906,0.689,0.356,0.096
35.2,3.458,2.494,1.025,0.906,0.689,0.356,0.096
35.300000000000004,3.458,2.494,1.025,0.905,0.688,0.356,0.096
35.4,3.458,2.494,1.025,0.906,0.689,0.356,0.097
35.5,3.458,2.494,1.025,0.906,0.689,0.356,0.096
35.6,3.458,2.494,1.025,0.906,0.689,0.357,0.096
35.7,3.458,2.494,1.025,0.907,0.689,0.356,0.096
35.800000000000004,3.458,2.494,1.025,0.907,0.689,0.356,0.096
35.9,3.458,2.494,1.025,0.906,0.689,0.356,0.096
36.0,3.458,2.494,1.025,0.906,0.689,0.356,0.096
36.1,3.458,2.494,1.025,0.907,0.689,0.357,0.096
36.2,3.458,2.494,1.025,0.907,0.689,0.356,0.096
36.300000000000004,3.458,2.494,1.025,0.908,0.689,0.357,0.096
36.4,3.458,2.494,1.025,0.907,0.689,0.357,0.097
36.5,3.458,2.494,1.025,0.907,0.689,0.357,0.096
36.6,3.458,2.494,1.025,0.908,0.689,0.357,0.096
36.7,3.458,2.494,1.025,0.907,0.689,0.358,0.096
36.800000000000004,3.458,2.494,1.025,0.908,0.69,0.357,0.096
36.9,3.458,2.494,1.025,0.908,0.69,0.357,0.096
37.0,3.458,2.494,1.025,0.907,0.69,0.357,0.096
37.1,3.458,2.494,1.025,0.907,0.689,0.357,0.096
37.2,3.458,2.494,1.025,0.906,0.689,0.357,0.096
37.300000000000004,3.458,2.494,1.025,0.907,0.689,0.357,0.096
37.4,3.458,2.494,1.025,0.908,0.689,0.357,0.096
37.5,3.458,2.494,1.025,0.907,0.689,0.357,0.096
37.6,3.458,2.494,1.025,0.907,0.688,0.357,0.096
37.7,3.458,2.494,1.025,0.907,0.689,0.357,0.096
37.800000000000004,3.413,2.452,1.01,0.907,0.69,0.357,0.096
37.9,3.44,2.477,1.019,0.908,0.689,0.357,0.096
38.0,3.451,2.488,1.023,0.907,0.689,0.357,0.096
38.1,3.455,2.492,1.024,0.908,0.689,0.358,0.096
38.2,3.457,2.493,1.025,0.907,0.689,0.358,0.096
38.300000000000004,3.458,2.494,1.025,0.907,0.689,0.358,0.096
38.400000000000006,3.458,2.494,1.025,0.907,0.689,0.358,0.096
38.5,3.458,2.494,1.025,0.908,0.69,0.358,0.096
38.6,3.458,2.494,1.025,0.907,0.689,0.358,0.096
38.7,3.458,2.494,1.025,0.908,0.689,0.358,0.096
38.800000000000004,3.458,2.494,1.025,0.908,0.689,0.358,0.096
38.900000000000006,3.458,2.494,1.025,0.908,0.689,0.358,0.096
39.0,3.458,2.494,1.025,0.909,0.69,0.359,0.096
39.1,3.458,2.494,1.025,0.909,0.689,0.359,0.096
39.2,3.458,2.494,1.025,0.909,0.689,0.358,0.096
39.300000000000004,3.458,2.494,1.025,0.908,0.689,0.358,0.096
39.400000000000006,3.458,2.494,1.025,0.908,0.69,0.358,0.096
39.5,3.504,2.537,1.04,0.907,0.69,0.358,0.096
39.6,3.476,2.512,1.031,0.908,0.69,0.359,0.096
39.7,3.42,2.459,1.012,0.908,0.689,0.358,0.096
39.800000000000004,3.443,2.48,1.02,0.908,0.69,0.358,0.095
39.900000000000006,3.543,2.575,1.054,0.907,0.689,0.358,0.095
40.0,3.492,2.527,1.036,0.907,0.689,0.358,0.096
40.1,3.472,2.507,1.03,0.908,0.689,0.358,0.096
40.2,3.464,2.5,1.027,0.908,0.69,0.358,0.096
40.300000000000004,3.46,2.496,1.026,0.908,0.69,0.358,0.096
40.400000000000006,3.459,2.495,1.025,0.908,0.69,0.358,0.096
40.5,3.413,2.452,1.01,0.908,0.689,0.358,0.096
40.6,3.44,2.477,1.019,0.909,0.689,0.358,0.096
40.7,3.406,2.445,1.007,0.908,0.69,0.359,0.095
40.800000000000004,3.437,2.475,1.018,0.908,0.69,0.359,0.096
40.900000000000006,3.45,2.486,1.022,0.907,0.689,0.358,0.096
41.0,3.41,2.449,1.009,0.907,0.689,0.358,0.096
41.1,3.439,2.476,1.018,0.907,0.69,0.358,0.096
41.2,3.45,2.487,1.022,0.907,0.69,0.358,0.096
41.300000000000004,3.455,2.491,1.024,0.908,0.689,0.358,0.096
41.400000000000006,3.457,2.493,1.025,0.907,0.69,0.359,0.096
41.5,3.458,2.494,1.025,0.908,0.69,0.359,0.096
41.6,3.413,2.452,1.01,0.907,0.689,0.359,0.096
41.7,3.44,2.477,1.019,0.907,0.689,0.359,0.095
41.800000000000004,3.451,2.488,1.023,0.908,0.689,0.359,0.096
41.900000000000006,3.455,2.492,1.024,0.908,0.689,0.359,0.096
42.0,3.457,2.493,1.025,0.908,0.689,0.359,0.096
42.1,3.458,2.494,1.025,0.908,0.69,0.359,0.096
42.2,3.458,2.494,1.025,0.908,0.69,0.359,0.096
42.300000000000004,3.458,2.494,1.025,0.909,0.689,0.359,0.095
42.400000000000006,3.458,2.494,1.025,0.908,0.69,0.359,0.096
42.5,3.458,2.494,1.025,0.908,0.69,0.359,0.095
42.6,3.458,2.494,1.025,0.908,0.691,0.359,0.096
42.7,3.458,2.494,1.025,0.907,0.69,0.359,0.096
42.800000000000004,3.458,2.494,1.025,0.907,0.69,0.359,0.096
42.900000000000006,3.458,2.494,1.025,0.906,0.69,0.359,0.095
43.0,3.458,2.494,1.025,0.907,0.69,0.359,0.096
43.1,3.458,2.494,1.025,0.908,0.69,0.359,0.096
43.2,3.458,2.494,1.025,0.908,0.69,0.359,0.095
43.300000000000004,3.413,2.452,1.01,0.907,0.69,0.359,0.095
43.400000000000006,3.44,2.477,1.019,0.908,0.69,0.36,0.095
43.5,3.451,2.488,1.023,0.907,0.69,0.36,0.095
43.6,3.455,2.492,1.024,0.907,0.69,0.359,0.096
43.7,3.457,2.493,1.025,0.907,0.69,0.359,0.095
43.800000000000004,3.458,2.494,1.025,0.906,0.689,0.359,0.096
43.900000000000006,3.458,2.494,1.025,0.907,0.69,0.36,0.095
44.0,3.458,2.494,1.025,0.908,0.69,0.36,0.095
44.1,3.458,2.494,1.025,0.908,0.69,0.36,0.095
44.2,3.458,2.494,1.025,0.909,0.69,0.36,0.095
44.300000000000004,3.458,2.494,1.025,0.908,0.69,0.36,0.095
44.400000000000006,3.413,2.452,1.01,0.907,0.69,0.36,0.096
44.5,3.395,2.435,1.004,0.907,0.69,0.361,0.095
44.6,3.433,2.471,1.016,0.908,0.69,0.361,0.095
44.7,3.403,2.442,1.006,0.908,0.69,0.36,0.095
44.800000000000004,3.391,2.431,1.002,0.907,0.69,0.361,0.095
44.900000000000006,3.431,2.469,1.016,0.908,0.689,0.361,0.096
45.0,3.447,2.484,1.021,0.908,0.69,0.361,0.095
45.1,3.454,2.49,1.023,0.908,0.69,0.36,0.095
45.2,3.456,2.493,1.024,0.908,0.69,0.361,0.095
45.300000000000004,3.458,2.494,1.025,0.908,0.69,0.361,0.095
45.400000000000006,3.458,2.494,1.025,0.908,0.689,0.36,0.095
45.5,3.458,2.494,1.025,0.908,0.689,0.36,0.095
45.6,3.413,2.452,1.01,0.908,0.69,0.361,0.095
45.7,3.44,2.477,1.019,0.908,0.69,0.361,0.095
45.800000000000004,3.451,2.488,1.023,0.907,0.69,0.36,0.095
45.900000000000006,3.455,2.492,1.024,0.907,0.689,0.361,0.095
46.0,3.412,2.451,1.009,0.908,0.69,0.36,0.095
46.1,3.44,2.477,1.019,0.908,0.69,0.361,0.095
46.2,3.406,2.445,1.007,0.908,0.69,0.361,0.094
46.300000000000004,3.392,2.432,1.003,0.907,0.69,0.361,0.095
46.400000000000006,3.341,2.385,0.986,0.908,0.69,0.361,0.095
46.5,3.412,2.451,1.009,0.908,0.69,0.36,0.095
46.6,3.44,2.477,1.019,0.908,0.69,0.36,0.095
46.7,3.406,2.445,1.007,0.909,0.69,0.36,0.095
46.800000000000004,3.437,2.475,1.018,0.908,0.69,0.361,0.095
46.900000000000006,3.45,2.486,1.022,0.907,0.69,0.361,0.095
47.0,3.455,2.491,1.024,0.907,0.689,0.36,0.095
47.1,3.412,2.451,1.009,0.907,0.69,0.36,0.095
47.2,3.394,2.434,1.004,0.908,0.69,0.361,0.095
47.300000000000004,3.433,2.47,1.016,0.908,0.69,0.361,0.095
47.400000000000006,3.403,2.442,1.006,0.907,0.691,0.36,0.094
47.5,3.391,2.431,1.002,0.907,0.69,0.361,0.095
47.6,3.386,2.426,1.001,0.907,0.69,0.361,0.095
47.7,3.429,2.467,1.015,0.907,0.691,0.36,0.095
47.800000000000004,3.447,2.484,1.021,0.908,0.691,0.361,0.095
47.900000000000006,3.454,2.49,1.023,0.907,0.69,0.361,0.095
48.0,3.456,2.493,1.024,0.908,0.69,0.36,0.096
48.1,3.412,2.451,1.01,0.907,0.69,0.361,0.095
48.2,3.44,2.477,1.019,0.908,0.69,0.361,0.095
48.300000000000004,3.406,2.445,1.007,0.908,0.69,0.361,0.095
48.400000000000006,3.437,2.475,1.018,0.908,0.69,0.362,0.096
48.5,3.45,2.486,1.022,0.908,0.691,0.361,0.095
48.6,3.455,2.491,1.024,0.909,0.691,0.361,0.094
48.7,3.457,2.493,1.024,0.908,0.691,0.362,0.095
48.800000000000004,3.458,2.494,1.025,0.908,0.69,0.362,0.095
48.900000000000006,3.458,2.494,1.025,0.907,0.69,0.361,0.095
49.0,3.413,2.452,1.01,0.908,0.69,0.361,0.095
49.1,3.44,2.477,1.019,0.907,0.691,0.361,0.095
49.2,3.496,2.531,1.038,0.908,0.691,0.361,0.094
49.300000000000004,3.474,2.509,1.03,0.908,0.69,0.361,0.095
49.400000000000006,3.464,2.5,1.027,0.908,0.69,0.361,0.095
49.5,3.461,2.497,1.026,0.908,0.69,0.361,0.095
49.6,3.459,2.495,1.025,0.907,0.691,0.362,0.095
49.7,3.459,2.495,1.025,0.908,0.69,0.362,0.095
49.800000000000004,3.458,2.495,1.025,0.908,0.69,0.362,0.095
49.900000000000006,3.458,2.494,1.025,0.908,0.691,0.362,0.095
50.0,3.458,2.494,1.025,0.908,0.69,0.362,0.095
50.1,3.458,2.494,1.025,0.909,0.69,0.361,0.095
50.2,3.413,2.452,1.01,0.909,0.69,0.362,0.095
50.300000000000004,3.44,2.477,1.019,0.907,0.69,0.362,0.095
50.400000000000006,3.451,2.488,1.023,0.908,0.691,0.362,0.095
50.5,3.455,2.492,1.024,0.908,0.691,0.362,0.095
50.6,3.457,2.493,1.025,0.908,0.69,0.362,0.095
50.7,3.458,2.494,1.025,0.909,0.69,0.362,0.094
50.800000000000004,3.458,2.494,1.025,0.908,0.691,0.362,0.095
50.900000000000006,3.458,2.494,1.025,0.908,0.69,0.362,0.095
51.0,3.458,2.494,1.025,0.909,0.69,0.362,0.095
51.1,3.458,2.494,1.025,0.909,0.691,0.362,0.095
51.2,3.458,2.494,1.025,0.909,0.69,0.362,0.095
51.300000000000004,3.458,2.494,1.025,0.908,0.691,0.363,0.095
51.400000000000006,3.458,2.494,1.025,0.909,0.691,0.362,0.095
51.5,3.458,2.494,1.025,0.908,0.691,0.362,0.095
51.6,3.458,2.494,1.025,0.908,0.691,0.362,0.095
51.7,3.458,2.494,1.025,0.908,0.691,0.362,0.095
51.800000000000004,3.458,2.494,1.025,0.907,0.691,0.362,0.095
51.900000000000006,3.458,2.494,1.025,0.908,0.691,0.362,0.094
52.0,3.458,2.494,1.025,0.908,0.691,0.362,0.094
52.1,3.458,2.494,1.025,0.908,0.69,0.362,0.095
52.2,3.458,2.494,1.025,0.909,0.691,0.363,0.094
52.300000000000004,3.458,2.494,1.025,0.908,0.691,0.363,0.095
52.400000000000006,3.458,2.494,1.025,0.909,0.691,0.363,0.095
52.5,3.458,2.494,1.025,0.909,0.692,0.364,0.094
52.6,3.458,2.494,1.025,0.909,0.692,0.363,0.095
52.7,3.458,2.494,1.025,0.909,0.691,0.364,0.095
52.800000000000004,3.458,2.494,1.025,0.908,0.691,0.363,0.094
52.900000000000006,3.413,2.452,1.01,0.908,0.691,0.364,0.094
53.0,3.44,2.477,1.019,0.908,0.692,0.363,0.094
53.1,3.451,2.488,1.023,0.909,0.691,0.364,0.094
53.2,3.455,2.492,1.024,0.909,0.69,0.363,0.095
53.300000000000004,3.457,2.493,1.025,0.908,0.69,0.363,0.095
53.400000000000006,3.458,2.494,1.025,0.908,0.691,0.363,0.094
53.5,3.279,2.327,0.965,0.908,0.691,0.364,0.095
53.6,3.341,2.385,0.986,0.908,0.691,0.364,0.094
53.7,3.411,2.451,1.009,0.909,0.69,0.364,0.094
53.800000000000004,3.394,2.434,1.004,0.909,0.691,0.363,0.094
53.900000000000006,3.387,2.428,1.001,0.909,0.69,0.364,0.095
54.0,3.43,2.468,1.015,0.909,0.691,0.364,0.094
54.1,3.447,2.484,1.021,0.909,0.691,0.364,0.094
54.2,3.454,2.49,1.023,0.909,0.691,0.364,0.095
54.300000000000004,3.456,2.493,1.024,0.909,0.69,0.363,0.094
54.400000000000006,3.412,2.451,1.01,0.909,0.691,0.363,0.094
54.5,3.44,2.477,1.019,0.908,0.691,0.364,0.094
54.6,3.451,2.487,1.022,0.909,0.691,0.364,0.094
54.7,3.41,2.449,1.009,0.909,0.692,0.364,0.094
54.800000000000004,3.394,2.434,1.003,0.909,0.691,0.364,0.095
54.900000000000006,3.387,2.428,1.001,0.909,0.691,0.364,0.094
55.0,3.43,2.468,1.015,0.908,0.691,0.364,0.094
55.1,3.447,2.484,1.021,0.908,0.692,0.364,0.095
55.2,3.454,2.49,1.023,0.908,0.692,0.364,0.094
55.300000000000004,3.456,2.493,1.024,0.909,0.691,0.364,0.094
55.400000000000006,3.457,2.494,1.025,0.909,0.691,0.364,0.094
55.5,3.458,2.494,1.025,0.908,0.691,0.364,0.094
55.6,3.458,2.494,1.025,0.908,0.69,0.364,0.094
55.7,3.458,2.494,1.025,0.908,0.691,0.364,0.094
55.800000000000004,3.413,2.452,1.01,0.908,0.69,0.364,0.094
55.900000000000006,3.44,2.477,1.019,0.908,0.691,0.364,0.094
56.0,3.451,2.488,1.023,0.909,0.691,0.364,0.094
56.1,3.455,2.492,1.024,0.909,0.692,0.364,0.095
56.2,3.457,2.493,1.025,0.909,0.691,0.364,0.094
56.300000000000004,3.458,2.494,1.025,0.909,0.691,0.364,0.094
56.400000000000006,3.458,2.494,1.025,0.909,0.692,0.364,0.094
56.5,3.458,2.494,1.025,0.908,0.691,0.364,0.094
56.6,3.458,2.494,1.025,0.908,0.691,0.364,0.093
56.7,3.458,2.494,1.025,0.909,0.691,0.364,0.094
56.800000000000004,3.458,2.494,1.025,0.909,0.692,0.365,0.095
56.900000000000006,3.458,2.494,1.025,0.909,0.692,0.364,0.095
57.0,3.458,2.494,1.025,0.909,0.691,0.364,0.094
57.1,3.413,2.452,1.01,0.908,0.692,0.364,0.094
57.2,3.44,2.477,1.019,0.909,0.692,0.364,0.093
57.300000000000004,3.451,2.488,1.023,0.909,0.691,0.365,0.094
57.400000000000006,3.41,2.449,1.009,0.909,0.692,0.365,0.094
57.5,3.439,2.476,1.018,0.909,0.692,0.365,0.094
57.6,3.451,2.487,1.022,0.909,0.691,0.365,0.094
57.7,3.455,2.491,1.024,0.909,0.692,0.365,0.094
57.800000000000004,3.457,2.493,1.025,0.909,0.692,0.366,0.094
57.900000000000006,3.458,2.494,1.025,0.909,0.692,0.365,0.094
58.0,3.458,2.494,1.025,0.91,0.692,0.366,0.094
58.1,3.368,2.41,0.995,0.909,0.692,0.365,0.094
58.2,3.422,2.461,1.013,0.909,0.693,0.365,0.094
58.300000000000004,3.444,2.481,1.02,0.909,0.693,0.366,0.094
58.400000000000006,3.407,2.446,1.008,0.909,0.692,0.365,0.094
58.5,3.438,2.475,1.018,0.91,0.692,0.366,0.094
58.6,3.45,2.487,1.022,0.91,0.691,0.366,0.094
58.7,3.455,2.491,1.024,0.91,0.692,0.366,0.094
58.800000000000004,3.457,2.493,1.025,0.91,0.692,0.366,0.094
58.900000000000006,3.458,2.494,1.025,0.911,0.693,0.366,0.093
59.0,3.458,2.494,1.025,0.911,0.693,0.366,0.093
59.1,3.458,2.494,1.025,0.911,0.693,0.366,0.094
59.2,3.458,2.494,1.025,0.91,0.692,0.365,0.094
59.300000000000004,3.413,2.452,1.01,0.91,0.692,0.365,0.093
59.400000000000006,3.44,2.477,1.019,0.909,0.692,0.366,0.093
59.5,3.451,2.488,1.023,0.91,0.692,0.365,0.093
59.6,3.455,2.492,1.024,0.91,0.693,0.365,0.093
59.7,3.412,2.451,1.009,0.909,0.693,0.365,0.094
59.800000000000004,3.44,2.477,1.019,0.909,0.693,0.365,0.093
59.900000000000006,3.451,2.487,1.022,0.909,0.692,0.365,0.093
60.0,3.455,2.492,1.024,0.909,0.692,0.365,0.093
60.1,3.457,2.493,1.025,0.909,0.692,0.365,0.094
60.2,3.458,2.494,1.025,0.909,0.693,0.365,0.093
60.300000000000004,3.458,2.494,1.025,0.909,0.693,0.365,0.094
60.400000000000006,3.458,2.494,1.025,0.91,0.693,0.365,0.094
60.5,3.413,2.452,1.01,0.909,0.693,0.365,0.094
60.6,3.395,2.435,1.004,0.909,0.693,0.365,0.093
60.7,3.433,2.471,1.016,0.909,0.693,0.366,0.093
60.800000000000004,3.448,2.485,1.022,0.909,0.693,0.366,0.093
60.900000000000006,3.454,2.491,1.024,0.909,0.693,0.365,0.093
61.0,3.457,2.493,1.024,0.909,0.693,0.365,0.093
61.1,3.412,2.451,1.01,0.909,0.692,0.365,0.093
61.2,3.44,2.477,1.019,0.91,0.693,0.366,0.094
61.300000000000004,3.451,2.487,1.022,0.909,0.693,0.366,0.093
61.400000000000006,3.501,2.535,1.039,0.909,0.693,0.365,0.093
61.5,3.475,2.51,1.031,0.91,0.693,0.365,0.093
61.6,3.465,2.501,1.027,0.91,0.692,0.366,0.093
61.7,3.461,2.497,1.026,0.909,0.692,0.365,0.093
61.800000000000004,3.459,2.495,1.025,0.91,0.693,0.366,0.093
61.900000000000006,3.459,2.495,1.025,0.909,0.693,0.366,0.093
62.0,3.458,2.495,1.025,0.91,0.693,0.365,0.093
62.1,3.458,2.494,1.025,0.91,0.693,0.366,0.093
62.2,3.282,2.367,0.973,0.863,0.658,0.347,0.088
62.300000000000004,3.141,2.266,0.931,0.826,0.629,0.332,0.084
62.400000000000006,3.028,2.184,0.898,0.797,0.607,0.32,0.081
62.5,2.938,2.119,0.871,0.773,0.589,0.311,0.079
62.6,2.867,2.068,0.85,0.754,0.574,0.303,0.077
62.7,2.809,2.026,0.833,0.739,0.563,0.297,0.076
62.800000000000004,2.763,1.993,0.819,0.727,0.553,0.292,0.074
62.900000000000006,2.727,1.967,0.808,0.717,0.546,0.288,0.073
63.0,2.697,1.945,0.799,0.709,0.54,0.285,0.072
63.1,2.674,1.929,0.792,0.703,0.535,0.283,0.072
63.2,2.655,1.915,0.787,0.698,0.532,0.281,0.071
63.300000000000004,2.64,1.904,0.782,0.694,0.529,0.279,0.071
63.400000000000006,2.628,1.896,0.779,0.691,0.526,0.278,0.071
63.5,2.619,1.889,0.776,0.689,0.525,0.277,0.071
63.6,2.622,1.894,0.778,0.687,0.523,0.276,0.07
63.7,2.614,1.888,0.775,0.685,0.522,0.276,0.07
63.800000000000004,2.596,1.872,0.769,0.684,0.521,0.275,0.07
63.900000000000006,2.593,1.87,0.768,0.683,0.52,0.274,0.07
64.0,2.579,1.857,0.764,0.682,0.52,0.274,0.07
64.10000000000001,2.568,1.848,0.76,0.681,0.519,0.274,0.07
64.2,2.559,1.84,0.757,0.681,0.519,0.273,0.069
64.3,2.552,1.833,0.755,0.68,0.519,0.272,0.069
64.4,2.547,1.828,0.753,0.68,0.518,0.272,0.069
64.5,2.554,1.835,0.756,0.68,0.518,0.271,0.069
64.60000000000001,2.548,1.83,0.754,0.679,0.518,0.27,0.068
64.7,2.543,1.826,0.752,0.679,0.518,0.27,0.068
64.8,2.539,1.822,0.751,0.679,0.518,0.269,0.068
64.9,2.536,1.819,0.75,0.679,0.518,0.269,0.068
65.0,2.523,1.807,0.745,0.678,0.517,0.268,0.068
65.10000000000001,2.523,1.807,0.746,0.678,0.517,0.268,0.068
65.2,2.535,1.818,0.749,0.677,0.517,0.267,0.068
65.3,2.533,1.816,0.749,0.677,0.517,0.267,0.068
65.4,2.52,1.804,0.744,0.677,0.517,0.267,0.068
65.5,2.509,1.795,0.741,0.677,0.517,0.266,0.068
65.60000000000001,2.501,1.787,0.738,0.677,0.517,0.266,0.068
65.7,2.495,1.781,0.736,0.676,0.517,0.266,0.067
65.8,2.489,1.776,0.734,0.676,0.517,0.265,0.068
65.9,2.485,1.772,0.733,0.676,0.517,0.265,0.067
66.0,2.482,1.769,0.732,0.676,0.517,0.265,0.067
66.10000000000001,2.479,1.766,0.731,0.676,0.517,0.264,0.067
66.2,2.477,1.764,0.73,0.676,0.517,0.264,0.067
66.3,2.475,1.763,0.73,0.676,0.517,0.263,0.067
66.4,2.474,1.761,0.729,0.676,0.517,0.263,0.067
66.5,2.473,1.76,0.729,0.676,0.517,0.262,0.067
66.60000000000001,2.472,1.76,0.728,0.675,0.517,0.262,0.067
66.7,2.471,1.759,0.728,0.675,0.517,0.262,0.067
66.8,2.471,1.758,0.728,0.675,0.517,0.261,0.067
66.9,2.47,1.758,0.728,0.675,0.517,0.261,0.067
67.0,2.47,1.758,0.728,0.675,0.517,0.26,0.067
67.10000000000001,2.47,1.757,0.728,0.675,0.517,0.26,0.067
67.2,2.458,1.747,0.724,0.674,0.517,0.259,0.067
67.3,2.46,1.749,0.725,0.674,0.517,0.258,0.067
67.4,2.462,1.75,0.725,0.674,0.517,0.258,0.067
67.5,2.441,1.731,0.718,0.674,0.517,0.257,0.067
67.60000000000001,2.447,1.736,0.72,0.674,0.517,0.257,0.067
67.7,2.451,1.74,0.721,0.674,0.517,0.256,0.066
67.8,2.454,1.743,0.723,0.673,0.517,0.256,0.067
67.9,2.446,1.736,0.72,0.673,0.517,0.256,0.067
68.0,2.439,1.729,0.718,0.673,0.517,0.255,0.067
68.10000000000001,2.445,1.735,0.72,0.673,0.517,0.255,0.067
68.2,2.439,1.729,0.717,0.673,0.517,0.254,0.067
68.3,2.445,1.734,0.719,0.673,0.517,0.254,0.066
68.4,2.45,1.739,0.721,0.673,0.517,0.254,0.066
68.5,2.442,1.732,0.719,0.673,0.517,0.254,0.066
68.60000000000001,2.436,1.726,0.717,0.673,0.517,0.253,0.066
68.7,2.432,1.722,0.715,0.673,0.517,0.253,0.066
68.8,2.439,1.729,0.717,0.673,0.517,0.253,0.066
68.9,2.434,1.724,0.716,0.673,0.517,0.253,0.066
69.0,2.418,1.71,0.711,0.673,0.517,0.252,0.066
69.10000000000001,2.417,1.709,0.71,0.673,0.517,0.252,0.066
69.2,2.416,1.708,0.71,0.673,0.517,0.252,0.066
69.3,2.416,1.707,0.71,0.673,0.517,0.252,0.067
69.4,2.415,1.707,0.71,0.672,0.517,0.251,0.067
69.5,2.415,1.706,0.709,0.672,0.517,0.251,0.067
69.60000000000001,2.414,1.706,0.709,0.672,0.517,0.251,0.066
69.7,2.414,1.706,0.709,0.672,0.517,0.251,0.066
69.8,2.414,1.706,0.709,0.672,0.517,0.25,0.066
69.9,2.414,1.705,0.709,0.672,0.517,0.25,0.066
70.0,2.413,1.705,0.709,0.672,0.517,0.25,0.066
70.10000000000001,2.413,1.705,0.709,0.672,0.517,0.249,0.066
70.2,2.413,1.705,0.709,0.672,0.517,0.249,0.066
70.3,2.413,1.705,0.709,0.672,0.517,0.249,0.066
70.4,2.413,1.705,0.709,0.672,0.517,0.249,0.066
70.5,2.413,1.705,0.709,0.672,0.517,0.248,0.066
70.60000000000001,2.413,1.705,0.709,0.672,0.517,0.248,0.066
70.7,2.413,1.705,0.709,0.671,0.517,0.248,0.066
70.8,2.413,1.705,0.709,0.671,0.517,0.247,0.066
70.9,2.413,1.705,0.709,0.671,0.517,0.247,0.066
71.0,2.413,1.705,0.709,0.671,0.517,0.247,0.066
71.10000000000001,2.413,1.705,0.709,0.671,0.517,0.246,0.066
71.2,2.413,1.705,0.709,0.671,0.517,0.246,0.066
71.3,2.413,1.705,0.709,0.671,0.517,0.246,0.066
71.4,2.413,1.705,0.709,0.671,0.517,0.245,0.066
71.5,2.413,1.705,0.709,0.671,0.517,0.245,0.066
71.60000000000001,2.402,1.695,0.705,0.671,0.517,0.244,0.066
71.7,2.404,1.697,0.706,0.671,0.517,0.244,0.066
71.8,2.462,1.751,0.725,0.67,0.517,0.244,0.066
71.9,2.452,1.742,0.722,0.67,0.517,0.243,0.066
72.0,2.444,1.735,0.719,0.67,0.517,0.243,0.066
72.10000000000001,2.438,1.729,0.717,0.67,0.517,0.242,0.066
72.2,2.433,1.724,0.716,0.67,0.517,0.242,0.066
72.3,2.429,1.72,0.714,0.67,0.517,0.242,0.066
72.4,2.426,1.717,0.713,0.67,0.517,0.241,0.066
72.5,2.423,1.714,0.712,0.67,0.517,0.241,0.066
72.60000000000001,2.421,1.712,0.712,0.67,0.517,0.241,0.066
72.7,2.419,1.711,0.711,0.67,0.517,0.241,0.066
72.8,2.418,1.71,0.711,0.67,0.517,0.24,0.066
72.9,2.417,1.709,0.71,0.67,0.517,0.24,0.066
73.0,2.416,1.708,0.71,0.669,0.517,0.24,0.066
73.10000000000001,2.416,1.707,0.71,0.669,0.517,0.24,0.066
73.2,2.415,1.707,0.709,0.669,0.517,0.239,0.066
73.3,2.415,1.706,0.709,0.669,0.517,0.239,0.066
73.4,2.414,1.706,0.709,0.669,0.517,0.239,0.066
73.5,2.403,1.696,0.705,0.67,0.517,0.239,0.066
73.60000000000001,2.405,1.697,0.706,0.67,0.517,0.239,0.066
73.7,2.406,1.699,0.707,0.67,0.517,0.239,0.066
73.8,2.408,1.7,0.707,0.669,0.517,0.239,0.066
73.9,2.398,1.691,0.704,0.669,0.517,0.238,0.066
74.0,2.401,1.694,0.705,0.669,0.517,0.238,0.066
74.10000000000001,2.403,1.696,0.706,0.669,0.517,0.238,0.066
74.2,2.394,1.687,0.702,0.669,0.517,0.238,0.066
74.3,2.398,1.691,0.704,0.669,0.517,0.237,0.066
74.4,2.39,1.683,0.701,0.669,0.517,0.237,0.066
74.5,2.394,1.688,0.703,0.669,0.517,0.237,0.066
74.60000000000001,2.398,1.691,0.704,0.669,0.517,0.237,0.066
74.7,2.401,1.694,0.705,0.669,0.517,0.237,0.066
74.8,2.403,1.696,0.706,0.669,0.517,0.236,0.066
74.9,2.405,1.698,0.706,0.669,0.517,0.236,0.066
75.0,2.407,1.699,0.707,0.669,0.517,0.236,0.066
75.10000000000001,2.408,1.7,0.707,0.669,0.517,0.236,0.066
75.2,2.409,1.701,0.707,0.669,0.517,0.235,0.066
75.3,2.41,1.702,0.708,0.669,0.517,0.235,0.065
75.4,2.41,1.702,0.708,0.669,0.517,0.235,0.065
75.5,2.411,1.703,0.708,0.668,0.517,0.234,0.065
75.60000000000001,2.411,1.703,0.708,0.668,0.517,0.234,0.065
75.7,2.412,1.704,0.708,0.668,0.517,0.233,0.065
75.8,2.412,1.704,0.708,0.668,0.517,0.233,0.066
75.9,2.412,1.704,0.708,0.669,0.517,0.233,0.066
76.0,2.412,1.704,0.709,0.668,0.517,0.232,0.066
76.10000000000001,2.412,1.704,0.709,0.668,0.517,0.232,0.065
76.2,2.412,1.704,0.709,0.668,0.517,0.232,0.065
76.3,2.401,1.694,0.705,0.668,0.517,0.232,0.066
76.4,2.404,1.696,0.706,0.668,0.517,0.232,0.065
76.5,2.394,1.688,0.703,0.668,0.517,0.231,0.065
76.60000000000001,2.387,1.681,0.7,0.669,0.517,0.231,0.065
76.7,2.381,1.675,0.698,0.669,0.517,0.231,0.065
76.80000000000001,2.376,1.671,0.697,0.669,0.517,0.231,0.065
76.9,2.384,1.678,0.699,0.669,0.517,0.231,0.065
77.0,2.378,1.673,0.697,0.669,0.517,0.23,0.065
77.10000000000001,2.374,1.669,0.696,0.669,0.517,0.23,0.065
77.2,2.393,1.687,0.702,0.669,0.517,0.23,0.065
77.30000000000001,2.386,1.68,0.7,0.668,0.517,0.23,0.066
77.4,2.38,1.675,0.698,0.668,0.517,0.229,0.066
77.5,2.376,1.671,0.696,0.668,0.517,0.229,0.066
77.60000000000001,2.383,1.677,0.699,0.667,0.517,0.228,0.066
77.7,2.389,1.683,0.701,0.667,0.517,0.228,0.065
77.80000000000001,2.383,1.677,0.699,0.667,0.517,0.228,0.065
77.9,2.389,1.683,0.701,0.666,0.517,0.228,0.065
78.0,2.383,1.677,0.699,0.666,0.517,0.227,0.065
78.10000000000001,2.378,1.672,0.697,0.666,0.517,0.227,0.065
78.2,2.374,1.669,0.696,0.666,0.517,0.226,0.066
78.30000000000001,2.381,1.676,0.698,0.666,0.517,0.226,0.065
78.4,2.366,1.661,0.693,0.666,0.517,0.226,0.065
78.5,2.364,1.66,0.692,0.666,0.517,0.226,0.066
78.60000000000001,2.363,1.659,0.692,0.665,0.517,0.226,0.065
78.7,2.373,1.668,0.695,0.665,0.517,0.225,0.065
78.80000000000001,2.37,1.665,0.694,0.665,0.517,0.225,0.065
78.9,2.367,1.663,0.694,0.665,0.517,0.225,0.065
79.0,2.376,1.671,0.697,0.665,0.517,0.225,0.065
79.10000000000001,2.373,1.668,0.695,0.665,0.517,0.225,0.065
79.2,2.381,1.675,0.698,0.665,0.517,0.225,0.065
79.30000000000001,2.376,1.671,0.697,0.665,0.517,0.224,0.065
79.4,2.372,1.667,0.695,0.665,0.517,0.224,0.065
79.5,2.38,1.675,0.698,0.665,0.517,0.224,0.065
79.60000000000001,2.376,1.671,0.696,0.665,0.517,0.224,0.065
79.7,2.372,1.667,0.695,0.665,0.517,0.223,0.065
79.80000000000001,2.358,1.654,0.691,0.665,0.517,0.223,0.065
79.9,2.358,1.654,0.691,0.665,0.517,0.223,0.065
80.0,2.358,1.654,0.69,0.665,0.517,0.223,0.065
80.10000000000001,2.358,1.654,0.69,0.665,0.517,0.223,0.065
80.2,2.369,1.664,0.694,0.665,0.517,0.222,0.065
80.30000000000001,2.378,1.672,0.697,0.664,0.517,0.222,0.066
80.4,2.374,1.669,0.696,0.664,0.517,0.222,0.065
80.5,2.382,1.676,0.698,0.664,0.517,0.222,0.065
80.60000000000001,2.388,1.682,0.7,0.664,0.517,0.221,0.065
80.7,2.382,1.676,0.698,0.664,0.517,0.221,0.066
80.80000000000001,2.399,1.692,0.704,0.664,0.517,0.221,0.066
80.9,2.402,1.695,0.705,0.664,0.517,0.221,0.066
81.0,2.404,1.697,0.706,0.664,0.517,0.221,0.065
81.10000000000001,2.406,1.698,0.706,0.664,0.517,0.221,0.065
81.2,2.407,1.7,0.707,0.664,0.517,0.22,0.066
81.30000000000001,2.397,1.69,0.704,0.664,0.517,0.22,0.066
81.4,2.378,1.673,0.697,0.664,0.517,0.22,0.066
81.5,2.374,1.669,0.696,0.664,0.517,0.22,0.066
81.60000000000001,2.382,1.676,0.698,0.664,0.517,0.22,0.066
81.7,2.388,1.682,0.701,0.665,0.517,0.22,0.066
81.80000000000001,2.393,1.687,0.702,0.665,0.517,0.22,0.066
81.9,2.386,1.68,0.7,0.665,0.517,0.22,0.066
82.0,2.391,1.685,0.702,0.665,0.517,0.22,0.066
82.10000000000001,2.396,1.689,0.703,0.665,0.516,0.22,0.066
82.2,2.388,1.682,0.7,0.665,0.517,0.22,0.066
82.30000000000001,2.382,1.676,0.698,0.665,0.517,0.22,0.066
82.4,2.377,1.672,0.697,0.665,0.517,0.219,0.066
82.5,2.384,1.678,0.699,0.665,0.517,0.219,0.066
82.60000000000001,2.379,1.673,0.697,0.665,0.517,0.219,0.066
82.7,2.375,1.669,0.696,0.665,0.517,0.219,0.066
82.80000000000001,2.371,1.666,0.695,0.665,0.517,0.219,0.066
82.9,2.368,1.664,0.694,0.665,0.517,0.219,0.066
83.0,2.377,1.672,0.697,0.665,0.517,0.219,0.066
83.10000000000001,2.373,1.668,0.696,0.665,0.517,0.219,0.066
83.2,2.381,1.676,0.698,0.665,0.517,0.219,0.066
83.30000000000001,2.377,1.671,0.697,0.665,0.517,0.219,0.066
83.4,2.384,1.678,0.699,0.665,0.517,0.219,0.066
83.5,2.379,1.673,0.697,0.665,0.517,0.218,0.066
83.60000000000001,2.374,1.669,0.696,0.665,0.517,0.218,0.066
83.7,2.371,1.666,0.695,0.665,0.517,0.218,0.066
83.80000000000001,2.368,1.664,0.694,0.665,0.517,0.218,0.066
83.9,2.366,1.662,0.693,0.665,0.517,0.218,0.066
84.0,2.376,1.67,0.696,0.665,0.517,0.218,0.066
84.10000000000001,2.372,1.667,0.695,0.665,0.517,0.218,0.066
84.2,2.369,1.664,0.694,0.665,0.517,0.218,0.066
84.30000000000001,2.367,1.662,0.693,0.665,0.517,0.218,0.066
84.4,2.365,1.661,0.693,0.665,0.517,0.218,0.066
84.5,2.363,1.659,0.692,0.665,0.517,0.217,0.066
84.60000000000001,2.362,1.658,0.692,0.665,0.517,0.217,0.066
84.7,2.361,1.657,0.692,0.665,0.517,0.217,0.066
84.80000000000001,2.372,1.667,0.695,0.665,0.517,0.217,0.066
84.9,2.369,1.664,0.694,0.665,0.517,0.217,0.066
85.0,2.367,1.662,0.693,0.665,0.517,0.217,0.066
85.10000000000001,2.354,1.65,0.689,0.665,0.517,0.217,0.066
85.2,2.366,1.661,0.693,0.665,0.517,0.217,0.066
85.30000000000001,2.364,1.66,0.692,0.665,0.517,0.216,0.066
85.4,2.363,1.659,0.692,0.665,0.517,0.216,0.066
85.5,2.362,1.658,0.692,0.665,0.517,0.216,0.066
85.60000000000001,2.372,1.667,0.695,0.665,0.517,0.216,0.066
85.7,2.38,1.675,0.698,0.665,0.517,0.216,0.066
85.80000000000001,2.387,1.681,0.7,0.664,0.517,0.216,0.066
85.9,2.392,1.686,0.702,0.665,0.517,0.216,0.066
86.0,2.385,1.679,0.7,0.664,0.517,0.215,0.066
86.10000000000001,2.391,1.684,0.701,0.664,0.516,0.215,0.066
86.2,2.384,1.678,0.699,0.664,0.516,0.215,0.066
86.30000000000001,2.379,1.673,0.697,0.664,0.517,0.215,0.066
86.4,2.386,1.68,0.7,0.664,0.517,0.215,0.066
86.5,2.38,1.674,0.698,0.664,0.517,0.215,0.066
86.60000000000001,2.387,1.681,0.7,0.664,0.517,0.215,0.066
86.7,2.392,1.685,0.702,0.664,0.517,0.214,0.066
86.80000000000001,2.385,1.679,0.699,0.664,0.517,0.214,0.066
86.9,2.391,1.684,0.701,0.664,0.517,0.214,0.066
87.0,2.395,1.688,0.703,0.664,0.516,0.214,0.066
87.10000000000001,2.399,1.692,0.704,0.664,0.516,0.214,0.066
87.2,2.402,1.694,0.705,0.664,0.517,0.214,0.066
87.30000000000001,2.404,1.696,0.706,0.664,0.517,0.214,0.066
87.4,2.406,1.698,0.706,0.664,0.517,0.213,0.066
87.5,2.407,1.699,0.707,0.664,0.517,0.213,0.066
87.60000000000001,2.408,1.7,0.707,0.664,0.517,0.213,0.066
87.7,2.409,1.701,0.708,0.664,0.517,0.213,0.066
87.80000000000001,2.399,1.692,0.704,0.664,0.517,0.213,0.066
87.9,2.402,1.694,0.705,0.664,0.517,0.213,0.066
88.0,2.393,1.686,0.702,0.664,0.516,0.213,0.066
88.10000000000001,2.397,1.69,0.703,0.664,0.516,0.213,0.066
88.2,2.389,1.683,0.701,0.664,0.516,0.213,0.066
88.30000000000001,2.394,1.687,0.702,0.664,0.516,0.213,0.066
88.4,2.386,1.68,0.7,0.664,0.516,0.212,0.067
88.5,2.392,1.685,0.702,0.663,0.516,0.212,0.067
88.60000000000001,2.385,1.679,0.699,0.663,0.516,0.212,0.066
88.7,2.413,1.705,0.709,0.663,0.516,0.212,0.066
88.80000000000001,2.413,1.705,0.709,0.663,0.516,0.212,0.066
88.9,2.413,1.705,0.709,0.663,0.516,0.212,0.066
89.0,2.413,1.705,0.709,0.663,0.516,0.212,0.066
89.10000000000001,2.413,1.705,0.709,0.663,0.517,0.212,0.066
89.2,2.424,1.715,0.712,0.662,0.517,0.212,0.066
89.30000000000001,2.422,1.713,0.712,0.662,0.517,0.211,0.066
89.4,2.42,1.711,0.711,0.662,0.516,0.211,0.066
89.5,2.419,1.71,0.711,0.662,0.516,0.211,0.066
89.60000000000001,2.417,1.709,0.71,0.662,0.516,0.211,0.066
89.7,2.405,1.698,0.706,0.662,0.516,0.211,0.066
89.80000000000001,2.396,1.689,0.703,0.661,0.516,0.21,0.066
89.9,2.388,1.682,0.701,0.662,0.516,0.21,0.066
90.0,2.382,1.676,0.698,0.662,0.516,0.21,0.066
90.10000000000001,2.377,1.672,0.697,0.662,0.516,0.21,0.066
90.2,2.384,1.678,0.699,0.662,0.517,0.21,0.066
90.30000000000001,2.39,1.684,0.701,0.662,0.516,0.21,0.066
90.4,2.395,1.688,0.703,0.662,0.516,0.209,0.066
90.5,2.398,1.691,0.704,0.662,0.517,0.209,0.066
90.60000000000001,2.39,1.684,0.701,0.662,0.517,0.209,0.066
90.7,2.384,1.678,0.699,0.662,0.517,0.209,0.066
90.80000000000001,2.378,1.673,0.697,0.661,0.517,0.208,0.066
90.9,2.374,1.669,0.696,0.661,0.516,0.208,0.066
91.0,2.382,1.676,0.698,0.662,0.517,0.208,0.066
91.10000000000001,2.893,2.041,0.849,0.796,0.622,0.249,0.08
91.2,3.053,2.146,0.895,0.849,0.665,0.266,0.085
91.30000000000001,3.161,2.229,0.928,0.871,0.681,0.273,0.088
91.4,3.16,2.221,0.926,0.88,0.688,0.275,0.088
91.5,3.204,2.259,0.94,0.884,0.69,0.275,0.089
91.60000000000001,3.222,2.274,0.946,0.885,0.692,0.276,0.089
91.7,3.229,2.28,0.948,0.886,0.692,0.276,0.089
91.80000000000001,3.187,2.242,0.934,0.886,0.692,0.276,0.089
91.9,3.215,2.267,0.944,0.886,0.692,0.276,0.089
92.0,3.226,2.278,0.947,0.886,0.691,0.276,0.089
92.10000000000001,3.23,2.282,0.949,0.887,0.692,0.276,0.089
92.2,3.232,2.283,0.949,0.886,0.691,0.276,0.089
92.30000000000001,3.233,2.284,0.95,0.887,0.692,0.276,0.09
92.4,3.233,2.284,0.95,0.887,0.692,0.276,0.089
92.5,3.233,2.284,0.95,0.888,0.693,0.276,0.089
92.60000000000001,3.233,2.284,0.95,0.888,0.693,0.277,0.089
92.7,3.189,2.243,0.935,0.889,0.693,0.276,0.089
92.80000000000001,3.215,2.268,0.944,0.889,0.693,0.276,0.09
92.9,3.226,2.278,0.947,0.89,0.693,0.277,0.089
93.0,3.23,2.282,0.949,0.889,0.692,0.276,0.09
93.10000000000001,3.232,2.283,0.949,0.888,0.692,0.276,0.089
93.2,3.233,2.284,0.95,0.889,0.692,0.276,0.089
93.30000000000001,3.233,2.284,0.95,0.889,0.692,0.276,0.089
93.4,3.233,2.284,0.95,0.89,0.693,0.276,0.089
93.5,3.233,2.284,0.95,0.89,0.693,0.276,0.089
93.60000000000001,3.552,2.586,1.057,0.889,0.692,0.276,0.089
93.7,3.361,2.405,0.993,0.889,0.693,0.276,0.089
93.80000000000001,3.284,2.333,0.967,0.89,0.693,0.275,0.09
93.9,3.254,2.304,0.957,0.889,0.692,0.276,0.089
94.0,3.241,2.292,0.952,0.889,0.692,0.275,0.089
94.10000000000001,3.237,2.287,0.951,0.889,0.691,0.276,0.09
94.2,3.235,2.286,0.95,0.89,0.692,0.276,0.09
94.30000000000001,3.324,2.368,0.98,0.89,0.692,0.276,0.09
94.4,3.314,2.359,0.977,0.891,0.693,0.276,0.09
94.5,3.266,2.314,0.961,0.891,0.692,0.276,0.089
94.60000000000001,3.246,2.296,0.954,0.892,0.692,0.277,0.09
94.7,3.238,2.289,0.951,0.894,0.692,0.277,0.09
94.80000000000001,3.235,2.286,0.95,0.895,0.693,0.277,0.09
94.9,3.234,2.285,0.95,0.896,0.692,0.278,0.09
95.0,3.234,2.285,0.95,0.896,0.692,0.278,0.09
95.10000000000001,3.233,2.284,0.95,0.896,0.692,0.278,0.09
95.2,3.233,2.284,0.95,0.896,0.693,0.279,0.09
95.30000000000001,3.233,2.284,0.95,0.896,0.692,0.279,0.09
95.4,3.233,2.284,0.95,0.896,0.692,0.28,0.09
95.5,3.233,2.284,0.95,0.896,0.692,0.28,0.09
95.60000000000001,3.233,2.284,0.95,0.897,0.693,0.28,0.089
95.7,3.233,2.284,0.95,0.897,0.693,0.281,0.09
95.80000000000001,3.233,2.284,0.95,0.896,0.693,0.281,0.09
95.9,3.189,2.243,0.935,0.896,0.693,0.281,0.09
96.0,3.26,2.309,0.959,0.897,0.692,0.281,0.09
96.10000000000001,3.244,2.294,0.953,0.897,0.692,0.282,0.09
96.2,3.238,2.288,0.951,0.897,0.693,0.282,0.09
96.30000000000001,3.235,2.286,0.95,0.897,0.692,0.282,0.09
96.4,3.234,2.285,0.95,0.898,0.692,0.282,0.09
96.5,3.234,2.285,0.95,0.897,0.692,0.282,0.09
96.60000000000001,3.233,2.284,0.95,0.898,0.692,0.283,0.09
96.7,3.233,2.284,0.95,0.898,0.692,0.284,0.09
96.80000000000001,3.233,2.284,0.95,0.898,0.692,0.284,0.09
96.9,3.233,2.284,0.95,0.898,0.692,0.285,0.09
97.0,3.233,2.284,0.95,0.898,0.693,0.284,0.09
97.10000000000001,3.233,2.284,0.95,0.898,0.692,0.284,0.09
97.2,3.233,2.284,0.95,0.899,0.692,0.284,0.09
97.30000000000001,3.233,2.284,0.95,0.899,0.692,0.285,0.091
97.4,3.233,2.284,0.95,0.9,0.692,0.284,0.09
97.5,3.233,2.284,0.95,0.899,0.692,0.285,0.09
97.60000000000001,3.233,2.284,0.95,0.898,0.692,0.285,0.09
97.7,3.233,2.284,0.95,0.898,0.692,0.285,0.09
97.80000000000001,3.233,2.284,0.95,0.898,0.692,0.285,0.09
97.9,3.189,2.243,0.935,0.899,0.692,0.286,0.09
98.0,3.215,2.268,0.944,0.898,0.692,0.285,0.09
98.10000000000001,3.182,2.237,0.933,0.898,0.693,0.286,0.09
98.2,3.124,2.184,0.913,0.898,0.692,0.286,0.09
98.30000000000001,3.19,2.244,0.935,0.898,0.693,0.286,0.09
98.4,3.216,2.268,0.944,0.899,0.692,0.286,0.09
98.5,3.182,2.237,0.933,0.898,0.692,0.286,0.09
98.60000000000001,3.213,2.265,0.943,0.898,0.691,0.287,0.09
98.7,3.225,2.277,0.947,0.899,0.692,0.287,0.09
98.80000000000001,3.185,2.24,0.934,0.898,0.692,0.287,0.09
98.9,3.214,2.267,0.943,0.898,0.692,0.287,0.09
99.0,3.181,2.236,0.932,0.898,0.692,0.287,0.091
99.10000000000001,3.168,2.224,0.928,0.899,0.691,0.287,0.091
99.2,3.163,2.219,0.926,0.9,0.692,0.288,0.09
99.30000000000001,3.205,2.258,0.94,0.9,0.692,0.288,0.09
99.4,3.177,2.233,0.931,0.899,0.692,0.288,0.09
99.5,3.211,2.264,0.942,0.898,0.692,0.288,0.09
99.60000000000001,3.18,2.235,0.932,0.898,0.692,0.288,0.09
99.7,3.167,2.224,0.928,0.898,0.692,0.288,0.09
99.80000000000001,3.162,2.219,0.926,0.899,0.691,0.288,0.09
99.9,3.16,2.217,0.926,0.899,0.692,0.288,0.09
100.0,3.16,2.217,0.925,0.899,0.693,0.288,0.09
100.10000000000001,3.159,2.216,0.925,0.898,0.692,0.288,0.09
100.2,3.159,2.216,0.925,0.899,0.692,0.288,0.09
100.30000000000001,3.159,2.216,0.925,0.899,0.692,0.289,0.09
100.4,3.159,2.216,0.925,0.898,0.692,0.289,0.09
100.5,3.204,2.257,0.94,0.899,0.691,0.289,0.09
100.60000000000001,3.177,2.232,0.931,0.9,0.692,0.289,0.09
100.7,3.166,2.223,0.927,0.899,0.691,0.289,0.09
100.80000000000001,3.206,2.26,0.941,0.898,0.692,0.289,0.09
100.9,3.178,2.234,0.931,0.898,0.691,0.289,0.09
101.0,3.167,2.223,0.928,0.899,0.692,0.29,0.09
101.10000000000001,3.162,2.219,0.926,0.898,0.692,0.289,0.09
101.2,3.205,2.258,0.94,0.898,0.692,0.29,0.09
101.30000000000001,3.177,2.233,0.931,0.897,0.691,0.289,0.09
101.4,3.166,2.223,0.927,0.898,0.692,0.289,0.091
101.5,3.162,2.219,0.926,0.898,0.691,0.289,0.09
101.60000000000001,3.205,2.258,0.94,0.898,0.691,0.289,0.09
101.7,3.177,2.233,0.931,0.898,0.69,0.289,0.09
101.80000000000001,3.166,2.223,0.927,0.898,0.691,0.29,0.09
101.9,3.162,2.219,0.926,0.898,0.691,0.29,0.09
102.0,3.16,2.217,0.925,0.899,0.691,0.29,0.09
102.10000000000001,3.16,2.217,0.925,0.898,0.691,0.29,0.09
102.2,3.159,2.216,0.925,0.899,0.692,0.29,0.09
102.30000000000001,3.159,2.216,0.925,0.899,0.691,0.29,0.09
102.4,3.159,2.216,0.925,0.898,0.69,0.29,0.09
102.5,3.159,2.216,0.925,0.899,0.691,0.291,0.09
102.60000000000001,3.159,2.216,0.925,0.899,0.69,0.29,0.09
102.7,3.159,2.216,0.925,0.899,0.691,0.29,0.09
102.80000000000001,3.159,2.216,0.925,0.898,0.692,0.29,0.091
102.9,3.159,2.216,0.925,0.898,0.691,0.29,0.09
103.0,3.159,2.216,0.925,0.899,0.692,0.291,0.09
103.10000000000001,3.159,2.216,0.925,0.899,0.692,0.29,0.09
103.2,3.159,2.216,0.925,0.899,0.692,0.29,0.091
103.30000000000001,3.115,2.176,0.91,0.9,0.692,0.291,0.091
103.4,3.141,2.2,0.919,0.899,0.692,0.291,0.09
103.5,3.152,2.21,0.923,0.899,0.691,0.29,0.09
103.60000000000001,3.156,2.213,0.924,0.898,0.69,0.29,0.09
103.7,3.158,2.215,0.925,0.898,0.691,0.29,0.09
103.80000000000001,3.159,2.216,0.925,0.9,0.692,0.291,0.09
103.9,3.159,2.216,0.925,0.9,0.692,0.291,0.09
104.0,3.159,2.216,0.925,0.899,0.691,0.292,0.09
104.10000000000001,3.159,2.216,0.925,0.899,0.691,0.291,0.089
104.2,3.159,2.216,0.925,0.898,0.691,0.291,0.09
104.30000000000001,3.204,2.257,0.94,0.898,0.692,0.292,0.09
104.4,3.133,2.192,0.916,0.898,0.691,0.291,0.09
104.5,3.149,2.206,0.922,0.898,0.691,0.291,0.09
104.60000000000001,3.155,2.212,0.924,0.898,0.691,0.291,0.09
104.7,3.069,2.134,0.895,0.899,0.69,0.292,0.09
104.80000000000001,3.123,2.183,0.913,0.898,0.691,0.291,0.09
104.9,3.145,2.203,0.92,0.898,0.691,0.291,0.089
105.0,3.153,2.211,0.923,0.898,0.691,0.292,0.09
105.10000000000001,3.157,2.214,0.924,0.897,0.691,0.291,0.09
105.2,3.158,2.215,0.925,0.898,0.691,0.292,0.089
105.30000000000001,3.159,2.216,0.925,0.898,0.691,0.292,0.09
105.4,3.159,2.216,0.925,0.898,0.691,0.292,0.09
105.5,3.159,2.216,0.925,0.898,0.691,0.292,0.09
105.60000000000001,3.159,2.216,0.925,0.898,0.69,0.292,0.09
105.7,3.159,2.216,0.925,0.898,0.691,0.292,0.09
105.80000000000001,3.159,2.216,0.925,0.898,0.691,0.292,0.09
105.9,3.204,2.257,0.94,0.898,0.69,0.292,0.09
106.0,3.177,2.232,0.931,0.898,0.69,0.292,0.09
106.10000000000001,3.166,2.223,0.927,0.898,0.691,0.292,0.09
106.2,3.162,2.219,0.926,0.898,0.691,0.292,0.09
106.30000000000001,3.16,2.217,0.925,0.898,0.691,0.292,0.089
106.4,3.16,2.216,0.925,0.898,0.691,0.292,0.09
106.5,3.159,2.216,0.925,0.898,0.691,0.292,0.09
106.60000000000001,3.159,2.216,0.925,0.898,0.69,0.292,0.09
106.7,3.159,2.216,0.925,0.899,0.691,0.292,0.089
106.80000000000001,3.159,2.216,0.925,0.898,0.692,0.292,0.09
106.9,3.159,2.216,0.925,0.898,0.691,0.292,0.089
107.0,3.159,2.216,0.925,0.897,0.691,0.292,0.09
107.10000000000001,3.159,2.216,0.925,0.897,0.69,0.292,0.09
107.2,3.159,2.216,0.925,0.897,0.69,0.292,0.09
107.30000000000001,3.159,2.216,0.925,0.897,0.691,0.292,0.09
107.4,3.159,2.216,0.925,0.897,0.691,0.292,0.09
107.5,3.159,2.216,0.925,0.898,0.69,0.292,0.09
107.60000000000001,3.159,2.216,0.925,0.898,0.69,0.292,0.09
107.7,3.159,2.216,0.925,0.898,0.69,0.292,0.09
107.80000000000001,3.159,2.216,0.925,0.898,0.691,0.292,0.09
107.9,3.159,2.216,0.925,0.898,0.69,0.292,0.09
108.0,3.159,2.216,0.925,0.898,0.69,0.292,0.09
108.10000000000001,3.159,2.216,0.925,0.897,0.691,0.292,0.09
108.2,3.159,2.216,0.925,0.898,0.691,0.292,0.09
108.30000000000001,3.159,2.216,0.925,0.897,0.691,0.292,0.09
108.4,3.159,2.216,0.925,0.898,0.691,0.292,0.09
108.5,3.159,2.216,0.925,0.898,0.691,0.292,0.09
108.60000000000001,3.159,2.216,0.925,0.898,0.691,0.292,0.09
108.7,3.115,2.176,0.91,0.898,0.691,0.293,0.09
108.80000000000001,3.141,2.2,0.919,0.897,0.69,0.292,0.09
108.9,3.152,2.21,0.923,0.898,0.69,0.292,0.09
109.0,3.156,2.213,0.924,0.897,0.69,0.292,0.09
109.10000000000001,3.158,2.215,0.925,0.897,0.69,0.292,0.089
109.2,3.114,2.175,0.91,0.898,0.69,0.292,0.09
109.30000000000001,3.141,2.2,0.919,0.898,0.69,0.292,0.09
109.4,3.152,2.21,0.923,0.897,0.69,0.292,0.09
109.5,3.156,2.213,0.924,0.898,0.69,0.292,0.09
109.60000000000001,3.158,2.215,0.925,0.898,0.69,0.292,0.09
109.7,3.159,2.216,0.925,0.897,0.689,0.292,0.09
109.80000000000001,3.159,2.216,0.925,0.897,0.69,0.292,0.089
109.9,3.159,2.216,0.925,0.898,0.69,0.292,0.09
110.0,3.159,2.216,0.925,0.898,0.69,0.292,0.09
110.10000000000001,3.159,2.216,0.925,0.898,0.69,0.292,0.09
110.2,3.159,2.216,0.925,0.897,0.691,0.293,0.089
110.30000000000001,3.159,2.216,0.925,0.897,0.69,0.292,0.09
110.4,3.159,2.216,0.925,0.898,0.69,0.292,0.09
110.5,3.159,2.216,0.925,0.898,0.69,0.292,0.09
110.60000000000001,3.159,2.216,0.925,0.898,0.69,0.292,0.09
110.7,3.159,2.216,0.925,0.897,0.69,0.292,0.09
110.80000000000001,3.159,2.216,0.925,0.898,0.691,0.292,0.09
110.9,3.159,2.216,0.925,0.898,0.691,0.292,0.09
111.0,3.159,2.216,0.925,0.898,0.691,0.292,0.09
111.10000000000001,3.159,2.216,0.925,0.898,0.69,0.292,0.09
111.2,3.159,2.216,0.925,0.898,0.69,0.292,0.09
111.30000000000001,3.159,2.216,0.925,0.898,0.691,0.292,0.09
111.4,3.159,2.216,0.925,0.898,0.691,0.292,0.09
111.5,3.159,2.216,0.925,0.897,0.691,0.292,0.09
111.60000000000001,3.159,2.216,0.925,0.898,0.69,0.292,0.09
111.7,3.159,2.216,0.925,0.898,0.691,0.293,0.089
111.80000000000001,3.159,2.216,0.925,0.897,0.69,0.293,0.09
111.9,3.159,2.216,0.925,0.897,0.69,0.292,0.09
112.0,3.159,2.216,0.925,0.898,0.691,0.292,0.09
112.10000000000001,3.159,2.216,0.925,0.897,0.69,0.293,0.09
112.2,3.159,2.216,0.925,0.898,0.691,0.293,0.09
112.30000000000001,3.159,2.216,0.925,0.898,0.69,0.292,0.089
112.4,3.159,2.216,0.925,0.897,0.69,0.292,0.09
112.5,3.159,2.216,0.925,0.897,0.69,0.292,0.09
112.60000000000001,3.159,2.216,0.925,0.897,0.69,0.292,0.09
112.7,3.115,2.176,0.91,0.897,0.689,0.293,0.089
112.80000000000001,3.141,2.2,0.919,0.897,0.69,0.292,0.09
112.9,3.152,2.21,0.923,0.897,0.69,0.292,0.09
113.0,3.156,2.213,0.924,0.897,0.69,0.292,0.09
113.10000000000001,3.158,2.215,0.925,0.896,0.69,0.292,0.09
113.2,3.159,2.216,0.925,0.897,0.69,0.292,0.09
113.30000000000001,3.159,2.216,0.925,0.897,0.69,0.292,0.09
113.4,3.159,2.216,0.925,0.897,0.69,0.292,0.09
113.5,3.159,2.216,0.925,0.897,0.69,0.292,0.09
113.60000000000001,3.159,2.216,0.925,0.897,0.69,0.292,0.09
113.7,3.159,2.216,0.925,0.898,0.69,0.292,0.09
113.80000000000001,3.159,2.216,0.925,0.897,0.69,0.292,0.09
113.9,3.159,2.216,0.925,0.898,0.69,0.292,0.09
114.0,3.159,2.216,0.925,0.897,0.69,0.292,0.09
114.10000000000001,3.159,2.216,0.925,0.897,0.69,0.292,0.09
114.2,3.159,2.216,0.925,0.897,0.69,0.292,0.09
114.30000000000001,3.115,2.176,0.91,0.896,0.69,0.292,0.09
114.4,3.141,2.2,0.919,0.896,0.69,0.292,0.09
114.5,3.152,2.21,0.923,0.897,0.69,0.292,0.09
114.60000000000001,3.156,2.213,0.924,0.897,0.69,0.292,0.09
114.7,3.114,2.175,0.91,0.897,0.69,0.292,0.09
114.80000000000001,3.141,2.199,0.919,0.897,0.69,0.292,0.09
114.9,3.152,2.209,0.923,0.896,0.69,0.292,0.089
115.0,3.156,2.213,0.924,0.897,0.689,0.292,0.09
115.10000000000001,3.158,2.215,0.925,0.897,0.689,0.292,0.09
115.2,3.159,2.216,0.925,0.897,0.69,0.292,0.09
115.30000000000001,3.159,2.216,0.925,0.896,0.689,0.292,0.089
115.4,3.159,2.216,0.925,0.897,0.69,0.292,0.09
115.5,3.159,2.216,0.925,0.898,0.69,0.292,0.09
115.60000000000001,3.115,2.176,0.91,0.897,0.69,0.292,0.09
115.7,3.141,2.2,0.919,0.896,0.69,0.292,0.09
115.80000000000001,3.152,2.21,0.923,0.896,0.69,0.292,0.089
115.9,3.156,2.213,0.924,0.897,0.69,0.292,0.09
116.0,3.158,2.215,0.925,0.896,0.689,0.292,0.089
116.10000000000001,3.159,2.216,0.925,0.897,0.689,0.292,0.09
116.2,3.159,2.216,0.925,0.896,0.69,0.292,0.09
116.30000000000001,3.115,2.176,0.91,0.897,0.689,0.292,0.089
116.4,3.097,2.159,0.905,0.897,0.69,0.292,0.089
116.5,3.134,2.193,0.917,0.896,0.69,0.292,0.089
116.60000000000001,3.105,2.167,0.907,0.896,0.69,0.292,0.09
116.7,3.093,2.156,0.903,0.896,0.69,0.291,0.089
116.80000000000001,3.088,2.152,0.902,0.897,0.689,0.292,0.09
116.9,3.087,2.15,0.901,0.896,0.689,0.292,0.09
117.0,3.13,2.19,0.915,0.897,0.69,0.291,0.09
117.10000000000001,3.148,2.205,0.921,0.897,0.689,0.292,0.09
117.2,3.154,2.212,0.924,0.896,0.69,0.292,0.09
117.30000000000001,3.113,2.174,0.91,0.896,0.689,0.291,0.09
117.4,3.141,2.199,0.919,0.896,0.69,0.292,0.09
117.5,3.152,2.209,0.923,0.896,0.69,0.292,0.089
117.60000000000001,3.112,2.173,0.909,0.896,0.69,0.291,0.09
117.7,3.14,2.199,0.919,0.897,0.69,0.292,0.09
117.80000000000001,3.107,2.169,0.908,0.896,0.69,0.292,0.09
117.9,3.138,2.197,0.918,0.897,0.691,0.292,0.09
118.0,3.107,2.168,0.908,0.897,0.69,0.292,0.09
118.10000000000001,3.138,2.197,0.918,0.896,0.69,0.291,0.089
118.2,3.106,2.168,0.908,0.897,0.69,0.292,0.09
118.30000000000001,3.094,2.156,0.903,0.897,0.689,0.291,0.09
118.4,3.089,2.152,0.902,0.896,0.69,0.291,0.09
118.5,2.999,2.071,0.872,0.897,0.69,0.292,0.089
118.60000000000001,3.051,2.117,0.889,0.896,0.689,0.291,0.09
118.7,3.116,2.177,0.911,0.896,0.689,0.29,0.09
118.80000000000001,3.142,2.2,0.919,0.896,0.689,0.29,0.089
118.9,3.108,2.169,0.908,0.896,0.689,0.291,0.089
119.0,3.094,2.157,0.904,0.896,0.689,0.29,0.09
119.10000000000001,3.089,2.152,0.902,0.896,0.69,0.291,0.09
119.2,3.176,2.231,0.931,0.896,0.69,0.29,0.09
119.30000000000001,3.166,2.222,0.927,0.896,0.689,0.29,0.09
119.4,3.117,2.178,0.911,0.897,0.69,0.29,0.09
119.5,3.098,2.16,0.905,0.896,0.69,0.29,0.09
119.60000000000001,3.135,2.194,0.917,0.896,0.69,0.29,0.09
119.7,3.105,2.167,0.907,0.897,0.69,0.291,0.09
119.80000000000001,3.138,2.196,0.918,0.897,0.69,0.29,0.089
119.9,3.106,2.168,0.908,0.896,0.689,0.29,0.09
120.0,3.138,2.197,0.918,0.896,0.689,0.29,0.09
120.10000000000001,3.106,2.168,0.908,0.896,0.689,0.29,0.09
120.2,3.094,2.156,0.903,0.896,0.69,0.29,0.09
120.30000000000001,3.089,2.152,0.902,0.896,0.69,0.29,0.09
120.4,3.131,2.19,0.916,0.896,0.689,0.29,0.09
120.5,3.104,2.165,0.907,0.896,0.69,0.29,0.089
120.60000000000001,3.137,2.196,0.918,0.896,0.69,0.29,0.09
120.7,3.106,2.168,0.907,0.896,0.689,0.29,0.09
120.80000000000001,3.094,2.156,0.903,0.896,0.689,0.29,0.089
120.9,3.089,2.152,0.902,0.896,0.689,0.29,0.089
121.0,3.087,2.15,0.901,0.897,0.69,0.29,0.089
121.10000000000001,3.086,2.149,0.901,0.896,0.689,0.29,0.089
121.2,3.086,2.149,0.901,0.896,0.689,0.29,0.088
121.30000000000001,3.13,2.189,0.915,0.896,0.69,0.29,0.089
121.4,3.103,2.165,0.907,0.896,0.689,0.289,0.089
121.5,3.092,2.155,0.903,0.896,0.689,0.29,0.088
121.60000000000001,3.088,2.151,0.902,0.896,0.69,0.29,0.089
121.7,3.086,2.15,0.901,0.896,0.689,0.29,0.088
121.80000000000001,3.086,2.149,0.901,0.896,0.689,0.29,0.088
121.9,3.13,2.189,0.915,0.896,0.689,0.29,0.089
122.0,3.103,2.165,0.907,0.896,0.69,0.29,0.089
122.10000000000001,3.092,2.155,0.903,0.896,0.689,0.29,0.088
122.2,3.088,2.151,0.902,0.897,0.69,0.29,0.089
122.30000000000001,3.087,2.15,0.901,0.897,0.69,0.29,0.089
122.4,3.13,2.19,0.915,0.896,0.689,0.29,0.089
122.5,3.103,2.165,0.907,0.896,0.689,0.29,0.089
122.60000000000001,3.093,2.155,0.903,0.896,0.69,0.29,0.089
122.7,3.088,2.151,0.902,0.896,0.689,0.29,0.089
122.80000000000001,3.087,2.15,0.901,0.897,0.69,0.29,0.089
122.9,3.086,2.149,0.901,0.896,0.69,0.29,0.089
123.0,3.086,2.149,0.901,0.896,0.69,0.29,0.089
123.10000000000001,3.085,2.149,0.901,0.896,0.689,0.29,0.089
123.2,3.085,2.149,0.901,0.896,0.69,0.289,0.089
123.30000000000001,3.085,2.149,0.901,0.896,0.689,0.289,0.089
123.4,3.13,2.189,0.915,0.896,0.689,0.29,0.089
123.5,3.147,2.205,0.921,0.896,0.689,0.289,0.089
123.60000000000001,3.11,2.171,0.909,0.896,0.689,0.29,0.089
123.7,3.095,2.158,0.904,0.897,0.689,0.289,0.089
123.80000000000001,3.089,2.152,0.902,0.896,0.689,0.289,0.089
123.9,3.087,2.15,0.901,0.896,0.689,0.289,0.089
124.0,3.086,2.149,0.901,0.896,0.69,0.289,0.089
124.10000000000001,3.086,2.149,0.901,0.896,0.689,0.289,0.089
124.2,3.085,2.149,0.901,0.896,0.689,0.289,0.089
124.30000000000001,3.085,2.149,0.901,0.896,0.689,0.29,0.089
124.4,3.085,2.149,0.901,0.896,0.689,0.289,0.089
124.5,3.041,2.109,0.886,0.896,0.689,0.289,0.089
124.60000000000001,3.112,2.173,0.909,0.896,0.689,0.29,0.089
124.7,3.052,2.119,0.89,0.896,0.689,0.289,0.089
124.80000000000001,3.116,2.177,0.911,0.896,0.689,0.29,0.089
124.9,3.098,2.16,0.905,0.896,0.689,0.289,0.089
125.0,3.09,2.153,0.902,0.896,0.689,0.289,0.089
125.10000000000001,3.087,2.15,0.901,0.896,0.688,0.289,0.089
125.2,3.086,2.149,0.901,0.896,0.689,0.289,0.089
125.30000000000001,3.086,2.149,0.901,0.896,0.689,0.289,0.089
125.4,3.13,2.189,0.915,0.896,0.69,0.289,0.089
125.5,3.147,2.205,0.921,0.896,0.689,0.289,0.089
125.60000000000001,3.11,2.171,0.909,0.896,0.689,0.289,0.089
125.7,3.095,2.158,0.904,0.896,0.688,0.289,0.089
125.80000000000001,3.089,2.152,0.902,0.896,0.689,0.289,0.089
125.9,3.087,2.15,0.901,0.896,0.689,0.289,0.089
126.0,3.086,2.149,0.901,0.896,0.689,0.289,0.089
126.10000000000001,3.086,2.149,0.901,0.896,0.689,0.288,0.089
126.2,3.085,2.149,0.901,0.896,0.689,0.289,0.089
126.30000000000001,3.085,2.149,0.901,0.896,0.689,0.289,0.089
126.4,3.085,2.149,0.901,0.896,0.689,0.289,0.09
126.5,3.085,2.149,0.901,0.896,0.689,0.289,0.089
126.60000000000001,3.085,2.149,0.901,0.896,0.688,0.289,0.089
126.7,3.085,2.149,0.901,0.896,0.689,0.289,0.089
126.80000000000001,3.085,2.149,0.901,0.896,0.689,0.289,0.089
126.9,3.085,2.149,0.901,0.896,0.689,0.288,0.089
127.0,3.085,2.149,0.901,0.896,0.689,0.289,0.089
127.10000000000001,3.085,2.149,0.901,0.896,0.688,0.288,0.089
127.2,3.13,2.189,0.915,0.896,0.689,0.289,0.089
127.30000000000001,3.147,2.205,0.921,0.896,0.689,0.288,0.089
127.4,3.11,2.171,0.909,0.896,0.689,0.288,0.089
127.5,3.095,2.158,0.904,0.894,0.688,0.288,0.089
127.60000000000001,3.134,2.193,0.917,0.895,0.688,0.289,0.089
127.7,3.149,2.207,0.922,0.896,0.689,0.288,0.089
127.80000000000001,3.155,2.212,0.924,0.896,0.688,0.288,0.089
127.9,3.113,2.174,0.91,0.896,0.688,0.288,0.09
128.0,3.097,2.159,0.904,0.896,0.689,0.289,0.089
128.1,3.134,2.193,0.917,0.896,0.689,0.288,0.089
128.20000000000002,3.149,2.207,0.922,0.896,0.689,0.288,0.089
128.3,3.111,2.172,0.909,0.894,0.688,0.288,0.089
128.4,3.096,2.158,0.904,0.893,0.688,0.288,0.089
128.5,3.089,2.152,0.902,0.893,0.688,0.288,0.089
128.6,3.087,2.15,0.901,0.895,0.688,0.288,0.089
128.70000000000002,3.086,2.149,0.901,0.896,0.688,0.288,0.089
128.8,3.086,2.149,0.901,0.896,0.688,0.288,0.089
128.9,3.085,2.149,0.901,0.894,0.689,0.288,0.089
129.0,3.085,2.149,0.901,0.895,0.688,0.288,0.089
129.1,3.13,2.189,0.915,0.896,0.687,0.288,0.089
129.20000000000002,3.103,2.165,0.906,0.896,0.688,0.288,0.089
129.3,3.092,2.155,0.903,0.896,0.689,0.288,0.089
129.4,3.088,2.151,0.902,0.894,0.688,0.288,0.089
129.5,3.086,2.15,0.901,0.895,0.687,0.288,0.089
129.6,3.086,2.149,0.901,0.896,0.687,0.288,0.089
129.70000000000002,3.086,2.149,0.901,0.894,0.688,0.288,0.089
129.8,3.085,2.149,0.901,0.895,0.688,0.288,0.089
129.9,3.085,2.149,0.901,0.896,0.688,0.288,0.089
130.0,3.085,2.149,0.901,0.896,0.688,0.288,0.089
130.1,3.085,2.149,0.901,0.894,0.688,0.288,0.089
130.20000000000002,3.085,2.149,0.901,0.895,0.688,0.288,0.089
130.3,3.085,2.149,0.901,0.894,0.687,0.287,0.089
130.4,3.13,2.189,0.915,0.893,0.688,0.288,0.09
130.5,3.103,2.165,0.906,0.895,0.688,0.288,0.089
130.6,3.092,2.155,0.903,0.896,0.688,0.288,0.09
130.70000000000002,3.088,2.151,0.902,0.896,0.689,0.288,0.089
130.8,3.086,2.15,0.901,0.896,0.689,0.288,0.09
130.9,3.086,2.149,0.901,0.894,0.689,0.288,0.089
131.0,3.086,2.149,0.901,0.895,0.688,0.288,0.089
131.1,3.085,2.149,0.901,0.894,0.688,0.288,0.089
131.20000000000002,3.085,2.149,0.901,0.895,0.688,0.288,0.09
131.3,3.085,2.149,0.901,0.894,0.688,0.288,0.089
131.4,3.085,2.149,0.901,0.895,0.688,0.288,0.089
131.5,3.085,2.149,0.901,0.896,0.688,0.288,0.089
131.6,3.085,2.149,0.901,0.894,0.688,0.287,0.089
131.70000000000002,3.13,2.189,0.915,0.893,0.687,0.287,0.089
131.8,3.103,2.165,0.906,0.895,0.688,0.287,0.089
131.9,3.092,2.155,0.903,0.894,0.688,0.288,0.089
132.0,3.088,2.151,0.902,0.895,0.687,0.287,0.089
132.1,3.086,2.15,0.901,0.894,0.687,0.288,0.089
132.20000000000002,3.086,2.149,0.901,0.893,0.688,0.288,0.089
132.3,3.086,2.149,0.901,0.895,0.688,0.288,0.09
132.4,3.085,2.149,0.901,0.896,0.689,0.287,0.09
132.5,3.085,2.149,0.901,0.896,0.688,0.287,0.09
132.6,3.085,2.149,0.901,0.894,0.688,0.287,0.09
132.70000000000002,3.085,2.149,0.901,0.893,0.688,0.287,0.089
132.8,3.085,2.149,0.901,0.893,0.688,0.287,0.089
132.9,3.085,2.149,0.901,0.895,0.688,0.287,0.09
133.0,3.13,2.189,0.915,0.893,0.687,0.288,0.089
133.1,3.103,2.165,0.906,0.893,0.688,0.288,0.09
133.20000000000002,3.092,2.155,0.903,0.893,0.688,0.287,0.089
133.3,3.088,2.151,0.902,0.893,0.688,0.287,0.09
133.4,3.131,2.19,0.916,0.892,0.689,0.287,0.089
133.5,3.148,2.206,0.921,0.895,0.688,0.286,0.09
133.6,3.11,2.171,0.909,0.895,0.688,0.287,0.09
133.70000000000002,3.095,2.158,0.904,0.894,0.688,0.287,0.089
133.8,3.089,2.152,0.902,0.895,0.689,0.286,0.09
133.9,3.131,2.191,0.916,0.896,0.689,0.287,0.089
134.0,3.148,2.206,0.921,0.894,0.688,0.286,0.089
134.1,3.11,2.172,0.909,0.895,0.688,0.287,0.09
134.20000000000002,3.095,2.158,0.904,0.896,0.688,0.287,0.089
134.3,3.134,2.193,0.917,0.896,0.689,0.286,0.089
134.4,3.374,2.417,0.997,0.894,0.688,0.286,0.089
134.5,3.201,2.256,0.939,0.893,0.688,0.286,0.09
134.6,3.132,2.192,0.916,0.892,0.688,0.286,0.089
134.70000000000002,3.104,2.166,0.907,0.893,0.689,0.286,0.09
134.8,3.093,2.156,0.903,0.893,0.688,0.286,0.09
134.9,3.088,2.151,0.902,0.893,0.687,0.286,0.089
135.0,3.087,2.15,0.901,0.892,0.687,0.287,0.089
135.1,3.086,2.149,0.901,0.893,0.688,0.286,0.089
135.20000000000002,3.086,2.149,0.901,0.893,0.687,0.286,0.089
135.3,3.085,2.149,0.901,0.895,0.687,0.286,0.089
135.4,3.085,2.149,0.901,0.893,0.688,0.286,0.089
135.5,3.13,2.189,0.915,0.892,0.687,0.286,0.089
135.6,3.103,2.165,0.906,0.892,0.687,0.286,0.089
135.70000000000002,3.092,2.155,0.903,0.894,0.687,0.286,0.089
135.8,3.088,2.151,0.902,0.894,0.688,0.286,0.089
135.9,3.086,2.15,0.901,0.893,0.688,0.286,0.089
136.0,3.13,2.19,0.915,0.893,0.688,0.286,0.089
136.1,3.103,2.165,0.907,0.892,0.688,0.286,0.09
136.20000000000002,3.093,2.155,0.903,0.893,0.688,0.286,0.09
136.3,3.088,2.151,0.902,0.893,0.688,0.286,0.09
136.4,3.087,2.15,0.901,0.892,0.687,0.286,0.089
136.5,3.086,2.149,0.901,0.893,0.687,0.286,0.089
136.6,3.086,2.149,0.901,0.893,0.687,0.286,0.09
136.70000000000002,3.085,2.149,0.901,0.892,0.688,0.286,0.089
136.8,3.085,2.149,0.901,0.895,0.687,0.286,0.089
136.9,3.13,2.189,0.915,0.895,0.688,0.286,0.089
137.0,3.103,2.165,0.906,0.896,0.688,0.286,0.09
137.1,3.092,2.155,0.903,0.894,0.687,0.286,0.089
137.20000000000002,3.088,2.151,0.902,0.892,0.688,0.286,0.089
137.3,3.086,2.15,0.901,0.891,0.687,0.285,0.089
137.4,3.086,2.149,0.901,0.892,0.687,0.286,0.09
137.5,3.086,2.149,0.901,0.892,0.686,0.286,0.089
137.6,3.085,2.149,0.901,0.892,0.687,0.286,0.089
137.70000000000002,3.085,2.149,0.901,0.892,0.686,0.286,0.09
137.8,3.085,2.149,0.901,0.892,0.687,0.286,0.089
137.9,3.13,2.189,0.915,0.891,0.686,0.285,0.089
138.0,3.282,2.33,0.966,0.892,0.687,0.286,0.089
138.1,3.164,2.221,0.927,0.891,0.687,0.286,0.089
138.20000000000002,3.073,2.138,0.897,0.891,0.686,0.286,0.09
138.3,3.08,2.144,0.899,0.891,0.687,0.286,0.089
138.4,3.083,2.147,0.9,0.891,0.686,0.285,0.089
138.5,3.085,2.148,0.9,0.892,0.687,0.286,0.089
138.6,3.085,2.148,0.901,0.894,0.687,0.286,0.089
138.70000000000002,3.085,2.149,0.901,0.893,0.687,0.285,0.089
138.8,3.085,2.149,0.901,0.893,0.686,0.285,0.09
138.9,3.085,2.149,0.901,0.892,0.686,0.286,0.089
139.0,3.085,2.149,0.901,0.892,0.687,0.286,0.089
139.1,3.085,2.149,0.901,0.892,0.686,0.285,0.089
139.20000000000002,3.085,2.149,0.901,0.891,0.686,0.285,0.089
139.3,3.085,2.149,0.901,0.892,0.686,0.285,0.089
139.4,3.085,2.149,0.901,0.892,0.687,0.286,0.089
139.5,3.085,2.149,0.901,0.892,0.686,0.285,0.089
139.6,3.085,2.149,0.901,0.892,0.687,0.285,0.089
139.70000000000002,3.085,2.149,0.901,0.892,0.687,0.286,0.089
139.8,3.13,2.189,0.915,0.893,0.688,0.286,0.089
139.9,3.103,2.165,0.906,0.895,0.688,0.285,0.089
140.0,3.092,2.155,0.903,0.894,0.687,0.286,0.089
140.1,3.132,2.192,0.916,0.893,0.687,0.285,0.089
140.20000000000002,3.104,2.166,0.907,0.895,0.687,0.286,0.089
140.3,3.093,2.156,0.903,0.893,0.688,0.286,0.089
140.4,3.088,2.151,0.902,0.892,0.688,0.285,0.089
140.5,3.131,2.19,0.916,0.892,0.687,0.285,0.089
140.6,3.104,2.165,0.907,0.892,0.686,0.286,0.089
140.70000000000002,3.093,2.155,0.903,0.891,0.687,0.286,0.089
140.8,3.088,2.151,0.902,0.892,0.686,0.285,0.089
140.9,3.043,2.11,0.886,0.892,0.686,0.285,0.089
141.0,3.068,2.133,0.895,0.892,0.687,0.285,0.089
141.1,3.079,2.142,0.898,0.892,0.686,0.285,0.09
141.20000000000002,3.083,2.146,0.9,0.892,0.687,0.286,0.089
141.3,3.084,2.148,0.9,0.893,0.687,0.285,0.089
141.4,3.218,2.271,0.945,0.892,0.686,0.285,0.089
141.5,3.139,2.198,0.918,0.892,0.686,0.285,0.09
141.6,3.107,2.168,0.908,0.892,0.687,0.285,0.089
141.70000000000002,3.094,2.157,0.903,0.892,0.687,0.285,0.09
141.8,3.133,2.192,0.916,0.892,0.686,0.285,0.089
141.9,3.104,2.166,0.907,0.893,0.687,0.285,0.089
142.0,3.093,2.156,0.903,0.892,0.687,0.285,0.089
142.1,3.088,2.151,0.902,0.892,0.686,0.285,0.089
142.20000000000002,3.087,2.15,0.901,0.891,0.687,0.285,0.089
142.3,3.086,2.149,0.901,0.892,0.687,0.285,0.089
142.4,3.086,2.149,0.901,0.892,0.687,0.285,0.089
142.5,3.085,2.149,0.901,0.892,0.688,0.285,0.089
142.6,3.085,2.149,0.901,0.891,0.688,0.285,0.089
142.70000000000002,3.085,2.149,0.901,0.891,0.687,0.284,0.089
142.8,3.085,2.149,0.901,0.892,0.687,0.285,0.089
142.9,3.085,2.149,0.901,0.892,0.687,0.285,0.089
143.0,3.13,2.189,0.915,0.892,0.688,0.285,0.089
143.1,3.103,2.165,0.906,0.894,0.687,0.285,0.089
143.20000000000002,3.092,2.155,0.903,0.893,0.686,0.285,0.089
143.3,3.088,2.151,0.902,0.892,0.686,0.285,0.089
143.4,3.086,2.15,0.901,0.892,0.687,0.284,0.089
143.5,3.086,2.149,0.901,0.892,0.687,0.284,0.09
143.6,3.13,2.189,0.915,0.892,0.687,0.285,0.089
143.70000000000002,3.147,2.205,0.921,0.891,0.687,0.285,0.089
143.8,3.11,2.171,0.909,0.892,0.687,0.284,0.089
143.9,3.095,2.158,0.904,0.892,0.686,0.284,0.089
144.0,3.089,2.152,0.902,0.893,0.686,0.285,0.089
144.1,3.087,2.15,0.901,0.893,0.687,0.285,0.089
144.20000000000002,3.086,2.149,0.901,0.892,0.687,0.284,0.09
144.3,3.086,2.149,0.901,0.892,0.686,0.284,0.089
144.4,3.085,2.149,0.901,0.891,0.686,0.285,0.089
144.5,3.085,2.149,0.901,0.891,0.686,0.285,0.089
144.6,3.085,2.149,0.901,0.892,0.686,0.284,0.089
144.70000000000002,3.085,2.149,0.901,0.892,0.686,0.285,0.089
144.8,3.085,2.149,0.901,0.891,0.686,0.284,0.089
144.9,3.085,2.149,0.901,0.891,0.687,0.285,0.089
145.0,3.085,2.149,0.901,0.892,0.686,0.284,0.089
145.1,2.954,2.03,0.857,0.891,0.686,0.284,0.089
145.20000000000002,3.033,2.101,0.883,0.891,0.685,0.285,0.089
145.3,3.064,2.13,0.894,0.89,0.686,0.284,0.089
145.4,3.077,2.141,0.898,0.891,0.686,0.284,0.089
145.5,3.082,2.146,0.9,0.892,0.686,0.284,0.088
145.6,3.128,2.188,0.915,0.892,0.686,0.285,0.089
145.70000000000002,3.103,2.164,0.906,0.892,0.686,0.284,0.089
145.8,3.092,2.155,0.903,0.891,0.686,0.284,0.089
145.9,3.088,2.151,0.902,0.89,0.686,0.284,0.089
146.0,3.086,2.15,0.901,0.89,0.687,0.285,0.089
146.1,3.086,2.149,0.901,0.891,0.686,0.284,0.089
146.20000000000002,3.086,2.149,0.901,0.891,0.686,0.284,0.089
146.3,3.085,2.149,0.901,0.89,0.686,0.284,0.089
146.4,3.085,2.149,0.901,0.891,0.686,0.285,0.09
146.5,3.085,2.149,0.901,0.89,0.686,0.285,0.089
146.6,3.085,2.149,0.901,0.891,0.686,0.284,0.089
146.70000000000002,3.085,2.149,0.901,0.891,0.686,0.285,0.089
146.8,3.085,2.149,0.901,0.89,0.686,0.284,0.089
146.9,3.041,2.109,0.886,0.891,0.686,0.285,0.089
147.0,3.068,2.133,0.895,0.891,0.686,0.284,0.088
147.1,3.078,2.142,0.898,0.89,0.685,0.284,0.089
147.20000000000002,3.083,2.146,0.9,0.891,0.686,0.284,0.089
147.3,3.084,2.148,0.9,0.891,0.687,0.284,0.089
147.4,3.085,2.148,0.9,0.892,0.686,0.285,0.089
147.5,3.085,2.149,0.901,0.891,0.686,0.284,0.089
147.6,3.085,2.149,0.901,0.892,0.685,0.284,0.089
147.70000000000002,3.085,2.149,0.901,0.891,0.686,0.284,0.089
147.8,3.085,2.149,0.901,0.892,0.687,0.284,0.089
147.9,3.085,2.149,0.901,0.891,0.686,0.284,0.089
148.0,3.085,2.149,0.901,0.891,0.687,0.284,0.089
148.1,3.085,2.149,0.901,0.891,0.686,0.284,0.089
148.20000000000002,3.085,2.149,0.901,0.892,0.686,0.284,0.089
148.3,3.085,2.149,0.901,0.892,0.686,0.284,0.088
148.4,3.085,2.149,0.901,0.891,0.687,0.284,0.089
148.5,3.085,2.149,0.901,0.891,0.686,0.284,0.089
148.6,3.085,2.149,0.901,0.89,0.686,0.284,0.089
148.70000000000002,3.085,2.149,0.901,0.891,0.685,0.284,0.089
148.8,3.085,2.149,0.901,0.891,0.686,0.284,0.089
148.9,3.085,2.149,0.901,0.89,0.686,0.284,0.089
149.0,3.085,2.149,0.901,0.891,0.686,0.284,0.089
149.1,3.085,2.149,0.901,0.89,0.685,0.284,0.089
149.20000000000002,3.085,2.149,0.901,0.891,0.686,0.284,0.089
149.3,3.085,2.149,0.901,0.891,0.686,0.284,0.089
149.4,3.085,2.149,0.901,0.891,0.686,0.284,0.089
149.5,3.085,2.149,0.901,0.891,0.685,0.284,0.089
149.6,3.085,2.149,0.901,0.89,0.685,0.284,0.089
149.70000000000002,3.085,2.149,0.901,0.89,0.686,0.284,0.089
149.8,3.085,2.149,0.901,0.891,0.685,0.284,0.089
149.9,3.085,2.149,0.901,0.891,0.685,0.284,0.089
150.0,3.085,2.149,0.901,0.89,0.685,0.284,0.089
150.1,2.954,2.03,0.857,0.891,0.686,0.284,0.089
150.20000000000002,3.033,2.101,0.883,0.89,0.686,0.284,0.089
150.3,3.064,2.13,0.894,0.89,0.685,0.284,0.089
150.4,3.077,2.141,0.898,0.89,0.686,0.284,0.089
150.5,3.082,2.146,0.9,0.89,0.686,0.284,0.089
150.6,3.084,2.147,0.9,0.889,0.685,0.284,0.089
150.70000000000002,3.085,2.148,0.9,0.89,0.685,0.284,0.088
150.8,3.085,2.148,0.901,0.89,0.685,0.284,0.089
150.9,3.085,2.149,0.901,0.889,0.685,0.284,0.088
151.0,3.041,2.109,0.886,0.89,0.686,0.284,0.089
151.1,3.068,2.133,0.895,0.89,0.686,0.284,0.089
151.20000000000002,3.078,2.142,0.898,0.891,0.686,0.284,0.088
151.3,3.083,2.146,0.9,0.89,0.686,0.284,0.089
151.4,2.996,2.068,0.871,0.891,0.686,0.284,0.089
151.5,3.05,2.117,0.889,0.89,0.686,0.284,0.089
151.6,3.071,2.136,0.896,0.891,0.686,0.284,0.089
151.70000000000002,3.08,2.144,0.899,0.891,0.686,0.284,0.089
151.8,3.083,2.147,0.9,0.891,0.686,0.284,0.089
151.9,3.085,2.149,0.901,0.89,0.685,0.284,0.088
152.0,3.085,2.149,0.901,0.891,0.685,0.284,0.089
152.1,3.085,2.149,0.901,0.89,0.686,0.284,0.089
152.20000000000002,3.085,2.149,0.901,0.891,0.686,0.284,0.089
152.3,3.084,2.148,0.9,0.891,0.685,0.284,0.089
152.4,3.085,2.149,0.901,0.89,0.685,0.284,0.089
152.5,3.085,2.149,0.901,0.89,0.685,0.283,0.088
152.6,3.085,2.149,0.901,0.89,0.686,0.283,0.089
152.70000000000002,3.085,2.149,0.901,0.89,0.686,0.283,0.089
152.8,3.085,2.148,0.901,0.89,0.686,0.283,0.089
152.9,3.085,2.149,0.901,0.89,0.686,0.283,0.089
153.0,3.085,2.149,0.901,0.89,0.686,0.284,0.089
153.1,3.085,2.149,0.901,0.891,0.686,0.283,0.089
153.20000000000002,3.085,2.149,0.901,0.891,0.685,0.283,0.089
153.3,3.085,2.149,0.901,0.891,0.686,0.283,0.089
153.4,3.085,2.149,0.901,0.89,0.686,0.283,0.089
153.5,3.085,2.149,0.901,0.89,0.686,0.283,0.088
153.60000000000002,3.085,2.149,0.901,0.89,0.686,0.283,0.089
153.70000000000002,3.041,2.109,0.886,0.891,0.687,0.283,0.088
153.8,3.068,2.133,0.895,0.891,0.686,0.284,0.089
153.9,3.078,2.142,0.898,0.891,0.686,0.284,0.089
154.0,3.083,2.146,0.9,0.892,0.686,0.283,0.088
154.10000000000002,3.084,2.148,0.9,0.892,0.685,0.284,0.089
154.20000000000002,3.085,2.148,0.9,0.891,0.686,0.283,0.089
154.3,3.085,2.149,0.901,0.891,0.686,0.283,0.088
154.4,3.085,2.149,0.901,0.89,0.686,0.283,0.089
154.5,3.13,2.189,0.915,0.891,0.686,0.283,0.088
154.60000000000002,3.103,2.165,0.906,0.891,0.686,0.283,0.089
154.70000000000002,3.092,2.155,0.903,0.891,0.686,0.284,0.089
154.8,3.088,2.151,0.902,0.89,0.686,0.284,0.09
154.9,3.042,2.11,0.886,0.891,0.685,0.284,0.089
155.0,3.068,2.133,0.895,0.891,0.686,0.284,0.089
155.10000000000002,3.079,2.142,0.898,0.891,0.686,0.283,0.089
155.20000000000002,3.083,2.146,0.9,0.891,0.686,0.283,0.089
155.3,3.084,2.148,0.9,0.891,0.686,0.282,0.089
155.4,3.085,2.148,0.9,0.891,0.685,0.283,0.089
155.5,3.085,2.149,0.901,0.891,0.685,0.282,0.089
155.60000000000002,3.085,2.149,0.901,0.892,0.685,0.283,0.089
155.70000000000002,3.085,2.149,0.901,0.891,0.685,0.282,0.089
155.8,3.085,2.149,0.901,0.89,0.685,0.283,0.089
155.9,3.085,2.149,0.901,0.891,0.686,0.283,0.089
156.0,3.085,2.149,0.901,0.89,0.685,0.283,0.089
156.10000000000002,3.085,2.149,0.901,0.891,0.686,0.282,0.089
156.20000000000002,3.085,2.149,0.901,0.891,0.686,0.282,0.089
156.3,3.085,2.149,0.901,0.89,0.686,0.282,0.089
156.4,3.085,2.149,0.901,0.891,0.685,0.282,0.088
156.5,3.085,2.149,0.901,0.89,0.686,0.282,0.089
156.60000000000002,3.085,2.149,0.901,0.891,0.685,0.282,0.089
156.70000000000002,3.13,2.189,0.915,0.891,0.686,0.282,0.089
156.8,2.963,2.071,0.866,0.846,0.651,0.268,0.084
156.9,2.831,1.977,0.827,0.809,0.623,0.256,0.081
157.0,2.724,1.902,0.796,0.781,0.601,0.247,0.078
157.10000000000002,2.64,1.842,0.771,0.757,0.583,0.24,0.076
157.20000000000002,2.572,1.794,0.751,0.738,0.568,0.234,0.074
157.3,2.518,1.756,0.735,0.724,0.557,0.229,0.072
157.4,2.474,1.725,0.723,0.712,0.548,0.226,0.071
157.5,2.44,1.701,0.713,0.702,0.54,0.223,0.07
157.60000000000002,2.401,1.671,0.701,0.695,0.535,0.22,0.069
157.70000000000002,2.381,1.658,0.695,0.689,0.53,0.218,0.069
157.8,2.344,1.627,0.683,0.684,0.526,0.217,0.068
157.9,2.335,1.622,0.681,0.68,0.523,0.215,0.068
158.0,2.329,1.618,0.679,0.677,0.521,0.215,0.067
158.10000000000002,2.323,1.615,0.678,0.674,0.519,0.214,0.067
158.20000000000002,2.319,1.613,0.677,0.672,0.518,0.213,0.067
158.3,2.316,1.611,0.676,0.671,0.516,0.213,0.067
158.4,2.313,1.61,0.675,0.67,0.515,0.212,0.066
158.5,2.311,1.608,0.674,0.669,0.515,0.212,0.066
158.60000000000002,2.309,1.607,0.674,0.668,0.514,0.211,0.066
158.70000000000002,2.308,1.607,0.674,0.667,0.514,0.211,0.066
158.8,2.307,1.606,0.673,0.666,0.513,0.211,0.066
158.9,2.317,1.616,0.677,0.666,0.513,0.211,0.066
159.0,2.314,1.613,0.676,0.665,0.513,0.21,0.066
159.10000000000002,2.312,1.611,0.675,0.665,0.512,0.21,0.066
159.20000000000002,2.31,1.61,0.674,0.665,0.512,0.209,0.066
159.3,2.32,1.619,0.678,0.664,0.512,0.209,0.066
159.4,2.316,1.616,0.677,0.664,0.512,0.209,0.066
159.5,2.313,1.613,0.676,0.664,0.512,0.209,0.066
159.60000000000002,2.311,1.611,0.675,0.664,0.512,0.209,0.066
159.70000000000002,2.309,1.61,0.674,0.664,0.512,0.208,0.066
159.8,2.308,1.608,0.674,0.664,0.512,0.208,0.066
159.9,2.307,1.607,0.674,0.664,0.512,0.208,0.066
160.0,2.306,1.607,0.673,0.663,0.512,0.208,0.066
160.10000000000002,2.305,1.606,0.673,0.663,0.512,0.208,0.066
160.20000000000002,2.305,1.605,0.673,0.663,0.512,0.208,0.066
160.3,2.304,1.605,0.673,0.663,0.512,0.208,0.066
160.4,2.315,1.615,0.676,0.663,0.512,0.208,0.066
160.5,2.312,1.613,0.675,0.663,0.512,0.207,0.066
160.60000000000002,2.31,1.611,0.675,0.663,0.512,0.207,0.066
160.70000000000002,2.309,1.609,0.674,0.663,0.512,0.207,0.066
160.8,2.308,1.608,0.674,0.663,0.512,0.207,0.066
160.9,2.307,1.607,0.673,0.663,0.512,0.207,0.066
161.0,2.273,1.577,0.662,0.663,0.512,0.207,0.066
161.10000000000002,2.279,1.582,0.664,0.663,0.512,0.207,0.066
161.20000000000002,2.284,1.587,0.666,0.663,0.512,0.207,0.066
161.3,2.287,1.59,0.667,0.663,0.512,0.207,0.066
161.4,2.29,1.593,0.668,0.663,0.512,0.207,0.066
161.5,2.293,1.595,0.669,0.663,0.512,0.207,0.066
161.60000000000002,2.295,1.597,0.67,0.663,0.512,0.207,0.066
161.70000000000002,2.296,1.598,0.67,0.663,0.512,0.207,0.066
161.8,2.298,1.599,0.67,0.663,0.512,0.207,0.066
161.9,2.299,1.6,0.671,0.663,0.512,0.207,0.066
162.0,2.299,1.601,0.671,0.663,0.512,0.207,0.066
162.10000000000002,2.3,1.601,0.671,0.663,0.512,0.207,0.066
162.20000000000002,2.301,1.602,0.671,0.663,0.512,0.207,0.066
162.3,2.301,1.602,0.672,0.663,0.512,0.206,0.066
162.4,2.301,1.602,0.672,0.663,0.512,0.206,0.066
162.5,2.301,1.603,0.672,0.663,0.512,0.206,0.066
162.60000000000002,2.302,1.603,0.672,0.663,0.512,0.206,0.066
162.70000000000002,2.302,1.603,0.672,0.663,0.512,0.206,0.066
162.8,2.302,1.603,0.672,0.663,0.512,0.206,0.066
162.9,2.302,1.603,0.672,0.663,0.512,0.206,0.066
163.0,2.302,1.603,0.672,0.662,0.512,0.206,0.066
163.10000000000002,2.302,1.603,0.672,0.662,0.512,0.206,0.066
163.20000000000002,2.302,1.603,0.672,0.662,0.512,0.206,0.066
163.3,2.302,1.603,0.672,0.662,0.512,0.206,0.066
163.4,2.302,1.603,0.672,0.662,0.511,0.206,0.066
163.5,2.302,1.603,0.672,0.662,0.512,0.206,0.066
163.60000000000002,2.313,1.614,0.676,0.662,0.512,0.206,0.066
163.70000000000002,2.311,1.612,0.675,0.662,0.512,0.205,0.066
163.8,2.31,1.61,0.674,0.661,0.512,0.205,0.066
163.9,2.308,1.609,0.674,0.661,0.512,0.205,0.066
164.0,2.307,1.608,0.674,0.661,0.512,0.205,0.066
164.10000000000002,2.306,1.607,0.673,0.661,0.512,0.205,0.066
164.20000000000002,2.316,1.616,0.677,0.661,0.512,0.205,0.066
164.3,2.314,1.614,0.676,0.661,0.512,0.205,0.066
164.4,2.322,1.622,0.679,0.661,0.512,0.204,0.066
164.5,2.318,1.618,0.677,0.661,0.512,0.204,0.066
164.60000000000002,2.337,1.635,0.684,0.661,0.512,0.204,0.066
164.70000000000002,2.353,1.649,0.689,0.661,0.512,0.204,0.066
164.8,2.343,1.64,0.685,0.66,0.512,0.204,0.066
164.9,2.357,1.653,0.69,0.66,0.512,0.203,0.066
165.0,2.357,1.653,0.69,0.66,0.511,0.203,0.066
165.10000000000002,2.346,1.643,0.687,0.66,0.511,0.203,0.066
165.20000000000002,2.348,1.645,0.687,0.66,0.511,0.203,0.066
165.3,2.361,1.657,0.692,0.66,0.511,0.202,0.066
165.4,2.349,1.646,0.688,0.659,0.511,0.202,0.066
165.5,2.351,1.648,0.688,0.659,0.511,0.202,0.066
165.60000000000002,2.375,1.67,0.696,0.659,0.511,0.202,0.066
165.70000000000002,2.36,1.656,0.691,0.66,0.512,0.202,0.066
165.8,2.349,1.646,0.687,0.659,0.511,0.202,0.066
165.9,2.354,1.651,0.689,0.659,0.512,0.201,0.066
166.0,2.377,1.672,0.697,0.659,0.512,0.201,0.066
166.10000000000002,2.362,1.658,0.692,0.659,0.512,0.201,0.066
166.20000000000002,2.35,1.647,0.688,0.659,0.512,0.201,0.066
166.3,2.341,1.638,0.685,0.659,0.512,0.201,0.066
166.4,2.333,1.631,0.682,0.659,0.512,0.2,0.066
166.5,2.338,1.636,0.684,0.659,0.512,0.2,0.066
166.60000000000002,2.353,1.65,0.689,0.659,0.512,0.2,0.066
166.70000000000002,2.354,1.651,0.689,0.659,0.512,0.2,0.066
166.8,2.355,1.651,0.689,0.659,0.512,0.2,0.066
166.9,2.339,1.637,0.684,0.659,0.511,0.201,0.066
167.0,2.355,1.652,0.69,0.658,0.512,0.2,0.066
167.10000000000002,2.356,1.652,0.69,0.658,0.512,0.2,0.066
167.20000000000002,2.367,1.663,0.694,0.658,0.511,0.2,0.066
167.3,2.354,1.651,0.689,0.658,0.511,0.199,0.066
167.4,2.366,1.662,0.693,0.658,0.512,0.199,0.066
167.5,2.353,1.65,0.689,0.658,0.511,0.199,0.066
167.60000000000002,2.354,1.651,0.689,0.658,0.511,0.199,0.066
167.70000000000002,2.355,1.651,0.689,0.658,0.511,0.199,0.066
167.8,2.344,1.642,0.686,0.658,0.511,0.199,0.066
167.9,2.347,1.644,0.687,0.658,0.511,0.199,0.066
168.0,2.349,1.646,0.688,0.658,0.511,0.199,0.066
168.10000000000002,2.351,1.648,0.688,0.658,0.512,0.199,0.066
168.20000000000002,2.352,1.649,0.689,0.658,0.511,0.199,0.066
168.3,2.32,1.62,0.678,0.658,0.512,0.199,0.066
168.4,2.328,1.627,0.68,0.658,0.511,0.198,0.066
168.5,2.334,1.632,0.682,0.658,0.511,0.198,0.066
168.60000000000002,2.327,1.626,0.68,0.658,0.512,0.198,0.066
168.70000000000002,2.333,1.632,0.682,0.658,0.511,0.198,0.066
168.8,2.338,1.636,0.684,0.658,0.512,0.198,0.066
168.9,2.331,1.63,0.682,0.658,0.511,0.198,0.066
169.0,2.336,1.635,0.683,0.658,0.511,0.198,0.066
169.10000000000002,2.341,1.638,0.685,0.658,0.511,0.198,0.066
169.20000000000002,2.344,1.642,0.686,0.658,0.511,0.198,0.066
169.3,2.347,1.644,0.687,0.658,0.511,0.197,0.066
169.4,2.349,1.646,0.688,0.657,0.511,0.198,0.066
169.5,2.351,1.648,0.688,0.657,0.511,0.197,0.066
169.60000000000002,2.352,1.649,0.689,0.657,0.511,0.197,0.066
169.70000000000002,2.353,1.65,0.689,0.657,0.511,0.197,0.066
169.8,2.354,1.651,0.689,0.657,0.511,0.197,0.066
169.9,2.355,1.651,0.689,0.657,0.511,0.197,0.066
170.0,2.355,1.652,0.69,0.657,0.511,0.197,0.066
170.10000000000002,2.356,1.652,0.69,0.657,0.511,0.197,0.066
170.20000000000002,2.356,1.652,0.69,0.657,0.511,0.197,0.066
170.3,2.356,1.653,0.69,0.657,0.511,0.197,0.066
170.4,2.357,1.653,0.69,0.657,0.511,0.196,0.066
170.5,2.357,1.653,0.69,0.657,0.511,0.196,0.066
170.60000000000002,2.357,1.653,0.69,0.657,0.511,0.196,0.066
170.70000000000002,2.357,1.653,0.69,0.657,0.511,0.196,0.066
170.8,2.357,1.653,0.69,0.656,0.511,0.196,0.066
170.9,2.357,1.654,0.69,0.656,0.511,0.196,0.066
171.0,2.346,1.643,0.687,0.656,0.511,0.196,0.066
171.10000000000002,2.349,1.646,0.687,0.656,0.511,0.196,0.066
171.20000000000002,2.35,1.647,0.688,0.656,0.511,0.196,0.066
171.3,2.352,1.649,0.688,0.656,0.511,0.196,0.066
171.4,2.353,1.65,0.689,0.656,0.511,0.196,0.066
171.5,2.354,1.65,0.689,0.656,0.511,0.196,0.066
171.60000000000002,2.355,1.651,0.689,0.656,0.511,0.196,0.066
171.70000000000002,2.355,1.652,0.69,0.656,0.511,0.195,0.066
171.8,2.356,1.652,0.69,0.657,0.511,0.195,0.066
171.9,2.356,1.652,0.69,0.657,0.511,0.195,0.066
172.0,2.356,1.653,0.69,0.656,0.511,0.195,0.066
172.10000000000002,2.357,1.653,0.69,0.656,0.511,0.195,0.066
172.20000000000002,2.357,1.653,0.69,0.656,0.511,0.195,0.066
172.3,2.357,1.653,0.69,0.656,0.511,0.195,0.066
172.4,2.357,1.653,0.69,0.656,0.511,0.195,0.066
172.5,2.357,1.653,0.69,0.656,0.511,0.195,0.066
172.60000000000002,2.357,1.654,0.69,0.655,0.511,0.195,0.066
172.70000000000002,2.346,1.643,0.687,0.655,0.511,0.194,0.066
172.8,2.36,1.656,0.691,0.655,0.511,0.194,0.066
172.9,2.359,1.655,0.691,0.655,0.511,0.194,0.066
173.0,2.359,1.655,0.691,0.655,0.511,0.194,0.066
173.10000000000002,2.359,1.655,0.691,0.655,0.511,0.194,0.066
173.20000000000002,2.358,1.655,0.691,0.655,0.511,0.194,0.066
173.3,2.358,1.654,0.691,0.655,0.511,0.194,0.066
173.4,2.358,1.654,0.691,0.655,0.511,0.194,0.066
173.5,2.358,1.654,0.69,0.655,0.511,0.194,0.066
173.60000000000002,2.358,1.654,0.69,0.655,0.511,0.194,0.065
173.70000000000002,2.358,1.654,0.69,0.655,0.511,0.194,0.065
173.8,2.358,1.654,0.69,0.655,0.511,0.193,0.066
173.9,2.358,1.654,0.69,0.655,0.511,0.193,0.066
174.0,2.358,1.654,0.69,0.655,0.511,0.193,0.066
174.10000000000002,2.358,1.654,0.69,0.655,0.511,0.193,0.066
174.20000000000002,2.358,1.654,0.69,0.655,0.511,0.193,0.066
174.3,2.358,1.654,0.69,0.655,0.511,0.193,0.066
174.4,2.358,1.654,0.69,0.655,0.511,0.193,0.066
174.5,2.358,1.654,0.69,0.655,0.511,0.193,0.066
174.60000000000002,2.347,1.644,0.687,0.655,0.511,0.192,0.066
174.70000000000002,2.349,1.646,0.687,0.654,0.511,0.192,0.066
174.8,2.351,1.647,0.688,0.654,0.511,0.192,0.066
174.9,2.352,1.649,0.688,0.654,0.511,0.192,0.066
175.0,2.353,1.65,0.689,0.654,0.511,0.192,0.066
175.10000000000002,2.354,1.651,0.689,0.654,0.511,0.192,0.066
175.20000000000002,2.355,1.651,0.689,0.654,0.511,0.192,0.066
175.3,2.355,1.652,0.69,0.654,0.511,0.191,0.066
175.4,2.356,1.652,0.69,0.654,0.511,0.191,0.066
175.5,2.356,1.652,0.69,0.654,0.511,0.191,0.066
175.60000000000002,2.356,1.653,0.69,0.654,0.511,0.191,0.066
175.70000000000002,2.357,1.653,0.69,0.654,0.511,0.191,0.066
175.8,2.357,1.653,0.69,0.654,0.511,0.191,0.066
175.9,2.357,1.653,0.69,0.654,0.511,0.191,0.066
176.0,2.357,1.653,0.69,0.654,0.511,0.191,0.066
176.10000000000002,2.357,1.653,0.69,0.654,0.511,0.191,0.066
176.20000000000002,2.357,1.654,0.69,0.654,0.511,0.191,0.066
176.3,2.357,1.654,0.69,0.654,0.511,0.191,0.066
176.4,2.357,1.654,0.69,0.654,0.511,0.191,0.066
176.5,2.357,1.654,0.69,0.654,0.511,0.191,0.066
176.60000000000002,2.357,1.654,0.69,0.654,0.511,0.191,0.066
176.70000000000002,2.357,1.654,0.69,0.654,0.511,0.191,0.066
176.8,2.346,1.644,0.687,0.654,0.511,0.191,0.066
176.9,2.349,1.646,0.687,0.654,0.511,0.191,0.066
177.0,2.35,1.647,0.688,0.654,0.511,0.191,0.066
177.10000000000002,2.352,1.649,0.688,0.654,0.511,0.191,0.066
177.20000000000002,2.353,1.65,0.689,0.654,0.511,0.191,0.066
177.3,2.354,1.65,0.689,0.654,0.511,0.191,0.066
177.4,2.355,1.651,0.689,0.654,0.51,0.191,0.066
177.5,2.355,1.652,0.69,0.654,0.51,0.191,0.066
177.60000000000002,2.356,1.652,0.69,0.654,0.511,0.191,0.066
177.70000000000002,2.356,1.652,0.69,0.654,0.511,0.191,0.066
177.8,2.356,1.653,0.69,0.654,0.511,0.191,0.066
177.9,2.357,1.653,0.69,0.654,0.51,0.191,0.065
178.0,2.357,1.653,0.69,0.654,0.51,0.191,0.066
178.10000000000002,2.357,1.653,0.69,0.654,0.51,0.191,0.066
178.20000000000002,2.357,1.653,0.69,0.654,0.51,0.191,0.065
178.3,2.402,1.695,0.705,0.654,0.51,0.191,0.065
178.4,2.393,1.687,0.702,0.654,0.51,0.191,0.065
178.5,2.386,1.68,0.7,0.654,0.51,0.19,0.065
178.60000000000002,2.38,1.675,0.698,0.654,0.51,0.19,0.065
178.70000000000002,2.376,1.671,0.696,0.654,0.51,0.19,0.065
178.8,2.372,1.667,0.695,0.654,0.51,0.19,0.065
178.9,2.369,1.665,0.694,0.654,0.51,0.19,0.065
179.0,2.367,1.662,0.693,0.654,0.51,0.19,0.065
179.10000000000002,2.365,1.661,0.693,0.654,0.51,0.19,0.065
179.20000000000002,2.375,1.67,0.696,0.654,0.51,0.19,0.065
179.3,2.371,1.666,0.695,0.654,0.51,0.19,0.065
179.4,2.368,1.664,0.694,0.654,0.51,0.19,0.065
179.5,2.366,1.662,0.693,0.654,0.51,0.19,0.065
179.60000000000002,2.376,1.67,0.696,0.654,0.51,0.19,0.065
179.70000000000002,2.372,1.667,0.695,0.654,0.51,0.19,0.065
179.8,2.369,1.664,0.694,0.654,0.51,0.19,0.065
179.9,2.367,1.662,0.693,0.654,0.51,0.19,0.065
180.0,2.365,1.661,0.693,0.654,0.51,0.19,0.065
180.10000000000002,2.363,1.659,0.692,0.654,0.51,0.19,0.065
180.20000000000002,2.362,1.658,0.692,0.655,0.51,0.19,0.065
180.3,2.361,1.657,0.692,0.655,0.511,0.19,0.065
180.4,2.361,1.657,0.691,0.655,0.511,0.189,0.065
180.5,2.36,1.656,0.691,0.655,0.511,0.189,0.065
180.60000000000002,2.359,1.656,0.691,0.655,0.511,0.189,0.065
180.70000000000002,2.359,1.655,0.691,0.655,0.511,0.189,0.065
180.8,2.348,1.645,0.687,0.655,0.511,0.189,0.065
180.9,2.395,1.688,0.703,0.655,0.511,0.189,0.065
181.0,2.387,1.681,0.7,0.655,0.511,0.189,0.065
181.10000000000002,2.381,1.676,0.698,0.655,0.511,0.189,0.065
181.20000000000002,2.376,1.671,0.697,0.655,0.51,0.189,0.065
181.3,2.373,1.668,0.695,0.655,0.51,0.189,0.065
181.4,2.37,1.665,0.694,0.655,0.51,0.189,0.065
181.5,2.367,1.663,0.694,0.655,0.51,0.189,0.065
181.60000000000002,2.365,1.661,0.693,0.655,0.51,0.189,0.065
181.70000000000002,2.364,1.66,0.692,0.655,0.511,0.189,0.065
181.8,2.362,1.658,0.692,0.655,0.511,0.189,0.065
181.9,2.361,1.657,0.692,0.655,0.51,0.189,0.065
182.0,2.372,1.667,0.695,0.655,0.51,0.189,0.065
182.10000000000002,2.38,1.675,0.698,0.654,0.51,0.189,0.065
182.20000000000002,2.376,1.67,0.696,0.655,0.51,0.189,0.065
182.3,2.383,1.677,0.699,0.655,0.51,0.189,0.065
182.4,2.389,1.683,0.701,0.655,0.51,0.189,0.065
182.5,2.394,1.687,0.702,0.655,0.51,0.189,0.065
182.60000000000002,2.398,1.691,0.704,0.655,0.51,0.189,0.065
182.70000000000002,2.39,1.683,0.701,0.655,0.51,0.189,0.065
182.8,2.383,1.677,0.699,0.655,0.51,0.189,0.065
182.9,2.378,1.673,0.697,0.655,0.51,0.189,0.065
183.0,2.385,1.679,0.699,0.655,0.51,0.189,0.065
183.10000000000002,2.38,1.674,0.698,0.655,0.51,0.189,0.065
183.20000000000002,2.386,1.68,0.7,0.654,0.51,0.188,0.065
183.3,2.392,1.685,0.702,0.654,0.51,0.188,0.065
183.4,2.385,1.679,0.699,0.654,0.51,0.188,0.065
183.5,2.379,1.674,0.698,0.654,0.51,0.188,0.065
183.60000000000002,2.375,1.67,0.696,0.654,0.51,0.188,0.065
183.70000000000002,2.383,1.677,0.699,0.654,0.51,0.188,0.065
183.8,2.389,1.682,0.701,0.654,0.51,0.188,0.065
183.9,2.394,1.687,0.702,0.654,0.51,0.188,0.065
184.0,2.397,1.69,0.704,0.654,0.51,0.188,0.065
184.10000000000002,2.389,1.683,0.701,0.654,0.51,0.188,0.065
184.20000000000002,2.394,1.687,0.703,0.654,0.51,0.188,0.065
184.3,2.387,1.681,0.7,0.654,0.51,0.188,0.065
184.4,2.381,1.675,0.698,0.653,0.51,0.188,0.065
184.5,2.376,1.671,0.697,0.653,0.51,0.188,0.065
184.60000000000002,2.372,1.668,0.695,0.653,0.51,0.188,0.065
184.70000000000002,2.369,1.665,0.694,0.653,0.51,0.187,0.065
184.8,2.378,1.673,0.697,0.652,0.51,0.187,0.065
184.9,2.374,1.669,0.696,0.653,0.51,0.187,0.065
185.0,2.382,1.676,0.698,0.653,0.51,0.187,0.065
185.10000000000002,2.388,1.682,0.701,0.653,0.51,0.187,0.065
185.20000000000002,2.393,1.686,0.702,0.652,0.51,0.187,0.065
185.3,2.897,2.045,0.851,0.785,0.614,0.225,0.079
185.4,3.099,2.189,0.91,0.839,0.655,0.24,0.084
185.5,3.18,2.246,0.934,0.86,0.673,0.246,0.087
185.60000000000002,3.212,2.269,0.943,0.869,0.679,0.248,0.087
185.70000000000002,3.225,2.278,0.947,0.871,0.682,0.249,0.087
185.8,3.23,2.282,0.949,0.873,0.683,0.25,0.087
185.9,3.232,2.283,0.949,0.874,0.684,0.25,0.087
186.0,3.188,2.243,0.935,0.875,0.683,0.25,0.087
186.10000000000002,3.215,2.268,0.944,0.876,0.684,0.25,0.087
186.20000000000002,3.226,2.278,0.947,0.875,0.684,0.25,0.087
186.3,3.23,2.282,0.949,0.876,0.684,0.25,0.087
186.4,3.232,2.283,0.949,0.876,0.684,0.25,0.088
186.5,3.233,2.284,0.95,0.876,0.684,0.25,0.088
186.60000000000002,3.189,2.243,0.935,0.876,0.684,0.25,0.087
186.70000000000002,3.215,2.268,0.944,0.876,0.684,0.25,0.087
186.8,3.182,2.237,0.933,0.875,0.683,0.25,0.087
186.9,3.168,2.224,0.928,0.876,0.683,0.25,0.088
187.0,3.207,2.26,0.941,0.877,0.682,0.25,0.087
187.10000000000002,3.178,2.234,0.931,0.876,0.683,0.25,0.088
187.20000000000002,3.211,2.264,0.942,0.877,0.684,0.251,0.087
187.3,3.224,2.276,0.947,0.876,0.683,0.251,0.087
187.4,3.23,2.281,0.949,0.877,0.683,0.251,0.087
187.5,3.187,2.242,0.934,0.877,0.683,0.251,0.087
187.60000000000002,3.215,2.267,0.944,0.877,0.682,0.251,0.087
187.70000000000002,3.226,2.278,0.947,0.876,0.683,0.251,0.087
187.8,3.23,2.282,0.949,0.877,0.683,0.251,0.087
187.9,3.232,2.283,0.949,0.877,0.682,0.251,0.087
188.0,3.233,2.284,0.95,0.877,0.683,0.251,0.087
188.10000000000002,3.233,2.284,0.95,0.877,0.683,0.25,0.087
188.20000000000002,3.233,2.284,0.95,0.877,0.683,0.251,0.087
188.3,3.414,2.453,1.01,0.879,0.683,0.252,0.088
188.4,3.305,2.352,0.974,0.879,0.683,0.252,0.087
188.5,3.262,2.311,0.959,0.88,0.684,0.253,0.087
188.60000000000002,3.245,2.295,0.954,0.881,0.684,0.253,0.087
188.70000000000002,3.373,2.415,0.996,0.881,0.683,0.253,0.088
188.8,3.334,2.378,0.983,0.882,0.683,0.255,0.087
188.9,3.274,2.322,0.963,0.882,0.683,0.256,0.087
189.0,3.249,2.299,0.955,0.882,0.683,0.256,0.087
189.10000000000002,3.24,2.29,0.952,0.882,0.683,0.256,0.087
189.20000000000002,3.236,2.287,0.951,0.883,0.683,0.256,0.087
189.3,3.234,2.285,0.95,0.882,0.682,0.256,0.087
189.4,3.234,2.285,0.95,0.883,0.683,0.256,0.087
189.5,3.233,2.285,0.95,0.884,0.683,0.257,0.087
189.60000000000002,3.233,2.284,0.95,0.883,0.683,0.257,0.087
189.70000000000002,3.233,2.284,0.95,0.883,0.683,0.257,0.087
189.8,3.233,2.284,0.95,0.884,0.683,0.258,0.087
189.9,3.233,2.284,0.95,0.885,0.683,0.258,0.087
190.0,3.233,2.284,0.95,0.885,0.684,0.258,0.087
190.10000000000002,3.233,2.284,0.95,0.885,0.684,0.258,0.087
190.20000000000002,3.233,2.284,0.95,0.885,0.684,0.258,0.087
190.3,3.233,2.284,0.95,0.886,0.683,0.258,0.087
190.4,3.233,2.284,0.95,0.886,0.684,0.259,0.087
190.5,3.233,2.284,0.95,0.887,0.684,0.26,0.087
190.60000000000002,3.233,2.284,0.95,0.886,0.683,0.26,0.087
190.70000000000002,3.233,2.284,0.95,0.886,0.684,0.26,0.086
190.8,3.233,2.284,0.95,0.886,0.684,0.26,0.087
190.9,3.189,2.243,0.935,0.886,0.683,0.26,0.087
191.0,3.215,2.268,0.944,0.887,0.684,0.26,0.087
191.10000000000002,3.226,2.278,0.947,0.887,0.684,0.261,0.086
191.20000000000002,3.23,2.282,0.949,0.887,0.683,0.26,0.087
191.3,3.232,2.283,0.949,0.886,0.682,0.261,0.086
191.4,3.233,2.284,0.95,0.887,0.683,0.261,0.087
191.5,3.189,2.243,0.935,0.886,0.683,0.261,0.087
191.60000000000002,3.215,2.268,0.944,0.886,0.683,0.262,0.087
191.70000000000002,3.182,2.237,0.933,0.886,0.682,0.261,0.087
191.8,3.213,2.265,0.943,0.886,0.682,0.261,0.087
191.9,3.225,2.277,0.947,0.887,0.683,0.262,0.086
192.0,3.185,2.24,0.934,0.887,0.683,0.262,0.087
192.10000000000002,3.17,2.226,0.929,0.887,0.684,0.262,0.086
192.20000000000002,3.163,2.22,0.926,0.888,0.683,0.262,0.087
192.3,3.205,2.259,0.94,0.887,0.683,0.262,0.086
192.4,3.178,2.233,0.931,0.886,0.683,0.262,0.087
192.5,3.167,2.223,0.928,0.887,0.684,0.263,0.086
192.60000000000002,3.162,2.219,0.926,0.888,0.684,0.263,0.087
192.70000000000002,3.16,2.217,0.925,0.889,0.683,0.262,0.087
192.8,3.16,2.217,0.925,0.888,0.683,0.263,0.087
192.9,3.159,2.216,0.925,0.888,0.684,0.263,0.086
193.0,3.204,2.257,0.94,0.887,0.683,0.263,0.086
193.10000000000002,3.221,2.273,0.946,0.887,0.683,0.263,0.086
193.20000000000002,3.184,2.239,0.933,0.887,0.683,0.263,0.087
193.3,3.214,2.266,0.943,0.888,0.683,0.263,0.086
193.4,3.181,2.236,0.932,0.887,0.683,0.263,0.087
193.5,3.168,2.224,0.928,0.887,0.683,0.264,0.087
193.60000000000002,3.163,2.219,0.926,0.887,0.683,0.263,0.087
193.70000000000002,3.161,2.217,0.926,0.887,0.683,0.264,0.086
193.8,3.16,2.217,0.925,0.888,0.684,0.264,0.087
193.9,3.159,2.216,0.925,0.888,0.683,0.264,0.086
194.0,3.159,2.216,0.925,0.887,0.683,0.264,0.086
194.10000000000002,3.159,2.216,0.925,0.887,0.683,0.264,0.087
194.20000000000002,3.159,2.216,0.925,0.888,0.682,0.264,0.086
194.3,3.159,2.216,0.925,0.889,0.683,0.264,0.087
194.4,3.159,2.216,0.925,0.889,0.683,0.264,0.087
194.5,3.115,2.176,0.91,0.888,0.683,0.264,0.086
194.60000000000002,3.141,2.2,0.919,0.888,0.682,0.264,0.086
194.70000000000002,3.197,2.251,0.938,0.887,0.683,0.265,0.087
194.8,3.174,2.23,0.93,0.887,0.682,0.265,0.087
194.9,3.165,2.222,0.927,0.887,0.682,0.264,0.087
195.0,3.162,2.218,0.926,0.887,0.683,0.264,0.087
195.10000000000002,3.16,2.217,0.925,0.886,0.683,0.265,0.086
195.20000000000002,3.159,2.216,0.925,0.886,0.682,0.264,0.086
195.3,3.159,2.216,0.925,0.887,0.683,0.265,0.087
195.4,3.204,2.257,0.94,0.887,0.682,0.265,0.087
195.5,3.177,2.232,0.931,0.887,0.682,0.265,0.087
195.60000000000002,3.166,2.223,0.927,0.886,0.681,0.265,0.087
195.70000000000002,3.162,2.219,0.926,0.886,0.682,0.265,0.086
195.8,3.16,2.217,0.925,0.887,0.682,0.266,0.087
195.9,3.16,2.216,0.925,0.888,0.682,0.266,0.086
196.0,3.159,2.216,0.925,0.887,0.683,0.265,0.086
196.10000000000002,3.159,2.216,0.925,0.888,0.683,0.265,0.086
196.20000000000002,3.115,2.176,0.91,0.887,0.682,0.265,0.087
196.3,3.141,2.2,0.919,0.886,0.682,0.265,0.087
196.4,3.197,2.251,0.938,0.887,0.682,0.266,0.087
196.5,3.174,2.23,0.93,0.887,0.682,0.265,0.087
196.60000000000002,3.165,2.222,0.927,0.888,0.682,0.265,0.087
196.70000000000002,3.162,2.218,0.926,0.888,0.682,0.266,0.086
196.8,3.16,2.217,0.925,0.887,0.682,0.266,0.087
196.9,3.159,2.216,0.925,0.887,0.681,0.266,0.087
197.0,3.159,2.216,0.925,0.887,0.682,0.265,0.087
197.10000000000002,3.159,2.216,0.925,0.888,0.681,0.265,0.087
197.20000000000002,3.159,2.216,0.925,0.887,0.682,0.265,0.087
197.3,3.159,2.216,0.925,0.887,0.682,0.266,0.087
197.4,3.159,2.216,0.925,0.888,0.682,0.266,0.086
197.5,3.159,2.216,0.925,0.887,0.682,0.266,0.086
197.60000000000002,3.159,2.216,0.925,0.887,0.682,0.266,0.087
197.70000000000002,3.159,2.216,0.925,0.886,0.683,0.266,0.087
197.8,3.159,2.216,0.925,0.886,0.682,0.266,0.086
197.9,3.159,2.216,0.925,0.886,0.682,0.266,0.087
198.0,3.159,2.216,0.925,0.886,0.681,0.266,0.087
198.10000000000002,3.115,2.176,0.91,0.885,0.681,0.265,0.086
198.20000000000002,3.141,2.2,0.919,0.886,0.681,0.266,0.087
198.3,3.152,2.21,0.923,0.886,0.681,0.266,0.087
198.4,3.156,2.213,0.924,0.886,0.682,0.266,0.087
198.5,3.158,2.215,0.925,0.887,0.682,0.266,0.086
198.60000000000002,3.159,2.216,0.925,0.887,0.682,0.266,0.087
198.70000000000002,3.159,2.216,0.925,0.886,0.681,0.266,0.086
198.8,3.159,2.216,0.925,0.886,0.681,0.266,0.086
198.9,3.159,2.216,0.925,0.886,0.681,0.266,0.087
199.0,3.159,2.216,0.925,0.886,0.681,0.265,0.086
199.10000000000002,3.115,2.176,0.91,0.886,0.682,0.266,0.087
199.20000000000002,3.097,2.159,0.905,0.886,0.681,0.266,0.087
199.3,3.134,2.193,0.917,0.886,0.682,0.266,0.086
199.4,3.149,2.207,0.922,0.886,0.681,0.266,0.087
199.5,3.111,2.172,0.909,0.885,0.681,0.266,0.086
199.60000000000002,3.096,2.158,0.904,0.886,0.681,0.266,0.086
199.70000000000002,3.089,2.152,0.902,0.886,0.682,0.265,0.086
199.8,3.131,2.191,0.916,0.885,0.682,0.266,0.086
199.9,3.148,2.206,0.921,0.885,0.681,0.266,0.086
200.0,3.11,2.172,0.909,0.886,0.681,0.266,0.087
200.10000000000002,3.14,2.198,0.919,0.885,0.681,0.266,0.086
200.20000000000002,3.151,2.209,0.922,0.886,0.681,0.266,0.087
200.3,3.156,2.213,0.924,0.886,0.681,0.266,0.086
200.4,3.114,2.174,0.91,0.887,0.681,0.266,0.086
200.5,3.141,2.199,0.919,0.886,0.681,0.265,0.086
200.60000000000002,3.152,2.209,0.923,0.886,0.682,0.266,0.087
200.70000000000002,3.156,2.213,0.924,0.886,0.681,0.266,0.086
200.8,3.114,2.175,0.91,0.885,0.681,0.266,0.087
200.9,3.097,2.159,0.904,0.886,0.681,0.266,0.086
201.0,3.09,2.153,0.902,0.886,0.681,0.266,0.086
201.10000000000002,3.131,2.191,0.916,0.886,0.681,0.266,0.087
201.20000000000002,3.148,2.206,0.921,0.886,0.681,0.266,0.086
201.3,3.11,2.172,0.909,0.885,0.681,0.266,0.086
201.4,3.095,2.158,0.904,0.886,0.681,0.266,0.087
201.5,3.134,2.193,0.917,0.886,0.681,0.266,0.087
201.60000000000002,3.105,2.166,0.907,0.886,0.681,0.266,0.086
201.70000000000002,3.093,2.156,0.903,0.885,0.681,0.266,0.086
201.8,3.088,2.151,0.902,0.885,0.681,0.266,0.086
201.9,3.087,2.15,0.901,0.885,0.681,0.266,0.087
202.0,3.086,2.149,0.901,0.886,0.681,0.266,0.087
202.10000000000002,3.086,2.149,0.901,0.886,0.681,0.266,0.086
202.20000000000002,3.085,2.149,0.901,0.885,0.681,0.266,0.086
202.3,3.13,2.189,0.915,0.886,0.68,0.266,0.086
202.4,3.103,2.165,0.907,0.885,0.681,0.266,0.087
202.5,3.137,2.196,0.918,0.885,0.68,0.266,0.087
202.60000000000002,3.15,2.208,0.922,0.885,0.681,0.266,0.087
202.70000000000002,3.156,2.213,0.924,0.885,0.681,0.266,0.086
202.8,3.113,2.174,0.91,0.886,0.681,0.266,0.086
202.9,3.097,2.159,0.904,0.885,0.68,0.266,0.087
203.0,3.09,2.153,0.902,0.885,0.68,0.266,0.086
203.10000000000002,3.087,2.15,0.901,0.884,0.68,0.266,0.086
203.20000000000002,3.13,2.19,0.916,0.884,0.679,0.266,0.087
203.3,3.103,2.165,0.907,0.884,0.68,0.266,0.086
203.4,3.093,2.155,0.903,0.885,0.68,0.266,0.086
203.5,3.132,2.192,0.916,0.885,0.679,0.266,0.087
203.60000000000002,3.148,2.206,0.922,0.885,0.68,0.266,0.087
203.70000000000002,3.111,2.172,0.909,0.885,0.679,0.266,0.087
203.8,3.095,2.158,0.904,0.885,0.68,0.266,0.087
203.9,3.089,2.152,0.902,0.886,0.68,0.266,0.087
204.0,3.087,2.15,0.901,0.886,0.68,0.266,0.086
204.10000000000002,3.13,2.19,0.916,0.885,0.68,0.266,0.086
204.20000000000002,3.103,2.165,0.907,0.885,0.679,0.266,0.086
204.3,3.137,2.196,0.918,0.885,0.68,0.265,0.087
204.4,3.15,2.208,0.922,0.885,0.68,0.266,0.087
204.5,3.111,2.172,0.909,0.885,0.679,0.266,0.086
204.60000000000002,3.14,2.199,0.919,0.885,0.68,0.266,0.087
204.70000000000002,3.107,2.169,0.908,0.884,0.68,0.266,0.087
204.8,3.138,2.197,0.918,0.885,0.679,0.265,0.087
204.9,3.107,2.168,0.908,0.884,0.679,0.266,0.087
205.0,3.138,2.197,0.918,0.885,0.679,0.266,0.086
205.10000000000002,3.151,2.208,0.922,0.885,0.68,0.266,0.087
205.20000000000002,3.112,2.173,0.909,0.884,0.679,0.265,0.087
205.3,3.096,2.158,0.904,0.884,0.679,0.265,0.086
205.4,3.134,2.193,0.917,0.884,0.68,0.265,0.087
205.5,3.105,2.166,0.907,0.885,0.68,0.266,0.087
205.60000000000002,3.093,2.156,0.903,0.884,0.679,0.265,0.086
205.70000000000002,3.088,2.152,0.902,0.884,0.679,0.265,0.087
205.8,3.131,2.19,0.916,0.884,0.679,0.266,0.087
205.9,3.104,2.165,0.907,0.884,0.679,0.265,0.086
206.0,3.093,2.155,0.903,0.885,0.68,0.266,0.086
206.10000000000002,3.088,2.151,0.902,0.885,0.68,0.265,0.086
206.20000000000002,3.087,2.15,0.901,0.884,0.679,0.266,0.086
206.3,3.086,2.149,0.901,0.884,0.679,0.266,0.087
206.4,3.086,2.149,0.901,0.884,0.68,0.265,0.086
206.5,3.085,2.149,0.901,0.884,0.679,0.266,0.087
206.60000000000002,3.085,2.149,0.901,0.884,0.679,0.265,0.087
206.70000000000002,3.085,2.149,0.901,0.885,0.679,0.266,0.086
206.8,3.085,2.149,0.901,0.884,0.68,0.266,0.087
206.9,3.085,2.149,0.901,0.884,0.679,0.266,0.087
207.0,3.085,2.149,0.901,0.884,0.678,0.266,0.087
207.10000000000002,3.13,2.189,0.915,0.884,0.679,0.265,0.086
207.20000000000002,3.147,2.205,0.921,0.884,0.678,0.266,0.087
207.3,3.11,2.171,0.909,0.883,0.678,0.266,0.086
207.4,3.095,2.158,0.904,0.884,0.678,0.266,0.086
207.5,3.089,2.152,0.902,0.885,0.679,0.265,0.087
207.60000000000002,3.087,2.15,0.901,0.884,0.679,0.266,0.086
207.70000000000002,3.086,2.149,0.901,0.883,0.679,0.265,0.086
207.8,3.086,2.149,0.901,0.884,0.678,0.265,0.086
207.9,3.085,2.149,0.901,0.883,0.679,0.265,0.086
208.0,3.085,2.149,0.901,0.883,0.678,0.265,0.086
208.10000000000002,3.085,2.149,0.901,0.882,0.678,0.265,0.087
208.20000000000002,3.085,2.149,0.901,0.882,0.678,0.265,0.087
208.3,3.085,2.149,0.901,0.883,0.678,0.265,0.086
208.4,3.085,2.149,0.901,0.883,0.679,0.265,0.087
208.5,3.13,2.189,0.915,0.884,0.679,0.265,0.087
208.60000000000002,3.103,2.165,0.906,0.884,0.678,0.265,0.087
208.70000000000002,3.048,2.115,0.888,0.883,0.678,0.265,0.086
208.8,3.071,2.135,0.896,0.883,0.679,0.265,0.087
208.9,3.079,2.143,0.899,0.882,0.678,0.265,0.087
209.0,3.083,2.147,0.9,0.883,0.678,0.265,0.087
209.10000000000002,3.084,2.148,0.9,0.884,0.678,0.265,0.087
209.20000000000002,3.085,2.148,0.901,0.883,0.678,0.265,0.087
209.3,3.085,2.149,0.901,0.884,0.678,0.265,0.086
209.4,3.085,2.149,0.901,0.884,0.678,0.265,0.086
209.5,3.085,2.149,0.901,0.883,0.678,0.265,0.087
209.60000000000002,3.085,2.149,0.901,0.884,0.678,0.264,0.086
209.70000000000002,3.085,2.149,0.901,0.884,0.678,0.265,0.087
209.8,3.085,2.149,0.901,0.883,0.677,0.265,0.087
209.9,3.085,2.149,0.901,0.883,0.678,0.265,0.087
210.0,3.085,2.149,0.901,0.882,0.678,0.264,0.087
210.10000000000002,3.085,2.149,0.901,0.883,0.677,0.265,0.087
210.20000000000002,3.085,2.149,0.901,0.883,0.678,0.264,0.086
210.3,3.085,2.149,0.901,0.883,0.678,0.265,0.086
210.4,3.085,2.149,0.901,0.883,0.678,0.264,0.087
210.5,3.085,2.149,0.901,0.884,0.678,0.264,0.087
210.60000000000002,3.085,2.149,0.901,0.883,0.678,0.265,0.086
210.70000000000002,3.085,2.149,0.901,0.883,0.678,0.264,0.087
210.8,3.085,2.149,0.901,0.883,0.678,0.264,0.087
210.9,3.085,2.149,0.901,0.882,0.678,0.264,0.087
211.0,3.085,2.149,0.901,0.882,0.677,0.264,0.087
211.10000000000002,3.085,2.149,0.901,0.882,0.678,0.265,0.086
211.20000000000002,3.085,2.149,0.901,0.883,0.677,0.264,0.086
211.3,3.085,2.149,0.901,0.883,0.677,0.265,0.086
211.4,3.085,2.149,0.901,0.882,0.678,0.264,0.086
211.5,3.085,2.149,0.901,0.883,0.678,0.264,0.086
211.60000000000002,3.085,2.149,0.901,0.882,0.678,0.265,0.086
211.70000000000002,3.085,2.149,0.901,0.883,0.678,0.264,0.086
211.8,3.085,2.149,0.901,0.883,0.678,0.265,0.087
211.9,3.085,2.149,0.901,0.883,0.677,0.265,0.086
212.0,3.085,2.149,0.901,0.883,0.678,0.264,0.086
212.10000000000002,3.085,2.149,0.901,0.884,0.678,0.265,0.086
212.20000000000002,3.085,2.149,0.901,0.883,0.678,0.265,0.087
212.3,3.041,2.109,0.886,0.882,0.678,0.264,0.087
212.4,3.068,2.133,0.895,0.882,0.677,0.264,0.086
212.5,3.078,2.142,0.898,0.881,0.678,0.264,0.087
212.60000000000002,3.171,2.228,0.929,0.882,0.678,0.264,0.087
212.70000000000002,3.12,2.18,0.912,0.883,0.678,0.264,0.086
212.8,3.143,2.202,0.92,0.883,0.677,0.265,0.087
212.9,3.109,2.17,0.908,0.882,0.677,0.264,0.087
213.0,3.095,2.157,0.904,0.882,0.677,0.264,0.086
213.10000000000002,3.089,2.152,0.902,0.882,0.677,0.264,0.086
213.20000000000002,3.087,2.15,0.901,0.883,0.678,0.264,0.087
213.3,3.086,2.149,0.901,0.882,0.677,0.265,0.086
213.4,3.086,2.149,0.901,0.881,0.677,0.264,0.086
213.5,3.085,2.149,0.901,0.881,0.678,0.264,0.086
213.60000000000002,3.085,2.149,0.901,0.881,0.677,0.264,0.087
213.70000000000002,3.085,2.149,0.901,0.882,0.677,0.264,0.086
213.8,3.085,2.149,0.901,0.882,0.677,0.264,0.087
213.9,3.085,2.149,0.901,0.883,0.678,0.264,0.086
214.0,3.085,2.149,0.901,0.882,0.677,0.263,0.086
214.10000000000002,3.085,2.149,0.901,0.882,0.677,0.263,0.086
214.20000000000002,3.085,2.149,0.901,0.882,0.678,0.264,0.087
214.3,3.085,2.149,0.901,0.882,0.677,0.263,0.087
214.4,3.085,2.149,0.901,0.881,0.678,0.264,0.086
214.5,3.085,2.149,0.901,0.882,0.678,0.264,0.086
214.60000000000002,3.085,2.149,0.901,0.882,0.677,0.263,0.086
214.70000000000002,3.085,2.149,0.901,0.882,0.677,0.264,0.086
214.8,3.085,2.149,0.901,0.881,0.678,0.264,0.086
214.9,3.085,2.149,0.901,0.882,0.677,0.263,0.087
215.0,3.085,2.149,0.901,0.882,0.677,0.264,0.087
215.10000000000002,3.085,2.149,0.901,0.881,0.677,0.264,0.086
215.20000000000002,3.085,2.149,0.901,0.882,0.678,0.264,0.086
215.3,3.085,2.149,0.901,0.881,0.677,0.263,0.086
215.4,3.085,2.149,0.901,0.882,0.677,0.263,0.086
215.5,3.085,2.149,0.901,0.882,0.677,0.263,0.086
215.60000000000002,3.085,2.149,0.901,0.882,0.677,0.263,0.086
215.70000000000002,3.085,2.149,0.901,0.881,0.677,0.263,0.086
215.8,3.085,2.149,0.901,0.882,0.677,0.263,0.087
215.9,3.085,2.149,0.901,0.881,0.677,0.263,0.087
216.0,3.13,2.189,0.915,0.882,0.678,0.263,0.086
216.10000000000002,3.103,2.165,0.906,0.881,0.677,0.263,0.086
216.20000000000002,3.137,2.196,0.918,0.881,0.677,0.263,0.087
216.3,3.106,2.167,0.907,0.881,0.676,0.263,0.086
216.4,3.094,2.156,0.903,0.882,0.677,0.263,0.087
216.5,3.089,2.152,0.902,0.882,0.677,0.263,0.086
216.60000000000002,3.087,2.15,0.901,0.882,0.676,0.263,0.086
216.70000000000002,3.086,2.149,0.901,0.882,0.676,0.263,0.087
216.8,3.086,2.149,0.901,0.882,0.677,0.264,0.086
216.9,3.085,2.149,0.901,0.881,0.677,0.263,0.086
217.0,3.085,2.149,0.901,0.882,0.677,0.263,0.086
217.10000000000002,3.085,2.149,0.901,0.882,0.677,0.263,0.087
217.20000000000002,3.085,2.149,0.901,0.882,0.677,0.263,0.086
217.3,3.085,2.149,0.901,0.882,0.678,0.264,0.086
217.4,3.085,2.149,0.901,0.882,0.677,0.263,0.086
217.5,3.085,2.149,0.901,0.882,0.677,0.263,0.086
217.60000000000002,3.13,2.189,0.915,0.881,0.677,0.262,0.087
217.70000000000002,3.103,2.165,0.906,0.881,0.677,0.263,0.086
217.8,3.092,2.155,0.903,0.882,0.677,0.263,0.086
217.9,3.088,2.151,0.902,0.881,0.676,0.263,0.086
218.0,3.086,2.15,0.901,0.882,0.677,0.263,0.087
218.10000000000002,3.086,2.149,0.901,0.882,0.677,0.262,0.087
218.20000000000002,3.086,2.149,0.901,0.881,0.677,0.263,0.086
218.3,3.085,2.149,0.901,0.881,0.676,0.262,0.086
218.4,3.085,2.149,0.901,0.881,0.677,0.262,0.086
218.5,3.085,2.149,0.901,0.882,0.677,0.263,0.086
218.60000000000002,3.085,2.149,0.901,0.881,0.677,0.263,0.086
218.70000000000002,3.085,2.149,0.901,0.882,0.677,0.263,0.087
218.8,3.085,2.149,0.901,0.882,0.677,0.262,0.087
218.9,3.085,2.149,0.901,0.881,0.677,0.262,0.086
219.0,3.085,2.149,0.901,0.881,0.677,0.262,0.086
219.10000000000002,3.174,2.23,0.93,0.882,0.677,0.262,0.086
219.20000000000002,3.121,2.181,0.912,0.882,0.677,0.263,0.086
219.3,3.1,2.162,0.905,0.882,0.677,0.263,0.086
219.4,3.091,2.154,0.903,0.881,0.677,0.263,0.086
219.5,3.088,2.151,0.901,0.882,0.676,0.263,0.086
219.60000000000002,3.086,2.15,0.901,0.881,0.677,0.263,0.086
219.70000000000002,3.086,2.149,0.901,0.881,0.677,0.263,0.086
219.8,3.086,2.149,0.901,0.881,0.677,0.262,0.086
219.9,3.085,2.149,0.901,0.881,0.677,0.263,0.086
220.0,3.085,2.149,0.901,0.881,0.677,0.262,0.086
220.10000000000002,3.085,2.149,0.901,0.881,0.676,0.262,0.087
220.20000000000002,3.085,2.149,0.901,0.882,0.677,0.263,0.086
220.3,3.085,2.149,0.901,0.882,0.677,0.262,0.086
220.4,3.085,2.149,0.901,0.881,0.677,0.263,0.086
220.5,3.085,2.149,0.901,0.881,0.677,0.262,0.086
220.60000000000002,3.085,2.149,0.901,0.881,0.676,0.262,0.086
220.70000000000002,3.085,2.149,0.901,0.881,0.677,0.262,0.086
220.8,3.085,2.149,0.901,0.881,0.676,0.263,0.086
220.9,3.085,2.149,0.901,0.881,0.677,0.262,0.087
221.0,3.085,2.149,0.901,0.88,0.676,0.262,0.086
221.10000000000002,3.085,2.149,0.901,0.881,0.676,0.262,0.086
221.20000000000002,3.041,2.109,0.886,0.881,0.676,0.262,0.086
221.3,3.112,2.173,0.909,0.882,0.676,0.263,0.085
221.4,3.096,2.158,0.904,0.881,0.676,0.262,0.086
221.5,3.09,2.153,0.902,0.881,0.676,0.262,0.086
221.60000000000002,3.087,2.15,0.901,0.881,0.676,0.262,0.086
221.70000000000002,3.086,2.149,0.901,0.881,0.676,0.262,0.086
221.8,3.086,2.149,0.901,0.881,0.676,0.262,0.086
221.9,3.085,2.149,0.901,0.88,0.677,0.262,0.086
222.0,3.085,2.149,0.901,0.881,0.676,0.262,0.086
222.10000000000002,3.085,2.149,0.901,0.88,0.676,0.261,0.086
222.20000000000002,3.085,2.149,0.901,0.88,0.676,0.261,0.086
222.3,3.085,2.149,0.901,0.88,0.676,0.262,0.086
222.4,3.041,2.109,0.886,0.879,0.675,0.261,0.086
222.5,3.068,2.133,0.895,0.88,0.676,0.262,0.086
222.60000000000002,3.078,2.142,0.898,0.88,0.675,0.261,0.086
222.70000000000002,3.083,2.146,0.9,0.879,0.676,0.261,0.086
222.8,3.084,2.148,0.9,0.88,0.676,0.262,0.085
222.9,3.085,2.148,0.9,0.88,0.676,0.262,0.085
223.0,3.129,2.189,0.915,0.88,0.676,0.262,0.086
223.10000000000002,3.103,2.165,0.906,0.88,0.676,0.261,0.086
223.20000000000002,3.092,2.155,0.903,0.881,0.675,0.262,0.086
223.3,3.088,2.151,0.902,0.88,0.676,0.261,0.086
223.4,3.086,2.15,0.901,0.881,0.676,0.262,0.086
223.5,3.086,2.149,0.901,0.88,0.676,0.262,0.086
223.60000000000002,3.086,2.149,0.901,0.881,0.676,0.261,0.086
223.70000000000002,3.085,2.149,0.901,0.88,0.675,0.261,0.086
223.8,3.085,2.149,0.901,0.881,0.676,0.262,0.086
223.9,3.085,2.149,0.901,0.881,0.676,0.261,0.086
224.0,3.041,2.109,0.886,0.881,0.675,0.261,0.086
224.10000000000002,3.068,2.133,0.895,0.88,0.675,0.261,0.086
224.20000000000002,3.078,2.142,0.898,0.88,0.675,0.261,0.085
224.3,3.083,2.146,0.9,0.879,0.676,0.261,0.086
224.4,3.084,2.148,0.9,0.88,0.675,0.261,0.086
224.5,3.129,2.189,0.915,0.879,0.675,0.26,0.086
224.60000000000002,3.103,2.165,0.906,0.879,0.675,0.261,0.086
224.70000000000002,3.092,2.155,0.903,0.88,0.674,0.261,0.086
224.8,3.088,2.151,0.902,0.881,0.675,0.262,0.086
224.9,3.086,2.15,0.901,0.88,0.675,0.261,0.086
225.0,3.086,2.149,0.901,0.88,0.674,0.261,0.086
225.10000000000002,3.086,2.149,0.901,0.88,0.675,0.261,0.085
225.20000000000002,3.085,2.149,0.901,0.881,0.676,0.261,0.086
225.3,3.085,2.149,0.901,0.881,0.675,0.261,0.086
225.4,3.085,2.149,0.901,0.88,0.675,0.26,0.086
225.5,3.085,2.149,0.901,0.88,0.675,0.261,0.086
225.60000000000002,3.085,2.149,0.901,0.879,0.674,0.261,0.085
225.70000000000002,3.085,2.149,0.901,0.88,0.675,0.261,0.086
225.8,3.085,2.149,0.901,0.879,0.675,0.261,0.086
225.9,3.085,2.149,0.901,0.88,0.676,0.261,0.085
226.0,3.085,2.149,0.901,0.879,0.675,0.261,0.085
226.10000000000002,3.085,2.149,0.901,0.88,0.674,0.26,0.086
226.20000000000002,3.085,2.149,0.901,0.88,0.675,0.261,0.086
226.3,3.085,2.149,0.901,0.881,0.675,0.261,0.085
226.4,3.085,2.149,0.901,0.88,0.675,0.261,0.086
226.5,3.085,2.149,0.901,0.88,0.675,0.261,0.085
226.60000000000002,3.085,2.149,0.901,0.88,0.676,0.26,0.086
226.70000000000002,3.085,2.149,0.901,0.881,0.676,0.261,0.085
226.8,3.085,2.149,0.901,0.881,0.675,0.26,0.086
226.9,3.085,2.149,0.901,0.881,0.675,0.261,0.086
227.0,3.085,2.149,0.901,0.88,0.674,0.261,0.086
227.10000000000002,3.085,2.149,0.901,0.881,0.675,0.261,0.086
227.20000000000002,3.085,2.149,0.901,0.88,0.675,0.261,0.086
227.3,3.13,2.189,0.915,0.88,0.674,0.26,0.086
227.4,3.103,2.165,0.906,0.879,0.674,0.261,0.086
227.5,3.092,2.155,0.903,0.879,0.675,0.26,0.086
227.60000000000002,3,2.072,0.873,0.88,0.675,0.261,0.086
227.70000000000002,3.096,2.158,0.904,0.88,0.675,0.261,0.085
227.8,3.089,2.153,0.902,0.88,0.674,0.26,0.086
227.9,3.087,2.15,0.901,0.88,0.674,0.26,0.086
228.0,3.086,2.149,0.901,0.881,0.674,0.261,0.086
228.10000000000002,3.086,2.149,0.901,0.881,0.674,0.261,0.086
228.20000000000002,3.085,2.149,0.901,0.88,0.674,0.26,0.086
228.3,3.085,2.149,0.901,0.88,0.675,0.26,0.086
228.4,3.085,2.149,0.901,0.88,0.674,0.26,0.086
228.5,3.085,2.149,0.901,0.879,0.674,0.26,0.086
228.60000000000002,3.085,2.149,0.901,0.878,0.674,0.26,0.086
228.70000000000002,3.085,2.149,0.901,0.878,0.674,0.26,0.086
228.8,3.085,2.149,0.901,0.879,0.674,0.26,0.087
228.9,3.085,2.149,0.901,0.879,0.673,0.26,0.086
229.0,3.085,2.149,0.901,0.879,0.673,0.26,0.086
229.10000000000002,3.085,2.149,0.901,0.878,0.674,0.26,0.085
229.20000000000002,3.085,2.149,0.901,0.878,0.674,0.261,0.086
229.3,3.041,2.109,0.886,0.879,0.674,0.26,0.086
229.4,3.068,2.133,0.895,0.879,0.674,0.26,0.086
229.5,3.078,2.142,0.898,0.878,0.674,0.26,0.086
229.60000000000002,3.083,2.146,0.9,0.879,0.674,0.26,0.086
229.70000000000002,3.084,2.148,0.9,0.88,0.675,0.26,0.086
229.8,3.085,2.148,0.9,0.879,0.675,0.26,0.086
229.9,3.085,2.149,0.901,0.878,0.674,0.26,0.086
230.0,3.13,2.189,0.915,0.879,0.674,0.26,0.086
230.10000000000002,3.192,2.246,0.936,0.878,0.675,0.26,0.086
230.20000000000002,3.128,2.188,0.915,0.878,0.674,0.26,0.085
230.3,3.102,2.164,0.906,0.878,0.674,0.26,0.085
230.4,3.092,2.155,0.903,0.879,0.674,0.26,0.086
230.5,3.088,2.151,0.902,0.878,0.673,0.26,0.086
230.60000000000002,3.086,2.15,0.901,0.879,0.674,0.26,0.086
230.70000000000002,3.086,2.149,0.901,0.878,0.674,0.26,0.085
230.8,3.086,2.149,0.901,0.878,0.673,0.26,0.086
230.9,3.085,2.149,0.901,0.879,0.674,0.26,0.085
231.0,3.085,2.149,0.901,0.879,0.674,0.26,0.086
231.10000000000002,3.085,2.149,0.901,0.879,0.674,0.26,0.085
231.20000000000002,3.085,2.149,0.901,0.879,0.675,0.26,0.086
231.3,3.041,2.109,0.886,0.879,0.674,0.26,0.085
231.4,3.068,2.133,0.895,0.88,0.674,0.26,0.085
231.5,3.078,2.142,0.898,0.878,0.674,0.26,0.086
231.60000000000002,3.083,2.146,0.9,0.879,0.674,0.26,0.086
231.70000000000002,3.084,2.148,0.9,0.878,0.674,0.26,0.086
231.8,3.085,2.148,0.9,0.878,0.674,0.26,0.085
231.9,3.085,2.149,0.901,0.877,0.673,0.26,0.085
232.0,3.041,2.109,0.886,0.878,0.673,0.26,0.085
232.10000000000002,3.068,2.133,0.895,0.877,0.673,0.259,0.085
232.20000000000002,3.078,2.142,0.898,0.878,0.674,0.26,0.085
232.3,3.083,2.146,0.9,0.878,0.674,0.26,0.086
232.4,3.084,2.148,0.9,0.878,0.674,0.26,0.086
232.5,3.085,2.148,0.9,0.878,0.674,0.26,0.086
232.60000000000002,3.085,2.149,0.901,0.878,0.674,0.26,0.085
232.70000000000002,3.085,2.149,0.901,0.878,0.673,0.259,0.085
232.8,3.085,2.149,0.901,0.878,0.674,0.26,0.086
232.9,3.085,2.149,0.901,0.878,0.674,0.26,0.086
233.0,3.085,2.149,0.901,0.878,0.673,0.259,0.086
233.10000000000002,3.085,2.149,0.901,0.877,0.673,0.26,0.085
233.20000000000002,3.085,2.149,0.901,0.878,0.674,0.259,0.086
233.3,3.085,2.149,0.901,0.878,0.673,0.259,0.086
233.4,3.041,2.109,0.886,0.878,0.674,0.26,0.085
233.5,3.068,2.133,0.895,0.878,0.673,0.259,0.086
233.60000000000002,3.078,2.142,0.898,0.878,0.673,0.26,0.086
233.70000000000002,3.083,2.146,0.9,0.879,0.674,0.259,0.086
233.8,3.218,2.271,0.945,0.879,0.674,0.259,0.086
233.9,3.138,2.197,0.918,0.879,0.674,0.26,0.085
234.0,3.107,2.168,0.908,0.878,0.673,0.259,0.086
234.10000000000002,3.094,2.156,0.903,0.879,0.674,0.259,0.085
234.20000000000002,3.089,2.152,0.902,0.878,0.673,0.259,0.085
234.3,3.087,2.15,0.901,0.878,0.674,0.259,0.085
234.4,3.042,2.109,0.886,0.879,0.674,0.26,0.085
234.5,3.068,2.133,0.895,0.879,0.674,0.259,0.086
234.60000000000002,3.078,2.142,0.898,0.878,0.673,0.26,0.086
234.70000000000002,3.083,2.146,0.9,0.879,0.674,0.259,0.085
234.8,3.084,2.148,0.9,0.879,0.674,0.26,0.086
234.9,3.085,2.148,0.9,0.879,0.673,0.259,0.085
235.0,3.085,2.149,0.901,0.879,0.673,0.259,0.086
235.10000000000002,3.085,2.149,0.901,0.878,0.673,0.26,0.085
235.20000000000002,3.085,2.149,0.901,0.879,0.674,0.26,0.086
235.3,3.085,2.149,0.901,0.878,0.673,0.26,0.086
235.4,3.085,2.149,0.901,0.877,0.673,0.259,0.086
235.5,3.085,2.149,0.901,0.878,0.674,0.259,0.085
235.60000000000002,3.085,2.149,0.901,0.879,0.674,0.26,0.086
235.70000000000002,3.085,2.149,0.901,0.879,0.674,0.259,0.085
235.8,3.085,2.149,0.901,0.878,0.673,0.259,0.086
235.9,3.085,2.149,0.901,0.878,0.673,0.259,0.086
236.0,3.085,2.149,0.901,0.878,0.674,0.259,0.086
236.10000000000002,3.085,2.149,0.901,0.878,0.674,0.259,0.086
236.20000000000002,2.998,2.069,0.872,0.878,0.673,0.258,0.085
236.3,3.05,2.117,0.889,0.879,0.673,0.258,0.086
236.4,3.071,2.136,0.896,0.879,0.673,0.259,0.086
236.5,3.08,2.144,0.899,0.878,0.673,0.258,0.085
236.60000000000002,3.083,2.147,0.9,0.879,0.673,0.259,0.086
236.70000000000002,3.084,2.148,0.9,0.878,0.673,0.259,0.086
236.8,3.085,2.148,0.901,0.878,0.674,0.259,0.086
236.9,3.129,2.189,0.915,0.878,0.674,0.258,0.086
237.0,3.059,2.125,0.892,0.879,0.673,0.258,0.086
237.10000000000002,3.075,2.139,0.897,0.878,0.673,0.259,0.086
237.20000000000002,3.081,2.145,0.899,0.879,0.673,0.258,0.086
237.3,3.084,2.147,0.9,0.878,0.673,0.259,0.085
237.4,3.085,2.148,0.9,0.878,0.673,0.259,0.085
237.5,3.085,2.148,0.901,0.877,0.673,0.258,0.085
237.60000000000002,3.085,2.149,0.901,0.878,0.673,0.258,0.085
237.70000000000002,3.085,2.149,0.901,0.877,0.673,0.258,0.085
237.8,3.085,2.149,0.901,0.878,0.673,0.258,0.085
237.9,3.041,2.109,0.886,0.878,0.674,0.258,0.085
238.0,3.068,2.133,0.895,0.877,0.673,0.258,0.086
238.10000000000002,3.078,2.142,0.898,0.878,0.673,0.259,0.085
238.20000000000002,2.995,2.067,0.871,0.877,0.672,0.258,0.085
238.3,3.049,2.116,0.889,0.877,0.673,0.258,0.085
238.4,3.071,2.136,0.896,0.877,0.673,0.258,0.085
238.5,3.036,2.104,0.884,0.878,0.673,0.259,0.085
238.60000000000002,3.065,2.131,0.894,0.878,0.673,0.259,0.085
238.70000000000002,3.077,2.141,0.898,0.878,0.673,0.258,0.086
238.8,3.082,2.146,0.9,0.878,0.672,0.258,0.085
238.9,3.084,2.148,0.9,0.878,0.673,0.259,0.085
239.0,3.085,2.148,0.9,0.879,0.673,0.258,0.085
239.10000000000002,3.085,2.148,0.901,0.878,0.673,0.258,0.085
239.20000000000002,3.085,2.149,0.901,0.878,0.672,0.258,0.086
239.3,3.085,2.149,0.901,0.879,0.673,0.258,0.085
239.4,3.041,2.109,0.886,0.878,0.673,0.258,0.085
239.5,3.112,2.173,0.909,0.878,0.673,0.258,0.085
239.60000000000002,3.008,2.079,0.875,0.877,0.673,0.258,0.085
239.70000000000002,3.055,2.121,0.89,0.877,0.673,0.258,0.085
239.8,3.073,2.138,0.897,0.878,0.673,0.258,0.085
239.9,3.08,2.144,0.899,0.878,0.673,0.259,0.085
240.0,3.083,2.147,0.9,0.878,0.672,0.258,0.085
240.10000000000002,3.085,2.148,0.9,0.877,0.673,0.258,0.085
240.20000000000002,3.041,2.108,0.886,0.877,0.673,0.258,0.085
240.3,3.068,2.133,0.895,0.877,0.672,0.258,0.085
240.4,3.078,2.142,0.898,0.878,0.672,0.258,0.085
240.5,3.083,2.146,0.9,0.877,0.672,0.258,0.085
240.60000000000002,3.084,2.148,0.9,0.877,0.673,0.258,0.084
240.70000000000002,3.085,2.148,0.9,0.877,0.673,0.258,0.085
240.8,3.085,2.149,0.901,0.876,0.673,0.258,0.085
240.9,3.085,2.149,0.901,0.876,0.672,0.258,0.085
241.0,3.085,2.149,0.901,0.876,0.672,0.257,0.086
241.10000000000002,3.085,2.149,0.901,0.877,0.672,0.257,0.085
241.20000000000002,3.041,2.109,0.886,0.877,0.672,0.258,0.085
241.3,3.068,2.133,0.895,0.877,0.673,0.258,0.085
241.4,3.078,2.142,0.898,0.877,0.672,0.257,0.085
241.5,3.083,2.146,0.9,0.877,0.672,0.258,0.084
241.60000000000002,3.084,2.148,0.9,0.877,0.672,0.257,0.085
241.70000000000002,3.085,2.148,0.9,0.877,0.673,0.258,0.085
241.8,3.085,2.149,0.901,0.877,0.673,0.258,0.085
241.9,3.085,2.149,0.901,0.876,0.672,0.257,0.086
242.0,3.085,2.149,0.901,0.877,0.672,0.257,0.085
242.10000000000002,3.085,2.149,0.901,0.877,0.672,0.258,0.085
242.20000000000002,3.085,2.149,0.901,0.877,0.671,0.257,0.085
242.3,3.085,2.149,0.901,0.877,0.672,0.257,0.086
242.4,3.085,2.149,0.901,0.878,0.672,0.258,0.085
242.5,3.085,2.149,0.901,0.877,0.672,0.258,0.085
242.60000000000002,3.085,2.149,0.901,0.877,0.672,0.257,0.086
242.70000000000002,3.085,2.149,0.901,0.876,0.672,0.258,0.085
242.8,3.085,2.149,0.901,0.877,0.672,0.257,0.085
242.9,3.085,2.149,0.901,0.877,0.673,0.258,0.085
243.0,3.085,2.149,0.901,0.877,0.671,0.257,0.084
243.10000000000002,3.085,2.149,0.901,0.877,0.672,0.257,0.085
243.20000000000002,3.085,2.149,0.901,0.877,0.672,0.258,0.085
243.3,3.085,2.149,0.901,0.876,0.672,0.257,0.084
243.4,3.041,2.109,0.886,0.877,0.671,0.257,0.085
243.5,3.112,2.173,0.909,0.876,0.672,0.258,0.085
243.60000000000002,3.096,2.158,0.904,0.876,0.671,0.258,0.085
243.70000000000002,3.09,2.153,0.902,0.875,0.671,0.257,0.085
243.8,3.087,2.15,0.901,0.876,0.672,0.257,0.085
243.9,3.086,2.149,0.901,0.875,0.672,0.257,0.085
244.0,3.086,2.149,0.901,0.876,0.672,0.257,0.085
244.10000000000002,3.085,2.149,0.901,0.877,0.672,0.257,0.085
244.20000000000002,3.085,2.149,0.901,0.877,0.672,0.257,0.086
244.3,3.085,2.149,0.901,0.877,0.671,0.257,0.085
244.4,3.085,2.149,0.901,0.876,0.672,0.257,0.085
244.5,3.085,2.149,0.901,0.877,0.672,0.257,0.085
244.60000000000002,3.085,2.149,0.901,0.876,0.672,0.257,0.085
244.70000000000002,3.085,2.149,0.901,0.876,0.671,0.257,0.085
244.8,3.085,2.149,0.901,0.876,0.67,0.257,0.085
244.9,3.085,2.149,0.901,0.877,0.671,0.257,0.084
245.0,3.085,2.149,0.901,0.876,0.671,0.257,0.085
245.10000000000002,3.085,2.149,0.901,0.876,0.671,0.257,0.085
245.20000000000002,3.085,2.149,0.901,0.877,0.671,0.257,0.085
245.3,3.085,2.149,0.901,0.877,0.671,0.257,0.085
245.4,3.085,2.149,0.901,0.876,0.671,0.257,0.085
245.5,2.954,2.03,0.857,0.876,0.671,0.257,0.085
245.60000000000002,3.033,2.101,0.883,0.876,0.671,0.257,0.084
245.70000000000002,3.064,2.13,0.894,0.875,0.671,0.256,0.084
245.8,3.077,2.141,0.898,0.876,0.672,0.256,0.085
245.9,3.082,2.146,0.9,0.876,0.67,0.257,0.085
246.0,3.084,2.147,0.9,0.875,0.671,0.257,0.085
246.10000000000002,3.085,2.148,0.9,0.875,0.67,0.257,0.085
246.20000000000002,3.085,2.148,0.901,0.876,0.67,0.257,0.085
246.3,3.085,2.149,0.901,0.875,0.67,0.256,0.085
246.4,3.085,2.149,0.901,0.876,0.67,0.256,0.084
246.5,3.085,2.149,0.901,0.877,0.671,0.256,0.085
246.60000000000002,3.085,2.149,0.901,0.876,0.672,0.257,0.085
246.70000000000002,3.13,2.189,0.915,0.877,0.672,0.256,0.084
246.8,3.147,2.205,0.921,0.876,0.671,0.256,0.085
246.9,3.11,2.171,0.909,0.876,0.67,0.257,0.085
247.0,3.095,2.158,0.904,0.875,0.67,0.257,0.085
247.10000000000002,3.089,2.152,0.902,0.875,0.67,0.256,0.085
247.20000000000002,3.087,2.15,0.901,0.875,0.669,0.257,0.084
247.3,3.086,2.149,0.901,0.876,0.671,0.257,0.084
247.4,3.042,2.109,0.886,0.876,0.67,0.256,0.085
247.5,3.068,2.133,0.895,0.875,0.67,0.256,0.084
247.60000000000002,3.078,2.142,0.898,0.876,0.669,0.256,0.085
247.70000000000002,3.083,2.146,0.9,0.876,0.67,0.257,0.085
247.8,3.04,2.108,0.886,0.876,0.671,0.257,0.084
247.9,3.067,2.132,0.895,0.876,0.67,0.256,0.085
248.0,3.078,2.142,0.898,0.875,0.67,0.256,0.084
248.10000000000002,3.082,2.146,0.9,0.875,0.67,0.256,0.084
248.20000000000002,3.084,2.148,0.9,0.875,0.67,0.256,0.084
248.3,3.085,2.148,0.9,0.875,0.669,0.256,0.084
248.4,3.085,2.149,0.901,0.875,0.67,0.256,0.084
248.5,3.085,2.149,0.901,0.876,0.669,0.256,0.084
248.60000000000002,3.041,2.109,0.886,0.876,0.67,0.256,0.084
248.70000000000002,3.068,2.133,0.895,0.877,0.67,0.256,0.084
248.8,3.034,2.102,0.884,0.876,0.671,0.256,0.084
248.9,3.065,2.13,0.894,0.875,0.67,0.256,0.085
249.0,3.077,2.141,0.898,0.875,0.671,0.256,0.084
249.10000000000002,3.082,2.146,0.9,0.876,0.671,0.256,0.083
249.20000000000002,3.084,2.147,0.9,0.876,0.671,0.256,0.084
249.3,3.085,2.148,0.9,0.875,0.67,0.256,0.084
249.4,3.085,2.148,0.901,0.875,0.669,0.256,0.084
249.5,3.085,2.149,0.901,0.876,0.669,0.256,0.084
249.60000000000002,3.085,2.149,0.901,0.875,0.67,0.256,0.084
249.70000000000002,3.085,2.149,0.901,0.875,0.67,0.256,0.084
249.8,3.085,2.149,0.901,0.875,0.67,0.256,0.085
249.9,3.085,2.149,0.901,0.874,0.669,0.256,0.084
250.0,3.085,2.149,0.901,0.875,0.669,0.256,0.083
250.10000000000002,3.085,2.149,0.901,0.875,0.669,0.256,0.083
250.20000000000002,3.085,2.149,0.901,0.875,0.67,0.256,0.084
250.3,3.085,2.149,0.901,0.875,0.669,0.256,0.083
250.4,3.085,2.149,0.901,0.874,0.67,0.256,0.083
250.5,3.13,2.189,0.915,0.874,0.669,0.256,0.084
250.60000000000002,3.103,2.165,0.906,0.874,0.67,0.256,0.083
250.70000000000002,3.092,2.155,0.903,0.875,0.669,0.256,0.083
250.8,3.088,2.151,0.902,0.874,0.669,0.256,0.084
250.9,3.086,2.15,0.901,0.875,0.669,0.256,0.083
251.0,3.086,2.149,0.901,0.874,0.669,0.256,0.083
251.10000000000002,3.086,2.149,0.901,0.875,0.669,0.256,0.084
251.20000000000002,2.928,2.039,0.855,0.83,0.635,0.243,0.079
251.3,2.802,1.952,0.818,0.794,0.608,0.233,0.076
251.4,2.702,1.882,0.789,0.766,0.586,0.224,0.073
251.5,2.622,1.826,0.765,0.743,0.568,0.218,0.071
251.60000000000002,2.557,1.781,0.747,0.725,0.555,0.212,0.069
251.70000000000002,2.506,1.745,0.732,0.71,0.543,0.208,0.068
251.8,2.465,1.717,0.72,0.699,0.535,0.205,0.066
251.9,2.433,1.694,0.71,0.689,0.528,0.202,0.066
252.0,2.406,1.676,0.702,0.682,0.522,0.2,0.065
252.10000000000002,2.386,1.661,0.696,0.676,0.517,0.198,0.064
252.20000000000002,2.369,1.65,0.691,0.671,0.514,0.197,0.064
252.3,2.356,1.64,0.688,0.668,0.511,0.195,0.064
252.4,2.356,1.643,0.688,0.664,0.509,0.195,0.063
252.5,2.345,1.635,0.685,0.662,0.507,0.194,0.063
252.60000000000002,2.348,1.639,0.686,0.66,0.505,0.193,0.063
252.70000000000002,2.339,1.632,0.683,0.659,0.504,0.193,0.063
252.8,2.331,1.626,0.681,0.658,0.503,0.192,0.063
252.9,2.326,1.622,0.679,0.657,0.502,0.192,0.063
253.0,2.321,1.618,0.678,0.656,0.502,0.192,0.063
253.10000000000002,2.317,1.615,0.677,0.655,0.501,0.192,0.063
253.20000000000002,2.314,1.613,0.676,0.655,0.501,0.192,0.063
253.3,2.312,1.611,0.675,0.654,0.5,0.192,0.063
253.4,2.31,1.609,0.674,0.654,0.5,0.191,0.063
253.5,2.309,1.608,0.674,0.653,0.5,0.191,0.063
253.60000000000002,2.307,1.607,0.674,0.653,0.5,0.191,0.063
253.70000000000002,2.306,1.606,0.673,0.653,0.5,0.191,0.063
253.8,2.306,1.606,0.673,0.653,0.5,0.191,0.063
253.9,2.305,1.605,0.673,0.653,0.5,0.191,0.063
254.0,2.304,1.605,0.673,0.652,0.499,0.191,0.063
254.10000000000002,2.304,1.605,0.673,0.652,0.499,0.191,0.063
254.20000000000002,2.304,1.604,0.672,0.652,0.499,0.191,0.063
254.3,2.304,1.604,0.672,0.652,0.499,0.191,0.063
254.4,2.303,1.604,0.672,0.652,0.499,0.19,0.063
254.5,2.303,1.604,0.672,0.652,0.499,0.19,0.063
254.60000000000002,2.303,1.604,0.672,0.652,0.499,0.19,0.062
254.70000000000002,2.303,1.604,0.672,0.652,0.499,0.19,0.062
254.8,2.303,1.604,0.672,0.652,0.499,0.19,0.062
254.9,2.303,1.604,0.672,0.652,0.499,0.19,0.062
255.0,2.303,1.604,0.672,0.652,0.499,0.19,0.062
255.10000000000002,2.303,1.604,0.672,0.652,0.499,0.19,0.062
255.20000000000002,2.303,1.604,0.672,0.652,0.499,0.189,0.062
255.3,2.27,1.574,0.661,0.652,0.499,0.189,0.062
255.4,2.276,1.58,0.664,0.651,0.499,0.189,0.062
255.5,2.282,1.585,0.665,0.651,0.499,0.189,0.062
255.60000000000002,2.286,1.588,0.667,0.651,0.499,0.189,0.062
255.70000000000002,2.289,1.591,0.668,0.651,0.499,0.189,0.062
255.8,2.292,1.594,0.669,0.651,0.499,0.188,0.062
255.9,2.294,1.596,0.669,0.651,0.499,0.188,0.062
256.0,2.307,1.607,0.674,0.651,0.499,0.188,0.062
256.1,2.306,1.607,0.673,0.65,0.499,0.188,0.062
256.2,2.339,1.637,0.684,0.65,0.499,0.188,0.062
256.3,2.331,1.63,0.682,0.65,0.499,0.188,0.062
256.40000000000003,2.326,1.625,0.68,0.65,0.499,0.188,0.062
256.5,2.321,1.62,0.678,0.65,0.499,0.188,0.062
256.6,2.317,1.617,0.677,0.65,0.499,0.188,0.062
256.7,2.325,1.624,0.68,0.65,0.499,0.187,0.062
256.8,2.321,1.62,0.678,0.65,0.499,0.187,0.062
256.90000000000003,2.317,1.617,0.677,0.65,0.499,0.187,0.062
257.0,2.314,1.614,0.676,0.65,0.499,0.187,0.062
257.1,2.312,1.612,0.675,0.65,0.499,0.187,0.062
257.2,2.31,1.61,0.675,0.65,0.499,0.187,0.062
257.3,2.308,1.609,0.674,0.649,0.499,0.187,0.062
257.40000000000003,2.307,1.608,0.674,0.649,0.499,0.187,0.062
257.5,2.306,1.607,0.673,0.65,0.499,0.187,0.062
257.6,2.306,1.606,0.673,0.65,0.499,0.187,0.062
257.7,2.305,1.606,0.673,0.649,0.499,0.187,0.062
257.8,2.304,1.605,0.673,0.649,0.499,0.187,0.062
257.90000000000003,2.304,1.605,0.673,0.649,0.499,0.187,0.062
258.0,2.304,1.605,0.673,0.649,0.499,0.187,0.062
258.1,2.303,1.604,0.672,0.649,0.499,0.187,0.062
258.2,2.303,1.604,0.672,0.649,0.499,0.186,0.062
258.3,2.314,1.614,0.676,0.649,0.499,0.186,0.062
258.40000000000003,2.312,1.612,0.675,0.649,0.499,0.186,0.062
258.5,2.31,1.61,0.675,0.649,0.499,0.186,0.062
258.6,2.308,1.609,0.674,0.649,0.499,0.186,0.062
258.7,2.307,1.608,0.674,0.649,0.499,0.186,0.062
258.8,2.284,1.587,0.666,0.649,0.499,0.186,0.062
258.90000000000003,2.288,1.59,0.667,0.649,0.499,0.186,0.062
259.0,2.291,1.593,0.668,0.648,0.499,0.186,0.062
259.1,2.293,1.595,0.669,0.648,0.499,0.186,0.062
259.2,2.306,1.607,0.673,0.648,0.499,0.186,0.062
259.3,2.305,1.606,0.673,0.648,0.499,0.186,0.062
259.40000000000003,2.305,1.606,0.673,0.648,0.499,0.185,0.062
259.5,2.304,1.605,0.673,0.648,0.499,0.185,0.062
259.6,2.304,1.605,0.673,0.648,0.499,0.185,0.062
259.7,2.304,1.605,0.673,0.647,0.499,0.185,0.062
259.8,2.303,1.604,0.672,0.647,0.499,0.185,0.062
259.90000000000003,2.303,1.604,0.672,0.647,0.499,0.184,0.062
260.0,2.303,1.604,0.672,0.647,0.499,0.184,0.062
260.1,2.303,1.604,0.672,0.647,0.499,0.184,0.062
260.2,2.303,1.604,0.672,0.646,0.499,0.184,0.062
260.3,2.303,1.604,0.672,0.646,0.499,0.184,0.062
260.40000000000003,2.303,1.604,0.672,0.646,0.499,0.183,0.062
260.5,2.314,1.614,0.676,0.646,0.499,0.183,0.062
260.6,2.312,1.612,0.675,0.646,0.499,0.183,0.062
260.7,2.31,1.61,0.674,0.646,0.499,0.183,0.062
260.8,2.308,1.609,0.674,0.645,0.499,0.183,0.062
260.90000000000003,2.307,1.608,0.674,0.645,0.499,0.183,0.062
261.0,2.306,1.607,0.673,0.645,0.499,0.183,0.062
261.1,2.305,1.606,0.673,0.645,0.499,0.183,0.062
261.2,2.305,1.606,0.673,0.645,0.499,0.182,0.062
261.3,2.282,1.585,0.665,0.645,0.499,0.182,0.062
261.40000000000003,2.286,1.589,0.667,0.645,0.499,0.182,0.062
261.5,2.29,1.592,0.668,0.645,0.499,0.182,0.062
261.6,2.292,1.594,0.669,0.645,0.499,0.182,0.062
261.7,2.305,1.606,0.673,0.645,0.499,0.182,0.062
261.8,2.305,1.606,0.673,0.645,0.499,0.182,0.062
261.90000000000003,2.304,1.605,0.673,0.645,0.499,0.182,0.062
262.0,2.304,1.605,0.673,0.645,0.499,0.182,0.062
262.1,2.304,1.605,0.673,0.645,0.499,0.181,0.062
262.2,2.303,1.604,0.672,0.645,0.499,0.181,0.062
262.3,2.303,1.604,0.672,0.644,0.499,0.181,0.062
262.40000000000003,2.303,1.604,0.672,0.644,0.499,0.181,0.062
262.5,2.303,1.604,0.672,0.644,0.499,0.181,0.062
262.6,2.314,1.614,0.676,0.644,0.499,0.181,0.062
262.7,2.312,1.612,0.675,0.644,0.499,0.181,0.062
262.8,2.31,1.61,0.675,0.644,0.498,0.181,0.062
262.90000000000003,2.308,1.609,0.674,0.643,0.498,0.181,0.062
263.0,2.307,1.608,0.674,0.643,0.499,0.181,0.062
263.1,2.317,1.617,0.677,0.643,0.499,0.18,0.062
263.2,2.325,1.624,0.68,0.643,0.499,0.18,0.062
263.3,2.332,1.63,0.682,0.643,0.499,0.18,0.062
263.40000000000003,2.337,1.635,0.684,0.644,0.499,0.18,0.062
263.5,2.341,1.639,0.685,0.643,0.499,0.18,0.062
263.6,2.356,1.652,0.69,0.643,0.499,0.18,0.062
263.7,2.356,1.652,0.69,0.643,0.498,0.18,0.062
263.8,2.356,1.653,0.69,0.643,0.498,0.18,0.062
263.90000000000003,2.357,1.653,0.69,0.643,0.499,0.18,0.062
264.0,2.357,1.653,0.69,0.643,0.499,0.18,0.062
264.1,2.357,1.653,0.69,0.643,0.498,0.18,0.062
264.2,2.357,1.653,0.69,0.643,0.498,0.18,0.062
264.3,2.357,1.653,0.69,0.643,0.498,0.18,0.062
264.40000000000003,2.368,1.664,0.694,0.643,0.498,0.18,0.062
264.5,2.366,1.662,0.693,0.643,0.498,0.179,0.062
264.6,2.376,1.67,0.696,0.643,0.498,0.179,0.062
264.7,2.372,1.667,0.695,0.643,0.498,0.179,0.062
264.8,2.38,1.675,0.698,0.643,0.498,0.179,0.062
264.90000000000003,2.376,1.67,0.696,0.643,0.498,0.179,0.062
265.0,2.372,1.667,0.695,0.643,0.498,0.179,0.062
265.1,2.369,1.664,0.694,0.643,0.498,0.179,0.062
265.2,2.367,1.662,0.693,0.643,0.498,0.179,0.062
265.3,2.365,1.661,0.693,0.642,0.498,0.179,0.062
265.40000000000003,2.363,1.659,0.692,0.642,0.498,0.179,0.062
265.5,2.362,1.658,0.692,0.642,0.498,0.179,0.062
265.6,2.35,1.647,0.688,0.642,0.498,0.179,0.062
265.7,2.352,1.648,0.688,0.642,0.498,0.179,0.062
265.8,2.364,1.66,0.693,0.642,0.498,0.178,0.062
265.90000000000003,2.363,1.659,0.692,0.642,0.498,0.178,0.062
266.0,2.373,1.668,0.695,0.642,0.498,0.178,0.062
266.1,2.37,1.665,0.694,0.642,0.498,0.178,0.062
266.2,2.367,1.663,0.694,0.642,0.498,0.178,0.062
266.3,2.365,1.661,0.693,0.642,0.498,0.178,0.062
266.40000000000003,2.364,1.66,0.692,0.642,0.498,0.178,0.062
266.5,2.374,1.669,0.696,0.642,0.498,0.178,0.062
266.6,2.37,1.666,0.695,0.642,0.498,0.178,0.062
266.7,2.379,1.673,0.697,0.642,0.498,0.178,0.062
266.8,2.375,1.67,0.696,0.642,0.498,0.178,0.062
266.90000000000003,2.371,1.666,0.695,0.641,0.498,0.177,0.062
267.0,2.368,1.664,0.694,0.641,0.498,0.177,0.062
267.1,2.377,1.672,0.697,0.641,0.498,0.177,0.062
267.2,2.373,1.668,0.696,0.641,0.498,0.177,0.062
267.3,2.381,1.676,0.698,0.641,0.498,0.177,0.062
267.40000000000003,2.377,1.671,0.697,0.642,0.498,0.177,0.062
267.5,2.373,1.668,0.695,0.642,0.498,0.177,0.062
267.6,2.381,1.675,0.698,0.641,0.498,0.177,0.062
267.7,2.376,1.671,0.697,0.641,0.498,0.177,0.062
267.8,2.384,1.678,0.699,0.641,0.498,0.177,0.062
267.90000000000003,2.378,1.673,0.697,0.641,0.498,0.177,0.062
268.0,2.374,1.669,0.696,0.641,0.498,0.177,0.061
268.1,2.371,1.666,0.695,0.641,0.498,0.177,0.061
268.2,2.379,1.674,0.698,0.641,0.498,0.177,0.061
268.3,2.375,1.67,0.696,0.641,0.498,0.177,0.061
268.40000000000003,2.371,1.667,0.695,0.641,0.498,0.177,0.062
268.5,2.369,1.664,0.694,0.641,0.498,0.177,0.062
268.6,2.366,1.662,0.693,0.641,0.498,0.177,0.061
268.7,2.376,1.671,0.696,0.641,0.498,0.176,0.061
268.8,2.372,1.667,0.695,0.64,0.498,0.176,0.062
268.90000000000003,2.369,1.664,0.694,0.64,0.498,0.176,0.061
269.0,2.367,1.662,0.693,0.64,0.498,0.176,0.062
269.1,2.365,1.661,0.693,0.64,0.498,0.176,0.062
269.2,2.363,1.659,0.692,0.64,0.498,0.176,0.062
269.3,2.329,1.628,0.681,0.64,0.498,0.176,0.062
269.40000000000003,2.335,1.633,0.683,0.64,0.497,0.176,0.062
269.5,2.351,1.648,0.688,0.64,0.497,0.176,0.062
269.6,2.363,1.659,0.692,0.64,0.497,0.176,0.062
269.7,2.362,1.658,0.692,0.64,0.497,0.176,0.061
269.8,2.372,1.667,0.695,0.64,0.497,0.176,0.061
269.90000000000003,2.414,1.706,0.709,0.64,0.497,0.176,0.061
270.0,2.403,1.696,0.705,0.639,0.498,0.176,0.061
270.1,2.394,1.687,0.702,0.639,0.497,0.176,0.061
270.2,2.398,1.691,0.704,0.639,0.497,0.175,0.061
270.3,2.39,1.683,0.701,0.639,0.497,0.175,0.061
270.40000000000003,2.383,1.677,0.699,0.639,0.497,0.175,0.061
270.5,2.378,1.673,0.697,0.639,0.497,0.175,0.061
270.6,2.374,1.669,0.696,0.639,0.497,0.175,0.061
270.7,2.382,1.676,0.698,0.638,0.497,0.175,0.061
270.8,2.388,1.682,0.7,0.638,0.497,0.175,0.061
270.90000000000003,2.382,1.676,0.698,0.638,0.497,0.175,0.061
271.0,2.377,1.672,0.697,0.638,0.497,0.175,0.061
271.1,2.384,1.678,0.699,0.638,0.497,0.174,0.061
271.2,2.39,1.684,0.701,0.638,0.497,0.174,0.061
271.3,2.395,1.688,0.703,0.638,0.497,0.174,0.061
271.40000000000003,2.398,1.691,0.704,0.638,0.497,0.174,0.061
271.5,2.401,1.694,0.705,0.638,0.497,0.174,0.061
271.6,2.404,1.696,0.706,0.638,0.497,0.174,0.061
271.7,2.405,1.698,0.706,0.638,0.497,0.174,0.061
271.8,2.407,1.699,0.707,0.638,0.497,0.174,0.061
271.90000000000003,2.408,1.7,0.707,0.638,0.497,0.174,0.061
272.0,2.398,1.691,0.704,0.637,0.497,0.174,0.061
272.1,2.401,1.694,0.705,0.637,0.497,0.173,0.061
272.2,2.403,1.696,0.706,0.637,0.497,0.173,0.061
272.3,2.405,1.698,0.706,0.637,0.497,0.173,0.061
272.40000000000003,2.407,1.699,0.707,0.637,0.497,0.173,0.061
272.5,2.408,1.7,0.707,0.637,0.497,0.173,0.061
272.6,2.42,1.712,0.711,0.637,0.497,0.172,0.061
272.7,2.419,1.71,0.711,0.637,0.497,0.172,0.061
272.8,2.418,1.709,0.71,0.637,0.497,0.172,0.061
272.90000000000003,2.417,1.708,0.71,0.637,0.497,0.172,0.061
273.0,2.416,1.708,0.71,0.637,0.497,0.172,0.061
273.1,2.415,1.707,0.71,0.637,0.497,0.172,0.061
273.2,2.415,1.707,0.709,0.636,0.497,0.172,0.061
273.3,2.414,1.706,0.709,0.636,0.497,0.172,0.061
273.40000000000003,2.414,1.706,0.709,0.636,0.497,0.172,0.062
273.5,2.414,1.706,0.709,0.636,0.497,0.172,0.062
273.6,2.414,1.705,0.709,0.637,0.497,0.172,0.062
273.7,2.414,1.705,0.709,0.637,0.497,0.172,0.062
273.8,2.413,1.705,0.709,0.637,0.497,0.172,0.062
273.90000000000003,2.413,1.705,0.709,0.637,0.497,0.172,0.062
274.0,2.413,1.705,0.709,0.637,0.497,0.172,0.062
274.1,2.413,1.705,0.709,0.637,0.497,0.172,0.062
274.2,2.413,1.705,0.709,0.637,0.497,0.172,0.061
274.3,2.413,1.705,0.709,0.637,0.497,0.172,0.061
274.40000000000003,2.391,1.685,0.701,0.637,0.497,0.172,0.062
274.5,2.395,1.689,0.703,0.637,0.497,0.172,0.061
274.6,2.41,1.702,0.708,0.637,0.497,0.172,0.061
274.7,2.411,1.703,0.708,0.637,0.497,0.172,0.061
274.8,2.411,1.703,0.708,0.637,0.497,0.172,0.061
274.90000000000003,2.411,1.703,0.708,0.637,0.497,0.172,0.061
275.0,2.412,1.704,0.708,0.637,0.497,0.172,0.061
275.1,2.412,1.704,0.708,0.637,0.497,0.172,0.061
275.2,2.412,1.704,0.708,0.637,0.497,0.172,0.061
275.3,2.412,1.704,0.709,0.637,0.497,0.171,0.061
275.40000000000003,2.412,1.704,0.709,0.637,0.497,0.172,0.061
275.5,2.413,1.704,0.709,0.637,0.497,0.171,0.061
275.6,2.413,1.704,0.709,0.637,0.497,0.171,0.061
275.7,2.413,1.705,0.709,0.637,0.497,0.171,0.061
275.8,2.413,1.705,0.709,0.637,0.496,0.171,0.061
275.90000000000003,2.413,1.705,0.709,0.637,0.497,0.171,0.061
276.0,2.413,1.705,0.709,0.637,0.497,0.171,0.061
276.1,2.413,1.705,0.709,0.637,0.496,0.171,0.061
276.2,2.413,1.705,0.709,0.637,0.496,0.171,0.061
276.3,2.413,1.705,0.709,0.637,0.496,0.171,0.061
276.40000000000003,2.424,1.715,0.712,0.637,0.496,0.171,0.061
276.5,2.422,1.713,0.712,0.636,0.496,0.171,0.061
276.6,2.42,1.711,0.711,0.636,0.496,0.171,0.061
276.7,2.43,1.72,0.714,0.636,0.496,0.171,0.061
276.8,2.426,1.717,0.713,0.636,0.496,0.171,0.061
276.90000000000003,2.424,1.715,0.712,0.636,0.495,0.171,0.061
277.0,2.421,1.713,0.712,0.636,0.495,0.17,0.061
277.1,2.431,1.721,0.715,0.636,0.495,0.17,0.061
277.2,2.439,1.728,0.717,0.636,0.496,0.17,0.061
277.3,2.433,1.724,0.716,0.636,0.496,0.17,0.061
277.40000000000003,2.429,1.72,0.714,0.636,0.496,0.17,0.061
277.5,2.426,1.717,0.713,0.636,0.496,0.17,0.061
277.6,2.423,1.714,0.712,0.636,0.496,0.17,0.061
277.7,2.421,1.712,0.712,0.636,0.496,0.17,0.061
277.8,2.431,1.721,0.715,0.636,0.496,0.17,0.061
277.90000000000003,2.427,1.718,0.714,0.636,0.496,0.17,0.061
278.0,2.424,1.715,0.713,0.636,0.496,0.17,0.061
278.1,2.422,1.713,0.712,0.636,0.496,0.17,0.061
278.2,2.42,1.711,0.711,0.636,0.496,0.17,0.061
278.3,2.43,1.721,0.714,0.636,0.496,0.17,0.061
278.40000000000003,2.426,1.717,0.713,0.636,0.496,0.17,0.061
278.5,2.424,1.715,0.712,0.636,0.496,0.17,0.061
278.6,2.422,1.713,0.712,0.636,0.496,0.17,0.061
278.7,2.42,1.711,0.711,0.636,0.496,0.17,0.061
278.8,2.418,1.71,0.711,0.636,0.496,0.17,0.061
278.90000000000003,2.417,1.709,0.71,0.636,0.496,0.17,0.061
279.0,2.416,1.708,0.71,0.636,0.496,0.17,0.061
279.1,2.416,1.707,0.71,0.635,0.495,0.17,0.061
279.2,2.415,1.707,0.709,0.635,0.495,0.17,0.061
279.3,2.415,1.706,0.709,0.635,0.495,0.17,0.061
279.40000000000003,2.414,1.706,0.709,0.635,0.495,0.17,0.061
279.5,2.414,1.706,0.709,0.636,0.495,0.17,0.061
279.6,2.414,1.706,0.709,0.636,0.495,0.17,0.061
279.7,2.414,1.705,0.709,0.636,0.495,0.17,0.061
279.8,2.413,1.705,0.709,0.636,0.495,0.17,0.061
279.90000000000003,2.413,1.705,0.709,0.636,0.495,0.17,0.061
280.0,2.413,1.705,0.709,0.636,0.495,0.17,0.061
280.1,2.424,1.715,0.713,0.635,0.495,0.169,0.061
280.2,2.433,1.724,0.716,0.635,0.495,0.169,0.061
280.3,2.429,1.72,0.714,0.635,0.495,0.169,0.061
280.40000000000003,2.426,1.717,0.713,0.635,0.495,0.169,0.061
280.5,2.434,1.725,0.716,0.635,0.495,0.169,0.061
280.6,2.419,1.71,0.711,0.635,0.495,0.169,0.061
280.7,2.418,1.709,0.71,0.635,0.495,0.169,0.061
280.8,2.428,1.719,0.714,0.635,0.495,0.169,0.061
280.90000000000003,2.436,1.726,0.716,0.635,0.495,0.169,0.061
281.0,2.443,1.732,0.719,0.635,0.495,0.169,0.061
281.1,2.437,1.727,0.717,0.635,0.495,0.169,0.061
281.2,2.915,2.061,0.857,0.764,0.595,0.203,0.073
281.3,3.151,2.237,0.927,0.816,0.636,0.217,0.078
281.40000000000003,3.2,2.265,0.941,0.836,0.652,0.222,0.08
281.5,3.22,2.277,0.946,0.845,0.659,0.224,0.081
281.6,3.273,2.323,0.963,0.848,0.661,0.225,0.081
281.7,3.294,2.341,0.97,0.849,0.662,0.225,0.082
281.8,3.213,2.266,0.943,0.849,0.662,0.225,0.081
281.90000000000003,3.27,2.319,0.962,0.851,0.663,0.226,0.081
282.0,3.248,2.298,0.955,0.85,0.663,0.225,0.081
282.1,3.284,2.331,0.967,0.85,0.663,0.225,0.082
282.2,3.254,2.303,0.956,0.851,0.663,0.225,0.081
282.3,3.241,2.292,0.952,0.852,0.663,0.225,0.081
282.40000000000003,3.281,2.329,0.966,0.852,0.662,0.225,0.081
282.5,3.252,2.302,0.956,0.852,0.663,0.225,0.082
282.6,3.286,2.333,0.967,0.853,0.663,0.226,0.082
282.7,3.299,2.345,0.972,0.851,0.662,0.225,0.081
282.8,3.304,2.35,0.973,0.852,0.663,0.225,0.081
282.90000000000003,3.262,2.311,0.959,0.851,0.662,0.225,0.081
283.0,3.289,2.336,0.968,0.852,0.662,0.225,0.082
283.1,3.3,2.347,0.972,0.852,0.662,0.225,0.082
283.2,3.26,2.309,0.959,0.853,0.663,0.225,0.082
283.3,3.289,2.336,0.968,0.853,0.663,0.225,0.082
283.40000000000003,3.3,2.346,0.972,0.852,0.663,0.225,0.082
283.5,3.305,2.351,0.974,0.853,0.663,0.226,0.081
283.6,3.307,2.352,0.974,0.853,0.662,0.226,0.081
283.7,3.307,2.353,0.974,0.853,0.663,0.226,0.082
283.8,3.263,2.312,0.96,0.852,0.662,0.226,0.081
283.90000000000003,3.245,2.295,0.954,0.853,0.662,0.226,0.081
284.0,3.238,2.289,0.951,0.853,0.662,0.225,0.081
284.1,3.235,2.286,0.95,0.853,0.662,0.226,0.081
284.2,3.279,2.327,0.965,0.854,0.662,0.226,0.081
284.3,3.296,2.343,0.971,0.853,0.662,0.226,0.082
284.40000000000003,3.303,2.349,0.973,0.854,0.662,0.226,0.081
284.5,3.306,2.352,0.974,0.854,0.663,0.226,0.082
284.6,3.307,2.353,0.974,0.855,0.663,0.227,0.081
284.7,3.308,2.353,0.974,0.856,0.663,0.228,0.082
284.8,3.308,2.353,0.975,0.857,0.663,0.228,0.082
284.90000000000003,3.308,2.353,0.975,0.857,0.662,0.228,0.081
285.0,3.308,2.353,0.975,0.859,0.663,0.228,0.082
285.1,3.308,2.353,0.975,0.86,0.662,0.229,0.081
285.2,3.308,2.353,0.975,0.86,0.663,0.229,0.082
285.3,3.353,2.395,0.99,0.861,0.662,0.23,0.081
285.40000000000003,3.281,2.329,0.966,0.861,0.663,0.23,0.081
285.5,3.297,2.344,0.971,0.862,0.663,0.23,0.082
285.6,3.304,2.35,0.973,0.863,0.662,0.23,0.082
285.7,3.306,2.352,0.974,0.864,0.663,0.231,0.081
285.8,3.307,2.353,0.974,0.865,0.663,0.231,0.081
285.90000000000003,3.263,2.312,0.96,0.865,0.663,0.231,0.082
286.0,3.245,2.295,0.954,0.865,0.662,0.232,0.081
286.1,3.283,2.33,0.966,0.866,0.663,0.232,0.081
286.2,3.298,2.344,0.971,0.866,0.663,0.233,0.081
286.3,3.304,2.35,0.973,0.866,0.663,0.233,0.081
286.40000000000003,3.306,2.352,0.974,0.867,0.663,0.233,0.08
286.5,3.218,2.27,0.945,0.868,0.663,0.234,0.081
286.6,3.227,2.279,0.948,0.868,0.662,0.234,0.081
286.7,3.276,2.324,0.964,0.868,0.663,0.234,0.081
286.8,3.25,2.3,0.955,0.868,0.662,0.235,0.081
286.90000000000003,3.285,2.332,0.967,0.867,0.663,0.235,0.081
287.0,3.299,2.345,0.972,0.868,0.662,0.236,0.081
287.1,3.259,2.309,0.958,0.868,0.662,0.236,0.081
287.2,3.244,2.294,0.953,0.869,0.662,0.236,0.081
287.3,3.237,2.288,0.951,0.869,0.663,0.236,0.081
287.40000000000003,3.235,2.286,0.95,0.87,0.663,0.236,0.081
287.5,3.234,2.285,0.95,0.869,0.662,0.237,0.08
287.6,3.234,2.285,0.95,0.87,0.663,0.237,0.081
287.7,3.233,2.284,0.95,0.869,0.663,0.238,0.081
287.8,3.278,2.326,0.965,0.87,0.662,0.237,0.08
287.90000000000003,3.296,2.342,0.971,0.871,0.662,0.237,0.08
288.0,3.258,2.308,0.958,0.871,0.662,0.238,0.081
288.1,3.243,2.294,0.953,0.87,0.662,0.238,0.081
288.2,3.237,2.288,0.951,0.87,0.662,0.238,0.08
288.3,3.235,2.286,0.95,0.871,0.662,0.239,0.081
288.40000000000003,3.234,2.285,0.95,0.871,0.662,0.239,0.081
288.5,3.234,2.285,0.95,0.872,0.662,0.239,0.081
288.6,3.233,2.284,0.95,0.871,0.662,0.239,0.08
288.7,3.233,2.284,0.95,0.871,0.662,0.239,0.08
288.8,3.189,2.243,0.935,0.871,0.662,0.24,0.08
288.90000000000003,3.26,2.309,0.959,0.871,0.661,0.239,0.08
289.0,3.244,2.294,0.953,0.872,0.662,0.24,0.081
289.1,3.238,2.288,0.951,0.872,0.662,0.24,0.08
289.2,3.235,2.286,0.95,0.872,0.662,0.24,0.081
289.3,3.234,2.285,0.95,0.871,0.661,0.24,0.08
289.40000000000003,3.234,2.285,0.95,0.871,0.662,0.241,0.08
289.5,3.233,2.284,0.95,0.871,0.661,0.241,0.08
289.6,3.233,2.284,0.95,0.872,0.662,0.241,0.081
289.7,3.233,2.284,0.95,0.872,0.662,0.242,0.08
289.8,3.233,2.284,0.95,0.871,0.662,0.242,0.079
289.90000000000003,3.233,2.284,0.95,0.872,0.662,0.241,0.08
290.0,3.233,2.284,0.95,0.871,0.661,0.242,0.081
290.1,3.233,2.284,0.95,0.871,0.662,0.242,0.08
290.2,3.233,2.284,0.95,0.872,0.661,0.242,0.08
290.3,3.233,2.284,0.95,0.872,0.662,0.242,0.08
290.40000000000003,3.233,2.284,0.95,0.872,0.661,0.242,0.08
290.5,3.233,2.284,0.95,0.872,0.662,0.242,0.08
290.6,3.233,2.284,0.95,0.871,0.661,0.242,0.08
290.7,3.233,2.284,0.95,0.871,0.661,0.242,0.081
290.8,3.233,2.284,0.95,0.872,0.661,0.243,0.08
290.90000000000003,3.233,2.284,0.95,0.872,0.661,0.242,0.081
291.0,3.233,2.284,0.95,0.872,0.662,0.243,0.08
291.1,3.233,2.284,0.95,0.871,0.662,0.242,0.081
291.2,3.278,2.326,0.965,0.872,0.662,0.243,0.081
291.3,3.251,2.301,0.956,0.872,0.661,0.244,0.081
291.40000000000003,3.196,2.25,0.937,0.872,0.661,0.243,0.081
291.5,3.174,2.23,0.93,0.871,0.661,0.244,0.081
291.6,3.21,2.262,0.942,0.871,0.661,0.244,0.08
291.7,3.179,2.235,0.932,0.872,0.661,0.244,0.08
291.8,3.167,2.224,0.928,0.872,0.662,0.244,0.08
291.90000000000003,3.162,2.219,0.926,0.873,0.663,0.244,0.081
292.0,3.16,2.217,0.925,0.872,0.662,0.244,0.081
292.1,3.16,2.217,0.925,0.871,0.662,0.244,0.081
292.2,3.159,2.216,0.925,0.872,0.662,0.244,0.081
292.3,3.159,2.216,0.925,0.872,0.661,0.244,0.08
292.40000000000003,3.204,2.257,0.94,0.872,0.662,0.244,0.081
292.5,3.221,2.273,0.946,0.873,0.661,0.244,0.08
292.6,3.184,2.239,0.933,0.872,0.661,0.244,0.081
292.7,3.169,2.225,0.928,0.872,0.661,0.244,0.081
292.8,3.163,2.22,0.926,0.872,0.661,0.244,0.081
292.90000000000003,3.205,2.259,0.94,0.871,0.661,0.245,0.081
293.0,3.222,2.274,0.946,0.871,0.662,0.244,0.08
293.1,3.184,2.239,0.933,0.872,0.662,0.244,0.081
293.2,3.169,2.225,0.928,0.872,0.661,0.245,0.08
293.3,3.208,2.261,0.941,0.871,0.661,0.244,0.08
293.40000000000003,3.179,2.234,0.932,0.871,0.661,0.244,0.08
293.5,3.167,2.223,0.928,0.872,0.661,0.245,0.081
293.6,3.162,2.219,0.926,0.872,0.662,0.244,0.081
293.7,3.205,2.258,0.94,0.872,0.661,0.245,0.081
293.8,3.177,2.233,0.931,0.872,0.661,0.245,0.081
293.90000000000003,3.166,2.223,0.928,0.873,0.662,0.245,0.081
294.0,3.162,2.219,0.926,0.872,0.661,0.244,0.081
294.1,3.16,2.217,0.925,0.872,0.662,0.245,0.08
294.2,3.16,2.217,0.925,0.872,0.662,0.245,0.081
294.3,3.159,2.216,0.925,0.872,0.663,0.245,0.081
294.40000000000003,3.159,2.216,0.925,0.872,0.662,0.245,0.081
294.5,3.159,2.216,0.925,0.871,0.661,0.245,0.081
294.6,3.204,2.257,0.94,0.871,0.661,0.245,0.081
294.7,3.177,2.232,0.931,0.871,0.661,0.245,0.081
294.8,3.166,2.223,0.927,0.87,0.661,0.245,0.081
294.90000000000003,3.162,2.219,0.926,0.871,0.661,0.245,0.081
295.0,3.205,2.258,0.94,0.871,0.661,0.245,0.081
295.1,3.177,2.233,0.931,0.871,0.662,0.245,0.081
295.2,3.166,2.223,0.927,0.87,0.661,0.245,0.081
295.3,3.162,2.219,0.926,0.871,0.661,0.245,0.081
295.40000000000003,3.16,2.217,0.925,0.872,0.662,0.245,0.081
295.5,3.16,2.217,0.925,0.871,0.661,0.245,0.081
295.6,3.159,2.216,0.925,0.871,0.661,0.245,0.081
295.7,3.159,2.216,0.925,0.87,0.66,0.245,0.082
295.8,3.159,2.216,0.925,0.871,0.661,0.245,0.081
295.90000000000003,3.204,2.257,0.94,0.871,0.661,0.245,0.081
296.0,3.177,2.232,0.931,0.872,0.661,0.245,0.081
296.1,3.166,2.223,0.927,0.871,0.662,0.246,0.081
296.2,3.162,2.219,0.926,0.872,0.661,0.245,0.081
296.3,3.16,2.217,0.925,0.871,0.661,0.245,0.081
296.40000000000003,3.16,2.216,0.925,0.871,0.662,0.245,0.082
296.5,3.159,2.216,0.925,0.87,0.661,0.245,0.082
296.6,3.159,2.216,0.925,0.87,0.66,0.245,0.081
296.7,3.159,2.216,0.925,0.87,0.661,0.245,0.081
296.8,3.204,2.257,0.94,0.871,0.66,0.245,0.081
296.90000000000003,3.177,2.232,0.931,0.87,0.66,0.245,0.082
297.0,3.166,2.223,0.927,0.87,0.661,0.245,0.081
297.1,3.162,2.219,0.926,0.87,0.66,0.245,0.081
297.2,3.16,2.217,0.925,0.87,0.66,0.245,0.081
297.3,3.16,2.216,0.925,0.87,0.66,0.245,0.082
297.40000000000003,3.159,2.216,0.925,0.869,0.66,0.245,0.081
297.5,3.204,2.257,0.94,0.87,0.659,0.245,0.081
297.6,3.177,2.232,0.931,0.87,0.66,0.246,0.081
297.7,3.166,2.223,0.927,0.87,0.66,0.245,0.082
297.8,3.162,2.219,0.926,0.871,0.66,0.245,0.082
297.90000000000003,3.16,2.217,0.925,0.87,0.661,0.245,0.081
298.0,3.16,2.216,0.925,0.871,0.661,0.245,0.081
298.1,3.159,2.216,0.925,0.871,0.66,0.245,0.081
298.2,3.159,2.216,0.925,0.87,0.66,0.245,0.081
298.3,3.159,2.216,0.925,0.871,0.661,0.246,0.082
298.40000000000003,3.159,2.216,0.925,0.87,0.66,0.246,0.081
298.5,3.159,2.216,0.925,0.87,0.66,0.245,0.081
298.6,3.159,2.216,0.925,0.87,0.66,0.245,0.081
298.7,3.159,2.216,0.925,0.869,0.66,0.246,0.081
298.8,3.159,2.216,0.925,0.87,0.66,0.245,0.081
298.90000000000003,3.248,2.299,0.955,0.87,0.659,0.245,0.082
299.0,3.195,2.249,0.937,0.869,0.66,0.245,0.082
299.1,3.173,2.229,0.93,0.87,0.659,0.246,0.082
299.2,3.165,2.221,0.927,0.869,0.66,0.245,0.082
299.3,3.161,2.218,0.926,0.869,0.66,0.246,0.081
299.40000000000003,3.16,2.217,0.925,0.87,0.66,0.245,0.081
299.5,3.159,2.216,0.925,0.869,0.659,0.245,0.082
299.6,3.159,2.216,0.925,0.869,0.659,0.245,0.081
299.7,3.159,2.216,0.925,0.869,0.66,0.245,0.081
299.8,3.159,2.216,0.925,0.869,0.66,0.245,0.082
299.90000000000003,3.159,2.216,0.925,0.868,0.659,0.245,0.081
300.0,3.159,2.216,0.925,0.869,0.658,0.245,0.081
300.1,3.159,2.216,0.925,0.869,0.659,0.245,0.082
300.2,3.159,2.216,0.925,0.869,0.659,0.246,0.082
300.3,3.159,2.216,0.925,0.869,0.659,0.245,0.081
300.40000000000003,3.159,2.216,0.925,0.869,0.658,0.245,0.082
300.5,3.159,2.216,0.925,0.869,0.658,0.246,0.081
300.6,3.159,2.216,0.925,0.87,0.659,0.245,0.081
300.7,3.159,2.216,0.925,0.869,0.659,0.245,0.082
300.8,3.159,2.216,0.925,0.869,0.659,0.245,0.081
300.90000000000003,3.159,2.216,0.925,0.869,0.659,0.245,0.081
301.0,3.159,2.216,0.925,0.869,0.66,0.245,0.081
301.1,3.159,2.216,0.925,0.87,0.659,0.244,0.081
301.2,3.159,2.216,0.925,0.869,0.658,0.245,0.082
301.3,3.159,2.216,0.925,0.868,0.658,0.245,0.081
301.40000000000003,3.159,2.216,0.925,0.869,0.659,0.245,0.081
301.5,3.159,2.216,0.925,0.869,0.658,0.245,0.081
301.6,3.159,2.216,0.925,0.868,0.659,0.245,0.082
301.7,3.115,2.176,0.91,0.869,0.659,0.245,0.081
301.8,3.141,2.2,0.919,0.869,0.658,0.245,0.081
301.90000000000003,3.152,2.21,0.923,0.869,0.658,0.245,0.081
302.0,3.156,2.213,0.924,0.869,0.659,0.245,0.081
302.1,3.158,2.215,0.925,0.869,0.658,0.245,0.081
302.2,3.159,2.216,0.925,0.869,0.658,0.245,0.081
302.3,3.159,2.216,0.925,0.869,0.658,0.245,0.081
302.40000000000003,3.159,2.216,0.925,0.869,0.658,0.245,0.081
302.5,3.159,2.216,0.925,0.87,0.658,0.245,0.081
302.6,3.159,2.216,0.925,0.869,0.658,0.245,0.082
302.7,3.159,2.216,0.925,0.869,0.657,0.245,0.081
302.8,3.115,2.176,0.91,0.869,0.659,0.245,0.082
302.90000000000003,3.141,2.2,0.919,0.868,0.659,0.245,0.082
303.0,3.152,2.21,0.923,0.869,0.658,0.245,0.081
303.1,3.201,2.254,0.939,0.868,0.658,0.245,0.081
303.2,3.176,2.231,0.931,0.868,0.657,0.245,0.082
303.3,3.166,2.222,0.927,0.869,0.658,0.245,0.082
303.40000000000003,3.162,2.219,0.926,0.869,0.657,0.245,0.082
303.5,3.16,2.217,0.925,0.868,0.657,0.245,0.082
303.6,3.16,2.216,0.925,0.868,0.657,0.245,0.082
303.7,3.159,2.216,0.925,0.868,0.657,0.245,0.082
303.8,3.159,2.216,0.925,0.868,0.658,0.245,0.082
303.90000000000003,3.159,2.216,0.925,0.869,0.657,0.245,0.082
304.0,3.159,2.216,0.925,0.869,0.658,0.245,0.082
304.1,3.159,2.216,0.925,0.868,0.658,0.245,0.082
304.2,3.159,2.216,0.925,0.869,0.658,0.245,0.081
304.3,3.115,2.176,0.91,0.868,0.657,0.245,0.081
304.40000000000003,3.141,2.2,0.919,0.869,0.657,0.245,0.081
304.5,3.152,2.21,0.923,0.868,0.658,0.245,0.082
304.6,3.156,2.213,0.924,0.868,0.658,0.245,0.081
304.7,3.158,2.215,0.925,0.868,0.658,0.245,0.082
304.8,3.159,2.216,0.925,0.868,0.658,0.245,0.081
304.90000000000003,3.159,2.216,0.925,0.869,0.658,0.245,0.082
305.0,3.159,2.216,0.925,0.868,0.658,0.245,0.082
305.1,3.159,2.216,0.925,0.869,0.657,0.245,0.082
305.2,3.159,2.216,0.925,0.869,0.658,0.246,0.081
305.3,3.159,2.216,0.925,0.87,0.658,0.245,0.082
305.40000000000003,3.071,2.136,0.896,0.869,0.657,0.245,0.082
305.5,3.124,2.184,0.913,0.868,0.657,0.245,0.082
305.6,3.189,2.244,0.935,0.869,0.658,0.245,0.082
305.7,3.171,2.227,0.929,0.868,0.657,0.245,0.082
305.8,3.164,2.221,0.927,0.868,0.657,0.245,0.082
305.90000000000003,3.161,2.218,0.926,0.869,0.658,0.245,0.081
306.0,3.16,2.217,0.925,0.868,0.657,0.244,0.082
306.1,3.159,2.216,0.925,0.868,0.657,0.245,0.082
306.2,3.204,2.257,0.94,0.868,0.657,0.245,0.082
306.3,3.133,2.192,0.916,0.868,0.657,0.245,0.082
306.40000000000003,3.149,2.206,0.922,0.868,0.658,0.244,0.082
306.5,3.155,2.212,0.924,0.869,0.657,0.245,0.082
306.6,3.157,2.215,0.925,0.869,0.657,0.245,0.082
306.7,3.158,2.215,0.925,0.869,0.658,0.245,0.082
306.8,3.159,2.216,0.925,0.869,0.658,0.245,0.082
306.90000000000003,3.115,2.176,0.91,0.869,0.658,0.245,0.082
307.0,3.141,2.2,0.919,0.869,0.657,0.245,0.082
307.1,3.152,2.21,0.923,0.869,0.657,0.245,0.082
307.20000000000005,3.156,2.213,0.924,0.868,0.658,0.245,0.082
307.3,3.158,2.215,0.925,0.869,0.658,0.245,0.082
307.40000000000003,3.159,2.216,0.925,0.868,0.657,0.245,0.082
307.5,3.159,2.216,0.925,0.867,0.657,0.245,0.081
307.6,3.159,2.216,0.925,0.868,0.657,0.245,0.081
307.70000000000005,3.159,2.216,0.925,0.868,0.657,0.245,0.082
307.8,3.159,2.216,0.925,0.868,0.657,0.245,0.082
307.90000000000003,3.159,2.216,0.925,0.868,0.657,0.245,0.082
308.0,3.115,2.176,0.91,0.868,0.657,0.245,0.082
308.1,3.097,2.159,0.905,0.867,0.656,0.244,0.082
308.20000000000005,3.134,2.193,0.917,0.867,0.657,0.245,0.082
308.3,3.149,2.207,0.922,0.868,0.657,0.245,0.082
308.40000000000003,3.111,2.172,0.909,0.868,0.656,0.244,0.082
308.5,3.14,2.198,0.919,0.869,0.656,0.244,0.082
308.6,3.107,2.169,0.908,0.867,0.656,0.244,0.082
308.70000000000005,3.138,2.197,0.918,0.868,0.656,0.245,0.082
308.8,3.151,2.208,0.922,0.867,0.655,0.244,0.082
308.90000000000003,3.112,2.173,0.909,0.866,0.656,0.245,0.082
309.0,3.14,2.199,0.919,0.867,0.656,0.245,0.082
309.1,3.152,2.209,0.923,0.867,0.657,0.245,0.082
309.20000000000005,3.156,2.213,0.924,0.868,0.657,0.245,0.082
309.3,3.158,2.215,0.925,0.868,0.657,0.245,0.082
309.40000000000003,3.159,2.216,0.925,0.868,0.656,0.245,0.082
309.5,3.159,2.216,0.925,0.868,0.657,0.245,0.082
309.6,3.159,2.216,0.925,0.868,0.656,0.245,0.082
309.70000000000005,3.115,2.176,0.91,0.869,0.657,0.244,0.082
309.8,3.097,2.159,0.905,0.868,0.657,0.244,0.082
309.90000000000003,3.09,2.153,0.902,0.868,0.657,0.245,0.082
310.0,3.087,2.15,0.901,0.867,0.657,0.245,0.082
310.1,3.13,2.19,0.916,0.867,0.656,0.245,0.081
310.20000000000005,3.103,2.165,0.907,0.867,0.656,0.245,0.082
310.3,3.137,2.196,0.918,0.868,0.657,0.245,0.082
310.40000000000003,3.106,2.167,0.907,0.868,0.657,0.244,0.082
310.5,3.094,2.156,0.903,0.868,0.657,0.245,0.082
310.6,3.133,2.192,0.916,0.867,0.656,0.244,0.082
310.70000000000005,3.193,2.247,0.936,0.868,0.657,0.245,0.082
310.8,3.128,2.188,0.915,0.867,0.656,0.244,0.082
310.90000000000003,3.147,2.205,0.921,0.867,0.657,0.245,0.082
311.0,3.154,2.212,0.923,0.867,0.656,0.245,0.082
311.1,3.157,2.214,0.924,0.868,0.656,0.244,0.082
311.20000000000005,3.158,2.215,0.925,0.867,0.656,0.244,0.082
311.3,3.159,2.216,0.925,0.867,0.657,0.245,0.082
311.40000000000003,3.159,2.216,0.925,0.867,0.656,0.244,0.082
311.5,3.159,2.216,0.925,0.868,0.655,0.245,0.081
311.6,3.115,2.176,0.91,0.868,0.656,0.245,0.082
311.70000000000005,3.141,2.2,0.919,0.867,0.656,0.244,0.082
311.8,3.152,2.21,0.923,0.868,0.656,0.244,0.081
311.90000000000003,3.156,2.213,0.924,0.867,0.656,0.244,0.082
312.0,3.158,2.215,0.925,0.867,0.655,0.244,0.082
312.1,3.159,2.216,0.925,0.866,0.655,0.245,0.081
312.20000000000005,3.115,2.175,0.91,0.867,0.656,0.244,0.082
312.3,3.141,2.2,0.919,0.867,0.656,0.245,0.081
312.40000000000003,3.152,2.21,0.923,0.867,0.656,0.245,0.081
312.5,3.156,2.213,0.924,0.866,0.656,0.244,0.082
312.6,3.158,2.215,0.925,0.866,0.656,0.245,0.082
312.70000000000005,3.159,2.216,0.925,0.866,0.655,0.245,0.082
312.8,3.159,2.216,0.925,0.867,0.656,0.244,0.082
312.90000000000003,3.159,2.216,0.925,0.866,0.655,0.244,0.081
313.0,3.159,2.216,0.925,0.867,0.656,0.245,0.082
313.1,3.159,2.216,0.925,0.868,0.655,0.245,0.082
313.20000000000005,3.159,2.216,0.925,0.867,0.655,0.245,0.082
313.3,3.159,2.216,0.925,0.867,0.655,0.245,0.081
313.40000000000003,3.159,2.216,0.925,0.866,0.656,0.245,0.082
313.5,3.159,2.216,0.925,0.866,0.655,0.244,0.082
313.6,3.159,2.216,0.925,0.866,0.655,0.245,0.081
313.70000000000005,3.159,2.216,0.925,0.867,0.656,0.244,0.081
313.8,2.984,2.057,0.867,0.867,0.655,0.245,0.082
313.90000000000003,3.089,2.153,0.902,0.868,0.656,0.244,0.082
314.0,3.087,2.15,0.901,0.868,0.656,0.245,0.082
314.1,3.086,2.149,0.901,0.867,0.655,0.244,0.081
314.20000000000005,3.13,2.189,0.915,0.867,0.655,0.244,0.082
314.3,3.103,2.165,0.907,0.866,0.654,0.244,0.081
314.40000000000003,3.137,2.196,0.918,0.866,0.655,0.244,0.082
314.5,3.106,2.167,0.907,0.866,0.654,0.244,0.082
314.6,3.094,2.156,0.903,0.867,0.655,0.244,0.082
314.70000000000005,3.133,2.192,0.916,0.867,0.655,0.245,0.082
314.8,3.104,2.166,0.907,0.868,0.656,0.244,0.082
314.90000000000003,3.093,2.156,0.903,0.867,0.656,0.244,0.082
315.0,3.088,2.151,0.902,0.866,0.656,0.244,0.082
315.1,3.131,2.19,0.916,0.866,0.655,0.244,0.082
315.20000000000005,3.104,2.165,0.907,0.866,0.656,0.244,0.082
315.3,3.093,2.155,0.903,0.866,0.655,0.245,0.082
315.40000000000003,3.133,2.192,0.916,0.865,0.654,0.244,0.082
315.5,3.104,2.166,0.907,0.866,0.654,0.244,0.082
315.6,3.137,2.196,0.918,0.868,0.654,0.244,0.082
315.70000000000005,3.15,2.208,0.922,0.867,0.655,0.244,0.082
315.8,3.111,2.172,0.909,0.867,0.654,0.245,0.082
315.90000000000003,3.14,2.199,0.919,0.866,0.655,0.245,0.082
316.0,3.107,2.169,0.908,0.866,0.654,0.244,0.082
316.1,3.183,2.238,0.933,0.866,0.655,0.244,0.081
316.20000000000005,3.169,2.225,0.928,0.866,0.654,0.244,0.082
316.3,3.163,2.22,0.926,0.866,0.654,0.244,0.082
316.40000000000003,3.161,2.217,0.926,0.866,0.653,0.244,0.081
316.5,3.115,2.176,0.911,0.866,0.654,0.244,0.082
316.6,3.142,2.2,0.919,0.866,0.654,0.244,0.082
316.70000000000005,3.152,2.21,0.923,0.866,0.654,0.244,0.082
316.8,3.156,2.214,0.924,0.865,0.654,0.244,0.081
316.90000000000003,3.114,2.175,0.91,0.865,0.654,0.244,0.082
317.0,3.097,2.159,0.904,0.866,0.653,0.244,0.082
317.1,3.09,2.153,0.902,0.865,0.654,0.244,0.082
317.20000000000005,3.131,2.191,0.916,0.866,0.654,0.244,0.082
317.3,3.148,2.206,0.921,0.865,0.654,0.244,0.082
317.40000000000003,3.155,2.212,0.924,0.865,0.654,0.244,0.082
317.5,3.113,2.174,0.91,0.865,0.654,0.244,0.082
317.6,3.141,2.199,0.919,0.865,0.654,0.244,0.082
317.70000000000005,3.152,2.209,0.923,0.866,0.653,0.244,0.082
317.8,3.112,2.173,0.909,0.865,0.653,0.244,0.082
317.90000000000003,3.096,2.158,0.904,0.866,0.654,0.244,0.082
318.0,3.134,2.193,0.917,0.866,0.654,0.244,0.082
318.1,3.105,2.166,0.907,0.866,0.653,0.244,0.082
318.20000000000005,3.093,2.156,0.903,0.866,0.654,0.244,0.082
318.3,3.088,2.152,0.902,0.866,0.654,0.244,0.082
318.40000000000003,3.131,2.19,0.916,0.866,0.654,0.244,0.082
318.5,3.148,2.206,0.921,0.866,0.654,0.244,0.081
318.6,3.155,2.212,0.924,0.866,0.654,0.243,0.082
318.70000000000005,3.157,2.214,0.924,0.866,0.654,0.244,0.082
318.8,3.158,2.215,0.925,0.866,0.654,0.244,0.082
318.90000000000003,3.115,2.175,0.91,0.866,0.654,0.244,0.082
319.0,3.141,2.2,0.919,0.866,0.653,0.244,0.082
319.1,3.108,2.169,0.908,0.865,0.653,0.244,0.082
319.20000000000005,3.094,2.157,0.904,0.865,0.654,0.244,0.083
319.3,3.133,2.192,0.916,0.866,0.653,0.244,0.083
319.40000000000003,3.104,2.166,0.907,0.866,0.653,0.244,0.083
319.5,3.093,2.156,0.903,0.865,0.653,0.244,0.082
319.6,3.088,2.151,0.902,0.866,0.654,0.244,0.082
319.70000000000005,3.131,2.19,0.916,0.865,0.654,0.244,0.082
319.8,3.104,2.165,0.907,0.865,0.654,0.244,0.082
319.90000000000003,3.093,2.155,0.903,0.866,0.653,0.244,0.082
320.0,3.133,2.192,0.916,0.866,0.654,0.244,0.082
320.1,3.148,2.206,0.922,0.866,0.654,0.244,0.082
320.20000000000005,3.111,2.172,0.909,0.865,0.653,0.244,0.082
320.3,3.095,2.158,0.904,0.865,0.653,0.243,0.082
320.40000000000003,3.089,2.152,0.902,0.865,0.654,0.243,0.082
320.5,3.087,2.15,0.901,0.866,0.653,0.244,0.082
320.6,3.086,2.149,0.901,0.865,0.653,0.243,0.082
320.70000000000005,3.13,2.189,0.915,0.866,0.654,0.244,0.082
320.8,3.103,2.165,0.907,0.865,0.653,0.243,0.082
320.90000000000003,3.092,2.155,0.903,0.865,0.653,0.243,0.082
321.0,3.132,2.192,0.916,0.865,0.653,0.244,0.082
321.1,3.104,2.166,0.907,0.865,0.653,0.244,0.081
321.20000000000005,3.093,2.156,0.903,0.865,0.653,0.244,0.082
321.3,3.088,2.151,0.902,0.865,0.653,0.244,0.082
321.40000000000003,3.087,2.15,0.901,0.865,0.653,0.243,0.082
321.5,3.13,2.19,0.915,0.864,0.652,0.243,0.081
321.6,3.103,2.165,0.907,0.865,0.653,0.243,0.082
321.70000000000005,3.137,2.196,0.918,0.865,0.653,0.244,0.082
321.8,3.15,2.208,0.922,0.865,0.653,0.243,0.082
321.90000000000003,3.156,2.213,0.924,0.865,0.653,0.243,0.082
322.0,3.113,2.174,0.91,0.865,0.653,0.244,0.082
322.1,3.141,2.199,0.919,0.865,0.653,0.243,0.082
322.20000000000005,3.108,2.169,0.908,0.864,0.653,0.244,0.082
322.3,3.094,2.157,0.904,0.865,0.654,0.243,0.082
322.40000000000003,3.089,2.152,0.902,0.865,0.653,0.244,0.082
322.5,3.087,2.15,0.901,0.864,0.653,0.243,0.082
322.6,3.086,2.149,0.901,0.865,0.652,0.243,0.081
322.70000000000005,3.13,2.189,0.915,0.865,0.653,0.243,0.082
322.8,3.103,2.165,0.907,0.865,0.654,0.243,0.082
322.90000000000003,3.092,2.155,0.903,0.865,0.653,0.244,0.082
323.0,3.088,2.151,0.902,0.864,0.654,0.243,0.082
323.1,3.131,2.19,0.916,0.865,0.653,0.242,0.082
323.20000000000005,3.104,2.165,0.907,0.865,0.653,0.242,0.082
323.3,3.137,2.196,0.918,0.865,0.653,0.243,0.082
323.40000000000003,3.106,2.168,0.907,0.866,0.653,0.243,0.083
323.5,3.138,2.197,0.918,0.866,0.653,0.243,0.083
323.6,3.106,2.168,0.908,0.865,0.653,0.242,0.083
323.70000000000005,3.094,2.156,0.903,0.865,0.653,0.243,0.083
323.8,3.089,2.152,0.902,0.865,0.653,0.243,0.083
323.90000000000003,3.087,2.15,0.901,0.865,0.653,0.243,0.082
324.0,3.086,2.149,0.901,0.864,0.653,0.242,0.083
324.1,3.086,2.149,0.901,0.865,0.654,0.243,0.083
324.20000000000005,3.13,2.189,0.915,0.864,0.653,0.242,0.082
324.3,3.103,2.165,0.907,0.864,0.652,0.242,0.083
324.40000000000003,3.092,2.155,0.903,0.864,0.653,0.242,0.082
324.5,3.088,2.151,0.902,0.865,0.652,0.242,0.082
324.6,3.131,2.19,0.916,0.865,0.653,0.242,0.083
324.70000000000005,3.104,2.165,0.907,0.865,0.653,0.242,0.082
324.8,3.137,2.196,0.918,0.865,0.652,0.242,0.082
324.90000000000003,3.106,2.168,0.907,0.866,0.653,0.242,0.082
325.0,3.138,2.197,0.918,0.865,0.652,0.242,0.083
325.1,3.106,2.168,0.908,0.864,0.653,0.242,0.082
325.20000000000005,3.138,2.197,0.918,0.865,0.652,0.242,0.083
325.3,3.106,2.168,0.908,0.865,0.653,0.242,0.082
325.40000000000003,3.138,2.197,0.918,0.865,0.653,0.242,0.082
325.5,3.106,2.168,0.908,0.864,0.652,0.242,0.083
325.6,3.138,2.197,0.918,0.864,0.652,0.242,0.083
325.70000000000005,3.106,2.168,0.908,0.865,0.652,0.242,0.082
325.8,3.094,2.156,0.903,0.864,0.652,0.242,0.082
325.90000000000003,3.089,2.152,0.902,0.864,0.653,0.242,0.082
326.0,3.087,2.15,0.901,0.865,0.652,0.242,0.082
326.1,3.042,2.109,0.886,0.865,0.653,0.242,0.083
326.20000000000005,3.068,2.133,0.895,0.865,0.652,0.242,0.082
326.3,3.078,2.142,0.898,0.865,0.653,0.241,0.082
326.40000000000003,3.083,2.146,0.9,0.864,0.653,0.242,0.082
326.5,3.084,2.148,0.9,0.865,0.652,0.242,0.082
326.6,3.085,2.148,0.9,0.864,0.653,0.242,0.082
326.70000000000005,3.085,2.149,0.901,0.865,0.652,0.242,0.082
326.8,3.13,2.189,0.915,0.865,0.653,0.242,0.082
326.90000000000003,3.103,2.165,0.906,0.865,0.653,0.242,0.083
327.0,3.092,2.155,0.903,0.864,0.652,0.242,0.082
327.1,3.088,2.151,0.902,0.864,0.652,0.242,0.082
327.20000000000005,3.086,2.15,0.901,0.864,0.651,0.242,0.082
327.3,3.13,2.19,0.915,0.864,0.65,0.242,0.083
327.40000000000003,3.147,2.205,0.921,0.865,0.651,0.242,0.082
327.5,3.11,2.171,0.909,0.864,0.651,0.241,0.082
327.6,3.14,2.198,0.919,0.864,0.651,0.241,0.083
327.70000000000005,3.151,2.209,0.922,0.864,0.651,0.241,0.083
327.8,3.112,2.173,0.909,0.863,0.651,0.241,0.083
327.90000000000003,3.14,2.199,0.919,0.864,0.651,0.241,0.082
328.0,3.107,2.169,0.908,0.864,0.651,0.241,0.082
328.1,3.094,2.157,0.904,0.864,0.65,0.242,0.082
328.20000000000005,3.089,2.152,0.902,0.864,0.651,0.241,0.082
328.3,3.087,2.15,0.901,0.865,0.651,0.241,0.082
328.40000000000003,3.086,2.149,0.901,0.863,0.651,0.241,0.082
328.5,3.086,2.149,0.901,0.864,0.651,0.242,0.082
328.6,3.13,2.189,0.915,0.864,0.651,0.242,0.082
328.70000000000005,3.103,2.165,0.907,0.864,0.652,0.241,0.082
328.8,3.092,2.155,0.903,0.864,0.651,0.242,0.082
328.90000000000003,3.088,2.151,0.902,0.863,0.651,0.241,0.083
329.0,3.131,2.19,0.916,0.862,0.65,0.241,0.082
329.1,3.148,2.206,0.921,0.863,0.651,0.242,0.082
329.20000000000005,3.244,2.294,0.953,0.863,0.651,0.241,0.082
329.3,3.149,2.207,0.922,0.863,0.65,0.242,0.082
329.40000000000003,3.111,2.172,0.909,0.864,0.651,0.241,0.082
329.5,3.096,2.158,0.904,0.864,0.651,0.241,0.082
329.6,3.089,2.152,0.902,0.864,0.65,0.241,0.082
329.70000000000005,3.087,2.15,0.901,0.864,0.65,0.241,0.082
329.8,3.086,2.149,0.901,0.864,0.651,0.241,0.082
329.90000000000003,3.086,2.149,0.901,0.864,0.651,0.241,0.083
330.0,3.085,2.149,0.901,0.864,0.652,0.241,0.082
330.1,3.085,2.149,0.901,0.863,0.651,0.241,0.082
330.20000000000005,3.085,2.149,0.901,0.862,0.651,0.241,0.082
330.3,3.085,2.149,0.901,0.862,0.651,0.241,0.082
330.40000000000003,3.085,2.149,0.901,0.862,0.651,0.241,0.082
330.5,3.13,2.189,0.915,0.863,0.651,0.241,0.082
330.6,3.147,2.205,0.921,0.864,0.65,0.241,0.082
330.70000000000005,3.11,2.171,0.909,0.863,0.65,0.241,0.082
330.8,3.095,2.158,0.904,0.863,0.651,0.241,0.082
330.90000000000003,3.089,2.152,0.902,0.864,0.65,0.241,0.083
331.0,3.087,2.15,0.901,0.863,0.651,0.241,0.082
331.1,3.086,2.149,0.901,0.863,0.65,0.241,0.082
331.20000000000005,3.13,2.189,0.915,0.862,0.65,0.241,0.082
331.3,3.147,2.205,0.921,0.862,0.651,0.241,0.082
331.40000000000003,3.11,2.171,0.909,0.863,0.65,0.241,0.082
331.5,3.095,2.158,0.904,0.862,0.65,0.24,0.082
331.6,3.134,2.193,0.917,0.863,0.651,0.241,0.082
331.70000000000005,3.105,2.166,0.907,0.863,0.65,0.241,0.082
331.8,3.093,2.156,0.903,0.862,0.65,0.24,0.082
331.90000000000003,3.133,2.192,0.916,0.861,0.65,0.241,0.082
332.0,3.104,2.166,0.907,0.863,0.65,0.241,0.082
332.1,3.093,2.156,0.903,0.864,0.651,0.241,0.082
332.20000000000005,3.088,2.151,0.902,0.862,0.65,0.24,0.082
332.3,3.131,2.19,0.916,0.862,0.65,0.24,0.082
332.40000000000003,3.148,2.206,0.921,0.861,0.65,0.241,0.082
332.5,3.155,2.212,0.924,0.861,0.65,0.24,0.082
332.6,3.113,2.174,0.91,0.861,0.649,0.24,0.082
332.70000000000005,3.096,2.159,0.904,0.861,0.65,0.24,0.082
332.8,3.09,2.153,0.902,0.862,0.651,0.241,0.082
332.90000000000003,3.087,2.15,0.901,0.861,0.65,0.24,0.082
333.0,3.13,2.19,0.916,0.862,0.65,0.24,0.082
333.1,3.148,2.206,0.921,0.861,0.65,0.241,0.082
333.20000000000005,3.11,2.171,0.909,0.861,0.649,0.24,0.082
333.3,3.14,2.198,0.919,0.861,0.65,0.241,0.082
333.40000000000003,3.151,2.209,0.922,0.861,0.65,0.24,0.082
333.5,3.112,2.173,0.909,0.862,0.649,0.24,0.082
333.6,3.096,2.158,0.904,0.861,0.649,0.24,0.083
333.70000000000005,3.134,2.193,0.917,0.861,0.65,0.24,0.082
333.8,3.149,2.207,0.922,0.861,0.649,0.24,0.082
333.90000000000003,3.111,2.172,0.909,0.862,0.649,0.24,0.082
334.0,3.14,2.198,0.919,0.861,0.65,0.24,0.082
334.1,3.151,2.209,0.923,0.863,0.65,0.24,0.082
334.20000000000005,3.112,2.173,0.909,0.862,0.65,0.24,0.082
334.3,3.096,2.158,0.904,0.863,0.65,0.241,0.082
334.40000000000003,3.09,2.153,0.902,0.862,0.649,0.241,0.082
334.5,3.131,2.191,0.916,0.861,0.649,0.24,0.082
334.6,3.104,2.165,0.907,0.862,0.65,0.24,0.083
334.70000000000005,3.137,2.196,0.918,0.861,0.649,0.239,0.082
334.8,3.106,2.168,0.907,0.861,0.65,0.24,0.083
334.90000000000003,3.094,2.156,0.903,0.861,0.649,0.24,0.082
335.0,3.089,2.152,0.902,0.863,0.65,0.24,0.082
335.1,3.087,2.15,0.901,0.862,0.65,0.24,0.082
335.20000000000005,3.086,2.149,0.901,0.861,0.649,0.24,0.082
335.3,3.086,2.149,0.901,0.861,0.65,0.24,0.082
335.40000000000003,3.085,2.149,0.901,0.861,0.649,0.24,0.082
335.5,3.085,2.149,0.901,0.861,0.649,0.24,0.083
335.6,3.13,2.189,0.915,0.861,0.648,0.239,0.083
335.70000000000005,3.103,2.165,0.906,0.86,0.648,0.24,0.083
335.8,3.092,2.155,0.903,0.86,0.648,0.239,0.082
335.90000000000003,3.132,2.192,0.916,0.86,0.649,0.24,0.082
336.0,3.104,2.166,0.907,0.86,0.648,0.239,0.082
336.1,3.093,2.156,0.903,0.86,0.648,0.239,0.082
336.20000000000005,3.088,2.151,0.902,0.861,0.649,0.24,0.082
336.3,3.131,2.19,0.916,0.862,0.648,0.24,0.082
336.40000000000003,3.104,2.165,0.907,0.861,0.649,0.24,0.082
336.5,3.093,2.155,0.903,0.861,0.649,0.239,0.082
336.6,3.088,2.151,0.902,0.861,0.648,0.239,0.082
336.70000000000005,3.087,2.15,0.901,0.861,0.649,0.24,0.082
336.8,3.086,2.149,0.901,0.86,0.648,0.239,0.082
336.90000000000003,3.086,2.149,0.901,0.861,0.648,0.24,0.082
337.0,3.085,2.149,0.901,0.861,0.649,0.24,0.082
337.1,3.13,2.189,0.915,0.86,0.648,0.239,0.082
337.20000000000005,3.103,2.165,0.907,0.86,0.648,0.24,0.082
337.3,3.137,2.196,0.918,0.86,0.649,0.24,0.083
337.40000000000003,3.106,2.167,0.907,0.861,0.649,0.24,0.083
337.5,3.094,2.156,0.903,0.861,0.648,0.24,0.083
337.6,3.133,2.192,0.916,0.861,0.649,0.239,0.082
337.70000000000005,3.104,2.166,0.907,0.861,0.648,0.24,0.082
337.8,3.093,2.156,0.903,0.86,0.648,0.239,0.083
337.90000000000003,3.088,2.151,0.902,0.861,0.649,0.24,0.082
338.0,3.087,2.15,0.901,0.86,0.648,0.239,0.082
338.1,3.086,2.149,0.901,0.861,0.648,0.239,0.083
338.20000000000005,3.086,2.149,0.901,0.861,0.649,0.24,0.083
338.3,3.13,2.189,0.915,0.861,0.649,0.239,0.082
338.40000000000003,3.147,2.205,0.921,0.862,0.65,0.239,0.082
338.5,3.11,2.171,0.909,0.861,0.649,0.239,0.083
338.6,3.095,2.158,0.904,0.86,0.649,0.239,0.083
338.70000000000005,3.134,2.193,0.917,0.861,0.649,0.239,0.082
338.8,3.105,2.166,0.907,0.861,0.649,0.239,0.083
338.90000000000003,3.093,2.156,0.903,0.861,0.649,0.24,0.083
339.0,3.133,2.192,0.916,0.861,0.648,0.239,0.082
339.1,3.104,2.166,0.907,0.861,0.649,0.239,0.083
339.20000000000005,3.093,2.156,0.903,0.861,0.648,0.24,0.082
339.3,3.088,2.151,0.902,0.861,0.648,0.239,0.082
339.40000000000003,3.131,2.19,0.916,0.861,0.647,0.239,0.083
339.5,3.282,2.33,0.966,0.86,0.648,0.239,0.083
339.6,3.208,2.262,0.941,0.86,0.648,0.239,0.083
339.70000000000005,3.135,2.194,0.917,0.86,0.647,0.238,0.082
339.8,3.149,2.207,0.922,0.86,0.648,0.239,0.083
339.90000000000003,3.111,2.172,0.909,0.861,0.647,0.239,0.082
340.0,3.096,2.158,0.904,0.861,0.648,0.239,0.082
340.1,3.089,2.152,0.902,0.861,0.648,0.239,0.082
340.20000000000005,3.087,2.15,0.901,0.861,0.648,0.239,0.082
340.3,3.13,2.19,0.916,0.861,0.648,0.239,0.082
340.40000000000003,2.972,2.047,0.863,0.861,0.647,0.239,0.082
340.5,3.04,2.108,0.886,0.861,0.648,0.24,0.081
340.6,3.067,2.132,0.895,0.86,0.647,0.239,0.082
340.70000000000005,3.078,2.142,0.898,0.86,0.647,0.239,0.082
340.8,3.082,2.146,0.9,0.86,0.648,0.239,0.082
340.90000000000003,3.084,2.148,0.9,0.86,0.648,0.239,0.082
341.0,3.085,2.148,0.9,0.861,0.648,0.239,0.082
341.1,3.085,2.149,0.901,0.86,0.648,0.239,0.082
341.20000000000005,3.13,2.189,0.915,0.861,0.647,0.239,0.082
341.3,3.147,2.205,0.921,0.861,0.647,0.239,0.082
341.40000000000003,3.11,2.171,0.909,0.861,0.648,0.238,0.082
341.5,3.095,2.158,0.904,0.86,0.647,0.239,0.082
341.6,3.089,2.152,0.902,0.86,0.648,0.238,0.082
341.70000000000005,3.087,2.15,0.901,0.861,0.647,0.239,0.083
341.8,3.086,2.149,0.901,0.86,0.648,0.239,0.082
341.90000000000003,2.954,2.031,0.858,0.861,0.648,0.239,0.082
342.0,3.077,2.142,0.898,0.86,0.648,0.238,0.082
342.1,3.082,2.146,0.9,0.861,0.648,0.238,0.082
342.20000000000005,2.953,2.029,0.857,0.861,0.648,0.239,0.082
342.3,3.077,2.141,0.898,0.86,0.647,0.238,0.082
342.40000000000003,3.082,2.146,0.9,0.86,0.648,0.238,0.082
342.5,3.084,2.148,0.9,0.861,0.648,0.239,0.082
342.6,3.129,2.189,0.915,0.861,0.647,0.239,0.082
342.70000000000005,3.103,2.165,0.906,0.86,0.647,0.239,0.083
342.8,3.137,2.196,0.918,0.86,0.647,0.239,0.083
342.90000000000003,3.15,2.208,0.922,0.861,0.647,0.238,0.082
343.0,3.111,2.172,0.909,0.86,0.647,0.238,0.082
343.1,3.096,2.158,0.904,0.86,0.647,0.239,0.082
343.20000000000005,3.09,2.152,0.902,0.859,0.646,0.238,0.082
343.3,3.087,2.15,0.901,0.86,0.647,0.238,0.082
343.40000000000003,3.086,2.149,0.901,0.86,0.647,0.238,0.082
343.5,3.086,2.149,0.901,0.859,0.646,0.238,0.082
343.6,3.085,2.149,0.901,0.86,0.646,0.238,0.082
343.70000000000005,3.085,2.149,0.901,0.859,0.646,0.238,0.082
343.8,3.085,2.149,0.901,0.86,0.646,0.238,0.082
343.90000000000003,3.085,2.149,0.901,0.86,0.647,0.239,0.082
344.0,3.085,2.149,0.901,0.86,0.646,0.238,0.082
344.1,3.085,2.149,0.901,0.86,0.647,0.238,0.082
344.20000000000005,3.085,2.149,0.901,0.86,0.647,0.238,0.082
344.3,3.085,2.149,0.901,0.86,0.647,0.238,0.082
344.40000000000003,3.085,2.149,0.901,0.861,0.647,0.239,0.083
344.5,3.13,2.189,0.915,0.86,0.647,0.238,0.082
344.6,3.147,2.205,0.921,0.86,0.647,0.238,0.082
344.70000000000005,3.154,2.212,0.924,0.86,0.647,0.238,0.082
344.8,3.113,2.174,0.91,0.86,0.646,0.238,0.082
344.90000000000003,3.096,2.159,0.904,0.861,0.647,0.238,0.081
345.0,3.09,2.153,0.902,0.86,0.646,0.238,0.082
345.1,3.131,2.191,0.916,0.86,0.646,0.238,0.082
345.20000000000005,3.148,2.206,0.921,0.861,0.647,0.238,0.082
345.3,3.11,2.172,0.909,0.86,0.647,0.238,0.082
345.40000000000003,3.14,2.198,0.919,0.86,0.647,0.238,0.082
345.5,3.107,2.169,0.908,0.859,0.646,0.238,0.082
345.6,3.094,2.157,0.904,0.859,0.647,0.238,0.082
345.70000000000005,3.133,2.192,0.916,0.86,0.647,0.238,0.082
345.8,3.104,2.166,0.907,0.861,0.647,0.238,0.082
345.90000000000003,3.093,2.156,0.903,0.86,0.646,0.238,0.082
346.0,3.088,2.151,0.902,0.86,0.646,0.237,0.082
346.1,3.087,2.15,0.901,0.86,0.647,0.238,0.082
346.20000000000005,3.086,2.149,0.901,0.86,0.647,0.238,0.082
346.3,3.086,2.149,0.901,0.86,0.646,0.238,0.082
346.40000000000003,3.085,2.149,0.901,0.86,0.646,0.238,0.082
346.5,3.085,2.149,0.901,0.859,0.647,0.238,0.082
346.6,3.085,2.149,0.901,0.859,0.647,0.238,0.082
346.70000000000005,3.085,2.149,0.901,0.86,0.646,0.238,0.082
346.8,3.085,2.149,0.901,0.859,0.646,0.237,0.082
346.90000000000003,3.13,2.189,0.915,0.859,0.646,0.238,0.082
347.0,3.103,2.165,0.906,0.86,0.647,0.238,0.082
347.1,3.137,2.196,0.918,0.86,0.646,0.238,0.083
347.20000000000005,3.106,2.167,0.907,0.86,0.646,0.238,0.083
347.3,3.094,2.156,0.903,0.859,0.647,0.238,0.082
347.40000000000003,3.133,2.192,0.916,0.859,0.646,0.238,0.082
347.5,3.104,2.166,0.907,0.859,0.646,0.238,0.082
347.6,3.137,2.196,0.918,0.86,0.646,0.237,0.082
347.70000000000005,2.969,2.077,0.868,0.816,0.613,0.225,0.078
347.8,2.835,1.982,0.829,0.781,0.587,0.216,0.075
347.90000000000003,2.728,1.906,0.797,0.753,0.566,0.208,0.072
348.0,2.643,1.845,0.772,0.731,0.549,0.202,0.07
348.1,2.574,1.796,0.752,0.713,0.536,0.197,0.068
348.20000000000005,2.52,1.758,0.736,0.699,0.525,0.193,0.067
348.3,2.476,1.727,0.723,0.687,0.516,0.19,0.066
348.40000000000003,2.441,1.702,0.713,0.678,0.51,0.187,0.065
348.5,2.424,1.692,0.708,0.671,0.504,0.185,0.064
348.6,2.4,1.674,0.701,0.665,0.5,0.184,0.063
348.70000000000005,2.38,1.66,0.695,0.66,0.496,0.182,0.063
348.8,2.365,1.649,0.691,0.656,0.493,0.181,0.063
348.90000000000003,2.352,1.64,0.687,0.653,0.491,0.18,0.062
349.0,2.342,1.632,0.684,0.651,0.49,0.18,0.062
349.1,2.334,1.627,0.682,0.649,0.488,0.179,0.062
349.20000000000005,2.339,1.632,0.683,0.648,0.487,0.179,0.062
349.3,2.343,1.636,0.685,0.647,0.486,0.178,0.062
349.40000000000003,2.335,1.63,0.682,0.646,0.486,0.178,0.062
349.5,2.328,1.625,0.68,0.645,0.485,0.178,0.062
349.6,2.323,1.62,0.679,0.644,0.485,0.178,0.061
349.70000000000005,2.319,1.617,0.677,0.644,0.484,0.178,0.061
349.8,2.316,1.614,0.676,0.643,0.484,0.177,0.061
349.90000000000003,2.313,1.612,0.675,0.643,0.484,0.177,0.061
350.0,2.311,1.61,0.675,0.642,0.483,0.177,0.061
350.1,2.309,1.609,0.674,0.642,0.483,0.177,0.061
350.20000000000005,2.308,1.608,0.674,0.642,0.483,0.177,0.061
350.3,2.307,1.607,0.673,0.641,0.483,0.177,0.061
350.40000000000003,2.317,1.616,0.677,0.641,0.483,0.177,0.061
350.5,2.314,1.614,0.676,0.641,0.483,0.177,0.061
350.6,2.312,1.612,0.675,0.641,0.483,0.176,0.061
350.70000000000005,2.31,1.61,0.675,0.641,0.483,0.176,0.061
350.8,2.308,1.609,0.674,0.641,0.483,0.176,0.061
350.90000000000003,2.307,1.608,0.674,0.641,0.482,0.176,0.061
351.0,2.306,1.607,0.673,0.641,0.482,0.176,0.061
351.1,2.306,1.606,0.673,0.641,0.482,0.176,0.061
351.20000000000005,2.305,1.606,0.673,0.641,0.482,0.176,0.061
351.3,2.315,1.615,0.676,0.641,0.482,0.176,0.061
351.40000000000003,2.313,1.613,0.676,0.641,0.482,0.176,0.061
351.5,2.311,1.611,0.675,0.641,0.482,0.176,0.061
351.6,2.32,1.62,0.678,0.641,0.482,0.176,0.061
351.70000000000005,2.317,1.616,0.677,0.641,0.482,0.176,0.061
351.8,2.325,1.624,0.68,0.641,0.482,0.176,0.061
351.90000000000003,2.32,1.62,0.678,0.641,0.482,0.176,0.061
352.0,2.317,1.617,0.677,0.641,0.482,0.176,0.061
352.1,2.314,1.614,0.676,0.641,0.483,0.176,0.061
352.20000000000005,2.312,1.612,0.675,0.641,0.482,0.176,0.061
352.3,2.31,1.61,0.675,0.64,0.483,0.176,0.061
352.40000000000003,2.308,1.609,0.674,0.64,0.482,0.176,0.061
352.5,2.307,1.608,0.674,0.64,0.483,0.176,0.061
352.6,2.306,1.607,0.673,0.64,0.483,0.176,0.061
352.70000000000005,2.305,1.606,0.673,0.64,0.482,0.176,0.061
352.8,2.316,1.616,0.677,0.64,0.483,0.176,0.061
352.90000000000003,2.313,1.613,0.676,0.64,0.482,0.175,0.061
353.0,2.311,1.611,0.675,0.64,0.483,0.175,0.061
353.1,2.309,1.61,0.674,0.639,0.482,0.175,0.061
353.20000000000005,2.308,1.608,0.674,0.639,0.483,0.175,0.061
353.3,2.307,1.607,0.674,0.638,0.482,0.175,0.061
353.40000000000003,2.306,1.607,0.673,0.638,0.482,0.174,0.061
353.5,2.305,1.606,0.673,0.638,0.482,0.174,0.061
353.6,2.305,1.606,0.673,0.638,0.482,0.174,0.061
353.70000000000005,2.304,1.605,0.673,0.638,0.482,0.174,0.061
353.8,2.304,1.605,0.673,0.637,0.482,0.174,0.061
353.90000000000003,2.315,1.615,0.676,0.637,0.482,0.174,0.061
354.0,2.312,1.612,0.675,0.637,0.482,0.174,0.061
354.1,2.31,1.611,0.675,0.637,0.482,0.174,0.061
354.20000000000005,2.309,1.609,0.674,0.637,0.482,0.174,0.061
354.3,2.307,1.608,0.674,0.637,0.482,0.173,0.062
354.40000000000003,2.306,1.607,0.673,0.637,0.482,0.173,0.061
354.5,2.317,1.616,0.677,0.636,0.482,0.173,0.062
354.6,2.314,1.614,0.676,0.636,0.482,0.173,0.062
354.70000000000005,2.312,1.612,0.675,0.636,0.482,0.173,0.062
354.8,2.31,1.61,0.675,0.636,0.482,0.173,0.062
354.90000000000003,2.319,1.619,0.678,0.635,0.482,0.172,0.062
355.0,2.327,1.626,0.68,0.635,0.482,0.172,0.062
355.1,2.333,1.632,0.682,0.635,0.482,0.172,0.061
355.20000000000005,2.327,1.626,0.68,0.635,0.482,0.172,0.061
355.3,2.322,1.621,0.679,0.635,0.482,0.172,0.061
355.40000000000003,2.329,1.628,0.681,0.634,0.482,0.172,0.061
355.5,2.335,1.633,0.683,0.634,0.482,0.172,0.062
355.6,2.339,1.637,0.684,0.634,0.482,0.171,0.062
355.70000000000005,2.343,1.641,0.686,0.634,0.482,0.171,0.062
355.8,2.346,1.643,0.687,0.634,0.482,0.171,0.062
355.90000000000003,2.348,1.645,0.687,0.634,0.482,0.171,0.062
356.0,2.339,1.637,0.684,0.634,0.482,0.171,0.062
356.1,2.332,1.63,0.682,0.634,0.482,0.171,0.062
356.20000000000005,2.337,1.635,0.684,0.634,0.482,0.171,0.062
356.3,2.341,1.639,0.685,0.634,0.482,0.171,0.062
356.40000000000003,2.344,1.642,0.686,0.634,0.482,0.171,0.062
356.5,2.347,1.644,0.687,0.634,0.482,0.17,0.062
356.6,2.349,1.646,0.688,0.634,0.482,0.17,0.062
356.70000000000005,2.351,1.648,0.688,0.634,0.482,0.17,0.062
356.8,2.352,1.649,0.689,0.633,0.482,0.17,0.062
356.90000000000003,2.353,1.65,0.689,0.633,0.482,0.17,0.061
357.0,2.354,1.651,0.689,0.633,0.482,0.17,0.062
357.1,2.355,1.651,0.689,0.633,0.482,0.17,0.061
357.20000000000005,2.355,1.652,0.69,0.633,0.482,0.17,0.062
357.3,2.356,1.652,0.69,0.633,0.482,0.17,0.061
357.40000000000003,2.356,1.653,0.69,0.633,0.482,0.17,0.062
357.5,2.356,1.653,0.69,0.633,0.482,0.17,0.062
357.6,2.357,1.653,0.69,0.632,0.482,0.17,0.062
357.70000000000005,2.357,1.653,0.69,0.632,0.482,0.169,0.062
357.8,2.357,1.653,0.69,0.632,0.482,0.169,0.062
357.90000000000003,2.357,1.653,0.69,0.632,0.482,0.169,0.062
358.0,2.357,1.653,0.69,0.632,0.482,0.169,0.062
358.1,2.357,1.654,0.69,0.632,0.482,0.169,0.062
358.20000000000005,2.357,1.654,0.69,0.631,0.482,0.169,0.062
358.3,2.357,1.654,0.69,0.631,0.482,0.169,0.062
358.40000000000003,2.357,1.654,0.69,0.631,0.482,0.168,0.062
358.5,2.335,1.634,0.683,0.631,0.482,0.168,0.062
358.6,2.329,1.628,0.681,0.631,0.482,0.168,0.062
358.70000000000005,2.335,1.633,0.683,0.631,0.482,0.168,0.062
358.8,2.339,1.637,0.684,0.631,0.482,0.168,0.062
358.90000000000003,2.343,1.64,0.685,0.63,0.482,0.168,0.062
359.0,2.346,1.643,0.686,0.63,0.482,0.168,0.062
359.1,2.359,1.655,0.691,0.63,0.482,0.168,0.062
359.20000000000005,2.359,1.655,0.691,0.63,0.482,0.168,0.062
359.3,2.359,1.655,0.691,0.63,0.481,0.168,0.062
359.40000000000003,2.358,1.655,0.691,0.63,0.481,0.167,0.062
359.5,2.358,1.654,0.691,0.63,0.482,0.167,0.062
359.6,2.358,1.654,0.691,0.63,0.482,0.167,0.062
359.70000000000005,2.358,1.654,0.691,0.63,0.482,0.167,0.062
359.8,2.358,1.654,0.69,0.629,0.482,0.167,0.062
359.90000000000003,2.358,1.654,0.69,0.629,0.482,0.167,0.062
360.0,2.358,1.654,0.69,0.629,0.482,0.167,0.062
360.1,2.358,1.654,0.69,0.63,0.482,0.167,0.062
360.20000000000005,2.358,1.654,0.69,0.629,0.481,0.166,0.062
360.3,2.369,1.664,0.694,0.63,0.481,0.166,0.062
360.40000000000003,2.367,1.662,0.693,0.629,0.481,0.166,0.062
360.5,2.365,1.66,0.693,0.629,0.481,0.166,0.062
360.6,2.363,1.659,0.692,0.629,0.481,0.166,0.062
360.70000000000005,2.362,1.658,0.692,0.629,0.481,0.166,0.062
360.8,2.361,1.657,0.692,0.629,0.481,0.166,0.062
360.90000000000003,2.36,1.656,0.691,0.629,0.481,0.166,0.062
361.0,2.36,1.656,0.691,0.629,0.481,0.166,0.062
361.1,2.359,1.656,0.691,0.629,0.481,0.166,0.062
361.20000000000005,2.37,1.665,0.695,0.629,0.481,0.165,0.062
361.3,2.39,1.684,0.701,0.629,0.481,0.165,0.062
361.40000000000003,2.383,1.678,0.699,0.628,0.481,0.165,0.063
361.5,2.378,1.673,0.697,0.629,0.481,0.165,0.063
361.6,2.385,1.679,0.7,0.628,0.481,0.165,0.063
361.70000000000005,2.38,1.674,0.698,0.628,0.481,0.165,0.063
361.8,2.386,1.68,0.7,0.628,0.481,0.165,0.063
361.90000000000003,2.381,1.675,0.698,0.628,0.482,0.165,0.063
362.0,2.387,1.681,0.7,0.628,0.481,0.164,0.063
362.1,2.392,1.686,0.702,0.628,0.481,0.164,0.063
362.20000000000005,2.396,1.69,0.703,0.628,0.481,0.164,0.063
362.3,2.389,1.682,0.701,0.628,0.481,0.164,0.063
362.40000000000003,2.393,1.687,0.702,0.628,0.481,0.164,0.063
362.5,2.386,1.68,0.7,0.628,0.481,0.164,0.063
362.6,2.38,1.675,0.698,0.628,0.481,0.164,0.063
362.70000000000005,2.387,1.681,0.7,0.628,0.481,0.164,0.063
362.8,2.359,1.655,0.691,0.628,0.481,0.164,0.063
362.90000000000003,2.37,1.665,0.694,0.628,0.481,0.164,0.063
363.0,2.367,1.663,0.694,0.628,0.481,0.164,0.063
363.1,2.377,1.671,0.697,0.628,0.481,0.164,0.063
363.20000000000005,2.384,1.678,0.699,0.628,0.481,0.164,0.063
363.3,2.39,1.683,0.701,0.628,0.481,0.164,0.063
363.40000000000003,2.394,1.688,0.703,0.628,0.481,0.163,0.063
363.5,2.398,1.691,0.704,0.628,0.481,0.163,0.063
363.6,2.401,1.694,0.705,0.628,0.481,0.163,0.063
363.70000000000005,2.403,1.696,0.706,0.628,0.481,0.163,0.063
363.8,2.405,1.698,0.706,0.628,0.481,0.163,0.063
363.90000000000003,2.407,1.699,0.707,0.627,0.481,0.163,0.063
364.0,2.408,1.7,0.707,0.627,0.481,0.163,0.063
364.1,2.409,1.701,0.707,0.627,0.481,0.163,0.063
364.20000000000005,2.421,1.712,0.711,0.627,0.481,0.163,0.063
364.3,2.419,1.711,0.711,0.627,0.481,0.163,0.063
364.40000000000003,2.407,1.699,0.707,0.627,0.481,0.162,0.063
364.5,2.408,1.7,0.707,0.627,0.481,0.162,0.063
364.6,2.398,1.691,0.704,0.627,0.481,0.162,0.063
364.70000000000005,2.401,1.694,0.705,0.627,0.481,0.162,0.063
364.8,2.403,1.696,0.706,0.627,0.481,0.162,0.063
364.90000000000003,2.405,1.698,0.706,0.626,0.481,0.162,0.063
365.0,2.407,1.699,0.707,0.626,0.481,0.162,0.063
365.1,2.408,1.7,0.707,0.626,0.481,0.162,0.063
365.20000000000005,2.409,1.701,0.707,0.626,0.481,0.162,0.063
365.3,2.41,1.702,0.708,0.626,0.481,0.161,0.063
365.40000000000003,2.422,1.713,0.712,0.625,0.481,0.161,0.063
365.5,2.42,1.711,0.711,0.625,0.481,0.161,0.063
365.6,2.418,1.71,0.711,0.625,0.481,0.161,0.063
365.70000000000005,2.417,1.709,0.71,0.625,0.481,0.161,0.063
365.8,2.416,1.708,0.71,0.625,0.481,0.161,0.063
365.90000000000003,2.416,1.707,0.71,0.625,0.481,0.161,0.063
366.0,2.415,1.707,0.71,0.625,0.481,0.16,0.063
366.1,2.415,1.706,0.709,0.625,0.481,0.16,0.063
366.20000000000005,2.426,1.716,0.713,0.625,0.481,0.16,0.063
366.3,2.423,1.714,0.712,0.625,0.481,0.16,0.063
366.40000000000003,2.421,1.712,0.711,0.625,0.481,0.16,0.063
366.5,2.419,1.711,0.711,0.625,0.481,0.16,0.063
366.6,2.418,1.71,0.71,0.625,0.481,0.16,0.063
366.70000000000005,2.417,1.709,0.71,0.624,0.481,0.16,0.063
366.8,2.416,1.708,0.71,0.624,0.481,0.16,0.063
366.90000000000003,2.416,1.707,0.71,0.624,0.481,0.16,0.063
367.0,2.404,1.696,0.706,0.624,0.481,0.159,0.063
367.1,2.406,1.698,0.706,0.624,0.481,0.159,0.063
367.20000000000005,2.407,1.699,0.707,0.624,0.481,0.159,0.063
367.3,2.408,1.701,0.707,0.624,0.481,0.159,0.063
367.40000000000003,2.409,1.701,0.708,0.624,0.481,0.159,0.063
367.5,2.41,1.702,0.708,0.624,0.481,0.159,0.063
367.6,2.411,1.703,0.708,0.624,0.48,0.159,0.063
367.70000000000005,2.411,1.703,0.708,0.624,0.48,0.159,0.063
367.8,2.411,1.703,0.708,0.624,0.481,0.159,0.063
367.90000000000003,2.412,1.704,0.708,0.624,0.48,0.159,0.063
368.0,2.412,1.704,0.708,0.624,0.48,0.159,0.063
368.1,2.412,1.704,0.708,0.624,0.48,0.159,0.063
368.20000000000005,2.412,1.704,0.709,0.624,0.481,0.159,0.063
368.3,2.412,1.704,0.709,0.624,0.481,0.159,0.063
368.40000000000003,2.413,1.704,0.709,0.624,0.48,0.158,0.063
368.5,2.413,1.704,0.709,0.624,0.48,0.158,0.063
368.6,2.413,1.705,0.709,0.624,0.48,0.158,0.063
368.70000000000005,2.413,1.705,0.709,0.624,0.48,0.158,0.063
368.8,2.413,1.705,0.709,0.624,0.48,0.158,0.063
368.90000000000003,2.413,1.705,0.709,0.624,0.48,0.158,0.064
369.0,2.413,1.705,0.709,0.624,0.48,0.158,0.064
369.1,2.413,1.705,0.709,0.624,0.48,0.158,0.064
369.20000000000005,2.424,1.715,0.712,0.624,0.481,0.158,0.064
369.3,2.422,1.713,0.712,0.624,0.481,0.158,0.064
369.40000000000003,2.42,1.711,0.711,0.624,0.481,0.158,0.064
369.5,2.419,1.71,0.711,0.624,0.48,0.158,0.064
369.6,2.417,1.709,0.71,0.624,0.48,0.158,0.064
369.70000000000005,2.417,1.708,0.71,0.624,0.48,0.158,0.063
369.8,2.416,1.707,0.71,0.624,0.48,0.158,0.063
369.90000000000003,2.415,1.707,0.71,0.624,0.48,0.158,0.064
370.0,2.415,1.706,0.709,0.624,0.48,0.158,0.064
370.1,2.414,1.706,0.709,0.624,0.48,0.158,0.064
370.20000000000005,2.425,1.716,0.713,0.624,0.48,0.158,0.064
370.3,2.423,1.714,0.712,0.624,0.48,0.158,0.064
370.40000000000003,2.421,1.712,0.711,0.624,0.48,0.157,0.064
370.5,2.419,1.711,0.711,0.624,0.48,0.157,0.064
370.6,2.418,1.709,0.71,0.624,0.48,0.157,0.064
370.70000000000005,2.417,1.708,0.71,0.624,0.48,0.157,0.064
370.8,2.416,1.708,0.71,0.624,0.48,0.157,0.064
370.90000000000003,2.415,1.707,0.71,0.624,0.48,0.157,0.064
371.0,2.415,1.707,0.709,0.624,0.48,0.157,0.064
371.1,2.403,1.696,0.706,0.624,0.48,0.157,0.064
371.20000000000005,2.417,1.708,0.71,0.624,0.48,0.157,0.064
371.3,2.416,1.707,0.71,0.624,0.48,0.157,0.064
371.40000000000003,2.426,1.717,0.713,0.624,0.48,0.157,0.064
371.5,2.424,1.715,0.712,0.624,0.48,0.157,0.064
371.6,2.433,1.723,0.715,0.624,0.48,0.157,0.064
371.70000000000005,2.44,1.73,0.718,0.624,0.48,0.157,0.064
371.8,2.434,1.725,0.716,0.624,0.48,0.157,0.064
371.90000000000003,2.441,1.731,0.718,0.624,0.48,0.157,0.064
372.0,2.447,1.736,0.72,0.624,0.48,0.156,0.064
372.1,2.44,1.73,0.718,0.624,0.48,0.156,0.064
372.20000000000005,2.446,1.735,0.72,0.624,0.48,0.156,0.064
372.3,2.45,1.739,0.721,0.624,0.48,0.156,0.064
372.40000000000003,2.443,1.732,0.719,0.624,0.48,0.156,0.064
372.5,2.437,1.727,0.717,0.624,0.48,0.156,0.064
372.6,2.443,1.733,0.719,0.624,0.48,0.156,0.064
372.70000000000005,2.448,1.738,0.721,0.624,0.479,0.156,0.064
372.8,2.452,1.741,0.722,0.624,0.479,0.156,0.064
372.90000000000003,2.456,1.744,0.723,0.624,0.479,0.156,0.064
373.0,2.458,1.747,0.724,0.624,0.479,0.156,0.064
373.1,2.449,1.738,0.721,0.624,0.479,0.156,0.064
373.20000000000005,2.453,1.742,0.722,0.624,0.479,0.156,0.064
373.3,2.445,1.734,0.719,0.624,0.48,0.156,0.064
373.40000000000003,2.45,1.739,0.721,0.624,0.479,0.156,0.064
373.5,2.453,1.742,0.722,0.624,0.479,0.156,0.064
373.6,2.457,1.745,0.723,0.624,0.479,0.156,0.064
373.70000000000005,2.459,1.747,0.724,0.624,0.48,0.156,0.064
373.8,2.461,1.749,0.725,0.624,0.479,0.156,0.064
373.90000000000003,2.451,1.74,0.722,0.624,0.48,0.156,0.064
374.0,2.455,1.744,0.723,0.624,0.479,0.156,0.064
374.1,2.457,1.746,0.724,0.624,0.479,0.156,0.064
374.20000000000005,2.46,1.748,0.724,0.624,0.479,0.156,0.064
374.3,2.461,1.75,0.725,0.624,0.479,0.156,0.064
374.40000000000003,2.463,1.751,0.725,0.624,0.48,0.156,0.064
374.5,2.464,1.752,0.726,0.624,0.479,0.156,0.064
374.6,2.454,1.743,0.722,0.624,0.479,0.156,0.064
374.70000000000005,2.468,1.756,0.727,0.624,0.479,0.156,0.064
374.8,2.457,1.746,0.723,0.624,0.479,0.156,0.064
374.90000000000003,2.459,1.748,0.724,0.624,0.479,0.156,0.064
375.0,2.461,1.749,0.725,0.624,0.479,0.156,0.065
375.1,2.474,1.761,0.729,0.624,0.48,0.156,0.064
375.20000000000005,2.462,1.75,0.725,0.624,0.48,0.156,0.064
375.3,2.463,1.751,0.725,0.624,0.479,0.156,0.064
375.40000000000003,2.464,1.752,0.726,0.624,0.479,0.156,0.064
375.5,2.476,1.764,0.73,0.624,0.479,0.156,0.064
375.6,2.475,1.762,0.729,0.624,0.479,0.156,0.065
375.70000000000005,2.473,1.761,0.729,0.624,0.479,0.156,0.065
375.8,2.472,1.76,0.729,0.624,0.479,0.156,0.065
375.90000000000003,2.472,1.759,0.728,0.624,0.479,0.156,0.064
376.0,2.471,1.759,0.728,0.624,0.479,0.156,0.064
376.1,2.471,1.758,0.728,0.624,0.479,0.156,0.065
376.20000000000005,2.47,1.758,0.728,0.624,0.479,0.155,0.065
376.3,2.459,1.747,0.724,0.624,0.479,0.155,0.065
376.40000000000003,2.461,1.749,0.725,0.624,0.479,0.155,0.064
376.5,2.462,1.75,0.725,0.624,0.479,0.155,0.064
376.6,2.463,1.752,0.726,0.624,0.479,0.155,0.064
376.70000000000005,2.465,1.753,0.726,0.624,0.479,0.155,0.064
376.8,2.465,1.753,0.726,0.624,0.479,0.155,0.064
376.90000000000003,2.466,1.754,0.726,0.623,0.479,0.155,0.064
377.0,2.466,1.754,0.727,0.624,0.479,0.155,0.064
377.1,2.467,1.755,0.727,0.624,0.479,0.155,0.064
377.20000000000005,2.467,1.755,0.727,0.624,0.479,0.155,0.064
377.3,2.467,1.755,0.727,0.624,0.479,0.155,0.064
377.40000000000003,2.468,1.756,0.727,0.624,0.479,0.155,0.064
377.5,3.062,2.199,0.906,0.751,0.577,0.187,0.077
377.6,3.21,2.292,0.947,0.802,0.616,0.199,0.083
377.70000000000005,3.269,2.329,0.964,0.822,0.632,0.204,0.085
377.8,3.337,2.386,0.985,0.831,0.638,0.207,0.085
377.90000000000003,3.32,2.366,0.979,0.834,0.64,0.207,0.086
378.0,3.313,2.359,0.976,0.836,0.641,0.207,0.087
378.1,3.31,2.356,0.975,0.836,0.642,0.208,0.087
378.20000000000005,3.309,2.354,0.975,0.837,0.642,0.207,0.087
378.3,3.308,2.354,0.975,0.836,0.642,0.207,0.087
378.40000000000003,3.308,2.354,0.975,0.836,0.641,0.208,0.086
378.5,3.308,2.354,0.975,0.836,0.642,0.207,0.087
378.6,3.308,2.354,0.975,0.837,0.642,0.207,0.087
378.70000000000005,3.308,2.354,0.975,0.836,0.642,0.207,0.087
378.8,3.308,2.353,0.975,0.836,0.642,0.207,0.087
378.90000000000003,3.308,2.353,0.975,0.836,0.642,0.207,0.087
379.0,3.308,2.353,0.975,0.836,0.642,0.208,0.086
379.1,3.353,2.395,0.99,0.837,0.642,0.207,0.087
379.20000000000005,3.237,2.288,0.951,0.836,0.641,0.208,0.087
379.3,3.279,2.327,0.965,0.837,0.642,0.208,0.086
379.40000000000003,3.296,2.343,0.971,0.837,0.642,0.208,0.087
379.5,3.303,2.349,0.973,0.836,0.642,0.208,0.087
379.6,3.306,2.352,0.974,0.837,0.642,0.207,0.087
379.70000000000005,3.307,2.353,0.974,0.837,0.642,0.208,0.086
379.8,3.308,2.353,0.974,0.838,0.642,0.208,0.087
379.90000000000003,3.308,2.353,0.975,0.837,0.642,0.208,0.087
380.0,3.353,2.395,0.99,0.837,0.642,0.208,0.087
380.1,3.326,2.37,0.981,0.838,0.641,0.208,0.087
380.20000000000005,3.315,2.36,0.977,0.838,0.641,0.208,0.087
380.3,3.311,2.356,0.976,0.837,0.642,0.208,0.087
380.40000000000003,3.309,2.355,0.975,0.838,0.641,0.208,0.086
380.5,3.308,2.354,0.975,0.838,0.642,0.208,0.086
380.6,3.308,2.354,0.975,0.839,0.642,0.209,0.086
380.70000000000005,3.308,2.354,0.975,0.839,0.641,0.209,0.086
380.8,3.353,2.396,0.99,0.84,0.642,0.209,0.087
380.90000000000003,3.326,2.37,0.981,0.841,0.641,0.209,0.087
381.0,3.36,2.402,0.992,0.841,0.642,0.21,0.086
381.1,3.374,2.415,0.997,0.842,0.641,0.209,0.086
381.20000000000005,3.379,2.42,0.998,0.842,0.642,0.21,0.086
381.3,3.381,2.422,0.999,0.843,0.642,0.21,0.086
381.40000000000003,3.382,2.423,0.999,0.844,0.641,0.211,0.087
381.5,3.383,2.423,1,0.844,0.641,0.211,0.086
381.6,3.519,2.553,1.046,0.846,0.641,0.212,0.087
381.70000000000005,3.437,2.475,1.018,0.846,0.641,0.212,0.086
381.8,3.405,2.444,1.007,0.847,0.641,0.212,0.086
381.90000000000003,3.437,2.474,1.018,0.848,0.641,0.213,0.086
382.0,3.404,2.444,1.007,0.849,0.641,0.213,0.086
382.1,3.346,2.39,0.988,0.849,0.641,0.213,0.086
382.20000000000005,3.368,2.41,0.995,0.85,0.642,0.214,0.086
382.3,3.332,2.376,0.983,0.851,0.642,0.214,0.086
382.40000000000003,3.363,2.405,0.993,0.851,0.642,0.214,0.085
382.5,3.33,2.374,0.982,0.852,0.642,0.214,0.085
382.6,3.317,2.362,0.978,0.852,0.642,0.214,0.085
382.70000000000005,3.356,2.399,0.991,0.853,0.642,0.215,0.085
382.8,3.327,2.372,0.981,0.853,0.642,0.215,0.085
382.90000000000003,3.316,2.361,0.977,0.854,0.642,0.215,0.085
383.0,3.311,2.356,0.976,0.853,0.641,0.216,0.086
383.1,3.309,2.355,0.975,0.854,0.641,0.216,0.085
383.20000000000005,3.308,2.354,0.975,0.854,0.642,0.217,0.085
383.3,3.353,2.396,0.99,0.854,0.642,0.217,0.085
383.40000000000003,3.326,2.37,0.981,0.855,0.642,0.218,0.086
383.5,3.315,2.36,0.977,0.855,0.641,0.218,0.085
383.6,3.356,2.398,0.991,0.856,0.642,0.218,0.084
383.70000000000005,3.327,2.371,0.981,0.856,0.642,0.218,0.085
383.8,3.316,2.361,0.977,0.857,0.641,0.219,0.085
383.90000000000003,3.311,2.356,0.976,0.857,0.641,0.219,0.084
384.0,3.354,2.397,0.99,0.858,0.641,0.22,0.084
384.1,3.326,2.371,0.981,0.857,0.642,0.22,0.085
384.20000000000005,3.315,2.36,0.977,0.857,0.642,0.22,0.084
384.3,3.311,2.356,0.976,0.857,0.642,0.22,0.085
384.40000000000003,3.309,2.355,0.975,0.857,0.641,0.22,0.084
384.5,3.308,2.354,0.975,0.858,0.641,0.221,0.085
384.6,3.308,2.354,0.975,0.858,0.641,0.22,0.084
384.70000000000005,3.308,2.354,0.975,0.857,0.641,0.22,0.084
384.8,3.308,2.354,0.975,0.858,0.641,0.221,0.084
384.90000000000003,3.308,2.354,0.975,0.858,0.641,0.221,0.083
385.0,3.263,2.312,0.96,0.858,0.641,0.221,0.084
385.1,3.38,2.421,0.999,0.859,0.641,0.222,0.084
385.20000000000005,3.337,2.381,0.984,0.858,0.641,0.222,0.084
385.3,3.319,2.364,0.978,0.86,0.641,0.221,0.084
385.40000000000003,3.312,2.358,0.976,0.859,0.641,0.222,0.084
385.5,3.22,2.273,0.945,0.858,0.641,0.222,0.084
385.6,3.363,2.406,0.993,0.858,0.64,0.223,0.084
385.70000000000005,3.33,2.374,0.982,0.859,0.641,0.223,0.083
385.8,3.317,2.362,0.978,0.859,0.641,0.223,0.083
385.90000000000003,3.267,2.315,0.961,0.86,0.641,0.224,0.083
386.0,3.291,2.338,0.969,0.86,0.641,0.223,0.083
386.1,3.301,2.347,0.972,0.86,0.64,0.224,0.083
386.20000000000005,3.26,2.31,0.959,0.86,0.641,0.224,0.083
386.3,3.244,2.294,0.953,0.86,0.641,0.224,0.084
386.40000000000003,3.238,2.288,0.951,0.86,0.641,0.224,0.084
386.5,3.235,2.286,0.95,0.86,0.641,0.225,0.083
386.6,3.279,2.326,0.965,0.86,0.641,0.224,0.083
386.70000000000005,3.251,2.301,0.956,0.859,0.64,0.225,0.083
386.8,3.241,2.291,0.952,0.86,0.64,0.225,0.083
386.90000000000003,3.236,2.287,0.951,0.86,0.641,0.225,0.083
387.0,3.234,2.285,0.95,0.859,0.64,0.225,0.084
387.1,3.234,2.285,0.95,0.859,0.64,0.225,0.083
387.20000000000005,3.233,2.285,0.95,0.859,0.641,0.226,0.083
387.3,3.233,2.284,0.95,0.86,0.641,0.225,0.083
387.40000000000003,3.278,2.326,0.965,0.86,0.641,0.225,0.083
387.5,3.251,2.301,0.956,0.859,0.64,0.226,0.083
387.6,3.24,2.291,0.952,0.86,0.64,0.226,0.084
387.70000000000005,3.236,2.287,0.951,0.859,0.641,0.226,0.083
387.8,3.234,2.285,0.95,0.86,0.641,0.226,0.084
387.90000000000003,3.234,2.285,0.95,0.86,0.641,0.226,0.083
388.0,3.233,2.285,0.95,0.86,0.64,0.226,0.082
388.1,3.233,2.284,0.95,0.859,0.641,0.226,0.083
388.20000000000005,3.233,2.284,0.95,0.86,0.642,0.227,0.083
388.3,3.233,2.284,0.95,0.86,0.641,0.226,0.083
388.40000000000003,3.145,2.203,0.92,0.86,0.64,0.227,0.083
388.5,3.198,2.252,0.938,0.859,0.64,0.227,0.083
388.6,3.219,2.271,0.945,0.859,0.64,0.226,0.083
388.70000000000005,3.228,2.279,0.948,0.859,0.64,0.227,0.083
388.8,3.231,2.282,0.949,0.859,0.641,0.227,0.083
388.90000000000003,3.232,2.284,0.949,0.859,0.64,0.227,0.083
389.0,3.233,2.284,0.95,0.859,0.64,0.228,0.083
389.1,3.233,2.284,0.95,0.86,0.64,0.227,0.083
389.20000000000005,3.233,2.284,0.95,0.859,0.64,0.228,0.083
389.3,3.233,2.284,0.95,0.859,0.64,0.227,0.084
389.40000000000003,3.233,2.284,0.95,0.86,0.64,0.228,0.083
389.5,3.233,2.284,0.95,0.859,0.64,0.228,0.083
389.6,3.233,2.284,0.95,0.858,0.64,0.228,0.083
389.70000000000005,3.233,2.284,0.95,0.858,0.64,0.228,0.083
389.8,3.233,2.284,0.95,0.859,0.64,0.228,0.083
389.90000000000003,3.233,2.284,0.95,0.859,0.64,0.228,0.082
390.0,3.233,2.284,0.95,0.859,0.64,0.228,0.083
390.1,3.233,2.284,0.95,0.859,0.64,0.228,0.082
390.20000000000005,3.233,2.284,0.95,0.859,0.64,0.228,0.083
390.3,3.233,2.284,0.95,0.858,0.64,0.228,0.083
390.40000000000003,3.233,2.284,0.95,0.858,0.64,0.228,0.082
390.5,3.233,2.284,0.95,0.859,0.64,0.228,0.082
390.6,3.233,2.284,0.95,0.858,0.64,0.228,0.083
390.70000000000005,3.233,2.284,0.95,0.858,0.64,0.228,0.082
390.8,3.145,2.203,0.92,0.858,0.64,0.228,0.083
390.90000000000003,3.198,2.252,0.938,0.859,0.64,0.228,0.083
391.0,3.219,2.271,0.945,0.858,0.64,0.228,0.082
391.1,3.228,2.279,0.948,0.858,0.64,0.228,0.082
391.20000000000005,3.231,2.282,0.949,0.858,0.64,0.228,0.083
391.3,3.232,2.284,0.949,0.858,0.64,0.228,0.083
391.40000000000003,3.233,2.284,0.95,0.858,0.64,0.228,0.082
391.5,3.233,2.284,0.95,0.859,0.64,0.228,0.083
391.6,3.233,2.284,0.95,0.858,0.64,0.229,0.082
391.70000000000005,3.233,2.284,0.95,0.858,0.64,0.229,0.083
391.8,3.233,2.284,0.95,0.859,0.638,0.228,0.083
391.90000000000003,3.233,2.284,0.95,0.858,0.639,0.229,0.083
392.0,3.233,2.284,0.95,0.859,0.64,0.228,0.082
392.1,3.233,2.284,0.95,0.859,0.64,0.229,0.083
392.20000000000005,3.233,2.284,0.95,0.858,0.64,0.228,0.083
392.3,3.233,2.284,0.95,0.857,0.64,0.229,0.083
392.40000000000003,3.233,2.284,0.95,0.858,0.64,0.228,0.083
392.5,3.233,2.284,0.95,0.858,0.64,0.228,0.082
392.6,3.233,2.284,0.95,0.858,0.64,0.229,0.083
392.70000000000005,3.233,2.284,0.95,0.858,0.64,0.229,0.082
392.8,3.233,2.284,0.95,0.859,0.64,0.229,0.082
392.90000000000003,3.233,2.284,0.95,0.858,0.64,0.228,0.083
393.0,3.189,2.243,0.935,0.858,0.64,0.228,0.083
393.1,3.215,2.268,0.944,0.858,0.64,0.229,0.082
393.20000000000005,3.226,2.278,0.947,0.859,0.64,0.229,0.082
393.3,3.23,2.282,0.949,0.858,0.64,0.23,0.082
393.40000000000003,3.232,2.283,0.949,0.858,0.64,0.229,0.082
393.5,3.233,2.284,0.95,0.859,0.64,0.229,0.083
393.6,3.233,2.284,0.95,0.858,0.64,0.229,0.082
393.70000000000005,3.189,2.243,0.935,0.858,0.64,0.229,0.083
393.8,3.215,2.268,0.944,0.859,0.64,0.23,0.083
393.90000000000003,3.226,2.278,0.947,0.858,0.64,0.229,0.082
394.0,3.23,2.282,0.949,0.858,0.64,0.229,0.082
394.1,3.232,2.283,0.949,0.857,0.64,0.229,0.082
394.20000000000005,3.233,2.284,0.95,0.858,0.638,0.229,0.083
394.3,3.233,2.284,0.95,0.857,0.637,0.229,0.082
394.40000000000003,3.233,2.284,0.95,0.858,0.637,0.229,0.083
394.5,3.189,2.243,0.935,0.858,0.637,0.23,0.083
394.6,3.26,2.309,0.959,0.857,0.639,0.229,0.083
394.70000000000005,3.244,2.294,0.953,0.858,0.638,0.229,0.083
394.8,3.238,2.288,0.951,0.857,0.637,0.23,0.082
394.90000000000003,3.191,2.245,0.936,0.858,0.637,0.23,0.082
395.0,3.216,2.269,0.944,0.857,0.636,0.229,0.082
395.1,3.226,2.278,0.947,0.858,0.637,0.23,0.082
395.20000000000005,3.231,2.282,0.949,0.858,0.637,0.23,0.082
395.3,3.232,2.283,0.949,0.857,0.637,0.229,0.082
395.40000000000003,3.233,2.284,0.95,0.858,0.639,0.229,0.083
395.5,3.233,2.284,0.95,0.858,0.638,0.229,0.082
395.6,3.233,2.284,0.95,0.857,0.637,0.229,0.082
395.70000000000005,3.233,2.284,0.95,0.857,0.637,0.23,0.082
395.8,3.233,2.284,0.95,0.858,0.637,0.23,0.083
395.90000000000003,3.233,2.284,0.95,0.858,0.636,0.23,0.083
396.0,3.233,2.284,0.95,0.857,0.637,0.229,0.082
396.1,3.189,2.243,0.935,0.857,0.637,0.229,0.082
396.20000000000005,3.171,2.227,0.929,0.858,0.637,0.23,0.082
396.3,3.164,2.22,0.927,0.857,0.637,0.229,0.082
396.40000000000003,3.206,2.259,0.94,0.857,0.637,0.229,0.082
396.5,3.222,2.274,0.946,0.857,0.636,0.23,0.083
396.6,3.229,2.28,0.948,0.858,0.636,0.23,0.082
396.70000000000005,3.231,2.283,0.949,0.857,0.637,0.23,0.082
396.8,3.277,2.325,0.964,0.857,0.637,0.23,0.082
396.90000000000003,3.251,2.301,0.956,0.857,0.636,0.23,0.082
397.0,3.24,2.291,0.952,0.857,0.637,0.23,0.083
397.1,3.236,2.287,0.951,0.858,0.637,0.23,0.082
397.20000000000005,3.234,2.285,0.95,0.857,0.636,0.23,0.082
397.3,3.234,2.285,0.95,0.857,0.637,0.23,0.083
397.40000000000003,3.233,2.285,0.95,0.857,0.636,0.23,0.082
397.5,3.233,2.284,0.95,0.856,0.637,0.23,0.082
397.6,3.189,2.243,0.935,0.857,0.636,0.23,0.082
397.70000000000005,3.215,2.268,0.944,0.857,0.637,0.229,0.083
397.8,3.226,2.278,0.947,0.858,0.637,0.23,0.083
397.90000000000003,3.23,2.282,0.949,0.857,0.636,0.23,0.083
398.0,3.232,2.283,0.949,0.856,0.637,0.23,0.083
398.1,3.233,2.284,0.95,0.857,0.636,0.23,0.082
398.20000000000005,3.233,2.284,0.95,0.857,0.636,0.229,0.082
398.3,3.233,2.284,0.95,0.857,0.637,0.23,0.082
398.40000000000003,3.189,2.243,0.935,0.857,0.636,0.229,0.082
398.5,3.171,2.227,0.929,0.856,0.636,0.229,0.082
398.6,3.208,2.261,0.941,0.857,0.635,0.23,0.082
398.70000000000005,3.223,2.275,0.946,0.857,0.636,0.23,0.082
398.8,3.229,2.281,0.948,0.857,0.637,0.23,0.082
398.90000000000003,3.232,2.283,0.949,0.857,0.636,0.23,0.082
399.0,3.188,2.243,0.935,0.856,0.636,0.229,0.082
399.1,3.215,2.268,0.944,0.857,0.637,0.229,0.082
399.20000000000005,3.226,2.278,0.947,0.857,0.636,0.229,0.082
399.3,3.098,2.16,0.905,0.856,0.636,0.23,0.082
399.40000000000003,3.135,2.194,0.917,0.857,0.635,0.23,0.082
399.5,3.194,2.248,0.937,0.856,0.636,0.23,0.082
399.6,3.217,2.27,0.944,0.856,0.636,0.23,0.082
399.70000000000005,3.227,2.279,0.948,0.856,0.636,0.23,0.082
399.8,3.186,2.241,0.934,0.856,0.636,0.23,0.082
399.90000000000003,3.214,2.267,0.943,0.856,0.635,0.23,0.082
400.0,3.181,2.236,0.932,0.855,0.635,0.229,0.082
400.1,3.168,2.224,0.928,0.855,0.635,0.229,0.082
400.20000000000005,3.207,2.26,0.941,0.856,0.636,0.23,0.082
400.3,3.178,2.234,0.931,0.855,0.636,0.229,0.082
400.40000000000003,3.167,2.223,0.928,0.855,0.636,0.229,0.082
400.5,3.162,2.219,0.926,0.856,0.635,0.229,0.082
400.6,3.16,2.217,0.925,0.857,0.636,0.229,0.083
400.70000000000005,3.204,2.257,0.94,0.856,0.635,0.229,0.083
400.8,3.177,2.233,0.931,0.855,0.635,0.229,0.082
400.90000000000003,3.211,2.264,0.942,0.855,0.634,0.229,0.082
401.0,3.224,2.276,0.947,0.855,0.635,0.229,0.083
401.1,3.185,2.24,0.934,0.855,0.634,0.229,0.082
401.20000000000005,3.17,2.226,0.929,0.855,0.635,0.229,0.083
401.3,3.163,2.22,0.926,0.855,0.635,0.229,0.082
401.40000000000003,3.161,2.218,0.926,0.855,0.635,0.229,0.083
401.5,3.16,2.217,0.925,0.855,0.635,0.229,0.082
401.6,3.159,2.216,0.925,0.855,0.634,0.229,0.082
401.70000000000005,3.159,2.216,0.925,0.855,0.635,0.229,0.082
401.8,3.159,2.216,0.925,0.856,0.635,0.229,0.082
401.90000000000003,3.159,2.216,0.925,0.855,0.634,0.229,0.082
402.0,3.159,2.216,0.925,0.854,0.634,0.229,0.083
402.1,3.159,2.216,0.925,0.855,0.634,0.229,0.083
402.20000000000005,3.159,2.216,0.925,0.855,0.634,0.229,0.082
402.3,3.159,2.216,0.925,0.855,0.635,0.229,0.082
402.40000000000003,3.159,2.216,0.925,0.855,0.634,0.229,0.082
402.5,3.159,2.216,0.925,0.854,0.634,0.229,0.082
402.6,3.159,2.216,0.925,0.854,0.634,0.229,0.082
402.70000000000005,3.159,2.216,0.925,0.854,0.634,0.229,0.082
402.8,3.159,2.216,0.925,0.855,0.634,0.229,0.082
402.90000000000003,3.159,2.216,0.925,0.854,0.634,0.229,0.083
403.0,3.204,2.257,0.94,0.854,0.634,0.229,0.082
403.1,3.177,2.232,0.931,0.855,0.634,0.229,0.082
403.20000000000005,3.166,2.223,0.927,0.854,0.634,0.23,0.082
403.3,3.162,2.219,0.926,0.855,0.635,0.229,0.082
403.40000000000003,3.205,2.258,0.94,0.855,0.634,0.229,0.082
403.5,3.222,2.274,0.946,0.854,0.634,0.229,0.082
403.6,3.184,2.239,0.933,0.855,0.634,0.229,0.082
403.70000000000005,3.125,2.185,0.914,0.854,0.634,0.229,0.082
403.8,3.145,2.204,0.921,0.854,0.634,0.229,0.082
403.90000000000003,3.154,2.211,0.923,0.854,0.634,0.229,0.082
404.0,3.201,2.255,0.939,0.854,0.634,0.229,0.083
404.1,3.176,2.232,0.931,0.854,0.634,0.229,0.082
404.20000000000005,3.166,2.222,0.927,0.855,0.635,0.229,0.082
404.3,3.162,2.219,0.926,0.855,0.635,0.229,0.082
404.40000000000003,3.16,2.217,0.925,0.854,0.634,0.228,0.082
404.5,3.16,2.216,0.925,0.855,0.634,0.229,0.082
404.6,3.159,2.216,0.925,0.854,0.633,0.228,0.083
404.70000000000005,3.159,2.216,0.925,0.854,0.634,0.229,0.082
404.8,3.159,2.216,0.925,0.854,0.634,0.229,0.082
404.90000000000003,3.159,2.216,0.925,0.854,0.633,0.228,0.082
405.0,3.159,2.216,0.925,0.854,0.634,0.229,0.083
405.1,3.159,2.216,0.925,0.854,0.633,0.229,0.082
405.20000000000005,3.159,2.216,0.925,0.853,0.633,0.228,0.082
405.3,3.159,2.216,0.925,0.853,0.633,0.228,0.082
405.40000000000003,3.159,2.216,0.925,0.853,0.634,0.229,0.082
405.5,3.159,2.216,0.925,0.854,0.633,0.228,0.082
405.6,3.115,2.176,0.91,0.853,0.633,0.228,0.082
405.70000000000005,3.141,2.2,0.919,0.854,0.634,0.228,0.082
405.8,3.152,2.21,0.923,0.854,0.633,0.229,0.082
405.90000000000003,3.156,2.213,0.924,0.854,0.633,0.228,0.082
406.0,3.158,2.215,0.925,0.853,0.634,0.229,0.082
406.1,3.159,2.216,0.925,0.854,0.633,0.229,0.083
406.20000000000005,3.159,2.216,0.925,0.854,0.633,0.228,0.082
406.3,3.159,2.216,0.925,0.853,0.633,0.228,0.082
406.40000000000003,3.159,2.216,0.925,0.853,0.633,0.228,0.082
406.5,3.159,2.216,0.925,0.854,0.633,0.228,0.082
406.6,3.159,2.216,0.925,0.853,0.634,0.228,0.082
406.70000000000005,3.204,2.257,0.94,0.853,0.634,0.228,0.082
406.8,3.177,2.232,0.931,0.854,0.634,0.228,0.082
406.90000000000003,3.166,2.223,0.927,0.853,0.633,0.228,0.082
407.0,3.162,2.219,0.926,0.854,0.634,0.228,0.082
407.1,3.205,2.258,0.94,0.853,0.633,0.228,0.082
407.20000000000005,3.177,2.233,0.931,0.853,0.634,0.228,0.083
407.3,3.166,2.223,0.927,0.853,0.633,0.228,0.082
407.40000000000003,3.162,2.219,0.926,0.853,0.633,0.228,0.083
407.5,3.16,2.217,0.925,0.853,0.633,0.228,0.082
407.6,3.16,2.217,0.925,0.853,0.633,0.228,0.082
407.70000000000005,3.159,2.216,0.925,0.853,0.634,0.228,0.081
407.8,3.159,2.216,0.925,0.853,0.633,0.228,0.082
407.90000000000003,3.159,2.216,0.925,0.853,0.634,0.229,0.083
408.0,3.159,2.216,0.925,0.853,0.633,0.228,0.082
408.1,3.027,2.096,0.881,0.853,0.633,0.228,0.082
408.20000000000005,3.106,2.168,0.908,0.852,0.633,0.229,0.082
408.3,3.138,2.197,0.918,0.853,0.633,0.229,0.082
408.40000000000003,3.151,2.208,0.922,0.852,0.633,0.228,0.082
408.5,3.156,2.213,0.924,0.853,0.633,0.228,0.082
408.6,3.158,2.215,0.925,0.852,0.632,0.228,0.082
408.70000000000005,3.159,2.216,0.925,0.853,0.633,0.228,0.082
408.8,3.159,2.216,0.925,0.853,0.633,0.228,0.082
408.90000000000003,3.159,2.216,0.925,0.853,0.633,0.228,0.082
409.0,3.159,2.216,0.925,0.853,0.632,0.228,0.082
409.1,3.159,2.216,0.925,0.853,0.632,0.228,0.082
409.20000000000005,3.159,2.216,0.925,0.853,0.632,0.228,0.082
409.3,3.159,2.216,0.925,0.852,0.633,0.228,0.083
409.40000000000003,3.159,2.216,0.925,0.852,0.632,0.228,0.082
409.5,3.159,2.216,0.925,0.852,0.632,0.228,0.082
409.6,3.159,2.216,0.925,0.853,0.633,0.228,0.082
409.70000000000005,3.159,2.216,0.925,0.853,0.632,0.228,0.082
409.8,3.159,2.216,0.925,0.853,0.632,0.228,0.082
409.90000000000003,3.159,2.216,0.925,0.853,0.633,0.228,0.083
410.0,3.159,2.216,0.925,0.852,0.632,0.228,0.082
410.1,3.159,2.216,0.925,0.853,0.632,0.228,0.082
410.20000000000005,3.159,2.216,0.925,0.853,0.631,0.228,0.081
410.3,3.159,2.216,0.925,0.853,0.632,0.228,0.082
410.40000000000003,3.159,2.216,0.925,0.852,0.632,0.228,0.083
410.5,3.159,2.216,0.925,0.852,0.633,0.228,0.083
410.6,3.159,2.216,0.925,0.852,0.632,0.228,0.082
410.70000000000005,3.159,2.216,0.925,0.853,0.632,0.228,0.082
410.8,3.159,2.216,0.925,0.853,0.631,0.228,0.082
410.90000000000003,3.159,2.216,0.925,0.853,0.632,0.228,0.082
411.0,3.159,2.216,0.925,0.852,0.632,0.228,0.081
411.1,3.159,2.216,0.925,0.852,0.632,0.228,0.082
411.20000000000005,3.159,2.216,0.925,0.853,0.633,0.228,0.082
411.3,3.159,2.216,0.925,0.852,0.633,0.228,0.082
411.40000000000003,3.159,2.216,0.925,0.853,0.632,0.228,0.082
411.5,3.159,2.216,0.925,0.852,0.632,0.228,0.082
411.6,3.159,2.216,0.925,0.852,0.631,0.228,0.082
411.70000000000005,3.159,2.216,0.925,0.853,0.632,0.228,0.082
411.8,3.159,2.216,0.925,0.853,0.632,0.228,0.082
411.90000000000003,3.159,2.216,0.925,0.853,0.633,0.228,0.082
412.0,3.159,2.216,0.925,0.853,0.632,0.228,0.082
412.1,3.159,2.216,0.925,0.853,0.631,0.228,0.082
412.20000000000005,3.159,2.216,0.925,0.853,0.631,0.228,0.082
412.3,3.159,2.216,0.925,0.853,0.631,0.228,0.082
412.40000000000003,3.159,2.216,0.925,0.852,0.63,0.228,0.082
412.5,3.204,2.257,0.94,0.852,0.63,0.228,0.082
412.6,3.221,2.273,0.946,0.852,0.63,0.227,0.082
412.70000000000005,3.184,2.239,0.933,0.851,0.631,0.228,0.081
412.8,3.169,2.225,0.928,0.852,0.631,0.227,0.082
412.90000000000003,3.163,2.22,0.926,0.852,0.63,0.228,0.082
413.0,3.161,2.218,0.926,0.852,0.63,0.228,0.082
413.1,3.16,2.217,0.925,0.851,0.63,0.228,0.082
413.20000000000005,3.159,2.216,0.925,0.852,0.631,0.228,0.082
413.3,3.159,2.216,0.925,0.852,0.63,0.228,0.082
413.40000000000003,3.159,2.216,0.925,0.852,0.631,0.228,0.082
413.5,3.159,2.216,0.925,0.853,0.631,0.228,0.082
413.6,3.159,2.216,0.925,0.853,0.631,0.228,0.082
413.70000000000005,3.159,2.216,0.925,0.852,0.63,0.227,0.082
413.8,3.159,2.216,0.925,0.852,0.631,0.228,0.082
413.90000000000003,3.159,2.216,0.925,0.853,0.631,0.228,0.082
414.0,3.204,2.257,0.94,0.852,0.63,0.228,0.081
414.1,3.177,2.232,0.931,0.852,0.63,0.228,0.082
414.20000000000005,3.166,2.223,0.927,0.852,0.63,0.228,0.082
414.3,3.162,2.219,0.926,0.851,0.631,0.228,0.082
414.40000000000003,3.16,2.217,0.925,0.852,0.63,0.227,0.082
414.5,3.16,2.216,0.925,0.852,0.631,0.227,0.082
414.6,3.204,2.257,0.94,0.852,0.631,0.228,0.082
414.70000000000005,3.177,2.233,0.931,0.852,0.631,0.228,0.082
414.8,3.166,2.223,0.927,0.852,0.63,0.228,0.082
414.90000000000003,3.206,2.26,0.941,0.852,0.63,0.228,0.082
415.0,3.178,2.234,0.931,0.852,0.63,0.228,0.082
415.1,3.167,2.223,0.928,0.851,0.63,0.228,0.082
415.20000000000005,3.162,2.219,0.926,0.852,0.63,0.228,0.082
415.3,3.16,2.217,0.925,0.852,0.631,0.228,0.082
415.40000000000003,3.16,2.217,0.925,0.851,0.631,0.228,0.082
415.5,3.159,2.216,0.925,0.852,0.63,0.228,0.082
415.6,3.159,2.216,0.925,0.852,0.63,0.228,0.081
415.70000000000005,3.204,2.257,0.94,0.852,0.631,0.228,0.081
415.8,3.177,2.232,0.931,0.852,0.63,0.228,0.082
415.90000000000003,3.166,2.223,0.927,0.853,0.631,0.228,0.081
416.0,3.162,2.219,0.926,0.853,0.63,0.228,0.082
416.1,3.16,2.217,0.925,0.853,0.631,0.228,0.082
416.20000000000005,3.16,2.216,0.925,0.852,0.63,0.228,0.082
416.3,3.159,2.216,0.925,0.852,0.631,0.228,0.082
416.40000000000003,3.159,2.216,0.925,0.852,0.63,0.228,0.082
416.5,3.159,2.216,0.925,0.853,0.63,0.227,0.082
416.6,3.159,2.216,0.925,0.852,0.63,0.228,0.082
416.70000000000005,3.159,2.216,0.925,0.853,0.631,0.228,0.082
416.8,3.159,2.216,0.925,0.852,0.63,0.228,0.082
416.90000000000003,3.204,2.257,0.94,0.852,0.63,0.228,0.082
417.0,3.177,2.232,0.931,0.852,0.629,0.228,0.082
417.1,3.166,2.223,0.927,0.852,0.63,0.228,0.082
417.20000000000005,3.162,2.219,0.926,0.852,0.629,0.227,0.082
417.3,3.16,2.217,0.925,0.851,0.629,0.227,0.082
417.40000000000003,3.16,2.216,0.925,0.852,0.629,0.228,0.081
417.5,3.159,2.216,0.925,0.852,0.63,0.228,0.081
417.6,3.159,2.216,0.925,0.852,0.63,0.227,0.081
417.70000000000005,3.159,2.216,0.925,0.852,0.629,0.228,0.081
417.8,3.159,2.216,0.925,0.852,0.629,0.227,0.082
417.90000000000003,3.159,2.216,0.925,0.852,0.629,0.228,0.082
418.0,3.159,2.216,0.925,0.851,0.63,0.227,0.082
418.1,3.159,2.216,0.925,0.85,0.63,0.227,0.082
418.20000000000005,3.159,2.216,0.925,0.851,0.629,0.228,0.081
418.3,3.159,2.216,0.925,0.851,0.63,0.227,0.082
418.40000000000003,3.159,2.216,0.925,0.852,0.63,0.227,0.082
418.5,3.159,2.216,0.925,0.852,0.629,0.227,0.082
418.6,3.159,2.216,0.925,0.851,0.629,0.228,0.082
418.70000000000005,3.159,2.216,0.925,0.852,0.63,0.227,0.081
418.8,3.159,2.216,0.925,0.852,0.629,0.228,0.082
418.90000000000003,3.159,2.216,0.925,0.851,0.629,0.227,0.082
419.0,3.159,2.216,0.925,0.851,0.629,0.227,0.082
419.1,3.159,2.216,0.925,0.851,0.63,0.227,0.082
419.20000000000005,3.159,2.216,0.925,0.852,0.629,0.227,0.082
419.3,3.204,2.257,0.94,0.851,0.629,0.227,0.082
419.40000000000003,3.177,2.232,0.931,0.851,0.629,0.226,0.082
419.5,3.122,2.182,0.913,0.851,0.63,0.227,0.082
419.6,3.144,2.203,0.92,0.85,0.629,0.228,0.082
419.70000000000005,3.153,2.211,0.923,0.851,0.629,0.227,0.082
419.8,3.157,2.214,0.924,0.852,0.629,0.227,0.082
419.90000000000003,3.158,2.215,0.925,0.852,0.629,0.227,0.082
420.0,3.159,2.216,0.925,0.852,0.63,0.227,0.082
420.1,3.203,2.257,0.94,0.853,0.63,0.227,0.082
420.20000000000005,3.177,2.232,0.931,0.852,0.629,0.227,0.082
420.3,3.166,2.223,0.927,0.852,0.63,0.227,0.082
420.40000000000003,3.162,2.219,0.926,0.851,0.629,0.227,0.081
420.5,3.16,2.217,0.925,0.852,0.629,0.228,0.081
420.6,3.16,2.216,0.925,0.851,0.629,0.228,0.081
420.70000000000005,3.159,2.216,0.925,0.851,0.629,0.227,0.082
420.8,3.159,2.216,0.925,0.852,0.629,0.228,0.082
420.90000000000003,3.159,2.216,0.925,0.852,0.629,0.227,0.081
421.0,3.159,2.216,0.925,0.852,0.629,0.228,0.082
421.1,3.159,2.216,0.925,0.851,0.629,0.228,0.082
421.20000000000005,3.159,2.216,0.925,0.851,0.629,0.228,0.082
421.3,3.159,2.216,0.925,0.851,0.629,0.227,0.082
421.40000000000003,3.159,2.216,0.925,0.85,0.629,0.228,0.082
421.5,3.159,2.216,0.925,0.85,0.629,0.228,0.082
421.6,3.159,2.216,0.925,0.85,0.629,0.227,0.082
421.70000000000005,3.159,2.216,0.925,0.851,0.629,0.227,0.082
421.8,3.159,2.216,0.925,0.85,0.629,0.227,0.082
421.90000000000003,3.159,2.216,0.925,0.85,0.629,0.227,0.082
422.0,3.159,2.216,0.925,0.851,0.629,0.227,0.082
422.1,3.159,2.216,0.925,0.85,0.628,0.227,0.082
422.20000000000005,3.204,2.257,0.94,0.851,0.629,0.227,0.082
422.3,3.221,2.273,0.946,0.851,0.629,0.227,0.082
422.40000000000003,3.184,2.239,0.933,0.852,0.629,0.226,0.082
422.5,3.169,2.225,0.928,0.851,0.629,0.226,0.082
422.6,3.119,2.179,0.912,0.85,0.629,0.227,0.082
422.70000000000005,3.143,2.201,0.92,0.85,0.629,0.227,0.081
422.8,3.108,2.17,0.908,0.851,0.629,0.226,0.082
422.90000000000003,3.139,2.198,0.918,0.85,0.629,0.226,0.082
423.0,3.063,2.128,0.893,0.85,0.629,0.227,0.082
423.1,3.121,2.181,0.912,0.85,0.629,0.227,0.082
423.20000000000005,3.144,2.202,0.92,0.85,0.628,0.227,0.082
423.3,3.153,2.21,0.923,0.85,0.628,0.226,0.081
423.40000000000003,3.157,2.214,0.924,0.85,0.628,0.226,0.082
423.5,3.158,2.215,0.925,0.85,0.629,0.226,0.082
423.6,3.159,2.216,0.925,0.85,0.629,0.226,0.082
423.70000000000005,3.159,2.216,0.925,0.85,0.628,0.226,0.082
423.8,3.159,2.216,0.925,0.85,0.628,0.226,0.082
423.90000000000003,3.159,2.216,0.925,0.85,0.628,0.226,0.081
424.0,3.159,2.216,0.925,0.85,0.628,0.226,0.082
424.1,3.159,2.216,0.925,0.85,0.627,0.226,0.082
424.20000000000005,3.159,2.216,0.925,0.85,0.628,0.226,0.082
424.3,3.204,2.257,0.94,0.85,0.628,0.226,0.081
424.40000000000003,3.177,2.232,0.931,0.849,0.628,0.227,0.082
424.5,3.166,2.223,0.927,0.85,0.628,0.226,0.082
424.6,3.162,2.219,0.926,0.85,0.628,0.226,0.082
424.70000000000005,3.16,2.217,0.925,0.85,0.628,0.226,0.082
424.8,3.115,2.176,0.911,0.85,0.627,0.226,0.082
424.90000000000003,3.142,2.2,0.919,0.85,0.627,0.226,0.081
425.0,3.152,2.21,0.923,0.85,0.627,0.226,0.081
425.1,3.156,2.214,0.924,0.85,0.627,0.226,0.081
425.20000000000005,3.158,2.215,0.925,0.849,0.627,0.226,0.082
425.3,3.159,2.216,0.925,0.849,0.627,0.226,0.081
425.40000000000003,3.159,2.216,0.925,0.85,0.628,0.227,0.082
425.5,3.159,2.216,0.925,0.85,0.628,0.226,0.082
425.6,3.159,2.216,0.925,0.851,0.629,0.226,0.082
425.70000000000005,3.159,2.216,0.925,0.851,0.628,0.226,0.082
425.8,3.115,2.176,0.91,0.851,0.628,0.226,0.082
425.90000000000003,3.141,2.2,0.919,0.85,0.628,0.226,0.082
426.0,3.152,2.21,0.923,0.85,0.628,0.226,0.082
426.1,3.156,2.213,0.924,0.85,0.627,0.226,0.082
426.20000000000005,3.202,2.256,0.939,0.849,0.627,0.226,0.081
426.3,3.221,2.273,0.946,0.85,0.627,0.226,0.081
426.40000000000003,3.184,2.239,0.933,0.85,0.627,0.226,0.081
426.5,3.169,2.225,0.928,0.849,0.627,0.226,0.082
426.6,3.163,2.22,0.926,0.85,0.627,0.226,0.081
426.70000000000005,3.161,2.218,0.926,0.85,0.628,0.226,0.081
426.8,3.16,2.217,0.925,0.85,0.627,0.226,0.082
426.90000000000003,3.159,2.216,0.925,0.849,0.627,0.226,0.081
427.0,3.159,2.216,0.925,0.849,0.627,0.226,0.082
427.1,3.159,2.216,0.925,0.849,0.627,0.226,0.082
427.20000000000005,3.159,2.216,0.925,0.849,0.628,0.226,0.082
427.3,3.159,2.216,0.925,0.85,0.627,0.226,0.081
427.40000000000003,3.159,2.216,0.925,0.85,0.627,0.226,0.082
427.5,3.159,2.216,0.925,0.849,0.627,0.226,0.081
427.6,3.159,2.216,0.925,0.85,0.627,0.226,0.081
427.70000000000005,3.159,2.216,0.925,0.85,0.626,0.226,0.081
427.8,3.159,2.216,0.925,0.849,0.626,0.226,0.082
427.90000000000003,3.159,2.216,0.925,0.849,0.627,0.226,0.081
428.0,3.159,2.216,0.925,0.849,0.626,0.226,0.081
428.1,3.159,2.216,0.925,0.849,0.626,0.226,0.08
428.20000000000005,3.159,2.216,0.925,0.85,0.626,0.226,0.081
428.3,3.159,2.216,0.925,0.849,0.626,0.226,0.082
428.40000000000003,3.204,2.257,0.94,0.849,0.627,0.226,0.081
428.5,3.177,2.232,0.931,0.849,0.626,0.226,0.081
428.6,3.166,2.223,0.927,0.849,0.627,0.226,0.081
428.70000000000005,3.162,2.219,0.926,0.849,0.626,0.226,0.082
428.8,3.16,2.217,0.925,0.85,0.627,0.225,0.082
428.90000000000003,3.16,2.216,0.925,0.849,0.626,0.225,0.081
429.0,3.159,2.216,0.925,0.849,0.626,0.226,0.081
429.1,3.159,2.216,0.925,0.849,0.627,0.226,0.081
429.20000000000005,3.159,2.216,0.925,0.849,0.627,0.226,0.081
429.3,3.159,2.216,0.925,0.85,0.626,0.225,0.082
429.40000000000003,3.159,2.216,0.925,0.849,0.626,0.226,0.081
429.5,3.159,2.216,0.925,0.849,0.626,0.225,0.082
429.6,3.159,2.216,0.925,0.85,0.626,0.225,0.081
429.70000000000005,3.204,2.257,0.94,0.85,0.627,0.226,0.081
429.8,3.177,2.232,0.931,0.849,0.626,0.226,0.081
429.90000000000003,3.166,2.223,0.927,0.848,0.626,0.226,0.081
430.0,3.162,2.219,0.926,0.849,0.626,0.225,0.081
430.1,3.16,2.217,0.925,0.849,0.625,0.225,0.081
430.20000000000005,3.16,2.216,0.925,0.849,0.626,0.225,0.082
430.3,3.159,2.216,0.925,0.849,0.626,0.225,0.081
430.40000000000003,3.159,2.216,0.925,0.85,0.626,0.225,0.082
430.5,3.159,2.216,0.925,0.849,0.626,0.226,0.081
430.6,3.159,2.216,0.925,0.848,0.625,0.225,0.081
430.70000000000005,3.159,2.216,0.925,0.848,0.626,0.225,0.081
430.8,3.159,2.216,0.925,0.848,0.625,0.225,0.081
430.90000000000003,3.159,2.216,0.925,0.849,0.625,0.225,0.081
431.0,3.159,2.216,0.925,0.848,0.625,0.225,0.081
431.1,3.159,2.216,0.925,0.849,0.625,0.225,0.082
431.20000000000005,3.159,2.216,0.925,0.848,0.626,0.225,0.081
431.3,3.159,2.216,0.925,0.849,0.626,0.225,0.081
431.40000000000003,3.159,2.216,0.925,0.849,0.626,0.225,0.082
431.5,3.159,2.216,0.925,0.849,0.626,0.225,0.081
431.6,3.204,2.257,0.94,0.849,0.625,0.225,0.081
431.70000000000005,3.177,2.232,0.931,0.848,0.626,0.225,0.081
431.8,3.166,2.223,0.927,0.848,0.626,0.225,0.081
431.90000000000003,3.162,2.219,0.926,0.848,0.625,0.225,0.081
432.0,3.16,2.217,0.925,0.849,0.625,0.225,0.081
432.1,3.115,2.176,0.911,0.849,0.625,0.225,0.081
432.20000000000005,3.142,2.2,0.919,0.848,0.625,0.225,0.081
432.3,3.108,2.169,0.908,0.849,0.626,0.224,0.082
432.40000000000003,3.139,2.197,0.918,0.848,0.625,0.224,0.081
432.5,3.151,2.209,0.922,0.848,0.626,0.225,0.081
432.6,3.156,2.213,0.924,0.848,0.625,0.225,0.081
432.70000000000005,3.158,2.215,0.925,0.848,0.626,0.225,0.082
432.8,3.159,2.216,0.925,0.849,0.625,0.225,0.081
432.90000000000003,3.159,2.216,0.925,0.847,0.625,0.224,0.081
433.0,3.159,2.216,0.925,0.848,0.625,0.224,0.081
433.1,3.159,2.216,0.925,0.848,0.625,0.225,0.081
433.20000000000005,3.159,2.216,0.925,0.848,0.626,0.224,0.082
433.3,3.159,2.216,0.925,0.849,0.626,0.225,0.081
433.40000000000003,3.159,2.216,0.925,0.848,0.625,0.224,0.081
433.5,3.159,2.216,0.925,0.848,0.625,0.225,0.081
433.6,3.159,2.216,0.925,0.848,0.625,0.225,0.082
433.70000000000005,3.159,2.216,0.925,0.849,0.625,0.224,0.082
433.8,3.159,2.216,0.925,0.849,0.625,0.225,0.081
433.90000000000003,3.159,2.216,0.925,0.848,0.625,0.225,0.081
434.0,3.159,2.216,0.925,0.849,0.625,0.225,0.081
434.1,3.204,2.257,0.94,0.848,0.625,0.225,0.081
434.20000000000005,3.133,2.192,0.916,0.848,0.625,0.225,0.081
434.3,3.149,2.206,0.922,0.848,0.624,0.225,0.082
434.40000000000003,3.155,2.212,0.924,0.848,0.624,0.225,0.081
434.5,3.157,2.215,0.925,0.847,0.624,0.224,0.081
434.6,3.158,2.215,0.925,0.848,0.625,0.225,0.081
434.70000000000005,3.159,2.216,0.925,0.847,0.624,0.224,0.082
434.8,3.159,2.216,0.925,0.847,0.625,0.224,0.081
434.90000000000003,3.159,2.216,0.925,0.847,0.625,0.224,0.081
435.0,3.204,2.257,0.94,0.847,0.624,0.224,0.081
435.1,3.159,2.216,0.925,0.847,0.625,0.225,0.081
435.20000000000005,3.159,2.216,0.925,0.848,0.624,0.224,0.081
435.3,3.159,2.216,0.925,0.847,0.625,0.225,0.081
435.40000000000003,3.221,2.273,0.946,0.847,0.624,0.224,0.081
435.5,3.159,2.216,0.925,0.848,0.624,0.224,0.081
435.6,3.159,2.216,0.925,0.848,0.624,0.224,0.081
435.70000000000005,3.159,2.216,0.925,0.847,0.624,0.224,0.082
435.8,3.159,2.216,0.925,0.847,0.625,0.225,0.081
435.90000000000003,3.184,2.239,0.933,0.847,0.624,0.224,0.082
436.0,3.159,2.216,0.925,0.847,0.625,0.224,0.081
436.1,3.169,2.225,0.928,0.848,0.624,0.225,0.081
436.20000000000005,3.159,2.216,0.925,0.847,0.624,0.225,0.082
436.3,3.163,2.22,0.926,0.847,0.624,0.225,0.081
436.40000000000003,3.161,2.218,0.926,0.848,0.624,0.224,0.081
436.5,3.16,2.217,0.925,0.848,0.624,0.224,0.081
436.6,3.159,2.216,0.925,0.847,0.624,0.224,0.081
436.70000000000005,3.159,2.216,0.925,0.847,0.624,0.224,0.081
436.8,3.159,2.216,0.925,0.847,0.624,0.224,0.081
436.90000000000003,3.159,2.216,0.925,0.848,0.624,0.224,0.081
437.0,3.159,2.216,0.925,0.847,0.624,0.224,0.081
437.1,3.159,2.216,0.925,0.847,0.624,0.224,0.081
437.20000000000005,3.159,2.216,0.925,0.847,0.624,0.224,0.081
437.3,3.159,2.216,0.925,0.846,0.624,0.224,0.081
437.40000000000003,3.159,2.216,0.925,0.847,0.623,0.224,0.081
437.5,3.159,2.216,0.925,0.846,0.624,0.224,0.081
437.6,3.159,2.216,0.925,0.847,0.624,0.224,0.081
437.70000000000005,3.159,2.216,0.925,0.846,0.623,0.224,0.081
437.8,3.204,2.257,0.94,0.846,0.624,0.224,0.081
437.90000000000003,3.221,2.273,0.946,0.846,0.623,0.223,0.082
438.0,3.547,2.581,1.055,0.847,0.623,0.224,0.081
438.1,3.314,2.362,0.977,0.846,0.623,0.224,0.081
438.20000000000005,3.221,2.275,0.946,0.847,0.624,0.223,0.081
438.3,3.184,2.239,0.933,0.846,0.623,0.223,0.08
438.40000000000003,3.169,2.225,0.928,0.846,0.624,0.224,0.081
438.5,3.119,2.179,0.912,0.847,0.623,0.224,0.081
438.6,3.143,2.201,0.92,0.846,0.623,0.223,0.081
438.70000000000005,3.153,2.21,0.923,0.846,0.623,0.223,0.081
438.8,3.157,2.214,0.924,0.846,0.623,0.223,0.081
438.90000000000003,3.158,2.215,0.925,0.847,0.622,0.223,0.081
439.0,3.159,2.216,0.925,0.846,0.623,0.223,0.08
439.1,3.159,2.216,0.925,0.845,0.622,0.223,0.081
439.20000000000005,3.159,2.216,0.925,0.846,0.623,0.224,0.08
439.3,3.159,2.216,0.925,0.846,0.623,0.223,0.081
439.40000000000003,3.159,2.216,0.925,0.846,0.623,0.223,0.081
439.5,3.159,2.216,0.925,0.845,0.622,0.223,0.081
439.6,3.159,2.216,0.925,0.846,0.622,0.223,0.081
439.70000000000005,3.159,2.216,0.925,0.846,0.622,0.223,0.081
439.8,3.159,2.216,0.925,0.845,0.622,0.222,0.081
439.90000000000003,3.159,2.216,0.925,0.845,0.622,0.222,0.081
440.0,3.159,2.216,0.925,0.846,0.622,0.222,0.081
440.1,3.159,2.216,0.925,0.845,0.622,0.223,0.08
440.20000000000005,3.159,2.216,0.925,0.845,0.623,0.223,0.08
440.3,3.159,2.216,0.925,0.845,0.622,0.223,0.08
440.40000000000003,3.152,2.21,0.923,0.846,0.622,0.222,0.081
440.5,3.117,2.178,0.911,0.846,0.623,0.222,0.081
440.6,3.044,2.112,0.887,0.845,0.622,0.222,0.081
440.70000000000005,3.024,2.094,0.881,0.845,0.621,0.222,0.081
440.8,3.105,2.167,0.907,0.845,0.622,0.222,0.081
440.90000000000003,3.142,2.201,0.92,0.846,0.622,0.223,0.081
441.0,3.152,2.21,0.923,0.845,0.622,0.222,0.082
441.1,2.784,1.957,0.816,0.74,0.545,0.194,0.071
441.20000000000005,3.115,2.176,0.91,0.846,0.623,0.222,0.081
441.3,3.174,2.23,0.93,0.845,0.622,0.222,0.082
441.40000000000003,3.138,2.197,0.918,0.845,0.623,0.222,0.081
441.5,3.196,2.25,0.937,0.845,0.622,0.222,0.081
441.6,3.15,2.208,0.922,0.845,0.622,0.222,0.081
441.70000000000005,3.141,2.199,0.919,0.846,0.622,0.222,0.081
441.8,2.382,1.672,0.698,0.635,0.467,0.166,0.061
441.90000000000003,2.564,1.798,0.751,0.686,0.505,0.18,0.066
442.0,3.158,2.215,0.925,0.845,0.622,0.222,0.081
442.1,2.63,1.847,0.771,0.7,0.515,0.184,0.067
442.20000000000005,3.156,2.213,0.924,0.845,0.622,0.222,0.081
442.3,2.698,1.896,0.791,0.718,0.528,0.189,0.069
442.40000000000003,3.202,2.256,0.939,0.846,0.623,0.222,0.082
442.5,2.877,2.02,0.843,0.767,0.565,0.202,0.074
442.6,2.522,1.769,0.739,0.675,0.497,0.177,0.065
442.70000000000005,3.165,2.222,0.927,0.845,0.622,0.223,0.082
442.8,2.405,1.69,0.705,0.64,0.471,0.168,0.061
442.90000000000003,2.363,1.659,0.692,0.63,0.464,0.165,0.061
443.0,2.351,1.648,0.688,0.63,0.464,0.165,0.06
443.1,2.417,1.699,0.708,0.642,0.472,0.168,0.062
443.20000000000005,2.418,1.698,0.708,0.645,0.475,0.169,0.062
443.3,2.363,1.658,0.692,0.631,0.464,0.165,0.061
443.40000000000003,2.346,1.643,0.686,0.63,0.464,0.165,0.06
443.5,2.353,1.649,0.689,0.63,0.464,0.165,0.06
443.6,2.35,1.647,0.688,0.63,0.464,0.165,0.06
443.70000000000005,2.364,1.659,0.692,0.631,0.464,0.165,0.061
443.8,2.362,1.658,0.692,0.63,0.464,0.165,0.061
443.90000000000003,2.453,1.723,0.719,0.653,0.481,0.171,0.063
444.0,2.365,1.66,0.693,0.63,0.464,0.165,0.061
444.1,2.362,1.657,0.692,0.631,0.464,0.165,0.061
444.20000000000005,2.434,1.709,0.713,0.649,0.477,0.17,0.062
444.3,2.37,1.663,0.694,0.632,0.465,0.166,0.061
444.40000000000003,2.355,1.651,0.69,0.63,0.464,0.165,0.061
444.5,2.361,1.657,0.691,0.63,0.464,0.164,0.06
444.6,2.359,1.656,0.691,0.63,0.464,0.164,0.06
444.70000000000005,2.365,1.66,0.693,0.632,0.465,0.165,0.061
444.8,2.373,1.666,0.695,0.633,0.466,0.166,0.061
444.90000000000003,2.37,1.665,0.694,0.63,0.464,0.164,0.06
445.0,2.418,1.71,0.711,0.627,0.464,0.163,0.061
445.1,2.373,1.668,0.696,0.629,0.464,0.164,0.061
445.20000000000005,2.364,1.66,0.692,0.63,0.464,0.164,0.061
445.3,2.365,1.661,0.693,0.63,0.464,0.164,0.06
445.40000000000003,2.381,1.676,0.698,0.629,0.464,0.164,0.061
445.5,2.37,1.666,0.695,0.63,0.464,0.164,0.061
445.6,2.357,1.653,0.69,0.63,0.464,0.164,0.061
445.70000000000005,2.377,1.672,0.697,0.629,0.464,0.164,0.061
445.8,2.368,1.664,0.694,0.629,0.464,0.164,0.061
445.90000000000003,2.41,1.702,0.708,0.625,0.464,0.162,0.061
446.0,2.41,1.702,0.708,0.625,0.464,0.162,0.061
446.1,2.406,1.699,0.707,0.627,0.464,0.163,0.061
446.20000000000005,2.417,1.709,0.71,0.626,0.464,0.163,0.061
446.3,2.409,1.701,0.707,0.625,0.464,0.162,0.061
446.40000000000003,2.367,1.663,0.694,0.63,0.464,0.164,0.06
446.5,2.388,1.681,0.7,0.629,0.464,0.164,0.061
446.6,2.402,1.695,0.705,0.628,0.464,0.163,0.061
446.70000000000005,2.42,1.711,0.711,0.627,0.464,0.163,0.061
446.8,2.411,1.703,0.708,0.625,0.464,0.162,0.061
446.90000000000003,2.407,1.699,0.707,0.626,0.464,0.163,0.061
447.0,2.401,1.694,0.705,0.625,0.464,0.162,0.061
447.1,2.409,1.701,0.707,0.624,0.464,0.16,0.062
447.20000000000005,2.411,1.703,0.708,0.625,0.464,0.162,0.061
447.3,2.412,1.704,0.708,0.625,0.464,0.162,0.061
447.40000000000003,2.403,1.696,0.706,0.625,0.463,0.161,0.061
447.5,2.407,1.699,0.707,0.625,0.463,0.161,0.061
447.6,2.412,1.703,0.708,0.623,0.463,0.16,0.062
447.70000000000005,2.406,1.699,0.707,0.624,0.464,0.161,0.062
447.8,2.41,1.702,0.708,0.624,0.463,0.16,0.062
447.90000000000003,2.408,1.7,0.707,0.624,0.464,0.16,0.062
448.0,3.141,2.2,0.919,0.845,0.622,0.223,0.081
448.1,2.412,1.704,0.709,0.623,0.464,0.16,0.062
448.20000000000005,2.411,1.703,0.708,0.624,0.463,0.16,0.062
448.3,2.411,1.703,0.708,0.624,0.463,0.16,0.062
448.40000000000003,2.469,1.757,0.728,0.623,0.464,0.16,0.062
448.5,2.397,1.69,0.703,0.624,0.463,0.161,0.061
448.6,2.388,1.677,0.7,0.636,0.468,0.167,0.061
448.70000000000005,2.339,1.636,0.684,0.631,0.464,0.165,0.061
448.8,2.458,1.747,0.724,0.622,0.463,0.159,0.062
448.90000000000003,2.489,1.746,0.729,0.666,0.49,0.175,0.064
449.0,2.354,1.65,0.689,0.63,0.464,0.165,0.06
449.1,2.405,1.698,0.706,0.626,0.464,0.163,0.061
449.20000000000005,2.361,1.657,0.692,0.63,0.464,0.164,0.06
449.3,2.463,1.727,0.721,0.659,0.485,0.173,0.063
449.40000000000003,3.113,2.175,0.91,0.845,0.622,0.222,0.081
449.5,3.008,2.112,0.881,0.802,0.59,0.211,0.077
449.6,2.403,1.695,0.705,0.624,0.464,0.161,0.062
449.70000000000005,2.449,1.738,0.721,0.622,0.463,0.159,0.062
449.8,2.412,1.704,0.708,0.623,0.463,0.16,0.062
449.90000000000003,2.469,1.757,0.727,0.622,0.463,0.159,0.062
450.0,2.393,1.686,0.702,0.628,0.464,0.164,0.061
450.1,2.357,1.653,0.69,0.629,0.464,0.164,0.061
450.20000000000005,2.374,1.669,0.696,0.63,0.464,0.164,0.061
450.3,2.348,1.645,0.687,0.63,0.464,0.165,0.06
450.40000000000003,2.354,1.651,0.689,0.63,0.464,0.165,0.06
450.5,2.407,1.7,0.707,0.627,0.464,0.163,0.061
450.6,2.405,1.698,0.706,0.625,0.463,0.161,0.061
450.70000000000005,2.41,1.702,0.708,0.624,0.463,0.16,0.062
450.8,2.405,1.697,0.706,0.624,0.464,0.161,0.062
450.90000000000003,2.4,1.693,0.704,0.624,0.463,0.161,0.062
451.0,2.367,1.662,0.693,0.63,0.464,0.165,0.061
451.1,2.342,1.64,0.685,0.63,0.464,0.165,0.06
451.20000000000005,2.367,1.661,0.693,0.632,0.465,0.166,0.061
451.3,2.386,1.68,0.7,0.628,0.464,0.163,0.061
451.40000000000003,2.408,1.7,0.707,0.626,0.464,0.162,0.061
451.5,2.359,1.655,0.691,0.63,0.464,0.164,0.06
451.6,2.396,1.683,0.702,0.638,0.469,0.167,0.061
451.70000000000005,3.156,2.213,0.924,0.846,0.622,0.223,0.081
451.8,2.377,1.669,0.696,0.634,0.467,0.166,0.061
451.90000000000003,2.453,1.742,0.722,0.622,0.463,0.159,0.062
452.0,2.404,1.697,0.706,0.628,0.464,0.163,0.061
452.1,2.412,1.704,0.708,0.623,0.464,0.16,0.062
452.20000000000005,2.536,1.821,0.75,0.622,0.463,0.159,0.062
452.3,2.489,1.777,0.734,0.622,0.463,0.158,0.062
452.40000000000003,2.485,1.773,0.733,0.621,0.463,0.158,0.062
452.5,2.482,1.77,0.732,0.621,0.463,0.158,0.063
452.6,2.479,1.767,0.731,0.621,0.463,0.157,0.063
452.70000000000005,2.477,1.765,0.73,0.621,0.463,0.157,0.063
452.8,2.475,1.763,0.73,0.621,0.463,0.157,0.063
452.90000000000003,2.474,1.762,0.729,0.621,0.463,0.157,0.063
453.0,2.473,1.761,0.729,0.621,0.463,0.157,0.063
453.1,2.472,1.76,0.728,0.621,0.463,0.157,0.063
453.20000000000005,2.494,1.78,0.736,0.621,0.463,0.156,0.063
453.3,2.489,1.775,0.734,0.621,0.463,0.156,0.063
453.40000000000003,2.507,1.793,0.74,0.621,0.463,0.156,0.063
453.5,2.499,1.785,0.738,0.62,0.463,0.156,0.063
453.6,2.493,1.78,0.736,0.62,0.463,0.156,0.063
453.70000000000005,2.488,1.775,0.734,0.619,0.463,0.156,0.063
453.8,2.507,1.792,0.74,0.619,0.463,0.156,0.063
453.90000000000003,2.499,1.785,0.738,0.619,0.463,0.156,0.063
454.0,2.493,1.779,0.735,0.619,0.463,0.156,0.063
454.1,2.488,1.775,0.734,0.62,0.463,0.156,0.063
454.20000000000005,2.484,1.771,0.733,0.619,0.463,0.155,0.063
454.3,2.481,1.768,0.731,0.619,0.463,0.155,0.064
454.40000000000003,2.49,1.776,0.734,0.619,0.463,0.155,0.064
454.5,2.485,1.772,0.733,0.619,0.463,0.155,0.064
454.6,2.493,1.78,0.736,0.619,0.463,0.155,0.064
454.70000000000005,2.488,1.775,0.734,0.618,0.463,0.155,0.064
454.8,2.484,1.771,0.733,0.618,0.463,0.155,0.064
454.90000000000003,2.492,1.779,0.735,0.618,0.463,0.155,0.064
455.0,2.488,1.774,0.734,0.618,0.463,0.155,0.064
455.1,2.484,1.771,0.732,0.618,0.463,0.154,0.064
455.20000000000005,2.481,1.768,0.731,0.618,0.463,0.154,0.064
455.3,2.478,1.765,0.731,0.618,0.463,0.154,0.064
455.40000000000003,2.476,1.764,0.73,0.618,0.463,0.154,0.064
455.5,2.475,1.762,0.729,0.618,0.463,0.154,0.064
455.6,2.474,1.761,0.729,0.618,0.463,0.154,0.064
455.70000000000005,2.473,1.76,0.729,0.618,0.463,0.154,0.064
455.8,2.472,1.759,0.728,0.618,0.463,0.154,0.064
455.90000000000003,2.471,1.759,0.728,0.617,0.463,0.154,0.064
456.0,2.493,1.779,0.736,0.617,0.463,0.154,0.064
456.1,2.499,1.785,0.738,0.617,0.463,0.154,0.064
456.20000000000005,2.493,1.779,0.736,0.617,0.463,0.154,0.064
456.3,2.488,1.775,0.734,0.617,0.463,0.153,0.064
456.40000000000003,2.496,1.782,0.736,0.617,0.463,0.153,0.064
456.5,2.501,1.787,0.738,0.616,0.463,0.153,0.064
456.6,2.495,1.781,0.736,0.616,0.463,0.153,0.064
456.70000000000005,2.501,1.786,0.738,0.616,0.463,0.153,0.064
456.8,2.494,1.78,0.736,0.616,0.463,0.153,0.065
456.90000000000003,2.5,1.786,0.738,0.616,0.463,0.153,0.064
457.0,2.505,1.791,0.74,0.616,0.463,0.153,0.064
457.1,2.509,1.794,0.741,0.615,0.462,0.153,0.064
457.20000000000005,2.512,1.797,0.742,0.615,0.463,0.152,0.064
457.3,2.515,1.799,0.743,0.615,0.463,0.152,0.064
457.40000000000003,2.517,1.801,0.743,0.615,0.462,0.152,0.064
457.5,2.507,1.792,0.74,0.615,0.462,0.152,0.065
457.6,2.477,1.764,0.73,0.615,0.462,0.152,0.065
457.70000000000005,2.475,1.763,0.73,0.615,0.462,0.152,0.065
457.8,2.485,1.772,0.733,0.614,0.462,0.152,0.065
457.90000000000003,2.493,1.779,0.736,0.614,0.462,0.152,0.065
458.0,2.499,1.785,0.738,0.614,0.462,0.152,0.065
458.1,2.504,1.79,0.739,0.614,0.462,0.152,0.065
458.20000000000005,2.508,1.794,0.741,0.614,0.462,0.152,0.065
458.3,2.512,1.797,0.742,0.614,0.462,0.152,0.065
458.40000000000003,2.503,1.789,0.739,0.614,0.462,0.152,0.065
458.5,2.507,1.793,0.74,0.614,0.462,0.151,0.065
458.6,2.511,1.796,0.741,0.614,0.462,0.151,0.065
458.70000000000005,2.525,1.809,0.746,0.614,0.462,0.151,0.065
458.8,2.525,1.809,0.746,0.614,0.462,0.151,0.065
458.90000000000003,2.525,1.809,0.746,0.614,0.462,0.151,0.065
459.0,2.525,1.809,0.746,0.614,0.462,0.151,0.065
459.1,2.525,1.809,0.746,0.614,0.462,0.151,0.065
459.20000000000005,2.525,1.809,0.746,0.614,0.462,0.151,0.065
459.3,2.525,1.809,0.746,0.614,0.462,0.151,0.065
459.40000000000003,2.525,1.809,0.746,0.614,0.462,0.151,0.065
459.5,2.525,1.809,0.746,0.613,0.462,0.151,0.065
459.6,2.525,1.809,0.746,0.613,0.462,0.151,0.065
459.70000000000005,2.525,1.809,0.746,0.613,0.462,0.151,0.065
459.8,2.525,1.809,0.746,0.613,0.462,0.15,0.065
459.90000000000003,2.525,1.809,0.746,0.613,0.462,0.15,0.065
460.0,2.525,1.809,0.746,0.613,0.462,0.15,0.065
460.1,2.525,1.809,0.746,0.614,0.462,0.15,0.065
460.20000000000005,2.525,1.809,0.746,0.613,0.462,0.15,0.065
460.3,2.525,1.809,0.746,0.613,0.462,0.15,0.065
460.40000000000003,2.536,1.819,0.75,0.613,0.462,0.15,0.065
460.5,2.534,1.817,0.749,0.614,0.462,0.15,0.065
460.6,2.532,1.815,0.748,0.614,0.462,0.15,0.065
460.70000000000005,2.53,1.814,0.748,0.614,0.462,0.15,0.066
460.8,2.529,1.813,0.748,0.614,0.462,0.15,0.066
460.90000000000003,2.528,1.812,0.747,0.614,0.462,0.15,0.065
461.0,2.527,1.811,0.747,0.614,0.462,0.15,0.065
461.1,2.527,1.811,0.747,0.614,0.462,0.15,0.066
461.20000000000005,2.526,1.81,0.747,0.614,0.462,0.15,0.066
461.3,2.526,1.81,0.747,0.614,0.462,0.15,0.065
461.40000000000003,2.537,1.82,0.75,0.614,0.462,0.15,0.065
461.5,2.534,1.818,0.749,0.613,0.462,0.15,0.066
461.6,2.532,1.816,0.749,0.613,0.462,0.149,0.066
461.70000000000005,2.531,1.815,0.748,0.613,0.462,0.149,0.066
461.8,2.53,1.813,0.748,0.613,0.462,0.149,0.066
461.90000000000003,2.54,1.823,0.751,0.613,0.462,0.149,0.066
462.0,2.537,1.82,0.75,0.613,0.462,0.149,0.066
462.1,2.534,1.818,0.749,0.613,0.462,0.149,0.066
462.20000000000005,2.532,1.816,0.749,0.613,0.462,0.149,0.066
462.3,2.531,1.814,0.748,0.613,0.462,0.149,0.066
462.40000000000003,2.53,1.813,0.748,0.613,0.462,0.149,0.066
462.5,2.529,1.812,0.747,0.613,0.462,0.149,0.066
462.6,2.528,1.812,0.747,0.613,0.462,0.149,0.066
462.70000000000005,2.538,1.822,0.751,0.613,0.462,0.149,0.066
462.8,2.547,1.83,0.754,0.613,0.462,0.149,0.065
462.90000000000003,2.542,1.825,0.752,0.613,0.462,0.149,0.066
463.0,2.539,1.822,0.751,0.613,0.462,0.149,0.066
463.1,2.547,1.83,0.754,0.613,0.462,0.149,0.066
463.20000000000005,2.543,1.826,0.752,0.613,0.462,0.148,0.066
463.3,2.539,1.822,0.751,0.613,0.462,0.148,0.066
463.40000000000003,2.547,1.83,0.754,0.613,0.462,0.148,0.066
463.5,2.543,1.826,0.752,0.613,0.462,0.148,0.066
463.6,2.539,1.822,0.751,0.613,0.462,0.148,0.066
463.70000000000005,2.536,1.82,0.75,0.613,0.462,0.148,0.066
463.8,2.545,1.828,0.753,0.613,0.461,0.148,0.066
463.90000000000003,2.541,1.824,0.752,0.613,0.461,0.148,0.066
464.0,2.538,1.821,0.75,0.613,0.461,0.148,0.066
464.1,2.546,1.829,0.753,0.613,0.461,0.148,0.066
464.20000000000005,2.565,1.846,0.759,0.613,0.462,0.148,0.066
464.3,2.568,1.849,0.761,0.613,0.462,0.148,0.066
464.40000000000003,2.559,1.841,0.758,0.613,0.462,0.148,0.066
464.5,2.563,1.845,0.759,0.613,0.462,0.148,0.066
464.6,2.567,1.849,0.76,0.613,0.462,0.148,0.066
464.70000000000005,2.558,1.84,0.757,0.614,0.462,0.148,0.066
464.8,2.552,1.834,0.755,0.613,0.462,0.148,0.066
464.90000000000003,2.557,1.84,0.757,0.613,0.462,0.148,0.066
465.0,2.562,1.844,0.759,0.613,0.462,0.148,0.066
465.1,2.566,1.847,0.76,0.613,0.462,0.148,0.066
465.20000000000005,2.558,1.84,0.757,0.613,0.462,0.148,0.066
465.3,2.562,1.844,0.759,0.613,0.462,0.148,0.067
465.40000000000003,2.566,1.848,0.76,0.613,0.462,0.148,0.067
465.5,2.569,1.85,0.761,0.613,0.462,0.148,0.067
465.6,2.571,1.853,0.762,0.613,0.461,0.148,0.067
465.70000000000005,2.573,1.854,0.762,0.613,0.461,0.148,0.067
465.8,2.575,1.856,0.763,0.613,0.461,0.148,0.067
465.90000000000003,2.576,1.857,0.763,0.613,0.461,0.148,0.067
466.0,2.577,1.858,0.764,0.613,0.461,0.147,0.067
466.1,2.578,1.859,0.764,0.613,0.461,0.148,0.067
466.20000000000005,2.59,1.87,0.768,0.613,0.461,0.147,0.067
466.3,2.588,1.868,0.767,0.613,0.461,0.147,0.067
466.40000000000003,2.575,1.856,0.763,0.613,0.461,0.147,0.067
466.5,2.576,1.857,0.763,0.613,0.461,0.147,0.067
466.6,2.577,1.858,0.764,0.613,0.461,0.147,0.067
466.70000000000005,2.578,1.859,0.764,0.613,0.461,0.147,0.067
466.8,2.578,1.859,0.764,0.613,0.461,0.147,0.067
466.90000000000003,2.579,1.86,0.764,0.613,0.461,0.147,0.067
467.0,2.579,1.86,0.764,0.613,0.461,0.147,0.067
467.1,2.58,1.86,0.764,0.613,0.461,0.147,0.067
467.20000000000005,2.58,1.861,0.765,0.613,0.461,0.147,0.067
467.3,2.58,1.861,0.765,0.613,0.461,0.147,0.067
467.40000000000003,2.58,1.861,0.765,0.613,0.461,0.147,0.067
467.5,2.58,1.861,0.765,0.613,0.461,0.147,0.067
467.6,2.58,1.861,0.765,0.613,0.461,0.147,0.067
467.70000000000005,2.58,1.861,0.765,0.612,0.461,0.146,0.067
467.8,2.581,1.861,0.765,0.612,0.461,0.146,0.067
467.90000000000003,2.581,1.861,0.765,0.613,0.461,0.147,0.067
468.0,2.581,1.861,0.765,0.612,0.461,0.146,0.067
468.1,2.581,1.861,0.765,0.612,0.461,0.146,0.068
468.20000000000005,2.581,1.861,0.765,0.612,0.461,0.146,0.067
468.3,2.581,1.861,0.765,0.612,0.461,0.146,0.067
468.40000000000003,2.592,1.872,0.769,0.612,0.461,0.146,0.067
468.5,2.59,1.87,0.768,0.612,0.461,0.146,0.067
468.6,2.599,1.879,0.771,0.612,0.461,0.146,0.067
468.70000000000005,2.596,1.876,0.77,0.612,0.461,0.146,0.067
468.8,3.484,2.606,1.049,0.738,0.555,0.176,0.082
468.90000000000003,3.468,2.539,1.034,0.788,0.592,0.188,0.087
469.0,3.553,2.599,1.059,0.809,0.607,0.193,0.09
469.1,3.542,2.579,1.054,0.817,0.613,0.195,0.091
469.20000000000005,3.583,2.615,1.067,0.822,0.615,0.195,0.092
469.3,3.56,2.591,1.059,0.823,0.618,0.196,0.092
469.40000000000003,3.636,2.664,1.085,0.823,0.618,0.196,0.093
469.5,3.575,2.605,1.064,0.824,0.618,0.196,0.093
469.6,3.596,2.625,1.071,0.825,0.619,0.196,0.092
469.70000000000005,3.513,2.547,1.044,0.825,0.618,0.196,0.093
469.8,3.48,2.515,1.032,0.825,0.618,0.197,0.093
469.90000000000003,3.513,2.546,1.043,0.825,0.618,0.196,0.093
470.0,3.48,2.515,1.032,0.825,0.618,0.196,0.093
470.1,3.462,2.498,1.026,0.825,0.618,0.196,0.094
470.20000000000005,3.599,2.629,1.073,0.823,0.617,0.196,0.092
470.3,3.467,2.503,1.028,0.826,0.618,0.197,0.093
470.40000000000003,3.551,2.582,1.056,0.826,0.617,0.197,0.093
470.5,3.866,2.888,1.163,0.829,0.618,0.197,0.092
470.6,3.667,2.695,1.096,0.831,0.618,0.198,0.092
470.70000000000005,3.587,2.618,1.068,0.832,0.618,0.198,0.093
470.8,3.51,2.544,1.042,0.832,0.617,0.198,0.092
470.90000000000003,3.479,2.514,1.032,0.832,0.618,0.198,0.092
471.0,3.466,2.502,1.028,0.832,0.617,0.198,0.093
471.1,3.462,2.498,1.026,0.832,0.618,0.198,0.092
471.20000000000005,3.505,2.539,1.041,0.832,0.617,0.198,0.092
471.3,3.477,2.512,1.031,0.832,0.618,0.198,0.092
471.40000000000003,3.466,2.501,1.027,0.832,0.618,0.199,0.092
471.5,3.461,2.497,1.026,0.832,0.618,0.199,0.092
471.6,3.414,2.453,1.01,0.832,0.618,0.199,0.091
471.70000000000005,3.441,2.478,1.019,0.832,0.618,0.199,0.092
471.8,3.497,2.531,1.038,0.832,0.617,0.199,0.092
471.90000000000003,3.519,2.552,1.045,0.832,0.618,0.199,0.093
472.0,3.483,2.517,1.033,0.833,0.618,0.2,0.092
472.1,3.513,2.547,1.044,0.833,0.618,0.199,0.092
472.20000000000005,3.526,2.558,1.048,0.832,0.618,0.199,0.093
472.3,3.485,2.52,1.034,0.832,0.617,0.199,0.092
472.40000000000003,3.469,2.505,1.029,0.832,0.618,0.199,0.092
