Time,CO (MCS),Ethanol (MCS),VOC (MCS),NO2 (GM),Ethanol (GM),VOC (GM),CO (GM)
0.0,3.656,2.683,1.092,0.852,0.614,0.219,0.091
0.1,3.675,2.7,1.098,0.852,0.614,0.22,0.092
0.2,3.682,2.707,1.1,0.853,0.614,0.22,0.092
0.30000000000000004,3.685,2.71,1.101,0.852,0.614,0.221,0.092
0.4,3.64,2.667,1.086,0.853,0.613,0.221,0.092
0.5,3.622,2.65,1.08,0.853,0.614,0.221,0.091
0.6000000000000001,3.615,2.643,1.078,0.853,0.614,0.221,0.091
0.7000000000000001,3.612,2.641,1.077,0.853,0.614,0.221,0.091
0.8,3.611,2.639,1.076,0.852,0.614,0.22,0.091
0.9,3.611,2.639,1.076,0.851,0.613,0.221,0.091
1.0,3.61,2.639,1.076,0.851,0.613,0.22,0.09
1.1,3.61,2.639,1.076,0.85,0.614,0.22,0.091
1.2000000000000002,3.61,2.639,1.076,0.85,0.614,0.22,0.091
1.3,3.61,2.639,1.076,0.849,0.613,0.22,0.091
1.4000000000000001,3.61,2.639,1.076,0.85,0.614,0.22,0.091
1.5,3.61,2.639,1.076,0.85,0.614,0.22,0.091
1.6,3.61,2.639,1.076,0.849,0.613,0.22,0.09
1.7000000000000002,3.61,2.639,1.076,0.85,0.614,0.22,0.091
1.8,3.61,2.639,1.076,0.849,0.614,0.22,0.09
1.9000000000000001,3.61,2.639,1.076,0.849,0.614,0.22,0.09
2.0,3.61,2.639,1.076,0.849,0.615,0.22,0.09
2.1,3.61,2.639,1.076,0.849,0.614,0.22,0.09
2.2,3.564,2.595,1.061,0.849,0.613,0.22,0.09
2.3000000000000003,3.592,2.621,1.07,0.849,0.613,0.22,0.09
2.4000000000000004,3.557,2.588,1.058,0.849,0.614,0.22,0.089
2.5,3.589,2.618,1.069,0.849,0.614,0.22,0.09
2.6,3.556,2.587,1.058,0.848,0.614,0.22,0.09
2.7,3.589,2.618,1.069,0.849,0.614,0.22,0.09
2.8000000000000003,3.556,2.587,1.058,0.848,0.614,0.22,0.089
2.9000000000000004,3.543,2.574,1.053,0.849,0.614,0.22,0.089
3.0,3.537,2.569,1.052,0.848,0.613,0.22,0.09
3.1,3.535,2.567,1.051,0.849,0.614,0.22,0.089
3.2,3.535,2.567,1.051,0.849,0.613,0.22,0.089
3.3000000000000003,3.534,2.566,1.051,0.849,0.613,0.22,0.089
3.4000000000000004,3.534,2.566,1.05,0.848,0.613,0.22,0.088
3.5,3.534,2.566,1.05,0.848,0.614,0.22,0.089
3.6,3.534,2.566,1.05,0.849,0.614,0.22,0.089
3.7,3.534,2.566,1.05,0.848,0.614,0.22,0.089
3.8000000000000003,3.534,2.566,1.05,0.849,0.613,0.22,0.088
3.9000000000000004,3.534,2.566,1.05,0.849,0.613,0.22,0.088
4.0,3.534,2.566,1.05,0.848,0.614,0.219,0.088
4.1000000000000005,3.58,2.61,1.066,0.848,0.613,0.22,0.089
4.2,3.552,2.584,1.057,0.849,0.613,0.219,0.088
4.3,3.541,2.573,1.053,0.849,0.614,0.22,0.088
4.4,3.537,2.569,1.051,0.849,0.614,0.22,0.088
4.5,3.581,2.611,1.066,0.85,0.614,0.22,0.088
4.6000000000000005,3.553,2.584,1.057,0.85,0.615,0.22,0.088
4.7,3.542,2.573,1.053,0.849,0.614,0.22,0.088
4.800000000000001,3.537,2.569,1.051,0.849,0.614,0.22,0.088
4.9,3.535,2.567,1.051,0.849,0.614,0.22,0.089
5.0,3.672,2.699,1.097,0.85,0.615,0.22,0.088
5.1000000000000005,3.589,2.619,1.069,0.85,0.614,0.22,0.088
5.2,3.556,2.587,1.058,0.85,0.615,0.22,0.088
5.300000000000001,3.727,2.752,1.116,0.849,0.614,0.22,0.087
5.4,3.611,2.64,1.077,0.85,0.614,0.22,0.088
5.5,3.565,2.596,1.061,0.851,0.614,0.221,0.088
5.6000000000000005,3.546,2.578,1.055,0.85,0.615,0.221,0.088
5.7,3.539,2.571,1.052,0.85,0.614,0.221,0.087
5.800000000000001,3.491,2.525,1.036,0.851,0.614,0.22,0.088
5.9,3.517,2.55,1.045,0.851,0.614,0.22,0.088
6.0,3.527,2.56,1.048,0.852,0.613,0.221,0.088
6.1000000000000005,3.531,2.563,1.049,0.852,0.614,0.221,0.088
6.2,3.533,2.565,1.05,0.852,0.614,0.221,0.088
6.300000000000001,3.534,2.566,1.05,0.851,0.615,0.221,0.088
6.4,3.534,2.566,1.05,0.851,0.615,0.221,0.087
6.5,3.488,2.523,1.035,0.85,0.615,0.221,0.088
6.6000000000000005,3.516,2.549,1.044,0.851,0.614,0.221,0.088
6.7,3.527,2.559,1.048,0.851,0.614,0.221,0.088
6.800000000000001,3.531,2.563,1.049,0.85,0.614,0.222,0.087
6.9,3.487,2.522,1.035,0.851,0.614,0.221,0.087
7.0,3.515,2.548,1.044,0.851,0.614,0.222,0.088
7.1000000000000005,3.527,2.559,1.048,0.851,0.613,0.222,0.088
7.2,3.577,2.607,1.065,0.85,0.614,0.221,0.088
7.300000000000001,3.551,2.582,1.056,0.851,0.613,0.221,0.087
7.4,3.541,2.573,1.053,0.852,0.614,0.222,0.087
7.5,3.537,2.569,1.051,0.852,0.614,0.222,0.088
7.6000000000000005,3.535,2.567,1.051,0.853,0.613,0.222,0.087
7.7,3.534,2.567,1.051,0.853,0.613,0.222,0.088
7.800000000000001,3.534,2.566,1.05,0.853,0.614,0.222,0.087
7.9,3.534,2.566,1.05,0.853,0.614,0.222,0.088
8.0,3.534,2.566,1.05,0.852,0.614,0.222,0.088
8.1,3.534,2.566,1.05,0.852,0.613,0.222,0.087
8.200000000000001,3.534,2.566,1.05,0.853,0.614,0.222,0.087
8.3,3.534,2.566,1.05,0.852,0.614,0.223,0.088
8.4,3.534,2.566,1.05,0.852,0.614,0.222,0.087
8.5,3.534,2.566,1.05,0.852,0.614,0.222,0.088
8.6,3.534,2.566,1.05,0.852,0.615,0.223,0.087
8.700000000000001,3.534,2.566,1.05,0.853,0.615,0.223,0.087
8.8,3.534,2.566,1.05,0.853,0.614,0.223,0.087
8.9,3.534,2.566,1.05,0.853,0.614,0.224,0.087
9.0,3.534,2.566,1.05,0.853,0.614,0.223,0.087
9.1,3.534,2.566,1.05,0.854,0.614,0.224,0.087
9.200000000000001,3.534,2.566,1.05,0.853,0.614,0.224,0.087
9.3,3.534,2.566,1.05,0.853,0.615,0.224,0.087
9.4,3.534,2.566,1.05,0.854,0.615,0.224,0.087
9.5,3.489,2.523,1.035,0.853,0.615,0.224,0.087
9.600000000000001,3.47,2.506,1.029,0.853,0.615,0.225,0.086
9.700000000000001,3.509,2.542,1.042,0.853,0.616,0.224,0.087
9.8,3.524,2.556,1.047,0.853,0.615,0.225,0.088
9.9,3.576,2.606,1.064,0.854,0.614,0.225,0.087
10.0,3.551,2.582,1.056,0.853,0.615,0.224,0.087
10.100000000000001,3.541,2.572,1.053,0.854,0.614,0.224,0.087
10.200000000000001,3.537,2.569,1.051,0.853,0.614,0.224,0.088
10.3,3.49,2.524,1.035,0.854,0.614,0.225,0.087
10.4,3.516,2.549,1.044,0.854,0.614,0.224,0.086
10.5,3.527,2.559,1.048,0.854,0.614,0.225,0.086
10.600000000000001,3.531,2.563,1.049,0.854,0.615,0.225,0.087
10.700000000000001,3.533,2.565,1.05,0.854,0.614,0.225,0.086
10.8,3.534,2.566,1.05,0.855,0.615,0.225,0.087
10.9,3.534,2.566,1.05,0.854,0.614,0.225,0.087
11.0,3.488,2.523,1.035,0.855,0.615,0.226,0.086
11.100000000000001,3.47,2.506,1.029,0.854,0.615,0.226,0.087
11.200000000000001,3.509,2.542,1.042,0.854,0.615,0.226,0.086
11.3,3.524,2.556,1.047,0.855,0.614,0.226,0.087
11.4,3.53,2.562,1.049,0.855,0.615,0.226,0.087
11.5,3.487,2.522,1.035,0.855,0.615,0.226,0.087
11.600000000000001,3.47,2.505,1.029,0.855,0.614,0.226,0.087
11.700000000000001,3.418,2.456,1.011,0.855,0.614,0.226,0.087
11.8,3.533,2.566,1.05,0.855,0.614,0.227,0.087
11.9,3.534,2.566,1.05,0.856,0.615,0.227,0.087
12.0,3.534,2.566,1.05,0.855,0.615,0.227,0.087
12.100000000000001,3.534,2.566,1.05,0.855,0.614,0.227,0.087
12.200000000000001,3.489,2.523,1.035,0.855,0.614,0.227,0.087
12.3,3.516,2.549,1.044,0.856,0.614,0.227,0.088
12.4,3.527,2.559,1.048,0.857,0.614,0.228,0.087
12.5,3.531,2.563,1.049,0.856,0.615,0.228,0.087
12.600000000000001,3.533,2.565,1.05,0.856,0.614,0.228,0.087
12.700000000000001,3.488,2.523,1.035,0.856,0.614,0.228,0.086
12.8,3.516,2.549,1.044,0.857,0.614,0.228,0.087
12.9,3.527,2.559,1.048,0.857,0.614,0.228,0.086
13.0,3.531,2.563,1.049,0.857,0.614,0.228,0.087
13.100000000000001,3.533,2.565,1.05,0.858,0.615,0.229,0.087
13.200000000000001,3.353,2.397,0.99,0.857,0.614,0.228,0.087
13.3,3.462,2.498,1.026,0.857,0.614,0.228,0.087
13.4,3.505,2.539,1.041,0.857,0.614,0.228,0.087
13.5,3.522,2.555,1.047,0.857,0.615,0.228,0.087
13.600000000000001,3.529,2.562,1.049,0.857,0.614,0.229,0.087
13.700000000000001,3.487,2.521,1.035,0.857,0.615,0.229,0.087
13.8,3.515,2.548,1.044,0.858,0.615,0.229,0.087
13.9,3.526,2.559,1.048,0.858,0.614,0.229,0.087
14.0,3.531,2.563,1.049,0.858,0.615,0.229,0.087
14.100000000000001,3.533,2.565,1.05,0.857,0.614,0.23,0.086
14.200000000000001,3.488,2.523,1.035,0.858,0.615,0.23,0.087
14.3,3.516,2.549,1.044,0.858,0.614,0.229,0.087
14.4,3.527,2.559,1.048,0.859,0.614,0.23,0.086
14.5,3.486,2.52,1.034,0.858,0.615,0.23,0.087
14.600000000000001,3.515,2.548,1.044,0.857,0.614,0.23,0.087
14.700000000000001,3.481,2.516,1.033,0.858,0.614,0.23,0.086
14.8,3.467,2.503,1.028,0.858,0.615,0.23,0.087
14.9,3.462,2.498,1.026,0.858,0.614,0.231,0.086
15.0,3.505,2.539,1.041,0.859,0.614,0.23,0.086
15.100000000000001,3.522,2.555,1.047,0.859,0.614,0.23,0.087
15.200000000000001,3.484,2.519,1.034,0.859,0.614,0.231,0.086
15.3,3.468,2.504,1.028,0.859,0.615,0.23,0.086
15.4,3.462,2.498,1.026,0.86,0.615,0.231,0.086
15.5,3.505,2.539,1.041,0.86,0.615,0.231,0.086
15.600000000000001,3.523,2.555,1.047,0.86,0.614,0.231,0.086
15.700000000000001,3.484,2.519,1.034,0.859,0.615,0.231,0.086
15.8,3.469,2.504,1.028,0.859,0.615,0.232,0.086
15.9,3.462,2.498,1.026,0.86,0.615,0.232,0.086
16.0,3.46,2.496,1.025,0.86,0.615,0.232,0.087
16.1,3.459,2.495,1.025,0.86,0.615,0.232,0.086
16.2,3.504,2.538,1.04,0.86,0.615,0.233,0.087
16.3,3.477,2.512,1.031,0.86,0.614,0.233,0.086
16.400000000000002,3.466,2.501,1.027,0.86,0.615,0.232,0.086
16.5,3.507,2.54,1.041,0.861,0.615,0.233,0.086
16.6,3.523,2.556,1.047,0.861,0.616,0.233,0.087
16.7,3.484,2.519,1.034,0.861,0.616,0.233,0.086
16.8,3.469,2.504,1.028,0.862,0.615,0.233,0.087
16.900000000000002,3.372,2.414,0.996,0.861,0.616,0.233,0.086
17.0,3.424,2.462,1.013,0.86,0.615,0.233,0.087
17.1,3.444,2.481,1.02,0.86,0.614,0.233,0.086
17.2,3.453,2.489,1.023,0.86,0.615,0.234,0.086
17.3,3.456,2.492,1.024,0.861,0.615,0.233,0.086
17.400000000000002,3.503,2.537,1.04,0.86,0.615,0.233,0.086
17.5,3.476,2.511,1.031,0.861,0.615,0.234,0.087
17.6,3.465,2.501,1.027,0.861,0.615,0.234,0.087
17.7,3.461,2.497,1.026,0.861,0.615,0.234,0.087
17.8,3.459,2.495,1.025,0.86,0.615,0.234,0.086
17.900000000000002,3.459,2.495,1.025,0.861,0.614,0.234,0.086
18.0,3.458,2.495,1.025,0.861,0.615,0.234,0.086
18.1,3.458,2.494,1.025,0.861,0.614,0.234,0.086
18.2,3.458,2.494,1.025,0.861,0.614,0.234,0.086
18.3,3.458,2.494,1.025,0.861,0.615,0.234,0.086
18.400000000000002,3.458,2.494,1.025,0.861,0.615,0.234,0.087
18.5,3.458,2.494,1.025,0.862,0.615,0.234,0.087
18.6,3.413,2.452,1.01,0.862,0.616,0.235,0.086
18.7,3.486,2.52,1.034,0.863,0.616,0.235,0.087
18.8,3.515,2.548,1.044,0.862,0.616,0.235,0.087
18.900000000000002,3.481,2.516,1.033,0.863,0.616,0.235,0.086
19.0,3.513,2.546,1.043,0.864,0.617,0.235,0.086
19.1,3.48,2.515,1.032,0.864,0.616,0.235,0.086
19.200000000000003,3.512,2.546,1.043,0.864,0.616,0.236,0.087
19.3,3.48,2.515,1.032,0.864,0.616,0.236,0.086
19.400000000000002,3.512,2.546,1.043,0.865,0.617,0.236,0.086
19.5,3.48,2.515,1.032,0.864,0.616,0.236,0.087
19.6,3.467,2.503,1.028,0.864,0.617,0.236,0.086
19.700000000000003,3.462,2.498,1.026,0.864,0.616,0.236,0.086
19.8,3.46,2.496,1.025,0.862,0.616,0.236,0.087
19.900000000000002,3.504,2.538,1.04,0.863,0.616,0.236,0.087
20.0,3.522,2.555,1.046,0.863,0.615,0.236,0.087
20.1,3.529,2.562,1.049,0.863,0.616,0.236,0.087
20.200000000000003,3.532,2.564,1.05,0.863,0.616,0.236,0.087
20.3,3.533,2.565,1.05,0.864,0.617,0.236,0.086
20.400000000000002,3.488,2.523,1.035,0.865,0.616,0.236,0.086
20.5,3.516,2.549,1.044,0.864,0.616,0.236,0.087
20.6,3.481,2.516,1.033,0.864,0.615,0.236,0.086
20.700000000000003,3.467,2.503,1.028,0.864,0.616,0.236,0.086
20.8,3.507,2.541,1.041,0.864,0.616,0.236,0.087
20.900000000000002,3.478,2.513,1.032,0.863,0.615,0.236,0.086
21.0,3.512,2.545,1.043,0.864,0.616,0.236,0.086
21.1,3.48,2.515,1.032,0.864,0.616,0.236,0.086
21.200000000000003,3.467,2.502,1.028,0.864,0.616,0.237,0.086
21.3,3.462,2.498,1.026,0.864,0.616,0.237,0.086
21.400000000000002,3.46,2.496,1.025,0.865,0.617,0.237,0.087
21.5,3.459,2.495,1.025,0.864,0.617,0.237,0.087
21.6,3.458,2.495,1.025,0.864,0.616,0.237,0.086
21.700000000000003,3.458,2.494,1.025,0.864,0.616,0.237,0.087
21.8,3.504,2.537,1.04,0.864,0.616,0.237,0.087
21.900000000000002,3.522,2.555,1.046,0.865,0.616,0.237,0.086
22.0,3.484,2.518,1.034,0.864,0.616,0.237,0.087
22.1,3.468,2.504,1.028,0.864,0.616,0.237,0.087
22.200000000000003,3.462,2.498,1.026,0.864,0.617,0.238,0.087
22.3,3.505,2.539,1.041,0.865,0.616,0.237,0.087
22.400000000000002,3.523,2.555,1.047,0.864,0.616,0.237,0.087
22.5,3.484,2.519,1.034,0.865,0.617,0.238,0.087
22.6,3.469,2.504,1.028,0.865,0.616,0.238,0.087
22.700000000000003,3.554,2.585,1.057,0.865,0.616,0.238,0.086
22.8,3.542,2.574,1.053,0.865,0.616,0.238,0.086
22.900000000000002,3.492,2.526,1.036,0.864,0.616,0.238,0.086
23.0,3.563,2.594,1.06,0.865,0.617,0.238,0.087
23.1,3.546,2.577,1.054,0.864,0.616,0.238,0.087
23.200000000000003,3.584,2.614,1.067,0.865,0.616,0.238,0.086
23.3,3.509,2.542,1.042,0.865,0.617,0.239,0.087
23.400000000000002,3.57,2.6,1.062,0.865,0.616,0.238,0.087
23.5,3.733,2.757,1.118,0.865,0.616,0.239,0.087
23.6,3.613,2.642,1.077,0.865,0.616,0.239,0.087
23.700000000000003,3.566,2.597,1.061,0.865,0.616,0.24,0.087
23.8,3.501,2.535,1.039,0.865,0.616,0.239,0.087
23.900000000000002,3.475,2.511,1.031,0.865,0.616,0.24,0.087
24.0,3.465,2.501,1.027,0.866,0.617,0.24,0.087
24.1,3.461,2.497,1.026,0.865,0.616,0.239,0.086
24.200000000000003,3.459,2.495,1.025,0.866,0.616,0.24,0.086
24.3,3.459,2.495,1.025,0.866,0.617,0.24,0.087
24.400000000000002,3.458,2.495,1.025,0.865,0.617,0.24,0.086
24.5,3.458,2.494,1.025,0.865,0.616,0.24,0.087
24.6,3.458,2.494,1.025,0.865,0.617,0.241,0.086
24.700000000000003,3.504,2.537,1.04,0.866,0.617,0.241,0.087
24.8,3.476,2.512,1.031,0.865,0.617,0.241,0.087
24.900000000000002,3.465,2.501,1.027,0.866,0.617,0.241,0.086
25.0,3.461,2.497,1.026,0.865,0.617,0.241,0.086
25.1,3.459,2.495,1.025,0.865,0.617,0.24,0.087
25.200000000000003,3.459,2.495,1.025,0.865,0.617,0.241,0.087
25.3,3.458,2.495,1.025,0.866,0.617,0.241,0.087
25.400000000000002,3.458,2.494,1.025,0.866,0.617,0.24,0.087
25.5,3.458,2.494,1.025,0.866,0.616,0.241,0.087
25.6,3.458,2.494,1.025,0.866,0.616,0.241,0.087
25.700000000000003,3.458,2.494,1.025,0.866,0.617,0.241,0.087
25.8,3.458,2.494,1.025,0.866,0.616,0.241,0.087
25.900000000000002,3.504,2.537,1.04,0.866,0.617,0.241,0.087
26.0,3.476,2.512,1.031,0.866,0.616,0.241,0.086
26.1,3.465,2.501,1.027,0.865,0.617,0.242,0.087
26.200000000000003,3.461,2.497,1.026,0.865,0.616,0.241,0.087
26.3,3.459,2.495,1.025,0.865,0.616,0.242,0.087
26.400000000000002,3.504,2.538,1.04,0.866,0.616,0.241,0.087
26.5,3.477,2.512,1.031,0.866,0.616,0.241,0.086
26.6,3.466,2.501,1.027,0.866,0.615,0.241,0.087
26.700000000000003,3.507,2.54,1.041,0.866,0.616,0.241,0.087
26.8,3.478,2.513,1.031,0.866,0.617,0.242,0.086
26.900000000000002,3.466,2.502,1.028,0.866,0.617,0.241,0.087
27.0,3.461,2.497,1.026,0.865,0.617,0.242,0.087
27.1,3.459,2.496,1.025,0.866,0.617,0.242,0.087
27.200000000000003,3.459,2.495,1.025,0.865,0.617,0.242,0.087
27.3,3.458,2.495,1.025,0.865,0.616,0.242,0.087
27.400000000000002,3.458,2.494,1.025,0.865,0.617,0.242,0.087
27.5,3.458,2.494,1.025,0.866,0.616,0.242,0.087
27.6,3.458,2.494,1.025,0.866,0.617,0.242,0.087
27.700000000000003,3.504,2.537,1.04,0.865,0.616,0.241,0.087
27.8,3.476,2.512,1.031,0.865,0.617,0.242,0.087
27.900000000000002,3.465,2.501,1.027,0.865,0.616,0.242,0.087
28.0,3.461,2.497,1.026,0.865,0.617,0.242,0.086
28.1,3.459,2.495,1.025,0.865,0.616,0.242,0.087
28.200000000000003,3.459,2.495,1.025,0.866,0.616,0.242,0.087
28.3,3.458,2.495,1.025,0.866,0.617,0.242,0.087
28.400000000000002,3.458,2.494,1.025,0.867,0.616,0.242,0.088
28.5,3.458,2.494,1.025,0.866,0.616,0.242,0.087
28.6,3.458,2.494,1.025,0.866,0.617,0.242,0.087
28.700000000000003,3.458,2.494,1.025,0.865,0.616,0.242,0.087
28.8,3.458,2.494,1.025,0.865,0.617,0.242,0.087
28.900000000000002,3.458,2.494,1.025,0.866,0.617,0.242,0.087
29.0,3.458,2.494,1.025,0.866,0.617,0.242,0.087
29.1,3.458,2.494,1.025,0.866,0.616,0.242,0.087
29.200000000000003,3.458,2.494,1.025,0.867,0.617,0.243,0.087
29.3,3.458,2.494,1.025,0.866,0.617,0.243,0.087
29.400000000000002,3.458,2.494,1.025,0.866,0.617,0.243,0.086
29.5,3.458,2.494,1.025,0.866,0.616,0.242,0.087
29.6,3.504,2.537,1.04,0.866,0.616,0.243,0.086
29.700000000000003,3.476,2.512,1.031,0.867,0.617,0.243,0.087
29.8,3.465,2.501,1.027,0.867,0.617,0.243,0.087
29.900000000000002,3.461,2.497,1.026,0.866,0.617,0.243,0.086
30.0,3.459,2.495,1.025,0.866,0.617,0.244,0.087
30.1,3.459,2.495,1.025,0.867,0.617,0.244,0.087
30.200000000000003,3.458,2.495,1.025,0.866,0.616,0.243,0.086
30.3,3.549,2.581,1.056,0.866,0.617,0.243,0.087
30.400000000000002,3.495,2.529,1.037,0.866,0.617,0.244,0.087
30.5,3.473,2.508,1.03,0.866,0.617,0.244,0.087
30.6,3.464,2.5,1.027,0.866,0.617,0.243,0.086
30.700000000000003,3.461,2.497,1.026,0.867,0.617,0.244,0.086
30.8,3.459,2.495,1.025,0.866,0.616,0.244,0.087
30.900000000000002,3.459,2.495,1.025,0.866,0.617,0.244,0.086
31.0,3.55,2.581,1.056,0.867,0.617,0.244,0.087
31.1,3.495,2.529,1.037,0.867,0.617,0.244,0.087
31.200000000000003,3.473,2.508,1.03,0.866,0.617,0.244,0.087
31.3,3.464,2.5,1.027,0.866,0.617,0.244,0.087
31.400000000000002,3.461,2.497,1.026,0.867,0.617,0.244,0.087
31.5,3.459,2.495,1.025,0.867,0.617,0.244,0.087
31.6,3.459,2.495,1.025,0.868,0.617,0.244,0.086
31.700000000000003,3.458,2.495,1.025,0.867,0.616,0.244,0.087
31.8,3.458,2.494,1.025,0.867,0.616,0.244,0.087
31.900000000000002,3.458,2.494,1.025,0.866,0.616,0.244,0.087
32.0,3.458,2.494,1.025,0.866,0.617,0.244,0.087
32.1,3.458,2.494,1.025,0.866,0.617,0.244,0.087
32.2,3.458,2.494,1.025,0.867,0.618,0.244,0.087
32.300000000000004,3.458,2.494,1.025,0.866,0.617,0.244,0.087
32.4,3.458,2.494,1.025,0.866,0.617,0.244,0.087
32.5,3.458,2.494,1.025,0.866,0.617,0.244,0.087
32.6,3.458,2.494,1.025,0.866,0.617,0.244,0.087
32.7,3.458,2.494,1.025,0.866,0.617,0.244,0.086
32.800000000000004,3.458,2.494,1.025,0.866,0.617,0.244,0.086
32.9,3.458,2.494,1.025,0.866,0.616,0.244,0.087
33.0,3.458,2.494,1.025,0.866,0.616,0.244,0.087
33.1,3.458,2.494,1.025,0.866,0.617,0.244,0.086
33.2,3.458,2.494,1.025,0.866,0.617,0.244,0.087
33.300000000000004,3.642,2.67,1.087,0.867,0.617,0.244,0.087
33.4,3.532,2.564,1.05,0.866,0.617,0.244,0.087
33.5,3.488,2.522,1.035,0.866,0.617,0.244,0.086
33.6,3.47,2.506,1.029,0.866,0.617,0.244,0.087
33.7,3.463,2.499,1.027,0.866,0.617,0.244,0.087
33.800000000000004,3.46,2.496,1.026,0.866,0.617,0.244,0.087
33.9,3.459,2.495,1.025,0.867,0.617,0.244,0.087
34.0,3.459,2.495,1.025,0.867,0.617,0.244,0.086
34.1,3.458,2.494,1.025,0.866,0.617,0.244,0.086
34.2,3.458,2.494,1.025,0.866,0.617,0.244,0.087
34.300000000000004,3.458,2.494,1.025,0.866,0.616,0.244,0.087
34.4,3.458,2.494,1.025,0.867,0.617,0.244,0.087
34.5,3.458,2.494,1.025,0.866,0.616,0.244,0.087
34.6,3.549,2.581,1.056,0.866,0.617,0.244,0.087
34.7,3.495,2.529,1.037,0.866,0.617,0.244,0.087
34.800000000000004,3.473,2.508,1.03,0.866,0.618,0.244,0.087
34.9,3.51,2.543,1.042,0.866,0.617,0.244,0.087
35.0,3.479,2.514,1.032,0.866,0.617,0.244,0.087
35.1,3.512,2.545,1.043,0.866,0.616,0.244,0.086
35.2,3.48,2.515,1.032,0.866,0.617,0.244,0.087
35.300000000000004,3.467,2.502,1.028,0.866,0.617,0.244,0.086
35.4,3.462,2.498,1.026,0.866,0.617,0.244,0.087
35.5,3.46,2.496,1.025,0.866,0.617,0.244,0.086
35.6,3.459,2.495,1.025,0.866,0.617,0.244,0.086
35.7,3.504,2.538,1.04,0.866,0.617,0.244,0.087
35.800000000000004,3.476,2.512,1.031,0.867,0.617,0.244,0.086
35.9,3.466,2.501,1.027,0.866,0.617,0.244,0.087
36.0,3.461,2.497,1.026,0.865,0.617,0.244,0.087
36.1,3.459,2.495,1.025,0.866,0.617,0.244,0.087
36.2,3.459,2.495,1.025,0.866,0.617,0.244,0.087
36.300000000000004,3.458,2.495,1.025,0.867,0.617,0.244,0.087
36.4,3.458,2.494,1.025,0.868,0.617,0.244,0.087
36.5,3.458,2.494,1.025,0.867,0.617,0.244,0.087
36.6,3.458,2.494,1.025,0.867,0.617,0.244,0.087
36.7,3.458,2.494,1.025,0.866,0.617,0.244,0.087
36.800000000000004,3.458,2.494,1.025,0.866,0.617,0.244,0.087
36.9,3.458,2.494,1.025,0.867,0.617,0.244,0.086
37.0,3.458,2.494,1.025,0.866,0.616,0.244,0.087
37.1,3.458,2.494,1.025,0.866,0.616,0.244,0.087
37.2,3.458,2.494,1.025,0.866,0.617,0.244,0.087
37.300000000000004,3.458,2.494,1.025,0.865,0.616,0.244,0.087
37.4,3.458,2.494,1.025,0.866,0.617,0.244,0.086
37.5,3.458,2.494,1.025,0.867,0.617,0.244,0.087
37.6,3.458,2.494,1.025,0.867,0.618,0.244,0.087
37.7,3.458,2.494,1.025,0.867,0.617,0.244,0.087
37.800000000000004,3.458,2.494,1.025,0.868,0.618,0.244,0.087
37.9,3.458,2.494,1.025,0.867,0.618,0.244,0.087
38.0,3.458,2.494,1.025,0.866,0.617,0.244,0.087
38.1,3.458,2.494,1.025,0.867,0.617,0.244,0.086
38.2,3.458,2.494,1.025,0.866,0.617,0.244,0.087
38.300000000000004,3.458,2.494,1.025,0.867,0.617,0.244,0.087
38.400000000000006,3.458,2.494,1.025,0.868,0.618,0.245,0.087
38.5,3.458,2.494,1.025,0.868,0.617,0.244,0.086
38.6,3.458,2.494,1.025,0.868,0.617,0.244,0.087
38.7,3.504,2.537,1.04,0.868,0.618,0.245,0.087
38.800000000000004,3.476,2.512,1.031,0.868,0.617,0.245,0.087
38.900000000000006,3.465,2.501,1.027,0.868,0.617,0.244,0.087
39.0,3.461,2.497,1.026,0.868,0.618,0.245,0.087
39.1,3.459,2.495,1.025,0.868,0.617,0.244,0.087
39.2,3.459,2.495,1.025,0.867,0.617,0.245,0.087
39.300000000000004,3.458,2.495,1.025,0.868,0.618,0.245,0.086
39.400000000000006,3.458,2.494,1.025,0.868,0.618,0.245,0.087
39.5,3.458,2.494,1.025,0.868,0.618,0.245,0.087
39.6,3.458,2.494,1.025,0.868,0.617,0.245,0.087
39.7,3.458,2.494,1.025,0.868,0.618,0.245,0.087
39.800000000000004,3.458,2.494,1.025,0.869,0.617,0.246,0.087
39.900000000000006,3.458,2.494,1.025,0.869,0.618,0.245,0.087
40.0,3.458,2.494,1.025,0.868,0.617,0.245,0.087
40.1,3.458,2.494,1.025,0.868,0.617,0.246,0.087
40.2,3.413,2.452,1.01,0.868,0.618,0.245,0.087
40.300000000000004,3.44,2.477,1.019,0.869,0.618,0.245,0.087
40.400000000000006,3.451,2.488,1.023,0.868,0.617,0.245,0.087
40.5,3.547,2.578,1.055,0.869,0.618,0.245,0.087
40.6,3.494,2.528,1.037,0.869,0.617,0.246,0.087
40.7,3.472,2.508,1.03,0.869,0.617,0.246,0.087
40.800000000000004,3.464,2.5,1.027,0.868,0.618,0.246,0.088
40.900000000000006,3.46,2.497,1.026,0.868,0.617,0.246,0.087
41.0,3.459,2.495,1.025,0.868,0.617,0.245,0.087
41.1,3.459,2.495,1.025,0.869,0.618,0.246,0.087
41.2,3.458,2.495,1.025,0.868,0.618,0.246,0.087
41.300000000000004,3.504,2.537,1.04,0.868,0.617,0.246,0.088
41.400000000000006,3.476,2.512,1.031,0.869,0.618,0.246,0.087
41.5,3.465,2.501,1.027,0.868,0.617,0.246,0.087
41.6,3.461,2.497,1.026,0.869,0.618,0.246,0.087
41.7,3.459,2.495,1.025,0.869,0.618,0.246,0.087
41.800000000000004,3.459,2.495,1.025,0.869,0.617,0.246,0.087
41.900000000000006,3.458,2.495,1.025,0.869,0.617,0.246,0.087
42.0,3.458,2.494,1.025,0.869,0.618,0.247,0.087
42.1,3.458,2.494,1.025,0.869,0.618,0.246,0.087
42.2,3.458,2.494,1.025,0.868,0.617,0.246,0.087
42.300000000000004,3.504,2.537,1.04,0.869,0.618,0.246,0.087
42.400000000000006,3.476,2.512,1.031,0.869,0.618,0.247,0.087
42.5,3.511,2.544,1.043,0.869,0.619,0.247,0.088
42.6,3.479,2.514,1.032,0.87,0.618,0.246,0.087
42.7,3.467,2.502,1.028,0.87,0.618,0.247,0.087
42.800000000000004,3.462,2.498,1.026,0.869,0.618,0.246,0.087
42.900000000000006,3.46,2.496,1.025,0.869,0.617,0.246,0.087
43.0,3.459,2.495,1.025,0.869,0.618,0.246,0.087
43.1,3.458,2.495,1.025,0.87,0.618,0.246,0.087
43.2,3.458,2.494,1.025,0.87,0.618,0.246,0.087
43.300000000000004,3.458,2.494,1.025,0.869,0.618,0.246,0.088
43.400000000000006,3.458,2.494,1.025,0.869,0.618,0.246,0.087
43.5,3.458,2.494,1.025,0.869,0.618,0.246,0.087
43.6,3.458,2.494,1.025,0.869,0.618,0.246,0.087
43.7,3.458,2.494,1.025,0.869,0.618,0.247,0.087
43.800000000000004,3.458,2.494,1.025,0.869,0.618,0.247,0.087
43.900000000000006,3.458,2.494,1.025,0.869,0.618,0.247,0.087
44.0,3.458,2.494,1.025,0.869,0.618,0.246,0.087
44.1,3.368,2.41,0.995,0.869,0.618,0.247,0.087
44.2,3.513,2.547,1.044,0.869,0.618,0.246,0.087
44.300000000000004,3.48,2.515,1.032,0.869,0.617,0.247,0.087
44.400000000000006,3.467,2.503,1.028,0.868,0.617,0.246,0.087
44.5,3.462,2.498,1.026,0.869,0.618,0.247,0.087
44.6,3.46,2.496,1.025,0.87,0.618,0.246,0.087
44.7,3.459,2.495,1.025,0.87,0.618,0.247,0.087
44.800000000000004,3.458,2.495,1.025,0.87,0.618,0.247,0.087
44.900000000000006,3.504,2.537,1.04,0.869,0.617,0.246,0.087
45.0,3.476,2.512,1.031,0.87,0.618,0.247,0.087
45.1,3.466,2.501,1.027,0.87,0.618,0.247,0.087
45.2,3.461,2.497,1.026,0.869,0.618,0.247,0.087
45.300000000000004,3.459,2.495,1.025,0.87,0.618,0.247,0.087
45.400000000000006,3.459,2.495,1.025,0.869,0.618,0.246,0.087
45.5,3.413,2.452,1.01,0.87,0.618,0.247,0.086
45.6,3.44,2.477,1.019,0.87,0.618,0.247,0.087
45.7,3.451,2.488,1.023,0.87,0.618,0.247,0.088
45.800000000000004,3.455,2.492,1.024,0.871,0.618,0.247,0.087
45.900000000000006,3.457,2.493,1.025,0.87,0.618,0.247,0.086
46.0,3.458,2.494,1.025,0.87,0.619,0.247,0.087
46.1,3.458,2.494,1.025,0.869,0.618,0.247,0.087
46.2,3.458,2.494,1.025,0.869,0.618,0.247,0.087
46.300000000000004,3.458,2.494,1.025,0.869,0.619,0.247,0.087
46.400000000000006,3.458,2.494,1.025,0.87,0.619,0.247,0.087
46.5,3.458,2.494,1.025,0.87,0.618,0.247,0.087
46.6,3.458,2.494,1.025,0.87,0.618,0.247,0.087
46.7,3.458,2.494,1.025,0.87,0.618,0.247,0.087
46.800000000000004,3.504,2.537,1.04,0.87,0.618,0.247,0.087
46.900000000000006,3.476,2.512,1.031,0.87,0.618,0.247,0.087
47.0,3.465,2.501,1.027,0.869,0.619,0.248,0.087
47.1,3.461,2.497,1.026,0.869,0.619,0.248,0.087
47.2,3.459,2.495,1.025,0.87,0.618,0.247,0.087
47.300000000000004,3.459,2.495,1.025,0.87,0.619,0.247,0.087
47.400000000000006,3.458,2.495,1.025,0.87,0.618,0.247,0.087
47.5,3.458,2.494,1.025,0.869,0.618,0.248,0.087
47.6,3.458,2.494,1.025,0.869,0.618,0.248,0.088
47.7,3.458,2.494,1.025,0.868,0.618,0.247,0.087
47.800000000000004,3.323,2.368,0.98,0.869,0.618,0.247,0.087
47.900000000000006,3.404,2.444,1.007,0.869,0.618,0.247,0.087
48.0,3.437,2.474,1.018,0.87,0.618,0.247,0.087
48.1,3.45,2.486,1.022,0.869,0.618,0.248,0.087
48.2,3.455,2.491,1.024,0.869,0.618,0.248,0.087
48.300000000000004,3.457,2.493,1.024,0.869,0.619,0.247,0.087
48.400000000000006,3.367,2.409,0.995,0.869,0.618,0.248,0.087
48.5,3.422,2.46,1.013,0.869,0.618,0.247,0.087
48.6,3.444,2.481,1.02,0.87,0.618,0.247,0.088
48.7,3.498,2.532,1.038,0.87,0.618,0.248,0.087
48.800000000000004,3.474,2.509,1.03,0.869,0.618,0.247,0.087
48.900000000000006,3.465,2.5,1.027,0.869,0.618,0.247,0.087
49.0,3.461,2.497,1.026,0.869,0.618,0.247,0.087
49.1,3.459,2.495,1.025,0.869,0.618,0.248,0.087
49.2,3.459,2.495,1.025,0.869,0.618,0.247,0.087
49.300000000000004,3.458,2.495,1.025,0.869,0.618,0.247,0.087
49.400000000000006,3.458,2.494,1.025,0.869,0.618,0.248,0.087
49.5,3.504,2.537,1.04,0.869,0.618,0.247,0.087
49.6,3.431,2.469,1.016,0.869,0.618,0.247,0.087
49.7,3.447,2.484,1.021,0.869,0.618,0.247,0.087
49.800000000000004,3.454,2.49,1.023,0.87,0.619,0.248,0.087
49.900000000000006,3.456,2.493,1.024,0.87,0.619,0.248,0.087
50.0,3.458,2.494,1.025,0.869,0.619,0.248,0.087
50.1,3.458,2.494,1.025,0.869,0.618,0.248,0.087
50.2,3.458,2.494,1.025,0.869,0.618,0.248,0.087
50.300000000000004,3.458,2.494,1.025,0.87,0.619,0.248,0.087
50.400000000000006,3.458,2.494,1.025,0.869,0.618,0.248,0.087
50.5,3.458,2.494,1.025,0.869,0.618,0.247,0.087
50.6,3.458,2.494,1.025,0.869,0.618,0.247,0.087
50.7,3.458,2.494,1.025,0.87,0.618,0.247,0.087
50.800000000000004,3.458,2.494,1.025,0.869,0.619,0.247,0.087
50.900000000000006,3.458,2.494,1.025,0.868,0.618,0.247,0.087
51.0,3.458,2.494,1.025,0.869,0.618,0.247,0.087
51.1,3.504,2.537,1.04,0.869,0.619,0.248,0.088
51.2,3.476,2.512,1.031,0.869,0.619,0.248,0.087
51.300000000000004,3.465,2.501,1.027,0.87,0.618,0.248,0.087
51.400000000000006,3.461,2.497,1.026,0.869,0.618,0.247,0.087
51.5,3.459,2.495,1.025,0.87,0.618,0.248,0.087
51.6,3.459,2.495,1.025,0.869,0.618,0.248,0.087
51.7,3.458,2.495,1.025,0.87,0.619,0.248,0.087
51.800000000000004,3.458,2.494,1.025,0.87,0.619,0.248,0.087
51.900000000000006,3.458,2.494,1.025,0.87,0.619,0.248,0.088
52.0,3.458,2.494,1.025,0.87,0.618,0.247,0.087
52.1,3.458,2.494,1.025,0.87,0.619,0.248,0.087
52.2,3.458,2.494,1.025,0.869,0.619,0.247,0.088
52.300000000000004,3.413,2.452,1.01,0.869,0.619,0.248,0.087
52.400000000000006,3.44,2.477,1.019,0.869,0.619,0.247,0.087
52.5,3.451,2.488,1.023,0.869,0.618,0.248,0.087
52.6,3.455,2.492,1.024,0.869,0.618,0.248,0.087
52.7,3.457,2.493,1.025,0.868,0.618,0.247,0.087
52.800000000000004,3.458,2.494,1.025,0.869,0.618,0.248,0.087
52.900000000000006,3.458,2.494,1.025,0.869,0.618,0.247,0.087
53.0,3.458,2.494,1.025,0.869,0.619,0.248,0.087
53.1,3.458,2.494,1.025,0.869,0.618,0.248,0.087
53.2,3.458,2.494,1.025,0.87,0.618,0.248,0.087
53.300000000000004,3.458,2.494,1.025,0.869,0.619,0.248,0.087
53.400000000000006,3.458,2.494,1.025,0.869,0.619,0.248,0.087
53.5,3.458,2.494,1.025,0.869,0.618,0.247,0.087
53.6,3.458,2.494,1.025,0.869,0.618,0.247,0.087
53.7,3.458,2.494,1.025,0.869,0.619,0.247,0.087
53.800000000000004,3.458,2.494,1.025,0.869,0.618,0.247,0.087
53.900000000000006,3.368,2.41,0.995,0.869,0.618,0.248,0.087
54.0,3.422,2.461,1.013,0.869,0.618,0.247,0.087
54.1,3.444,2.481,1.02,0.869,0.617,0.247,0.087
54.2,3.452,2.489,1.023,0.869,0.618,0.247,0.087
54.300000000000004,3.456,2.492,1.024,0.869,0.618,0.247,0.087
54.400000000000006,3.457,2.494,1.025,0.87,0.618,0.247,0.088
54.5,3.641,2.669,1.087,0.87,0.618,0.247,0.087
54.6,3.531,2.564,1.05,0.869,0.619,0.247,0.088
54.7,3.487,2.522,1.035,0.869,0.619,0.248,0.087
54.800000000000004,3.47,2.506,1.029,0.869,0.618,0.248,0.088
54.900000000000006,3.463,2.499,1.027,0.869,0.618,0.248,0.087
55.0,3.46,2.496,1.026,0.87,0.618,0.248,0.087
55.1,3.414,2.453,1.01,0.87,0.619,0.248,0.087
55.2,3.44,2.478,1.019,0.869,0.618,0.248,0.087
55.300000000000004,3.451,2.488,1.023,0.87,0.619,0.248,0.087
55.400000000000006,3.639,2.667,1.086,0.87,0.618,0.248,0.087
55.5,3.53,2.563,1.049,0.869,0.618,0.248,0.087
55.6,3.487,2.522,1.035,0.869,0.618,0.248,0.087
55.7,3.47,2.505,1.029,0.869,0.618,0.247,0.087
55.800000000000004,3.463,2.499,1.027,0.869,0.618,0.248,0.087
55.900000000000006,3.46,2.496,1.026,0.869,0.618,0.248,0.087
56.0,3.459,2.495,1.025,0.87,0.618,0.248,0.087
56.1,3.459,2.495,1.025,0.869,0.618,0.248,0.087
56.2,3.458,2.494,1.025,0.87,0.618,0.248,0.086
56.300000000000004,3.458,2.494,1.025,0.87,0.618,0.249,0.087
56.400000000000006,3.413,2.452,1.01,0.87,0.618,0.248,0.087
56.5,3.44,2.477,1.019,0.869,0.618,0.247,0.087
56.6,3.451,2.488,1.023,0.869,0.618,0.248,0.086
56.7,3.455,2.492,1.024,0.869,0.619,0.248,0.087
56.800000000000004,3.457,2.493,1.025,0.87,0.619,0.248,0.087
56.900000000000006,3.458,2.494,1.025,0.87,0.619,0.248,0.087
57.0,3.458,2.494,1.025,0.869,0.618,0.248,0.087
57.1,3.458,2.494,1.025,0.87,0.618,0.248,0.087
57.2,3.458,2.494,1.025,0.869,0.618,0.248,0.087
57.300000000000004,3.458,2.494,1.025,0.869,0.619,0.249,0.087
57.400000000000006,3.458,2.494,1.025,0.87,0.619,0.248,0.087
57.5,3.458,2.494,1.025,0.87,0.619,0.249,0.087
57.6,3.458,2.494,1.025,0.87,0.618,0.248,0.087
57.7,3.458,2.494,1.025,0.87,0.619,0.249,0.087
57.800000000000004,3.458,2.494,1.025,0.87,0.619,0.248,0.087
57.900000000000006,3.458,2.494,1.025,0.869,0.618,0.248,0.087
58.0,3.458,2.494,1.025,0.869,0.618,0.248,0.087
58.1,3.458,2.494,1.025,0.869,0.618,0.249,0.087
58.2,3.458,2.494,1.025,0.87,0.618,0.248,0.087
58.300000000000004,3.458,2.494,1.025,0.87,0.618,0.248,0.087
58.400000000000006,3.458,2.494,1.025,0.869,0.618,0.248,0.087
58.5,3.458,2.494,1.025,0.87,0.619,0.249,0.087
58.6,3.458,2.494,1.025,0.87,0.619,0.248,0.088
58.7,3.458,2.494,1.025,0.87,0.618,0.249,0.087
58.800000000000004,3.413,2.452,1.01,0.871,0.618,0.249,0.087
58.900000000000006,3.44,2.477,1.019,0.87,0.618,0.249,0.087
59.0,3.451,2.488,1.023,0.87,0.619,0.249,0.087
59.1,3.455,2.492,1.024,0.87,0.618,0.249,0.087
59.2,3.457,2.493,1.025,0.87,0.618,0.249,0.087
59.300000000000004,3.458,2.494,1.025,0.87,0.618,0.249,0.087
59.400000000000006,3.413,2.452,1.01,0.87,0.619,0.249,0.087
59.5,3.35,2.393,0.989,0.87,0.619,0.249,0.087
59.6,3.415,2.454,1.01,0.87,0.619,0.249,0.087
59.7,3.441,2.478,1.019,0.871,0.619,0.249,0.087
59.800000000000004,3.406,2.445,1.007,0.87,0.618,0.249,0.088
59.900000000000006,3.437,2.475,1.018,0.871,0.619,0.249,0.087
60.0,3.45,2.487,1.022,0.87,0.618,0.249,0.087
60.1,3.455,2.491,1.024,0.87,0.619,0.249,0.087
60.2,3.457,2.493,1.024,0.87,0.619,0.249,0.087
60.300000000000004,3.458,2.494,1.025,0.87,0.619,0.25,0.088
60.400000000000006,3.641,2.669,1.087,0.87,0.618,0.249,0.087
60.5,3.531,2.564,1.05,0.87,0.618,0.25,0.087
60.6,3.488,2.522,1.035,0.869,0.619,0.25,0.087
60.7,3.47,2.506,1.029,0.87,0.618,0.25,0.087
60.800000000000004,3.463,2.499,1.027,0.87,0.619,0.249,0.088
60.900000000000006,3.46,2.496,1.026,0.869,0.619,0.249,0.087
61.0,3.459,2.495,1.025,0.87,0.618,0.25,0.087
61.1,3.459,2.495,1.025,0.871,0.619,0.25,0.087
61.2,3.458,2.494,1.025,0.87,0.618,0.249,0.088
61.300000000000004,3.458,2.494,1.025,0.871,0.619,0.25,0.087
61.400000000000006,3.458,2.494,1.025,0.871,0.619,0.25,0.088
61.5,3.413,2.452,1.01,0.87,0.619,0.25,0.087
61.6,3.44,2.477,1.019,0.87,0.62,0.25,0.087
61.7,3.451,2.488,1.023,0.871,0.619,0.25,0.087
61.800000000000004,3.455,2.492,1.024,0.87,0.618,0.25,0.087
61.900000000000006,3.457,2.493,1.025,0.871,0.619,0.25,0.088
62.0,3.458,2.494,1.025,0.871,0.62,0.25,0.087
62.1,3.458,2.494,1.025,0.871,0.619,0.249,0.087
62.2,3.458,2.494,1.025,0.87,0.619,0.25,0.088
62.300000000000004,3.458,2.494,1.025,0.872,0.618,0.25,0.088
62.400000000000006,3.458,2.494,1.025,0.871,0.618,0.25,0.087
62.5,3.458,2.494,1.025,0.871,0.619,0.25,0.088
62.6,3.458,2.494,1.025,0.87,0.619,0.25,0.087
62.7,3.458,2.494,1.025,0.871,0.619,0.25,0.087
62.800000000000004,3.282,2.367,0.973,0.826,0.587,0.237,0.083
62.900000000000006,3.141,2.266,0.931,0.791,0.562,0.227,0.079
63.0,3.028,2.184,0.898,0.763,0.542,0.219,0.076
63.1,2.938,2.119,0.871,0.74,0.526,0.213,0.074
63.2,2.855,2.057,0.846,0.722,0.513,0.207,0.072
63.300000000000004,2.8,2.018,0.83,0.707,0.502,0.203,0.071
63.400000000000006,2.756,1.986,0.817,0.696,0.494,0.2,0.07
63.5,2.721,1.961,0.806,0.687,0.488,0.197,0.069
63.6,2.681,1.931,0.794,0.679,0.483,0.195,0.068
63.7,2.661,1.917,0.788,0.674,0.478,0.193,0.067
63.800000000000004,2.645,1.906,0.784,0.669,0.475,0.192,0.067
63.900000000000006,2.632,1.897,0.78,0.665,0.472,0.191,0.066
64.0,2.61,1.879,0.773,0.662,0.47,0.19,0.066
64.10000000000001,2.604,1.875,0.771,0.659,0.469,0.189,0.066
64.2,2.588,1.862,0.766,0.657,0.467,0.189,0.066
64.3,2.576,1.851,0.762,0.656,0.466,0.188,0.066
64.4,2.577,1.853,0.763,0.654,0.465,0.188,0.065
64.5,2.566,1.844,0.759,0.653,0.465,0.187,0.065
64.60000000000001,2.558,1.837,0.757,0.652,0.464,0.187,0.065
64.7,2.551,1.831,0.755,0.652,0.463,0.187,0.065
64.8,2.546,1.827,0.753,0.651,0.463,0.187,0.065
64.9,2.541,1.823,0.751,0.651,0.463,0.187,0.065
65.0,2.527,1.81,0.747,0.65,0.463,0.187,0.065
65.10000000000001,2.526,1.809,0.746,0.65,0.462,0.186,0.065
65.2,2.526,1.809,0.746,0.65,0.462,0.186,0.065
65.3,2.526,1.809,0.746,0.649,0.462,0.186,0.065
65.4,2.514,1.799,0.742,0.649,0.462,0.186,0.065
65.5,2.516,1.801,0.743,0.649,0.462,0.186,0.065
65.60000000000001,2.518,1.802,0.744,0.648,0.462,0.186,0.065
65.7,2.519,1.803,0.744,0.648,0.462,0.185,0.065
65.8,2.52,1.804,0.745,0.648,0.462,0.185,0.065
65.9,2.521,1.805,0.745,0.647,0.462,0.185,0.065
66.0,2.522,1.806,0.745,0.647,0.462,0.185,0.065
66.10000000000001,2.522,1.806,0.745,0.647,0.462,0.185,0.065
66.2,2.523,1.807,0.745,0.646,0.462,0.185,0.064
66.3,2.523,1.807,0.746,0.646,0.462,0.184,0.065
66.4,2.523,1.808,0.746,0.646,0.462,0.184,0.065
66.5,2.524,1.808,0.746,0.646,0.461,0.184,0.065
66.60000000000001,2.524,1.808,0.746,0.645,0.461,0.184,0.064
66.7,2.513,1.798,0.742,0.645,0.461,0.184,0.064
66.8,2.515,1.8,0.743,0.645,0.461,0.184,0.065
66.9,2.517,1.802,0.743,0.645,0.461,0.183,0.064
67.0,2.518,1.803,0.744,0.644,0.461,0.183,0.064
67.10000000000001,2.52,1.804,0.744,0.644,0.461,0.183,0.065
67.2,2.521,1.805,0.745,0.643,0.461,0.183,0.064
67.3,2.533,1.816,0.749,0.643,0.461,0.183,0.064
67.4,2.542,1.825,0.752,0.643,0.461,0.183,0.064
67.5,2.539,1.822,0.751,0.643,0.461,0.182,0.064
67.60000000000001,2.547,1.83,0.754,0.642,0.461,0.182,0.064
67.7,2.554,1.836,0.756,0.642,0.461,0.182,0.064
67.8,2.548,1.831,0.754,0.642,0.461,0.182,0.064
67.9,2.555,1.837,0.756,0.642,0.461,0.182,0.064
68.0,2.549,1.831,0.754,0.642,0.461,0.182,0.065
68.10000000000001,2.544,1.827,0.752,0.642,0.461,0.182,0.064
68.2,2.54,1.823,0.751,0.641,0.461,0.182,0.065
68.3,2.537,1.82,0.75,0.641,0.461,0.182,0.065
68.4,2.546,1.828,0.753,0.641,0.461,0.182,0.065
68.5,2.541,1.824,0.752,0.641,0.461,0.181,0.065
68.60000000000001,2.538,1.821,0.751,0.64,0.461,0.181,0.065
68.7,2.547,1.829,0.753,0.64,0.461,0.181,0.065
68.8,2.553,1.836,0.756,0.64,0.461,0.181,0.065
68.9,2.563,1.845,0.759,0.64,0.461,0.181,0.065
69.0,2.59,1.87,0.768,0.64,0.461,0.18,0.065
69.10000000000001,2.588,1.868,0.767,0.64,0.461,0.18,0.065
69.2,2.586,1.867,0.767,0.64,0.461,0.18,0.065
69.3,2.585,1.866,0.766,0.639,0.461,0.18,0.065
69.4,2.584,1.865,0.766,0.639,0.461,0.18,0.065
69.5,2.595,1.875,0.77,0.639,0.461,0.18,0.065
69.60000000000001,2.592,1.872,0.769,0.639,0.461,0.18,0.065
69.7,2.59,1.87,0.768,0.639,0.461,0.179,0.065
69.8,2.588,1.868,0.767,0.639,0.461,0.179,0.065
69.9,2.587,1.867,0.767,0.638,0.461,0.179,0.065
70.0,2.585,1.866,0.766,0.638,0.461,0.179,0.065
70.10000000000001,2.562,1.844,0.759,0.638,0.461,0.179,0.065
70.2,2.559,1.841,0.758,0.64,0.461,0.181,0.065
70.3,2.566,1.847,0.76,0.638,0.46,0.178,0.065
70.4,2.569,1.85,0.761,0.637,0.46,0.178,0.065
70.5,2.583,1.863,0.765,0.637,0.46,0.178,0.065
70.60000000000001,2.582,1.863,0.765,0.637,0.46,0.178,0.065
70.7,2.582,1.863,0.765,0.637,0.46,0.178,0.065
70.8,2.582,1.862,0.765,0.637,0.46,0.177,0.065
70.9,2.581,1.862,0.765,0.637,0.46,0.177,0.065
71.0,2.581,1.862,0.765,0.637,0.46,0.177,0.065
71.10000000000001,2.581,1.862,0.765,0.637,0.46,0.177,0.065
71.2,2.581,1.862,0.765,0.637,0.46,0.177,0.065
71.3,2.592,1.873,0.769,0.637,0.46,0.177,0.065
71.4,2.59,1.87,0.768,0.636,0.46,0.177,0.065
71.5,2.588,1.869,0.767,0.636,0.46,0.177,0.065
71.60000000000001,2.598,1.878,0.771,0.636,0.46,0.176,0.065
71.7,2.583,1.864,0.766,0.636,0.46,0.176,0.065
71.8,2.583,1.863,0.766,0.636,0.461,0.176,0.065
71.9,2.582,1.863,0.765,0.635,0.461,0.176,0.065
72.0,2.582,1.863,0.765,0.636,0.461,0.176,0.065
72.10000000000001,2.582,1.862,0.765,0.635,0.46,0.176,0.065
72.2,2.582,1.862,0.765,0.635,0.46,0.175,0.065
72.3,2.581,1.862,0.765,0.635,0.46,0.175,0.065
72.4,2.581,1.862,0.765,0.636,0.46,0.175,0.065
72.5,2.581,1.862,0.765,0.635,0.46,0.175,0.065
72.60000000000001,2.581,1.862,0.765,0.635,0.46,0.175,0.065
72.7,2.592,1.872,0.769,0.635,0.46,0.175,0.065
72.8,2.59,1.87,0.768,0.635,0.46,0.175,0.065
72.9,2.588,1.869,0.767,0.635,0.46,0.174,0.065
73.0,2.587,1.867,0.767,0.634,0.46,0.174,0.065
73.10000000000001,2.585,1.866,0.766,0.634,0.46,0.174,0.066
73.2,2.585,1.865,0.766,0.634,0.46,0.174,0.065
73.3,2.584,1.864,0.766,0.634,0.46,0.173,0.066
73.4,2.583,1.864,0.766,0.634,0.461,0.173,0.065
73.5,2.583,1.863,0.766,0.634,0.46,0.173,0.065
73.60000000000001,2.582,1.863,0.765,0.633,0.46,0.173,0.065
73.7,2.582,1.863,0.765,0.633,0.461,0.172,0.066
73.8,2.582,1.862,0.765,0.633,0.461,0.172,0.066
73.9,2.582,1.862,0.765,0.632,0.461,0.172,0.066
74.0,2.581,1.862,0.765,0.632,0.461,0.172,0.065
74.10000000000001,2.581,1.862,0.765,0.632,0.46,0.172,0.065
74.2,2.581,1.862,0.765,0.632,0.46,0.172,0.066
74.3,2.581,1.862,0.765,0.631,0.46,0.171,0.066
74.4,2.581,1.862,0.765,0.631,0.46,0.171,0.066
74.5,2.581,1.862,0.765,0.631,0.46,0.171,0.066
74.60000000000001,2.581,1.862,0.765,0.631,0.46,0.171,0.066
74.7,2.581,1.862,0.765,0.631,0.46,0.171,0.066
74.8,2.581,1.862,0.765,0.631,0.46,0.17,0.066
74.9,2.581,1.862,0.765,0.631,0.46,0.17,0.066
75.0,2.581,1.862,0.765,0.63,0.46,0.17,0.066
75.10000000000001,2.581,1.862,0.765,0.63,0.46,0.17,0.065
75.2,2.581,1.862,0.765,0.629,0.46,0.17,0.065
75.3,2.569,1.851,0.761,0.629,0.46,0.169,0.065
75.4,2.572,1.853,0.762,0.629,0.46,0.169,0.066
75.5,2.562,1.844,0.759,0.628,0.46,0.169,0.065
75.60000000000001,2.566,1.848,0.76,0.628,0.46,0.168,0.065
75.7,2.569,1.85,0.761,0.628,0.46,0.168,0.066
75.8,2.571,1.853,0.762,0.627,0.46,0.168,0.066
75.9,2.573,1.854,0.762,0.627,0.46,0.168,0.066
76.0,2.575,1.856,0.763,0.627,0.46,0.167,0.066
76.10000000000001,2.576,1.857,0.763,0.627,0.46,0.167,0.066
76.2,2.577,1.858,0.764,0.626,0.46,0.167,0.066
76.3,2.578,1.859,0.764,0.626,0.46,0.166,0.066
76.4,2.578,1.859,0.764,0.626,0.46,0.166,0.066
76.5,2.59,1.87,0.768,0.626,0.459,0.166,0.066
76.60000000000001,2.588,1.869,0.767,0.626,0.459,0.166,0.066
76.7,2.598,1.878,0.771,0.626,0.459,0.166,0.066
76.80000000000001,2.606,1.885,0.773,0.627,0.46,0.166,0.066
76.9,2.612,1.891,0.775,0.627,0.46,0.166,0.067
77.0,2.606,1.885,0.773,0.627,0.459,0.166,0.067
77.10000000000001,2.612,1.891,0.775,0.628,0.46,0.166,0.067
77.2,2.617,1.896,0.777,0.628,0.459,0.166,0.067
77.30000000000001,2.621,1.9,0.779,0.628,0.459,0.166,0.067
77.4,2.613,1.892,0.776,0.628,0.46,0.166,0.067
77.5,2.629,1.908,0.781,0.629,0.459,0.166,0.067
77.60000000000001,2.642,1.92,0.786,0.629,0.459,0.166,0.067
77.7,2.641,1.919,0.785,0.629,0.459,0.166,0.067
77.80000000000001,2.641,1.918,0.785,0.629,0.459,0.166,0.067
77.9,2.64,1.918,0.785,0.63,0.46,0.166,0.067
78.0,2.628,1.906,0.781,0.63,0.46,0.166,0.067
78.10000000000001,2.653,1.93,0.789,0.63,0.46,0.166,0.067
78.2,2.65,1.927,0.788,0.63,0.459,0.166,0.067
78.30000000000001,2.647,1.925,0.787,0.63,0.46,0.166,0.067
78.4,2.645,1.923,0.787,0.631,0.46,0.166,0.067
78.5,2.644,1.921,0.786,0.631,0.46,0.167,0.067
78.60000000000001,2.642,1.92,0.786,0.631,0.46,0.167,0.067
78.7,2.653,1.93,0.789,0.632,0.46,0.167,0.067
78.80000000000001,2.661,1.938,0.792,0.632,0.46,0.167,0.067
78.9,2.656,1.933,0.79,0.632,0.46,0.167,0.067
79.0,2.653,1.929,0.789,0.632,0.46,0.167,0.067
79.10000000000001,2.649,1.927,0.788,0.632,0.46,0.167,0.067
79.2,2.647,1.924,0.787,0.632,0.459,0.167,0.067
79.30000000000001,2.645,1.922,0.787,0.632,0.46,0.167,0.067
79.4,2.644,1.921,0.786,0.632,0.46,0.167,0.067
79.5,2.642,1.92,0.786,0.632,0.46,0.167,0.067
79.60000000000001,2.641,1.919,0.785,0.632,0.46,0.167,0.067
79.7,2.64,1.918,0.785,0.632,0.459,0.167,0.067
79.80000000000001,2.64,1.917,0.785,0.632,0.459,0.167,0.067
79.9,2.639,1.917,0.785,0.632,0.459,0.167,0.067
80.0,2.628,1.906,0.781,0.633,0.46,0.167,0.067
80.10000000000001,2.618,1.897,0.777,0.632,0.459,0.167,0.067
80.2,2.622,1.901,0.779,0.632,0.459,0.167,0.067
80.30000000000001,2.625,1.903,0.78,0.632,0.46,0.167,0.067
80.4,2.616,1.895,0.777,0.632,0.46,0.167,0.067
80.5,2.609,1.888,0.774,0.632,0.46,0.167,0.067
80.60000000000001,2.615,1.894,0.776,0.632,0.46,0.166,0.067
80.7,2.608,1.887,0.774,0.632,0.46,0.166,0.067
80.80000000000001,2.614,1.893,0.776,0.632,0.46,0.166,0.067
80.9,2.607,1.886,0.774,0.631,0.46,0.166,0.067
81.0,2.613,1.892,0.776,0.631,0.46,0.166,0.067
81.10000000000001,2.607,1.886,0.774,0.631,0.46,0.166,0.067
81.2,2.613,1.892,0.776,0.631,0.46,0.166,0.067
81.30000000000001,2.606,1.886,0.774,0.631,0.46,0.166,0.067
81.4,2.613,1.892,0.776,0.63,0.46,0.165,0.067
81.5,2.606,1.886,0.773,0.63,0.46,0.165,0.067
81.60000000000001,2.612,1.891,0.776,0.629,0.46,0.165,0.067
81.7,2.606,1.885,0.773,0.629,0.46,0.165,0.067
81.80000000000001,2.601,1.881,0.772,0.629,0.46,0.165,0.067
81.9,2.608,1.888,0.774,0.629,0.46,0.165,0.067
82.0,2.614,1.893,0.776,0.629,0.459,0.165,0.067
82.10000000000001,2.619,1.897,0.778,0.629,0.459,0.165,0.067
82.2,2.611,1.89,0.775,0.628,0.459,0.164,0.067
82.30000000000001,2.605,1.884,0.773,0.628,0.459,0.164,0.067
82.4,2.6,1.88,0.771,0.628,0.459,0.164,0.067
82.5,2.608,1.887,0.774,0.628,0.459,0.164,0.067
82.60000000000001,2.602,1.882,0.772,0.628,0.459,0.164,0.067
82.7,2.609,1.888,0.774,0.628,0.459,0.164,0.067
82.80000000000001,2.615,1.894,0.776,0.628,0.459,0.164,0.067
82.9,2.631,1.909,0.782,0.628,0.459,0.163,0.067
83.0,2.644,1.921,0.786,0.628,0.459,0.163,0.067
83.10000000000001,2.642,1.92,0.786,0.628,0.459,0.163,0.067
83.2,2.63,1.908,0.781,0.628,0.459,0.163,0.067
83.30000000000001,2.631,1.909,0.782,0.628,0.459,0.163,0.067
83.4,2.633,1.911,0.782,0.628,0.459,0.163,0.067
83.5,2.634,1.911,0.783,0.629,0.459,0.163,0.067
83.60000000000001,2.634,1.912,0.783,0.629,0.459,0.163,0.067
83.7,2.635,1.913,0.783,0.629,0.459,0.163,0.067
83.80000000000001,2.635,1.913,0.783,0.63,0.459,0.163,0.067
83.9,2.624,1.903,0.78,0.63,0.459,0.164,0.067
84.0,2.627,1.905,0.78,0.63,0.459,0.164,0.067
84.10000000000001,2.618,1.896,0.777,0.63,0.459,0.164,0.067
84.2,2.633,1.911,0.782,0.63,0.459,0.164,0.067
84.30000000000001,2.623,1.901,0.779,0.63,0.459,0.164,0.067
84.4,2.626,1.904,0.78,0.63,0.459,0.164,0.067
84.5,2.628,1.906,0.781,0.63,0.459,0.164,0.067
84.60000000000001,2.63,1.908,0.781,0.63,0.459,0.164,0.068
84.7,2.62,1.899,0.778,0.63,0.459,0.164,0.067
84.80000000000001,2.623,1.902,0.779,0.63,0.459,0.164,0.068
84.9,2.615,1.894,0.776,0.63,0.459,0.164,0.067
85.0,2.608,1.887,0.774,0.63,0.459,0.164,0.067
85.10000000000001,2.614,1.893,0.776,0.629,0.459,0.164,0.067
85.2,2.607,1.887,0.774,0.629,0.459,0.164,0.067
85.30000000000001,2.613,1.892,0.776,0.629,0.459,0.163,0.067
85.4,2.618,1.897,0.777,0.628,0.458,0.163,0.067
85.5,2.622,1.9,0.779,0.629,0.458,0.163,0.067
85.60000000000001,2.625,1.903,0.78,0.629,0.458,0.163,0.067
85.7,2.616,1.895,0.777,0.628,0.458,0.163,0.067
85.80000000000001,2.62,1.899,0.778,0.628,0.458,0.163,0.067
85.9,2.624,1.902,0.779,0.628,0.458,0.163,0.067
86.0,2.638,1.916,0.784,0.628,0.459,0.163,0.067
86.10000000000001,2.638,1.916,0.784,0.628,0.458,0.163,0.067
86.2,2.626,1.905,0.78,0.628,0.458,0.163,0.067
86.30000000000001,2.629,1.907,0.781,0.627,0.458,0.162,0.067
86.4,2.63,1.908,0.782,0.627,0.458,0.162,0.067
86.5,2.632,1.91,0.782,0.627,0.458,0.162,0.067
86.60000000000001,2.633,1.911,0.782,0.626,0.458,0.162,0.067
86.7,2.622,1.901,0.779,0.626,0.458,0.162,0.067
86.80000000000001,2.625,1.904,0.78,0.626,0.458,0.162,0.067
86.9,2.628,1.906,0.781,0.626,0.458,0.161,0.067
87.0,2.63,1.908,0.781,0.625,0.458,0.161,0.067
87.10000000000001,2.631,1.909,0.782,0.625,0.458,0.161,0.067
87.2,2.632,1.91,0.782,0.625,0.458,0.161,0.067
87.30000000000001,2.633,1.911,0.783,0.625,0.458,0.161,0.067
87.4,2.634,1.912,0.783,0.625,0.458,0.161,0.067
87.5,2.635,1.913,0.783,0.625,0.458,0.16,0.067
87.60000000000001,2.635,1.913,0.783,0.624,0.458,0.16,0.067
87.7,2.636,1.913,0.783,0.624,0.458,0.16,0.067
87.80000000000001,2.625,1.903,0.78,0.624,0.458,0.16,0.067
87.9,2.627,1.905,0.781,0.624,0.458,0.16,0.067
88.0,2.629,1.907,0.781,0.624,0.458,0.159,0.067
88.10000000000001,2.631,1.909,0.782,0.623,0.458,0.159,0.067
88.2,2.632,1.91,0.782,0.623,0.458,0.159,0.067
88.30000000000001,2.633,1.911,0.783,0.623,0.458,0.159,0.067
88.4,2.634,1.912,0.783,0.623,0.458,0.159,0.067
88.5,2.635,1.913,0.783,0.623,0.458,0.159,0.067
88.60000000000001,2.635,1.913,0.783,0.622,0.458,0.159,0.068
88.7,2.636,1.913,0.783,0.622,0.458,0.158,0.067
88.80000000000001,2.636,1.914,0.783,0.622,0.458,0.158,0.067
88.9,2.636,1.914,0.784,0.622,0.458,0.158,0.067
89.0,2.636,1.914,0.784,0.623,0.458,0.158,0.067
89.10000000000001,2.637,1.914,0.784,0.623,0.458,0.158,0.068
89.2,2.637,1.914,0.784,0.624,0.458,0.158,0.068
89.30000000000001,2.637,1.915,0.784,0.624,0.458,0.159,0.068
89.4,2.637,1.915,0.784,0.625,0.458,0.159,0.068
89.5,2.626,1.904,0.78,0.625,0.458,0.159,0.068
89.60000000000001,2.628,1.906,0.781,0.626,0.458,0.159,0.069
89.7,2.63,1.908,0.781,0.626,0.458,0.159,0.069
89.80000000000001,2.631,1.909,0.782,0.626,0.458,0.159,0.069
89.9,2.621,1.9,0.778,0.627,0.458,0.159,0.069
90.0,2.624,1.903,0.78,0.627,0.458,0.159,0.069
90.10000000000001,2.627,1.905,0.78,0.627,0.458,0.16,0.068
90.2,2.629,1.907,0.781,0.627,0.458,0.16,0.068
90.30000000000001,2.642,1.92,0.786,0.627,0.458,0.16,0.068
90.4,2.653,1.93,0.789,0.627,0.458,0.16,0.068
90.5,2.661,1.938,0.792,0.627,0.458,0.16,0.068
90.60000000000001,2.668,1.944,0.794,0.627,0.458,0.16,0.068
90.7,2.673,1.949,0.796,0.627,0.458,0.16,0.068
90.80000000000001,2.677,1.953,0.797,0.628,0.458,0.16,0.068
90.9,2.681,1.956,0.799,0.628,0.458,0.16,0.068
91.0,2.661,1.937,0.792,0.628,0.458,0.16,0.068
91.10000000000001,2.667,1.944,0.794,0.629,0.458,0.16,0.068
91.2,2.661,1.938,0.792,0.629,0.458,0.16,0.068
91.30000000000001,2.656,1.933,0.79,0.63,0.458,0.161,0.068
91.4,2.676,1.952,0.797,0.63,0.458,0.161,0.068
91.5,2.714,1.988,0.81,0.63,0.458,0.161,0.068
91.60000000000001,2.699,1.974,0.805,0.63,0.458,0.161,0.068
91.7,2.686,1.962,0.8,0.63,0.458,0.161,0.068
91.80000000000001,2.676,1.952,0.797,0.63,0.458,0.161,0.068
91.9,2.68,1.956,0.798,0.63,0.458,0.161,0.068
92.0,2.671,1.948,0.795,0.63,0.458,0.161,0.068
92.10000000000001,2.665,1.941,0.793,0.63,0.458,0.161,0.068
92.2,3.186,2.316,0.948,0.758,0.552,0.193,0.082
92.30000000000001,3.395,2.466,1.009,0.81,0.589,0.206,0.087
92.4,3.478,2.526,1.034,0.83,0.604,0.212,0.09
92.5,3.512,2.55,1.044,0.838,0.609,0.214,0.09
92.60000000000001,3.525,2.56,1.048,0.841,0.612,0.214,0.09
92.7,3.53,2.564,1.049,0.842,0.613,0.215,0.091
92.80000000000001,3.533,2.565,1.05,0.843,0.613,0.215,0.09
92.9,3.533,2.566,1.05,0.843,0.614,0.214,0.091
93.0,3.534,2.566,1.05,0.842,0.614,0.215,0.091
93.10000000000001,3.534,2.566,1.05,0.843,0.614,0.215,0.09
93.2,3.534,2.566,1.05,0.842,0.613,0.214,0.091
93.30000000000001,3.534,2.566,1.05,0.842,0.614,0.214,0.09
93.4,3.534,2.566,1.05,0.841,0.614,0.214,0.091
93.5,3.534,2.566,1.05,0.841,0.614,0.214,0.09
93.60000000000001,3.534,2.566,1.05,0.84,0.613,0.214,0.09
93.7,3.534,2.566,1.05,0.84,0.614,0.214,0.09
93.80000000000001,3.534,2.566,1.05,0.84,0.613,0.213,0.09
93.9,3.534,2.566,1.05,0.839,0.613,0.213,0.091
94.0,3.534,2.566,1.05,0.839,0.613,0.213,0.09
94.10000000000001,3.534,2.566,1.05,0.839,0.614,0.213,0.09
94.2,3.534,2.566,1.05,0.838,0.613,0.212,0.091
94.30000000000001,3.534,2.566,1.05,0.838,0.613,0.212,0.09
94.4,3.398,2.439,1.005,0.837,0.613,0.212,0.09
94.5,3.48,2.515,1.032,0.838,0.613,0.212,0.09
94.60000000000001,3.697,2.723,1.106,0.838,0.613,0.212,0.091
94.7,3.599,2.629,1.072,0.838,0.613,0.212,0.09
94.80000000000001,3.515,2.548,1.044,0.838,0.613,0.213,0.09
94.9,3.526,2.559,1.048,0.838,0.612,0.212,0.091
95.0,3.485,2.52,1.034,0.838,0.613,0.213,0.09
95.10000000000001,3.699,2.725,1.106,0.838,0.613,0.212,0.09
95.2,3.554,2.587,1.058,0.839,0.613,0.212,0.091
95.30000000000001,3.726,2.752,1.116,0.839,0.613,0.213,0.091
95.4,3.611,2.64,1.077,0.84,0.613,0.213,0.092
95.5,3.565,2.596,1.061,0.841,0.613,0.214,0.091
95.60000000000001,3.546,2.578,1.055,0.841,0.613,0.214,0.09
95.7,3.539,2.571,1.052,0.842,0.613,0.213,0.091
95.80000000000001,3.536,2.568,1.051,0.842,0.613,0.214,0.091
95.9,3.535,2.567,1.051,0.843,0.614,0.214,0.091
96.0,3.58,2.61,1.066,0.843,0.613,0.214,0.091
96.10000000000001,3.552,2.584,1.057,0.843,0.613,0.214,0.091
96.2,3.587,2.617,1.068,0.843,0.614,0.214,0.09
96.30000000000001,3.555,2.586,1.058,0.844,0.613,0.215,0.091
96.4,3.588,2.618,1.069,0.844,0.613,0.214,0.091
96.5,3.556,2.587,1.058,0.843,0.613,0.214,0.091
96.60000000000001,3.543,2.574,1.053,0.844,0.613,0.215,0.09
96.7,3.492,2.526,1.036,0.844,0.612,0.215,0.09
96.80000000000001,3.517,2.55,1.045,0.845,0.612,0.215,0.09
96.9,3.527,2.56,1.048,0.845,0.613,0.215,0.09
97.0,3.531,2.564,1.05,0.844,0.613,0.215,0.09
97.10000000000001,3.533,2.565,1.05,0.844,0.613,0.215,0.089
97.2,3.534,2.566,1.05,0.845,0.613,0.216,0.09
97.30000000000001,3.534,2.566,1.05,0.845,0.612,0.215,0.09
97.4,3.534,2.566,1.05,0.845,0.613,0.215,0.09
97.5,3.534,2.566,1.05,0.846,0.613,0.216,0.09
97.60000000000001,3.534,2.566,1.05,0.845,0.613,0.216,0.09
97.7,3.489,2.523,1.035,0.845,0.613,0.216,0.09
97.80000000000001,3.47,2.506,1.029,0.846,0.613,0.216,0.09
97.9,3.463,2.499,1.027,0.845,0.614,0.216,0.09
98.0,3.46,2.496,1.026,0.845,0.613,0.216,0.089
98.10000000000001,3.459,2.495,1.025,0.846,0.613,0.216,0.09
98.2,3.504,2.538,1.04,0.845,0.613,0.216,0.089
98.30000000000001,3.477,2.512,1.031,0.845,0.614,0.216,0.089
98.4,3.466,2.501,1.027,0.846,0.613,0.216,0.09
98.5,3.461,2.497,1.026,0.845,0.613,0.216,0.089
98.60000000000001,3.459,2.495,1.025,0.846,0.614,0.216,0.089
98.7,3.459,2.495,1.025,0.846,0.613,0.215,0.089
98.80000000000001,3.458,2.495,1.025,0.845,0.613,0.216,0.089
98.9,3.458,2.494,1.025,0.846,0.612,0.216,0.09
99.0,3.458,2.494,1.025,0.846,0.613,0.216,0.089
99.10000000000001,3.458,2.494,1.025,0.845,0.613,0.215,0.089
99.2,3.458,2.494,1.025,0.845,0.613,0.215,0.089
99.30000000000001,3.504,2.537,1.04,0.845,0.614,0.216,0.088
99.4,3.476,2.512,1.031,0.845,0.613,0.216,0.089
99.5,3.465,2.501,1.027,0.846,0.613,0.216,0.089
99.60000000000001,3.461,2.497,1.026,0.845,0.614,0.216,0.089
99.7,3.414,2.453,1.01,0.846,0.613,0.215,0.088
99.80000000000001,3.395,2.435,1.004,0.846,0.613,0.216,0.088
99.9,3.433,2.471,1.017,0.845,0.613,0.216,0.089
100.0,3.448,2.485,1.022,0.845,0.613,0.216,0.089
100.10000000000001,3.454,2.491,1.024,0.846,0.613,0.217,0.09
100.2,3.457,2.493,1.024,0.846,0.613,0.217,0.089
100.30000000000001,3.458,2.494,1.025,0.845,0.613,0.216,0.088
100.4,3.458,2.494,1.025,0.846,0.613,0.217,0.089
100.5,3.458,2.494,1.025,0.845,0.612,0.216,0.089
100.60000000000001,3.458,2.494,1.025,0.845,0.613,0.216,0.089
100.7,3.458,2.494,1.025,0.845,0.613,0.216,0.088
100.80000000000001,3.458,2.494,1.025,0.845,0.613,0.215,0.088
100.9,3.458,2.494,1.025,0.845,0.612,0.216,0.088
101.0,3.458,2.494,1.025,0.846,0.613,0.216,0.088
101.10000000000001,3.458,2.494,1.025,0.845,0.613,0.216,0.088
101.2,3.458,2.494,1.025,0.844,0.613,0.216,0.089
101.30000000000001,3.458,2.494,1.025,0.844,0.613,0.215,0.088
101.4,3.458,2.494,1.025,0.845,0.613,0.216,0.088
101.5,3.458,2.494,1.025,0.845,0.612,0.215,0.089
101.60000000000001,3.458,2.494,1.025,0.845,0.613,0.216,0.088
101.7,3.458,2.494,1.025,0.844,0.612,0.216,0.089
101.80000000000001,3.458,2.494,1.025,0.844,0.612,0.216,0.088
101.9,3.458,2.494,1.025,0.844,0.611,0.216,0.088
102.0,3.458,2.494,1.025,0.844,0.612,0.216,0.088
102.10000000000001,3.458,2.494,1.025,0.843,0.612,0.216,0.089
102.2,3.458,2.494,1.025,0.844,0.611,0.215,0.088
102.30000000000001,3.458,2.494,1.025,0.844,0.612,0.215,0.088
102.4,3.458,2.494,1.025,0.843,0.612,0.215,0.088
102.5,3.458,2.494,1.025,0.843,0.612,0.215,0.087
102.60000000000001,3.458,2.494,1.025,0.843,0.611,0.215,0.088
102.7,3.549,2.581,1.056,0.844,0.612,0.215,0.087
102.80000000000001,3.495,2.529,1.037,0.844,0.612,0.215,0.088
102.9,3.473,2.508,1.03,0.844,0.611,0.215,0.088
103.0,3.464,2.5,1.027,0.844,0.612,0.214,0.088
103.10000000000001,3.461,2.497,1.026,0.844,0.611,0.215,0.088
103.2,3.459,2.495,1.025,0.844,0.612,0.215,0.088
103.30000000000001,3.504,2.538,1.04,0.844,0.612,0.215,0.088
103.4,3.477,2.512,1.031,0.843,0.611,0.215,0.087
103.5,3.466,2.501,1.027,0.844,0.612,0.215,0.088
103.60000000000001,3.461,2.497,1.026,0.845,0.612,0.215,0.088
103.7,3.459,2.495,1.025,0.844,0.612,0.215,0.089
103.80000000000001,3.459,2.495,1.025,0.844,0.612,0.215,0.088
103.9,3.458,2.495,1.025,0.843,0.611,0.214,0.088
104.0,3.458,2.494,1.025,0.843,0.611,0.214,0.087
104.10000000000001,3.458,2.494,1.025,0.843,0.612,0.214,0.087
104.2,3.458,2.494,1.025,0.842,0.612,0.214,0.088
104.30000000000001,3.458,2.494,1.025,0.843,0.612,0.214,0.088
104.4,3.413,2.452,1.01,0.843,0.612,0.214,0.088
104.5,3.44,2.477,1.019,0.843,0.612,0.215,0.088
104.60000000000001,3.451,2.488,1.023,0.844,0.611,0.215,0.088
104.7,3.455,2.492,1.024,0.843,0.612,0.214,0.089
104.80000000000001,3.457,2.493,1.025,0.843,0.612,0.214,0.088
104.9,3.458,2.494,1.025,0.844,0.612,0.214,0.088
105.0,3.458,2.494,1.025,0.844,0.612,0.214,0.089
105.10000000000001,3.458,2.494,1.025,0.843,0.612,0.214,0.088
105.2,3.413,2.452,1.01,0.843,0.611,0.214,0.088
105.30000000000001,3.44,2.477,1.019,0.842,0.611,0.214,0.089
105.4,3.451,2.488,1.023,0.842,0.61,0.214,0.088
105.5,3.455,2.492,1.024,0.842,0.611,0.214,0.088
105.60000000000001,3.457,2.493,1.025,0.843,0.611,0.214,0.088
105.7,3.413,2.451,1.01,0.842,0.611,0.214,0.089
105.80000000000001,3.395,2.435,1.004,0.842,0.612,0.214,0.088
105.9,3.433,2.47,1.016,0.842,0.612,0.214,0.088
106.0,3.448,2.485,1.022,0.843,0.611,0.214,0.088
106.10000000000001,3.409,2.448,1.008,0.842,0.611,0.214,0.087
106.2,3.393,2.433,1.003,0.842,0.61,0.214,0.087
106.30000000000001,3.387,2.427,1.001,0.841,0.611,0.214,0.088
106.4,3.384,2.425,1,0.841,0.611,0.214,0.088
106.5,3.429,2.467,1.015,0.842,0.611,0.214,0.088
106.60000000000001,3.401,2.441,1.006,0.841,0.61,0.214,0.088
106.7,3.39,2.43,1.002,0.841,0.61,0.213,0.089
106.80000000000001,3.431,2.469,1.016,0.841,0.61,0.214,0.088
106.9,3.402,2.442,1.006,0.841,0.61,0.213,0.088
107.0,3.436,2.473,1.017,0.841,0.611,0.214,0.088
107.10000000000001,3.449,2.486,1.022,0.841,0.61,0.213,0.088
107.2,3.409,2.448,1.009,0.842,0.611,0.214,0.087
107.30000000000001,3.393,2.433,1.003,0.842,0.61,0.214,0.088
107.4,3.432,2.47,1.016,0.841,0.61,0.213,0.087
107.5,3.403,2.442,1.006,0.841,0.611,0.213,0.088
107.60000000000001,3.391,2.431,1.002,0.841,0.61,0.213,0.087
107.7,3.431,2.469,1.016,0.841,0.611,0.213,0.087
107.80000000000001,3.447,2.484,1.021,0.841,0.611,0.213,0.087
107.9,3.409,2.448,1.008,0.841,0.611,0.214,0.088
108.0,3.393,2.433,1.003,0.841,0.61,0.213,0.088
108.10000000000001,3.387,2.427,1.001,0.84,0.61,0.213,0.088
108.2,3.384,2.425,1,0.84,0.61,0.213,0.088
108.30000000000001,3.383,2.424,1,0.841,0.611,0.213,0.087
108.4,3.383,2.424,1,0.84,0.61,0.213,0.087
108.5,3.383,2.424,1,0.84,0.61,0.212,0.088
108.60000000000001,3.383,2.424,1,0.84,0.61,0.213,0.088
108.7,3.428,2.466,1.015,0.839,0.611,0.213,0.087
108.80000000000001,3.401,2.441,1.006,0.839,0.61,0.213,0.088
108.9,3.39,2.43,1.002,0.839,0.61,0.212,0.088
109.0,3.431,2.469,1.016,0.84,0.61,0.212,0.087
109.10000000000001,3.402,2.442,1.006,0.839,0.609,0.212,0.088
109.2,3.436,2.473,1.017,0.839,0.609,0.212,0.087
109.30000000000001,3.449,2.486,1.022,0.838,0.609,0.212,0.088
109.4,3.409,2.448,1.009,0.839,0.61,0.212,0.088
109.5,3.393,2.433,1.003,0.839,0.609,0.212,0.087
109.60000000000001,3.387,2.427,1.001,0.838,0.609,0.212,0.088
109.7,3.385,2.425,1,0.838,0.61,0.212,0.088
109.80000000000001,3.429,2.467,1.015,0.838,0.609,0.212,0.088
109.9,3.401,2.441,1.006,0.838,0.61,0.212,0.088
110.0,3.435,2.473,1.017,0.84,0.609,0.212,0.087
110.10000000000001,3.404,2.443,1.007,0.839,0.609,0.212,0.087
110.2,3.436,2.474,1.018,0.838,0.609,0.212,0.088
110.30000000000001,3.45,2.486,1.022,0.838,0.609,0.212,0.087
110.4,3.41,2.449,1.009,0.838,0.609,0.212,0.088
110.5,3.393,2.434,1.003,0.838,0.609,0.212,0.088
110.60000000000001,3.387,2.428,1.001,0.838,0.609,0.212,0.088
110.7,3.43,2.468,1.015,0.837,0.609,0.212,0.087
110.80000000000001,3.402,2.441,1.006,0.838,0.609,0.212,0.087
110.9,3.436,2.473,1.017,0.837,0.609,0.212,0.088
111.0,3.404,2.443,1.007,0.837,0.609,0.211,0.088
111.10000000000001,3.436,2.474,1.018,0.837,0.609,0.212,0.088
111.2,3.404,2.444,1.007,0.838,0.609,0.211,0.088
111.30000000000001,3.391,2.432,1.003,0.837,0.609,0.212,0.087
111.4,3.386,2.427,1.001,0.838,0.609,0.212,0.087
111.5,3.384,2.425,1,0.838,0.609,0.212,0.088
111.60000000000001,3.383,2.424,1,0.838,0.609,0.212,0.087
111.7,3.383,2.424,1,0.838,0.608,0.211,0.088
111.80000000000001,3.383,2.424,1,0.837,0.608,0.211,0.088
111.9,3.383,2.424,1,0.837,0.608,0.212,0.089
112.0,3.383,2.424,1,0.837,0.608,0.211,0.088
112.10000000000001,3.383,2.424,1,0.837,0.608,0.211,0.088
112.2,3.428,2.466,1.015,0.837,0.608,0.211,0.088
112.30000000000001,3.401,2.441,1.006,0.838,0.609,0.211,0.088
112.4,3.435,2.473,1.017,0.837,0.609,0.211,0.088
112.5,3.449,2.486,1.022,0.838,0.61,0.212,0.087
112.60000000000001,3.455,2.491,1.024,0.838,0.61,0.211,0.088
112.7,3.412,2.45,1.009,0.838,0.609,0.21,0.088
112.80000000000001,3.394,2.434,1.004,0.837,0.609,0.211,0.088
112.9,3.387,2.428,1.001,0.837,0.609,0.211,0.088
113.0,3.385,2.425,1,0.836,0.608,0.211,0.088
113.10000000000001,3.384,2.424,1,0.837,0.608,0.21,0.087
113.2,3.383,2.424,1,0.836,0.608,0.21,0.088
113.30000000000001,3.383,2.424,1,0.837,0.608,0.21,0.089
113.4,3.428,2.466,1.015,0.837,0.608,0.21,0.088
113.5,3.401,2.441,1.006,0.837,0.608,0.21,0.088
113.60000000000001,3.39,2.43,1.002,0.837,0.608,0.21,0.088
113.7,3.386,2.426,1.001,0.837,0.608,0.21,0.088
113.80000000000001,3.384,2.425,1,0.837,0.608,0.21,0.087
113.9,3.383,2.424,1,0.837,0.609,0.21,0.088
114.0,3.428,2.466,1.015,0.837,0.608,0.21,0.088
114.10000000000001,3.446,2.483,1.021,0.837,0.608,0.21,0.088
114.2,3.453,2.49,1.023,0.838,0.609,0.21,0.088
114.30000000000001,3.366,2.408,0.994,0.837,0.608,0.21,0.089
114.4,3.376,2.417,0.997,0.837,0.609,0.21,0.088
114.5,3.38,2.421,0.999,0.837,0.609,0.21,0.087
114.60000000000001,3.382,2.423,0.999,0.837,0.608,0.21,0.088
114.7,3.382,2.423,1,0.837,0.609,0.21,0.088
114.80000000000001,3.383,2.423,1,0.837,0.609,0.21,0.088
114.9,3.383,2.423,1,0.837,0.608,0.21,0.088
115.0,3.383,2.423,1,0.836,0.608,0.21,0.088
115.10000000000001,3.383,2.423,1,0.837,0.608,0.21,0.087
115.2,3.428,2.466,1.015,0.837,0.608,0.209,0.088
115.30000000000001,3.446,2.483,1.021,0.837,0.609,0.209,0.088
115.4,3.408,2.447,1.008,0.837,0.608,0.209,0.088
115.5,3.393,2.433,1.003,0.837,0.608,0.21,0.088
115.60000000000001,3.432,2.47,1.016,0.835,0.608,0.209,0.088
115.7,3.403,2.442,1.006,0.837,0.609,0.209,0.088
115.80000000000001,3.391,2.431,1.002,0.837,0.609,0.21,0.089
115.9,3.386,2.426,1.001,0.837,0.608,0.21,0.088
116.0,3.384,2.425,1,0.837,0.608,0.209,0.088
116.10000000000001,3.383,2.424,1,0.837,0.609,0.209,0.088
116.2,3.383,2.424,1,0.837,0.608,0.209,0.088
116.30000000000001,3.428,2.466,1.015,0.837,0.609,0.209,0.088
116.4,3.401,2.441,1.006,0.837,0.609,0.209,0.088
116.5,3.345,2.388,0.987,0.837,0.608,0.21,0.088
116.60000000000001,3.368,2.409,0.995,0.836,0.609,0.209,0.088
116.7,3.377,2.418,0.998,0.837,0.608,0.209,0.088
116.80000000000001,3.426,2.464,1.014,0.837,0.608,0.209,0.088
116.9,3.4,2.44,1.005,0.836,0.608,0.209,0.088
117.0,3.39,2.43,1.002,0.837,0.609,0.209,0.088
117.10000000000001,3.386,2.426,1.001,0.836,0.608,0.209,0.088
117.2,3.339,2.383,0.985,0.836,0.607,0.208,0.088
117.30000000000001,3.411,2.45,1.009,0.836,0.608,0.209,0.088
117.4,3.439,2.476,1.019,0.837,0.607,0.209,0.088
117.5,3.405,2.445,1.007,0.836,0.606,0.209,0.088
117.60000000000001,3.437,2.474,1.018,0.835,0.606,0.209,0.088
117.7,3.405,2.444,1.007,0.835,0.606,0.209,0.088
117.80000000000001,3.392,2.432,1.003,0.835,0.606,0.209,0.088
117.9,3.386,2.427,1.001,0.836,0.607,0.208,0.089
118.0,3.384,2.425,1,0.835,0.606,0.208,0.088
118.10000000000001,3.383,2.424,1,0.834,0.607,0.209,0.088
118.2,3.383,2.424,1,0.835,0.607,0.208,0.088
118.30000000000001,3.428,2.466,1.015,0.836,0.607,0.208,0.088
118.4,3.401,2.441,1.006,0.835,0.607,0.208,0.087
118.5,3.435,2.473,1.017,0.835,0.606,0.208,0.088
118.60000000000001,3.404,2.443,1.007,0.835,0.606,0.208,0.087
118.7,3.391,2.431,1.002,0.836,0.607,0.209,0.088
118.80000000000001,3.386,2.427,1.001,0.836,0.606,0.208,0.088
118.9,3.429,2.467,1.015,0.836,0.607,0.208,0.088
119.0,3.401,2.441,1.006,0.836,0.607,0.208,0.088
119.10000000000001,3.436,2.473,1.017,0.835,0.607,0.208,0.088
119.2,3.404,2.443,1.007,0.836,0.608,0.208,0.088
119.30000000000001,3.391,2.431,1.002,0.835,0.607,0.207,0.089
119.4,3.386,2.427,1.001,0.835,0.608,0.207,0.088
119.5,3.384,2.425,1,0.836,0.607,0.208,0.089
119.60000000000001,3.429,2.467,1.015,0.835,0.606,0.208,0.089
119.7,3.446,2.483,1.021,0.834,0.606,0.207,0.088
119.80000000000001,3.408,2.447,1.008,0.835,0.607,0.207,0.088
119.9,3.438,2.476,1.018,0.835,0.606,0.208,0.088
120.0,3.405,2.444,1.007,0.834,0.606,0.207,0.089
120.10000000000001,3.437,2.474,1.018,0.835,0.605,0.208,0.088
120.2,3.45,2.486,1.022,0.834,0.606,0.207,0.088
120.30000000000001,3.41,2.449,1.009,0.835,0.606,0.207,0.088
120.4,3.394,2.434,1.003,0.835,0.607,0.208,0.088
120.5,3.432,2.47,1.016,0.834,0.606,0.207,0.088
120.60000000000001,3.448,2.485,1.021,0.834,0.606,0.207,0.088
120.7,3.409,2.448,1.008,0.833,0.605,0.206,0.088
120.80000000000001,3.438,2.476,1.018,0.834,0.605,0.207,0.088
120.9,3.45,2.487,1.022,0.834,0.605,0.207,0.089
121.0,3.455,2.491,1.024,0.834,0.605,0.207,0.089
121.10000000000001,3.457,2.493,1.025,0.834,0.605,0.206,0.089
121.2,3.458,2.494,1.025,0.834,0.605,0.207,0.088
121.30000000000001,3.413,2.452,1.01,0.834,0.605,0.206,0.087
121.4,3.395,2.435,1.004,0.834,0.606,0.206,0.088
121.5,3.433,2.471,1.016,0.833,0.605,0.206,0.088
121.60000000000001,3.403,2.442,1.006,0.834,0.606,0.206,0.088
121.7,3.436,2.474,1.018,0.834,0.605,0.207,0.088
121.80000000000001,3.404,2.444,1.007,0.833,0.606,0.206,0.088
121.9,3.437,2.474,1.018,0.834,0.606,0.206,0.088
122.0,3.45,2.486,1.022,0.833,0.605,0.206,0.088
122.10000000000001,3.455,2.491,1.024,0.834,0.605,0.206,0.088
122.2,3.457,2.493,1.024,0.833,0.605,0.206,0.088
122.30000000000001,3.458,2.494,1.025,0.833,0.604,0.206,0.088
122.4,3.458,2.494,1.025,0.833,0.605,0.206,0.088
122.5,3.458,2.494,1.025,0.834,0.605,0.206,0.089
122.60000000000001,3.413,2.452,1.01,0.834,0.605,0.206,0.089
122.7,3.35,2.393,0.989,0.834,0.606,0.207,0.088
122.80000000000001,3.37,2.411,0.995,0.834,0.606,0.206,0.088
122.9,3.423,2.461,1.013,0.833,0.605,0.206,0.088
123.0,3.444,2.481,1.02,0.833,0.605,0.206,0.088
123.10000000000001,3.453,2.489,1.023,0.834,0.605,0.206,0.088
123.2,3.411,2.45,1.009,0.833,0.605,0.206,0.088
123.30000000000001,3.439,2.477,1.019,0.834,0.604,0.206,0.088
123.4,3.405,2.445,1.007,0.834,0.605,0.206,0.088
123.5,3.437,2.475,1.018,0.834,0.605,0.206,0.088
123.60000000000001,3.405,2.444,1.007,0.834,0.605,0.206,0.088
123.7,3.392,2.432,1.003,0.833,0.605,0.206,0.089
123.80000000000001,3.252,2.302,0.956,0.833,0.606,0.206,0.089
123.9,3.331,2.375,0.982,0.833,0.605,0.206,0.088
124.0,3.407,2.447,1.008,0.833,0.605,0.205,0.089
124.10000000000001,3.438,2.475,1.018,0.833,0.605,0.206,0.088
124.2,3.45,2.487,1.022,0.833,0.605,0.206,0.089
124.30000000000001,3.41,2.449,1.009,0.833,0.605,0.206,0.089
124.4,3.439,2.476,1.018,0.833,0.605,0.206,0.089
124.5,3.45,2.487,1.022,0.833,0.604,0.206,0.089
124.60000000000001,3.41,2.449,1.009,0.834,0.605,0.205,0.089
124.7,3.394,2.434,1.003,0.833,0.604,0.206,0.088
124.80000000000001,3.432,2.47,1.016,0.833,0.605,0.205,0.088
124.9,3.448,2.485,1.021,0.833,0.604,0.205,0.089
125.0,3.409,2.448,1.008,0.833,0.605,0.206,0.089
125.10000000000001,3.438,2.476,1.018,0.832,0.604,0.205,0.089
125.2,3.405,2.444,1.007,0.832,0.605,0.205,0.089
125.30000000000001,3.392,2.432,1.003,0.832,0.604,0.205,0.089
125.4,3.432,2.469,1.016,0.833,0.604,0.205,0.089
125.5,3.448,2.484,1.021,0.834,0.605,0.205,0.089
125.60000000000001,3.409,2.448,1.008,0.833,0.605,0.206,0.088
125.7,3.393,2.433,1.003,0.833,0.605,0.205,0.089
125.80000000000001,3.432,2.47,1.016,0.833,0.604,0.205,0.089
125.9,3.448,2.485,1.021,0.833,0.604,0.205,0.089
126.0,3.409,2.448,1.008,0.834,0.605,0.205,0.089
126.10000000000001,3.438,2.476,1.018,0.833,0.605,0.206,0.089
126.2,3.45,2.487,1.022,0.834,0.605,0.206,0.09
126.30000000000001,3.41,2.449,1.009,0.833,0.604,0.205,0.09
126.4,3.394,2.434,1.003,0.834,0.605,0.205,0.089
126.5,3.387,2.428,1.001,0.833,0.604,0.205,0.088
126.60000000000001,3.43,2.468,1.015,0.832,0.605,0.205,0.089
126.7,3.447,2.484,1.021,0.833,0.605,0.205,0.088
126.80000000000001,3.454,2.49,1.023,0.834,0.604,0.205,0.089
126.9,3.411,2.45,1.009,0.833,0.604,0.205,0.089
127.0,3.439,2.477,1.019,0.832,0.603,0.205,0.088
127.10000000000001,3.451,2.487,1.022,0.832,0.604,0.205,0.089
127.2,3.41,2.449,1.009,0.832,0.604,0.205,0.089
127.30000000000001,3.394,2.434,1.003,0.833,0.604,0.205,0.089
127.4,3.432,2.47,1.016,0.832,0.604,0.205,0.089
127.5,3.403,2.442,1.006,0.833,0.604,0.205,0.089
127.60000000000001,3.436,2.473,1.017,0.834,0.603,0.205,0.089
127.7,3.449,2.486,1.022,0.833,0.604,0.205,0.089
127.80000000000001,3.455,2.491,1.024,0.833,0.605,0.205,0.089
127.9,3.412,2.451,1.009,0.832,0.604,0.205,0.088
128.0,3.394,2.434,1.004,0.832,0.605,0.205,0.089
128.1,3.387,2.428,1.001,0.832,0.604,0.204,0.088
128.20000000000002,3.43,2.468,1.015,0.833,0.604,0.204,0.089
128.3,3.402,2.441,1.006,0.832,0.604,0.204,0.088
128.4,3.39,2.431,1.002,0.832,0.603,0.204,0.089
128.5,3.431,2.469,1.016,0.832,0.602,0.204,0.089
128.6,3.402,2.442,1.006,0.832,0.603,0.204,0.089
128.70000000000002,3.391,2.431,1.002,0.833,0.603,0.204,0.089
128.8,3.386,2.426,1.001,0.833,0.603,0.204,0.088
128.9,3.429,2.467,1.015,0.833,0.602,0.204,0.088
129.0,3.447,2.483,1.021,0.832,0.602,0.204,0.089
129.1,3.408,2.447,1.008,0.832,0.603,0.204,0.089
129.20000000000002,3.438,2.476,1.018,0.832,0.603,0.204,0.089
129.3,3.405,2.444,1.007,0.832,0.602,0.204,0.088
129.4,3.392,2.432,1.003,0.832,0.603,0.204,0.089
129.5,3.386,2.427,1.001,0.832,0.602,0.204,0.089
129.6,3.384,2.425,1,0.832,0.602,0.204,0.09
129.70000000000002,3.429,2.467,1.015,0.832,0.603,0.204,0.089
129.8,3.446,2.483,1.021,0.832,0.602,0.204,0.089
129.9,3.408,2.447,1.008,0.832,0.603,0.204,0.089
130.0,3.438,2.476,1.018,0.832,0.603,0.204,0.09
130.1,3.45,2.487,1.022,0.832,0.603,0.204,0.089
130.20000000000002,3.41,2.449,1.009,0.832,0.603,0.204,0.089
130.3,3.394,2.434,1.003,0.832,0.602,0.204,0.09
130.4,3.387,2.428,1.001,0.832,0.602,0.204,0.089
130.5,3.43,2.468,1.015,0.832,0.602,0.204,0.089
130.6,3.447,2.484,1.021,0.832,0.602,0.204,0.089
130.70000000000002,3.274,2.323,0.963,0.832,0.603,0.204,0.088
130.8,3.339,2.383,0.985,0.832,0.602,0.204,0.089
130.9,3.411,2.45,1.009,0.832,0.602,0.204,0.089
131.0,3.394,2.434,1.003,0.832,0.602,0.204,0.089
131.1,3.387,2.428,1.001,0.832,0.601,0.204,0.088
131.20000000000002,3.43,2.468,1.015,0.832,0.602,0.204,0.089
131.3,3.447,2.484,1.021,0.832,0.603,0.204,0.089
131.4,3.454,2.49,1.023,0.832,0.602,0.204,0.089
131.5,3.411,2.45,1.009,0.832,0.603,0.204,0.089
131.6,3.439,2.477,1.019,0.832,0.603,0.204,0.089
131.70000000000002,3.451,2.487,1.022,0.832,0.602,0.204,0.089
131.8,3.455,2.492,1.024,0.832,0.603,0.204,0.089
131.9,3.457,2.493,1.025,0.832,0.602,0.204,0.089
132.0,3.458,2.494,1.025,0.832,0.602,0.203,0.089
132.1,3.413,2.452,1.01,0.832,0.602,0.204,0.089
132.20000000000002,3.395,2.435,1.004,0.832,0.602,0.203,0.089
132.3,3.388,2.428,1.001,0.832,0.601,0.204,0.089
132.4,3.43,2.468,1.015,0.832,0.601,0.203,0.09
132.5,3.402,2.441,1.006,0.832,0.601,0.203,0.089
132.6,3.436,2.473,1.017,0.832,0.602,0.203,0.089
132.70000000000002,3.449,2.486,1.022,0.83,0.601,0.204,0.089
132.8,3.455,2.491,1.024,0.831,0.602,0.204,0.089
132.9,3.457,2.493,1.024,0.832,0.601,0.203,0.089
133.0,3.412,2.451,1.01,0.832,0.602,0.203,0.089
133.1,3.44,2.477,1.019,0.832,0.601,0.202,0.088
133.20000000000002,3.451,2.487,1.022,0.832,0.601,0.203,0.089
133.3,3.41,2.449,1.009,0.832,0.601,0.203,0.089
133.4,3.439,2.476,1.018,0.832,0.601,0.203,0.089
133.5,3.451,2.487,1.022,0.832,0.601,0.202,0.089
133.6,3.41,2.449,1.009,0.832,0.601,0.202,0.089
133.70000000000002,3.394,2.434,1.003,0.832,0.601,0.203,0.089
133.8,3.432,2.47,1.016,0.832,0.6,0.202,0.089
133.9,3.448,2.485,1.021,0.832,0.601,0.203,0.089
134.0,3.409,2.448,1.008,0.832,0.601,0.202,0.089
134.1,3.438,2.476,1.018,0.832,0.601,0.202,0.09
134.20000000000002,3.405,2.444,1.007,0.832,0.601,0.202,0.089
134.3,3.437,2.474,1.018,0.832,0.601,0.203,0.089
134.4,3.404,2.444,1.007,0.832,0.601,0.203,0.09
134.5,3.391,2.432,1.003,0.832,0.601,0.203,0.089
134.6,3.386,2.427,1.001,0.832,0.602,0.202,0.089
134.70000000000002,3.429,2.467,1.015,0.83,0.602,0.202,0.089
134.8,3.447,2.484,1.021,0.831,0.601,0.202,0.089
134.9,3.408,2.448,1.008,0.832,0.601,0.202,0.089
135.0,3.438,2.476,1.018,0.832,0.601,0.203,0.089
135.1,3.405,2.444,1.007,0.832,0.601,0.203,0.09
135.20000000000002,3.392,2.432,1.003,0.832,0.601,0.202,0.089
135.3,3.432,2.469,1.016,0.832,0.601,0.202,0.089
135.4,3.402,2.442,1.006,0.832,0.601,0.202,0.089
135.5,3.436,2.473,1.017,0.832,0.6,0.202,0.088
135.6,3.449,2.486,1.022,0.832,0.601,0.202,0.089
135.70000000000002,3.455,2.491,1.024,0.832,0.601,0.202,0.089
135.8,3.412,2.451,1.009,0.832,0.601,0.202,0.089
135.9,3.394,2.434,1.004,0.832,0.601,0.202,0.089
136.0,3.433,2.47,1.016,0.832,0.601,0.202,0.09
136.1,3.448,2.485,1.022,0.832,0.601,0.202,0.089
136.20000000000002,3.409,2.448,1.008,0.832,0.602,0.202,0.089
136.3,3.438,2.476,1.018,0.832,0.601,0.202,0.088
136.4,3.405,2.444,1.007,0.832,0.601,0.202,0.089
136.5,3.392,2.432,1.003,0.832,0.601,0.202,0.09
136.6,3.432,2.469,1.016,0.832,0.6,0.202,0.089
136.70000000000002,3.402,2.442,1.006,0.83,0.601,0.202,0.089
136.8,3.436,2.473,1.017,0.831,0.601,0.202,0.089
136.9,3.404,2.443,1.007,0.832,0.601,0.202,0.089
137.0,3.391,2.431,1.003,0.832,0.601,0.202,0.089
137.1,3.386,2.427,1.001,0.83,0.6,0.202,0.089
137.20000000000002,3.384,2.425,1,0.829,0.6,0.201,0.089
137.3,3.383,2.424,1,0.829,0.6,0.202,0.088
137.4,3.428,2.466,1.015,0.831,0.601,0.202,0.089
137.5,3.401,2.441,1.006,0.832,0.6,0.202,0.089
137.6,3.39,2.43,1.002,0.83,0.6,0.202,0.088
137.70000000000002,3.431,2.469,1.016,0.829,0.599,0.202,0.089
137.8,3.447,2.484,1.021,0.829,0.6,0.201,0.089
137.9,3.409,2.448,1.008,0.829,0.601,0.201,0.089
138.0,3.393,2.433,1.003,0.828,0.6,0.202,0.09
138.1,3.387,2.427,1.001,0.828,0.6,0.201,0.089
138.20000000000002,3.43,2.468,1.015,0.829,0.6,0.202,0.089
138.3,3.447,2.484,1.021,0.829,0.599,0.201,0.089
138.4,3.408,2.448,1.008,0.828,0.599,0.201,0.089
138.5,3.438,2.476,1.018,0.828,0.599,0.202,0.088
138.6,3.405,2.444,1.007,0.828,0.599,0.202,0.089
138.70000000000002,3.437,2.474,1.018,0.829,0.599,0.201,0.088
138.8,3.45,2.486,1.022,0.829,0.599,0.201,0.089
138.9,3.455,2.491,1.024,0.829,0.6,0.202,0.089
139.0,3.457,2.493,1.024,0.828,0.6,0.201,0.089
139.1,3.412,2.451,1.01,0.828,0.599,0.201,0.089
139.20000000000002,3.395,2.435,1.004,0.829,0.599,0.201,0.088
139.3,3.433,2.47,1.016,0.829,0.6,0.201,0.089
139.4,3.403,2.442,1.006,0.828,0.599,0.2,0.088
139.5,3.436,2.474,1.018,0.829,0.598,0.201,0.089
139.6,3.449,2.486,1.022,0.828,0.599,0.201,0.089
139.70000000000002,3.455,2.491,1.024,0.828,0.599,0.201,0.089
139.8,3.457,2.493,1.024,0.829,0.6,0.201,0.089
139.9,3.412,2.451,1.01,0.828,0.599,0.201,0.089
140.0,3.395,2.435,1.004,0.828,0.599,0.201,0.09
140.1,3.433,2.47,1.016,0.828,0.599,0.201,0.089
140.20000000000002,3.448,2.485,1.022,0.827,0.599,0.201,0.089
140.3,3.409,2.448,1.008,0.828,0.598,0.201,0.089
140.4,3.393,2.433,1.003,0.828,0.599,0.201,0.089
140.5,3.432,2.47,1.016,0.828,0.599,0.201,0.09
140.6,3.448,2.485,1.021,0.828,0.6,0.201,0.09
140.70000000000002,3.409,2.448,1.008,0.827,0.599,0.201,0.089
140.8,3.393,2.433,1.003,0.827,0.598,0.201,0.089
140.9,3.387,2.427,1.001,0.827,0.599,0.201,0.09
141.0,3.384,2.425,1,0.828,0.6,0.201,0.09
141.1,3.429,2.467,1.015,0.828,0.599,0.201,0.089
141.20000000000002,3.401,2.441,1.006,0.827,0.598,0.2,0.09
141.3,3.435,2.473,1.017,0.827,0.598,0.201,0.089
141.4,3.449,2.486,1.022,0.827,0.599,0.201,0.089
141.5,3.455,2.491,1.024,0.828,0.599,0.201,0.09
141.6,3.412,2.45,1.009,0.828,0.599,0.2,0.09
141.70000000000002,3.44,2.477,1.019,0.827,0.599,0.2,0.089
141.8,3.406,2.445,1.007,0.828,0.598,0.201,0.089
141.9,3.437,2.475,1.018,0.828,0.599,0.201,0.09
142.0,3.45,2.486,1.022,0.828,0.598,0.2,0.089
142.1,3.455,2.491,1.024,0.828,0.598,0.201,0.089
142.20000000000002,3.457,2.493,1.024,0.828,0.598,0.201,0.09
142.3,3.412,2.451,1.01,0.827,0.599,0.2,0.089
142.4,3.395,2.435,1.004,0.828,0.599,0.201,0.089
142.5,3.388,2.428,1.001,0.827,0.598,0.2,0.089
142.6,3.385,2.425,1,0.827,0.598,0.2,0.089
142.70000000000002,3.384,2.424,1,0.828,0.598,0.201,0.09
142.8,3.474,2.509,1.03,0.827,0.598,0.2,0.09
142.9,3.464,2.5,1.027,0.827,0.598,0.2,0.089
143.0,3.415,2.454,1.011,0.826,0.598,0.2,0.089
143.1,3.396,2.436,1.004,0.827,0.599,0.2,0.089
143.20000000000002,3.388,2.428,1.001,0.827,0.598,0.2,0.089
143.3,3.43,2.468,1.016,0.828,0.598,0.2,0.09
143.4,3.402,2.441,1.006,0.828,0.598,0.2,0.089
143.5,3.39,2.431,1.002,0.827,0.598,0.2,0.09
143.6,3.431,2.469,1.016,0.827,0.598,0.2,0.089
143.70000000000002,3.402,2.442,1.006,0.827,0.598,0.199,0.09
143.8,3.436,2.473,1.017,0.828,0.598,0.2,0.09
143.9,3.404,2.443,1.007,0.828,0.599,0.2,0.089
144.0,3.437,2.474,1.018,0.827,0.599,0.2,0.089
144.1,3.404,2.444,1.007,0.828,0.599,0.2,0.09
144.20000000000002,3.437,2.474,1.018,0.828,0.598,0.2,0.09
144.3,3.404,2.444,1.007,0.828,0.599,0.199,0.089
144.4,3.437,2.474,1.018,0.827,0.598,0.2,0.09
144.5,3.404,2.444,1.007,0.828,0.598,0.2,0.09
144.6,3.437,2.474,1.018,0.828,0.599,0.2,0.089
144.70000000000002,3.45,2.486,1.022,0.828,0.598,0.2,0.089
144.8,3.455,2.491,1.024,0.827,0.598,0.2,0.09
144.9,3.457,2.493,1.024,0.826,0.598,0.2,0.09
145.0,3.503,2.537,1.04,0.826,0.598,0.2,0.089
145.1,3.431,2.469,1.016,0.826,0.599,0.199,0.089
145.20000000000002,3.402,2.442,1.006,0.826,0.598,0.2,0.09
145.3,3.391,2.431,1.002,0.826,0.598,0.199,0.09
145.4,3.431,2.469,1.016,0.827,0.598,0.199,0.089
145.5,3.402,2.442,1.006,0.827,0.598,0.199,0.09
145.6,3.391,2.431,1.002,0.828,0.598,0.2,0.089
145.70000000000002,3.431,2.469,1.016,0.827,0.597,0.199,0.09
145.8,3.402,2.442,1.006,0.826,0.598,0.199,0.09
145.9,3.436,2.473,1.017,0.827,0.597,0.199,0.09
146.0,3.449,2.486,1.022,0.827,0.598,0.2,0.09
146.1,3.455,2.491,1.024,0.827,0.597,0.199,0.09
146.20000000000002,3.412,2.45,1.009,0.827,0.598,0.2,0.089
146.3,3.394,2.434,1.004,0.827,0.598,0.2,0.09
146.4,3.433,2.47,1.016,0.827,0.598,0.199,0.09
146.5,3.403,2.442,1.006,0.826,0.598,0.199,0.09
146.6,3.436,2.474,1.018,0.827,0.597,0.199,0.089
146.70000000000002,3.27,2.319,0.962,0.827,0.598,0.199,0.089
146.8,3.338,2.382,0.985,0.827,0.598,0.199,0.089
146.9,3.41,2.449,1.009,0.827,0.597,0.199,0.09
147.0,3.439,2.476,1.018,0.826,0.598,0.199,0.089
147.1,3.45,2.487,1.022,0.826,0.597,0.199,0.089
147.20000000000002,3.41,2.449,1.009,0.826,0.598,0.198,0.09
147.3,3.439,2.476,1.018,0.827,0.597,0.199,0.089
147.4,3.45,2.487,1.022,0.827,0.597,0.199,0.09
147.5,3.41,2.449,1.009,0.827,0.598,0.199,0.089
147.6,3.439,2.476,1.018,0.826,0.597,0.198,0.089
147.70000000000002,3.45,2.487,1.022,0.826,0.597,0.199,0.089
147.8,3.41,2.449,1.009,0.826,0.597,0.198,0.089
147.9,3.394,2.434,1.003,0.826,0.597,0.198,0.089
148.0,3.387,2.428,1.001,0.826,0.597,0.198,0.089
148.1,3.43,2.468,1.015,0.826,0.597,0.198,0.089
148.20000000000002,3.447,2.484,1.021,0.826,0.597,0.199,0.09
148.3,3.408,2.448,1.008,0.826,0.597,0.199,0.089
148.4,3.393,2.433,1.003,0.826,0.597,0.198,0.089
148.5,3.432,2.47,1.016,0.826,0.598,0.199,0.09
148.6,3.448,2.485,1.021,0.826,0.597,0.198,0.089
148.70000000000002,3.5,2.533,1.039,0.827,0.597,0.199,0.089
148.8,3.43,2.467,1.015,0.826,0.597,0.198,0.09
148.9,3.401,2.441,1.006,0.826,0.596,0.198,0.09
149.0,3.39,2.431,1.002,0.826,0.597,0.199,0.09
149.1,3.386,2.426,1.001,0.826,0.597,0.198,0.09
149.20000000000002,3.384,2.425,1,0.826,0.597,0.198,0.09
149.3,3.383,2.424,1,0.825,0.596,0.198,0.09
149.4,3.428,2.466,1.015,0.825,0.597,0.198,0.089
149.5,3.446,2.483,1.021,0.826,0.597,0.198,0.09
149.6,3.408,2.447,1.008,0.826,0.596,0.198,0.09
149.70000000000002,3.438,2.476,1.018,0.826,0.597,0.199,0.09
149.8,3.45,2.487,1.022,0.826,0.597,0.198,0.09
149.9,3.455,2.491,1.024,0.825,0.597,0.198,0.089
150.0,3.412,2.451,1.009,0.826,0.597,0.198,0.089
150.1,3.44,2.477,1.019,0.826,0.597,0.199,0.089
150.20000000000002,3.406,2.445,1.007,0.825,0.597,0.198,0.09
150.3,3.392,2.432,1.003,0.826,0.596,0.198,0.09
150.4,3.432,2.469,1.016,0.825,0.596,0.198,0.089
150.5,3.402,2.442,1.006,0.826,0.596,0.198,0.09
150.6,3.436,2.473,1.017,0.826,0.597,0.198,0.089
150.70000000000002,3.449,2.486,1.022,0.826,0.597,0.198,0.09
150.8,3.455,2.491,1.024,0.826,0.596,0.198,0.09
150.9,3.457,2.493,1.024,0.825,0.597,0.198,0.089
151.0,3.458,2.494,1.025,0.826,0.597,0.198,0.089
151.1,3.503,2.537,1.04,0.826,0.597,0.198,0.09
151.20000000000002,3.476,2.511,1.031,0.826,0.596,0.198,0.09
151.3,3.465,2.501,1.027,0.825,0.596,0.198,0.089
151.4,3.416,2.455,1.011,0.825,0.596,0.198,0.09
151.5,3.396,2.436,1.004,0.825,0.597,0.198,0.09
151.6,3.433,2.471,1.017,0.826,0.597,0.198,0.09
151.70000000000002,3.403,2.442,1.006,0.826,0.597,0.198,0.089
151.8,3.436,2.474,1.018,0.825,0.596,0.198,0.089
151.9,3.404,2.444,1.007,0.825,0.596,0.198,0.089
152.0,3.391,2.432,1.003,0.825,0.597,0.198,0.089
152.1,3.431,2.469,1.016,0.824,0.596,0.198,0.09
152.20000000000002,3.402,2.442,1.006,0.824,0.596,0.198,0.089
152.3,3.391,2.431,1.002,0.825,0.596,0.198,0.09
152.4,3.386,2.426,1.001,0.825,0.596,0.198,0.089
152.5,3.429,2.467,1.015,0.825,0.596,0.198,0.089
152.6,3.447,2.483,1.021,0.825,0.596,0.198,0.09
152.70000000000002,3.454,2.49,1.023,0.825,0.596,0.198,0.09
152.8,3.456,2.493,1.024,0.825,0.596,0.198,0.089
152.9,3.457,2.494,1.025,0.824,0.595,0.198,0.09
153.0,3.458,2.494,1.025,0.825,0.595,0.197,0.089
153.1,3.413,2.452,1.01,0.825,0.596,0.198,0.089
153.20000000000002,3.44,2.477,1.019,0.825,0.595,0.198,0.089
153.3,3.406,2.445,1.007,0.825,0.595,0.198,0.089
153.4,3.437,2.475,1.018,0.825,0.596,0.197,0.089
153.5,3.45,2.486,1.022,0.824,0.595,0.198,0.09
153.60000000000002,3.455,2.491,1.024,0.825,0.596,0.198,0.09
153.70000000000002,3.412,2.451,1.009,0.824,0.595,0.198,0.09
153.8,3.44,2.477,1.019,0.825,0.595,0.198,0.09
153.9,3.451,2.487,1.022,0.824,0.595,0.197,0.089
154.0,3.455,2.492,1.024,0.824,0.595,0.197,0.089
154.10000000000002,3.412,2.451,1.009,0.824,0.594,0.198,0.089
154.20000000000002,3.44,2.477,1.019,0.825,0.594,0.197,0.089
154.3,3.406,2.445,1.007,0.824,0.594,0.197,0.089
154.4,3.437,2.475,1.018,0.823,0.595,0.197,0.09
154.5,3.45,2.486,1.022,0.823,0.594,0.197,0.09
154.60000000000002,3.41,2.449,1.009,0.823,0.594,0.197,0.089
154.70000000000002,3.394,2.434,1.003,0.824,0.595,0.197,0.089
154.8,3.387,2.428,1.001,0.823,0.595,0.197,0.09
154.9,3.43,2.468,1.015,0.823,0.595,0.197,0.09
155.0,3.447,2.484,1.021,0.823,0.594,0.197,0.09
155.10000000000002,3.408,2.448,1.008,0.823,0.594,0.197,0.09
155.20000000000002,3.393,2.433,1.003,0.824,0.595,0.197,0.09
155.3,3.432,2.47,1.016,0.823,0.594,0.197,0.089
155.4,3.403,2.442,1.006,0.823,0.594,0.197,0.09
155.5,3.436,2.473,1.017,0.823,0.594,0.197,0.09
155.60000000000002,3.359,2.401,0.992,0.823,0.594,0.197,0.089
155.70000000000002,3.419,2.457,1.012,0.823,0.594,0.197,0.09
155.8,3.442,2.48,1.02,0.823,0.594,0.197,0.09
155.9,3.407,2.446,1.008,0.823,0.595,0.197,0.09
156.0,3.438,2.475,1.018,0.824,0.594,0.197,0.09
156.10000000000002,3.45,2.487,1.022,0.823,0.595,0.197,0.09
156.20000000000002,3.455,2.491,1.024,0.823,0.594,0.197,0.09
156.3,3.457,2.493,1.024,0.823,0.594,0.197,0.09
156.4,3.458,2.494,1.025,0.823,0.595,0.197,0.09
156.5,3.413,2.452,1.01,0.823,0.594,0.197,0.09
156.60000000000002,3.395,2.435,1.004,0.824,0.594,0.196,0.09
156.70000000000002,3.433,2.471,1.016,0.823,0.594,0.197,0.09
156.8,3.448,2.485,1.022,0.823,0.594,0.197,0.09
156.9,3.454,2.491,1.024,0.823,0.594,0.197,0.09
157.0,3.457,2.493,1.024,0.823,0.594,0.197,0.09
157.10000000000002,3.412,2.451,1.01,0.823,0.594,0.197,0.09
157.20000000000002,3.44,2.477,1.019,0.823,0.594,0.197,0.09
157.3,3.406,2.445,1.007,0.823,0.594,0.197,0.09
157.4,3.437,2.475,1.018,0.823,0.594,0.196,0.091
157.5,3.45,2.486,1.022,0.823,0.594,0.197,0.09
157.60000000000002,3.264,2.35,0.967,0.781,0.564,0.187,0.086
157.70000000000002,3.127,2.252,0.926,0.748,0.54,0.179,0.082
157.8,3.006,2.163,0.89,0.721,0.52,0.172,0.079
157.9,2.92,2.102,0.865,0.699,0.505,0.167,0.077
158.0,2.852,2.054,0.845,0.682,0.492,0.163,0.075
158.10000000000002,2.797,2.015,0.829,0.668,0.482,0.16,0.073
158.20000000000002,2.754,1.984,0.816,0.657,0.475,0.157,0.072
158.3,2.719,1.96,0.806,0.649,0.468,0.155,0.071
158.4,2.68,1.929,0.794,0.642,0.463,0.153,0.07
158.5,2.649,1.905,0.784,0.636,0.459,0.152,0.07
158.60000000000002,2.635,1.896,0.78,0.632,0.456,0.151,0.069
158.70000000000002,2.624,1.889,0.777,0.628,0.453,0.15,0.069
158.8,2.615,1.884,0.775,0.625,0.451,0.149,0.069
158.9,2.597,1.869,0.769,0.623,0.45,0.149,0.068
159.0,2.594,1.867,0.768,0.621,0.448,0.148,0.068
159.10000000000002,2.58,1.855,0.764,0.62,0.447,0.148,0.068
159.20000000000002,2.58,1.857,0.764,0.619,0.447,0.148,0.068
159.3,2.58,1.858,0.764,0.618,0.446,0.148,0.068
159.4,2.58,1.858,0.764,0.617,0.445,0.147,0.067
159.5,2.58,1.859,0.764,0.617,0.445,0.147,0.067
159.60000000000002,2.58,1.859,0.764,0.616,0.445,0.147,0.067
159.70000000000002,2.581,1.86,0.765,0.616,0.444,0.147,0.067
159.8,2.581,1.86,0.765,0.615,0.444,0.147,0.067
159.9,2.581,1.86,0.765,0.615,0.444,0.147,0.067
160.0,2.592,1.871,0.769,0.615,0.444,0.147,0.067
160.10000000000002,2.59,1.869,0.768,0.614,0.444,0.147,0.067
160.20000000000002,2.588,1.868,0.767,0.614,0.443,0.147,0.067
160.3,2.586,1.867,0.767,0.614,0.443,0.147,0.067
160.4,2.585,1.866,0.766,0.614,0.443,0.146,0.067
160.5,2.584,1.865,0.766,0.614,0.443,0.146,0.067
160.60000000000002,2.584,1.864,0.766,0.614,0.443,0.146,0.067
160.70000000000002,2.583,1.864,0.766,0.614,0.443,0.146,0.067
160.8,2.583,1.863,0.765,0.614,0.443,0.146,0.067
160.9,2.582,1.863,0.765,0.614,0.443,0.146,0.067
161.0,2.582,1.863,0.765,0.613,0.443,0.146,0.067
161.10000000000002,2.582,1.862,0.765,0.613,0.443,0.146,0.067
161.20000000000002,2.582,1.862,0.765,0.613,0.443,0.146,0.067
161.3,2.581,1.862,0.765,0.613,0.443,0.146,0.067
161.4,2.581,1.862,0.765,0.613,0.443,0.146,0.067
161.5,2.581,1.862,0.765,0.613,0.443,0.146,0.067
161.60000000000002,2.581,1.862,0.765,0.613,0.443,0.146,0.067
161.70000000000002,2.581,1.862,0.765,0.613,0.443,0.146,0.067
161.8,2.581,1.862,0.765,0.613,0.443,0.146,0.068
161.9,2.581,1.862,0.765,0.613,0.443,0.146,0.068
162.0,2.581,1.862,0.765,0.613,0.443,0.146,0.068
162.10000000000002,2.581,1.862,0.765,0.613,0.443,0.146,0.068
162.20000000000002,2.581,1.862,0.765,0.613,0.443,0.146,0.068
162.3,2.581,1.862,0.765,0.613,0.443,0.146,0.067
162.4,2.581,1.862,0.765,0.613,0.443,0.146,0.067
162.5,2.581,1.862,0.765,0.613,0.443,0.146,0.067
162.60000000000002,2.581,1.861,0.765,0.613,0.443,0.146,0.067
162.70000000000002,2.581,1.861,0.765,0.613,0.443,0.146,0.068
162.8,2.581,1.861,0.765,0.612,0.443,0.146,0.068
162.9,2.581,1.861,0.765,0.612,0.443,0.146,0.068
163.0,2.581,1.861,0.765,0.612,0.443,0.146,0.068
163.10000000000002,2.581,1.861,0.765,0.612,0.443,0.145,0.068
163.20000000000002,2.592,1.872,0.769,0.611,0.443,0.145,0.068
163.3,2.59,1.87,0.768,0.611,0.443,0.145,0.068
163.4,2.588,1.868,0.767,0.611,0.443,0.145,0.068
163.5,2.587,1.867,0.767,0.611,0.443,0.145,0.068
163.60000000000002,2.597,1.877,0.77,0.611,0.443,0.145,0.068
163.70000000000002,2.594,1.874,0.769,0.61,0.443,0.145,0.068
163.8,2.591,1.871,0.768,0.61,0.443,0.145,0.068
163.9,2.589,1.869,0.768,0.61,0.443,0.145,0.068
164.0,2.599,1.878,0.771,0.61,0.443,0.145,0.068
164.10000000000002,2.595,1.875,0.77,0.609,0.442,0.144,0.068
164.20000000000002,2.592,1.872,0.769,0.61,0.443,0.145,0.068
164.3,2.59,1.87,0.768,0.61,0.443,0.144,0.068
164.4,2.588,1.868,0.767,0.61,0.443,0.144,0.068
164.5,2.598,1.878,0.771,0.61,0.442,0.144,0.068
164.60000000000002,2.606,1.885,0.773,0.61,0.443,0.144,0.068
164.70000000000002,2.601,1.88,0.772,0.609,0.443,0.144,0.069
164.8,2.608,1.887,0.774,0.61,0.443,0.144,0.069
164.9,2.603,1.882,0.772,0.61,0.443,0.144,0.069
165.0,2.61,1.889,0.775,0.61,0.443,0.144,0.069
165.10000000000002,2.604,1.883,0.773,0.609,0.443,0.144,0.069
165.20000000000002,2.611,1.89,0.775,0.61,0.443,0.144,0.069
165.3,2.605,1.884,0.773,0.61,0.442,0.144,0.069
165.4,2.611,1.89,0.775,0.61,0.442,0.144,0.069
165.5,2.605,1.884,0.773,0.61,0.442,0.144,0.069
165.60000000000002,2.612,1.891,0.775,0.609,0.443,0.144,0.069
165.70000000000002,2.64,1.917,0.785,0.609,0.443,0.144,0.069
165.8,2.639,1.917,0.785,0.609,0.443,0.144,0.069
165.9,2.627,1.906,0.781,0.609,0.443,0.144,0.069
166.0,2.629,1.908,0.781,0.61,0.443,0.144,0.069
166.10000000000002,2.631,1.909,0.782,0.61,0.443,0.144,0.069
166.20000000000002,2.632,1.91,0.782,0.61,0.443,0.144,0.069
166.3,2.633,1.911,0.783,0.609,0.443,0.144,0.069
166.4,2.634,1.912,0.783,0.609,0.443,0.144,0.069
166.5,2.635,1.913,0.783,0.609,0.443,0.143,0.069
166.60000000000002,2.635,1.913,0.783,0.61,0.443,0.144,0.069
166.70000000000002,2.636,1.913,0.783,0.61,0.443,0.144,0.069
166.8,2.625,1.903,0.78,0.61,0.443,0.144,0.069
166.9,2.616,1.895,0.777,0.609,0.443,0.144,0.069
167.0,2.62,1.899,0.778,0.609,0.443,0.143,0.069
167.10000000000002,2.612,1.891,0.775,0.61,0.443,0.143,0.069
167.20000000000002,2.617,1.896,0.777,0.61,0.443,0.143,0.069
167.3,2.621,1.9,0.779,0.61,0.443,0.143,0.069
167.4,2.625,1.903,0.78,0.609,0.443,0.143,0.069
167.5,2.616,1.895,0.777,0.609,0.443,0.143,0.069
167.60000000000002,2.62,1.899,0.778,0.609,0.443,0.143,0.069
167.70000000000002,2.624,1.902,0.779,0.609,0.443,0.143,0.069
167.8,2.626,1.905,0.78,0.609,0.443,0.143,0.069
167.9,2.629,1.907,0.781,0.609,0.443,0.143,0.069
168.0,2.63,1.908,0.782,0.609,0.443,0.143,0.069
168.10000000000002,2.632,1.91,0.782,0.609,0.443,0.143,0.069
168.20000000000002,2.633,1.911,0.782,0.609,0.442,0.143,0.069
168.3,2.634,1.912,0.783,0.609,0.442,0.143,0.07
168.4,2.634,1.912,0.783,0.609,0.442,0.143,0.07
168.5,2.635,1.913,0.783,0.609,0.442,0.143,0.07
168.60000000000002,2.647,1.924,0.787,0.609,0.442,0.143,0.07
168.70000000000002,2.645,1.922,0.786,0.609,0.442,0.143,0.07
168.8,2.643,1.921,0.786,0.609,0.442,0.143,0.07
168.9,2.654,1.931,0.789,0.609,0.442,0.143,0.07
169.0,2.662,1.938,0.792,0.61,0.442,0.143,0.07
169.10000000000002,2.657,1.934,0.791,0.61,0.442,0.143,0.07
169.20000000000002,2.653,1.93,0.789,0.61,0.442,0.143,0.07
169.3,2.65,1.927,0.788,0.61,0.442,0.143,0.07
169.4,2.647,1.924,0.787,0.61,0.442,0.143,0.07
169.5,2.645,1.923,0.787,0.61,0.442,0.143,0.07
169.60000000000002,2.644,1.921,0.786,0.61,0.442,0.143,0.07
169.70000000000002,2.642,1.92,0.786,0.611,0.442,0.143,0.07
169.8,2.641,1.919,0.785,0.61,0.442,0.143,0.07
169.9,2.641,1.918,0.785,0.611,0.442,0.143,0.07
170.0,2.64,1.917,0.785,0.611,0.442,0.144,0.07
170.10000000000002,2.639,1.917,0.785,0.611,0.442,0.143,0.07
170.20000000000002,2.639,1.917,0.784,0.61,0.442,0.143,0.07
170.3,2.639,1.916,0.784,0.61,0.442,0.143,0.07
170.4,2.638,1.916,0.784,0.61,0.442,0.143,0.07
170.5,2.638,1.916,0.784,0.61,0.442,0.143,0.07
170.60000000000002,2.638,1.916,0.784,0.61,0.442,0.143,0.07
170.70000000000002,2.638,1.916,0.784,0.61,0.442,0.143,0.07
170.8,2.638,1.915,0.784,0.61,0.442,0.143,0.07
170.9,2.638,1.915,0.784,0.61,0.442,0.143,0.07
171.0,2.638,1.915,0.784,0.61,0.442,0.143,0.07
171.10000000000002,2.638,1.915,0.784,0.61,0.442,0.143,0.07
171.20000000000002,2.637,1.915,0.784,0.61,0.442,0.143,0.07
171.3,2.637,1.915,0.784,0.61,0.442,0.143,0.069
171.4,2.637,1.915,0.784,0.61,0.442,0.143,0.069
171.5,2.637,1.915,0.784,0.61,0.442,0.143,0.069
171.60000000000002,2.637,1.915,0.784,0.61,0.442,0.143,0.07
171.70000000000002,2.637,1.915,0.784,0.61,0.442,0.143,0.07
171.8,2.637,1.915,0.784,0.61,0.442,0.143,0.07
171.9,2.626,1.904,0.78,0.61,0.442,0.143,0.07
172.0,2.628,1.906,0.781,0.61,0.442,0.143,0.07
172.10000000000002,2.642,1.919,0.785,0.61,0.442,0.143,0.07
172.20000000000002,2.664,1.94,0.793,0.61,0.442,0.143,0.07
172.3,2.67,1.946,0.795,0.61,0.442,0.143,0.07
172.4,2.675,1.951,0.797,0.611,0.442,0.143,0.07
172.5,2.679,1.954,0.798,0.611,0.442,0.143,0.07
172.60000000000002,2.682,1.957,0.799,0.611,0.442,0.143,0.07
172.70000000000002,2.684,1.96,0.8,0.612,0.442,0.143,0.07
172.8,2.686,1.962,0.8,0.612,0.442,0.143,0.07
172.9,2.676,1.952,0.797,0.612,0.442,0.144,0.07
173.0,2.669,1.945,0.794,0.612,0.442,0.144,0.07
173.10000000000002,2.662,1.939,0.792,0.613,0.442,0.144,0.071
173.20000000000002,2.657,1.934,0.791,0.613,0.442,0.144,0.07
173.3,2.653,1.93,0.789,0.613,0.441,0.144,0.071
173.4,2.65,1.927,0.788,0.613,0.441,0.144,0.071
173.5,2.647,1.925,0.787,0.614,0.442,0.144,0.071
173.60000000000002,2.645,1.923,0.787,0.614,0.442,0.144,0.071
173.70000000000002,2.655,1.932,0.79,0.614,0.442,0.144,0.07
173.8,2.652,1.929,0.789,0.613,0.442,0.145,0.071
173.9,2.66,1.937,0.792,0.613,0.442,0.145,0.071
174.0,2.667,1.943,0.794,0.613,0.442,0.145,0.071
174.10000000000002,2.672,1.948,0.796,0.613,0.442,0.145,0.071
174.20000000000002,2.677,1.953,0.797,0.613,0.442,0.145,0.07
174.3,2.692,1.967,0.802,0.613,0.441,0.145,0.07
174.4,2.692,1.967,0.802,0.613,0.441,0.145,0.07
174.5,2.693,1.968,0.803,0.613,0.441,0.145,0.07
174.60000000000002,2.693,1.968,0.803,0.613,0.441,0.145,0.071
174.70000000000002,2.693,1.968,0.803,0.613,0.441,0.145,0.071
174.8,2.693,1.968,0.803,0.613,0.441,0.145,0.071
174.9,2.694,1.969,0.803,0.614,0.441,0.145,0.071
175.0,2.694,1.969,0.803,0.614,0.441,0.145,0.071
175.10000000000002,2.682,1.958,0.799,0.614,0.441,0.145,0.071
175.20000000000002,2.685,1.96,0.8,0.614,0.441,0.145,0.071
175.3,2.687,1.962,0.801,0.614,0.441,0.145,0.071
175.4,2.677,1.953,0.797,0.614,0.441,0.145,0.071
175.5,2.669,1.945,0.795,0.614,0.441,0.145,0.071
175.60000000000002,2.662,1.939,0.792,0.614,0.441,0.145,0.071
175.70000000000002,2.657,1.934,0.791,0.614,0.441,0.145,0.071
175.8,2.665,1.941,0.793,0.614,0.441,0.145,0.071
175.9,2.659,1.936,0.791,0.614,0.441,0.145,0.071
176.0,2.655,1.932,0.79,0.614,0.441,0.146,0.071
176.10000000000002,2.651,1.928,0.789,0.614,0.441,0.146,0.071
176.20000000000002,2.649,1.926,0.788,0.613,0.441,0.146,0.071
176.3,2.646,1.924,0.787,0.613,0.441,0.146,0.07
176.4,2.644,1.922,0.786,0.613,0.441,0.146,0.071
176.5,2.643,1.92,0.786,0.613,0.441,0.146,0.07
176.60000000000002,2.642,1.919,0.785,0.613,0.441,0.146,0.07
176.70000000000002,2.641,1.918,0.785,0.613,0.441,0.146,0.07
176.8,2.64,1.918,0.785,0.613,0.441,0.146,0.07
176.9,2.64,1.917,0.785,0.613,0.441,0.146,0.07
177.0,2.639,1.917,0.785,0.613,0.441,0.146,0.07
177.10000000000002,2.639,1.916,0.784,0.613,0.441,0.145,0.07
177.20000000000002,2.639,1.916,0.784,0.613,0.441,0.145,0.07
177.3,2.65,1.927,0.788,0.613,0.441,0.145,0.071
177.4,2.647,1.924,0.787,0.612,0.441,0.145,0.07
177.5,2.645,1.923,0.787,0.612,0.441,0.145,0.07
177.60000000000002,2.655,1.932,0.79,0.612,0.441,0.145,0.07
177.70000000000002,2.651,1.929,0.789,0.612,0.441,0.145,0.07
177.8,2.649,1.926,0.788,0.611,0.441,0.145,0.07
177.9,2.658,1.935,0.791,0.611,0.441,0.145,0.07
178.0,2.654,1.931,0.789,0.611,0.441,0.144,0.07
178.10000000000002,2.696,1.972,0.804,0.611,0.441,0.144,0.07
178.20000000000002,2.85,2.124,0.857,0.611,0.441,0.144,0.071
178.3,2.818,2.093,0.846,0.611,0.441,0.144,0.071
178.4,2.805,2.079,0.841,0.612,0.441,0.144,0.071
178.5,2.783,2.057,0.833,0.612,0.441,0.144,0.071
178.60000000000002,2.765,2.039,0.827,0.613,0.44,0.144,0.071
178.70000000000002,2.751,2.025,0.822,0.613,0.44,0.144,0.071
178.8,2.728,2.003,0.815,0.613,0.44,0.144,0.071
178.9,2.721,1.996,0.812,0.613,0.44,0.144,0.071
179.0,2.716,1.991,0.811,0.613,0.44,0.144,0.071
179.10000000000002,2.711,1.986,0.809,0.613,0.44,0.144,0.071
179.20000000000002,2.708,1.983,0.808,0.612,0.44,0.144,0.071
179.3,2.705,1.98,0.807,0.612,0.44,0.144,0.071
179.4,2.692,1.967,0.802,0.612,0.44,0.144,0.071
179.5,2.692,1.968,0.802,0.612,0.44,0.144,0.071
179.60000000000002,2.692,1.968,0.803,0.612,0.44,0.143,0.071
179.70000000000002,2.693,1.968,0.803,0.612,0.44,0.143,0.071
179.8,2.682,1.957,0.799,0.612,0.44,0.143,0.071
179.9,2.684,1.96,0.8,0.612,0.44,0.143,0.071
180.0,2.686,1.962,0.8,0.612,0.44,0.143,0.071
180.10000000000002,2.688,1.963,0.801,0.612,0.44,0.143,0.071
180.20000000000002,2.689,1.964,0.801,0.612,0.44,0.143,0.071
180.3,2.69,1.965,0.802,0.612,0.44,0.143,0.071
180.4,2.691,1.966,0.802,0.612,0.44,0.143,0.071
180.5,2.692,1.967,0.802,0.612,0.44,0.143,0.071
180.60000000000002,2.692,1.967,0.802,0.612,0.44,0.143,0.071
180.70000000000002,2.693,1.968,0.803,0.612,0.44,0.143,0.071
180.8,2.681,1.957,0.799,0.612,0.44,0.143,0.071
180.9,2.673,1.949,0.796,0.612,0.44,0.143,0.071
181.0,2.677,1.953,0.797,0.612,0.44,0.143,0.07
181.10000000000002,2.669,1.945,0.795,0.612,0.44,0.143,0.071
181.20000000000002,2.663,1.939,0.792,0.612,0.44,0.143,0.07
181.3,2.669,1.945,0.795,0.612,0.44,0.143,0.07
181.4,3.234,2.361,0.964,0.737,0.529,0.173,0.084
181.5,3.46,2.528,1.031,0.786,0.566,0.184,0.09
181.60000000000002,3.504,2.551,1.043,0.804,0.58,0.189,0.092
181.70000000000002,3.568,2.604,1.063,0.812,0.586,0.191,0.093
181.8,3.593,2.625,1.071,0.816,0.588,0.192,0.094
181.9,3.603,2.633,1.074,0.816,0.589,0.191,0.094
182.0,3.607,2.636,1.075,0.817,0.589,0.191,0.094
182.10000000000002,3.563,2.594,1.06,0.817,0.589,0.19,0.093
182.20000000000002,3.546,2.577,1.054,0.817,0.589,0.19,0.094
182.3,3.584,2.614,1.067,0.816,0.589,0.19,0.094
182.4,3.6,2.629,1.073,0.817,0.589,0.19,0.094
182.5,3.56,2.591,1.059,0.816,0.589,0.19,0.095
182.60000000000002,3.545,2.576,1.054,0.816,0.589,0.19,0.094
182.70000000000002,3.538,2.57,1.052,0.816,0.59,0.189,0.094
182.8,3.536,2.568,1.051,0.816,0.589,0.19,0.095
182.9,3.58,2.61,1.066,0.815,0.589,0.189,0.095
183.0,3.598,2.627,1.072,0.815,0.589,0.19,0.095
183.10000000000002,3.651,2.678,1.09,0.816,0.589,0.189,0.095
183.20000000000002,3.673,2.699,1.097,0.816,0.589,0.19,0.094
183.3,3.681,2.707,1.1,0.816,0.589,0.19,0.095
183.4,3.685,2.71,1.101,0.815,0.589,0.189,0.095
183.5,3.686,2.711,1.102,0.816,0.589,0.189,0.095
183.60000000000002,3.686,2.712,1.102,0.817,0.589,0.189,0.095
183.70000000000002,3.687,2.712,1.102,0.816,0.589,0.19,0.095
183.8,3.641,2.668,1.086,0.817,0.589,0.19,0.095
183.9,3.668,2.694,1.096,0.817,0.589,0.19,0.095
184.0,3.679,2.705,1.1,0.818,0.589,0.19,0.095
184.10000000000002,3.684,2.709,1.101,0.818,0.589,0.19,0.095
184.20000000000002,3.686,2.711,1.102,0.817,0.589,0.19,0.095
184.3,3.686,2.712,1.102,0.818,0.589,0.19,0.096
184.4,3.687,2.712,1.102,0.818,0.589,0.19,0.096
184.5,3.687,2.712,1.102,0.819,0.589,0.191,0.096
184.60000000000002,3.687,2.712,1.102,0.819,0.589,0.191,0.096
184.70000000000002,3.641,2.668,1.086,0.82,0.589,0.192,0.095
184.8,3.668,2.694,1.096,0.82,0.588,0.192,0.096
184.9,3.633,2.661,1.084,0.821,0.589,0.192,0.095
185.0,3.62,2.648,1.079,0.821,0.589,0.192,0.095
185.10000000000002,3.614,2.642,1.077,0.821,0.589,0.192,0.095
185.20000000000002,3.612,2.64,1.077,0.822,0.589,0.192,0.095
185.3,3.611,2.639,1.076,0.822,0.589,0.193,0.095
185.4,3.61,2.639,1.076,0.822,0.589,0.193,0.094
185.5,3.61,2.639,1.076,0.823,0.589,0.193,0.094
185.60000000000002,3.61,2.639,1.076,0.823,0.589,0.193,0.095
185.70000000000002,3.656,2.683,1.092,0.823,0.589,0.193,0.094
185.8,3.629,2.656,1.082,0.824,0.589,0.193,0.094
185.9,3.572,2.602,1.063,0.823,0.589,0.193,0.094
186.0,3.549,2.581,1.056,0.824,0.588,0.193,0.094
186.10000000000002,3.54,2.572,1.052,0.824,0.589,0.194,0.094
186.20000000000002,3.536,2.568,1.051,0.825,0.589,0.194,0.095
186.3,3.535,2.567,1.051,0.825,0.59,0.194,0.094
186.4,3.534,2.566,1.051,0.825,0.589,0.194,0.095
186.5,3.534,2.566,1.05,0.825,0.589,0.194,0.094
186.60000000000002,3.534,2.566,1.05,0.824,0.589,0.194,0.094
186.70000000000002,3.534,2.566,1.05,0.825,0.589,0.194,0.095
186.8,3.534,2.566,1.05,0.825,0.589,0.194,0.094
186.9,3.534,2.566,1.05,0.825,0.589,0.194,0.095
187.0,3.58,2.61,1.066,0.826,0.589,0.194,0.094
187.10000000000002,3.552,2.584,1.057,0.825,0.589,0.195,0.094
187.20000000000002,3.541,2.573,1.053,0.825,0.589,0.195,0.093
187.3,3.537,2.569,1.051,0.825,0.589,0.195,0.093
187.4,3.49,2.524,1.036,0.826,0.589,0.194,0.093
187.5,3.516,2.549,1.044,0.826,0.589,0.194,0.093
187.60000000000002,3.527,2.559,1.048,0.825,0.589,0.194,0.092
187.70000000000002,3.531,2.563,1.049,0.825,0.589,0.194,0.092
187.8,3.625,2.653,1.081,0.825,0.589,0.194,0.092
187.9,3.525,2.558,1.047,0.825,0.589,0.195,0.092
188.0,3.53,2.563,1.049,0.825,0.589,0.194,0.092
188.10000000000002,3.533,2.565,1.05,0.825,0.589,0.195,0.093
188.20000000000002,3.533,2.566,1.05,0.824,0.59,0.194,0.092
188.3,3.534,2.566,1.05,0.825,0.59,0.194,0.092
188.4,3.534,2.566,1.05,0.825,0.589,0.195,0.092
188.5,3.488,2.523,1.035,0.824,0.588,0.194,0.092
188.60000000000002,3.47,2.506,1.029,0.825,0.588,0.195,0.092
188.70000000000002,3.463,2.499,1.027,0.824,0.588,0.195,0.091
188.8,3.46,2.496,1.026,0.824,0.588,0.195,0.091
188.9,3.459,2.495,1.025,0.823,0.589,0.194,0.092
189.0,3.504,2.538,1.04,0.823,0.588,0.194,0.092
189.10000000000002,3.522,2.555,1.046,0.822,0.589,0.194,0.092
189.20000000000002,3.484,2.519,1.034,0.823,0.589,0.194,0.093
189.3,3.468,2.504,1.028,0.823,0.588,0.194,0.092
189.4,3.462,2.498,1.026,0.823,0.588,0.194,0.092
189.5,3.505,2.539,1.041,0.822,0.588,0.194,0.091
189.60000000000002,3.477,2.512,1.031,0.823,0.588,0.194,0.092
189.70000000000002,3.466,2.501,1.027,0.822,0.589,0.194,0.092
189.8,3.461,2.497,1.026,0.822,0.588,0.194,0.092
189.9,3.505,2.539,1.041,0.822,0.588,0.194,0.091
190.0,3.522,2.555,1.047,0.821,0.587,0.194,0.092
190.10000000000002,3.529,2.562,1.049,0.821,0.588,0.194,0.092
190.20000000000002,3.532,2.564,1.05,0.821,0.588,0.194,0.092
190.3,3.579,2.609,1.066,0.822,0.588,0.194,0.091
190.4,3.552,2.583,1.057,0.821,0.588,0.194,0.092
190.5,3.496,2.53,1.038,0.822,0.588,0.194,0.092
190.60000000000002,3.473,2.509,1.03,0.821,0.587,0.193,0.091
190.70000000000002,3.555,2.587,1.058,0.821,0.587,0.193,0.091
190.8,3.497,2.531,1.038,0.821,0.588,0.194,0.091
190.9,3.474,2.509,1.03,0.82,0.588,0.194,0.092
191.0,3.464,2.5,1.027,0.821,0.588,0.193,0.092
191.10000000000002,3.506,2.54,1.041,0.821,0.588,0.194,0.092
191.20000000000002,3.477,2.513,1.031,0.82,0.587,0.193,0.092
191.3,3.466,2.502,1.028,0.82,0.588,0.193,0.091
191.4,3.461,2.497,1.026,0.821,0.588,0.193,0.091
191.5,3.459,2.496,1.025,0.821,0.588,0.193,0.091
191.60000000000002,3.55,2.581,1.056,0.821,0.587,0.192,0.092
191.70000000000002,3.495,2.529,1.037,0.82,0.587,0.193,0.091
191.8,3.473,2.508,1.03,0.82,0.587,0.192,0.091
191.9,3.419,2.457,1.012,0.82,0.587,0.192,0.092
192.0,3.488,2.523,1.035,0.819,0.588,0.193,0.092
192.10000000000002,3.47,2.506,1.029,0.82,0.587,0.193,0.092
192.20000000000002,3.463,2.499,1.027,0.819,0.586,0.192,0.092
192.3,3.46,2.496,1.026,0.82,0.587,0.193,0.092
192.4,3.642,2.67,1.087,0.819,0.587,0.192,0.092
192.5,3.532,2.565,1.05,0.818,0.587,0.193,0.091
192.60000000000002,3.488,2.523,1.035,0.819,0.587,0.193,0.091
192.70000000000002,3.47,2.506,1.029,0.819,0.587,0.192,0.092
192.8,3.463,2.499,1.027,0.818,0.587,0.192,0.092
192.9,3.46,2.496,1.026,0.818,0.586,0.193,0.091
193.0,3.459,2.495,1.025,0.819,0.587,0.192,0.092
193.10000000000002,3.459,2.495,1.025,0.819,0.587,0.192,0.092
193.20000000000002,3.504,2.538,1.04,0.819,0.587,0.192,0.091
193.3,3.476,2.512,1.031,0.819,0.587,0.192,0.092
193.4,3.466,2.501,1.027,0.818,0.588,0.192,0.092
193.5,3.461,2.497,1.026,0.818,0.587,0.192,0.092
193.60000000000002,3.459,2.495,1.025,0.818,0.587,0.192,0.091
193.70000000000002,3.504,2.538,1.04,0.818,0.587,0.192,0.091
193.8,3.477,2.512,1.031,0.818,0.586,0.192,0.091
193.9,3.466,2.501,1.027,0.818,0.586,0.192,0.092
194.0,3.461,2.497,1.026,0.817,0.586,0.192,0.091
194.10000000000002,3.459,2.495,1.025,0.818,0.586,0.192,0.092
194.20000000000002,3.459,2.495,1.025,0.818,0.586,0.192,0.091
194.3,3.458,2.495,1.025,0.817,0.587,0.192,0.092
194.4,3.458,2.494,1.025,0.818,0.586,0.191,0.092
194.5,3.413,2.452,1.01,0.817,0.587,0.191,0.092
194.60000000000002,3.44,2.477,1.019,0.817,0.587,0.191,0.093
194.70000000000002,3.451,2.488,1.023,0.817,0.586,0.191,0.092
194.8,3.455,2.492,1.024,0.817,0.586,0.192,0.092
194.9,3.457,2.493,1.025,0.818,0.586,0.191,0.092
195.0,3.458,2.494,1.025,0.817,0.586,0.19,0.092
195.10000000000002,3.458,2.494,1.025,0.817,0.586,0.191,0.092
195.20000000000002,3.458,2.494,1.025,0.817,0.586,0.19,0.091
195.3,3.458,2.494,1.025,0.817,0.586,0.191,0.091
195.4,3.458,2.494,1.025,0.817,0.586,0.19,0.092
195.5,3.458,2.494,1.025,0.817,0.586,0.19,0.092
195.60000000000002,3.458,2.494,1.025,0.817,0.586,0.19,0.091
195.70000000000002,3.458,2.494,1.025,0.816,0.586,0.191,0.092
195.8,3.504,2.537,1.04,0.816,0.586,0.19,0.091
195.9,3.476,2.512,1.031,0.817,0.586,0.19,0.091
196.0,3.465,2.501,1.027,0.816,0.586,0.19,0.091
196.10000000000002,3.461,2.497,1.026,0.816,0.586,0.19,0.091
196.20000000000002,3.459,2.495,1.025,0.816,0.586,0.19,0.092
196.3,3.459,2.495,1.025,0.817,0.586,0.19,0.092
196.4,3.458,2.495,1.025,0.817,0.586,0.19,0.092
196.5,3.504,2.537,1.04,0.816,0.585,0.19,0.092
196.60000000000002,3.476,2.512,1.031,0.816,0.585,0.19,0.092
196.70000000000002,3.511,2.544,1.043,0.816,0.585,0.19,0.092
196.8,3.479,2.514,1.032,0.816,0.585,0.19,0.092
196.9,3.467,2.502,1.028,0.816,0.585,0.19,0.092
197.0,3.507,2.541,1.041,0.816,0.586,0.189,0.092
197.10000000000002,3.478,2.513,1.032,0.815,0.585,0.19,0.093
197.20000000000002,3.512,2.545,1.043,0.816,0.585,0.19,0.092
197.3,3.48,2.515,1.032,0.816,0.586,0.19,0.092
197.4,3.512,2.545,1.043,0.815,0.585,0.189,0.092
197.5,3.48,2.515,1.032,0.815,0.585,0.189,0.092
197.60000000000002,3.467,2.503,1.028,0.816,0.585,0.19,0.092
197.70000000000002,3.507,2.541,1.041,0.816,0.585,0.189,0.092
197.8,3.478,2.513,1.032,0.816,0.585,0.19,0.092
197.9,3.466,2.502,1.028,0.815,0.585,0.189,0.092
198.0,3.507,2.54,1.041,0.815,0.585,0.19,0.092
198.10000000000002,3.478,2.513,1.031,0.816,0.586,0.189,0.092
198.20000000000002,3.511,2.545,1.043,0.816,0.585,0.19,0.092
198.3,3.48,2.515,1.032,0.816,0.585,0.189,0.092
198.4,3.512,2.545,1.043,0.815,0.585,0.189,0.092
198.5,3.48,2.515,1.032,0.815,0.585,0.189,0.092
198.60000000000002,3.467,2.503,1.028,0.815,0.585,0.189,0.092
198.70000000000002,3.462,2.498,1.026,0.814,0.584,0.189,0.092
198.8,3.505,2.539,1.041,0.815,0.585,0.189,0.093
198.9,3.522,2.555,1.047,0.814,0.585,0.189,0.093
199.0,3.484,2.519,1.034,0.815,0.584,0.189,0.092
199.10000000000002,3.514,2.547,1.044,0.815,0.584,0.189,0.093
199.20000000000002,3.526,2.559,1.048,0.815,0.584,0.189,0.093
199.3,3.531,2.563,1.049,0.815,0.584,0.189,0.093
199.4,3.533,2.565,1.05,0.814,0.585,0.189,0.092
199.5,3.533,2.566,1.05,0.815,0.585,0.189,0.092
199.60000000000002,3.534,2.566,1.05,0.814,0.584,0.188,0.093
199.70000000000002,3.488,2.523,1.035,0.814,0.584,0.189,0.092
199.8,3.47,2.506,1.029,0.815,0.584,0.189,0.093
199.9,3.463,2.499,1.027,0.814,0.584,0.189,0.093
200.0,3.506,2.539,1.041,0.815,0.585,0.188,0.093
200.10000000000002,3.523,2.555,1.047,0.815,0.585,0.189,0.093
200.20000000000002,3.529,2.562,1.049,0.814,0.585,0.189,0.092
200.3,3.487,2.521,1.035,0.814,0.584,0.188,0.093
200.4,3.515,2.548,1.044,0.814,0.584,0.189,0.093
200.5,3.481,2.516,1.033,0.814,0.583,0.188,0.093
200.60000000000002,3.513,2.546,1.043,0.814,0.584,0.189,0.092
200.70000000000002,3.526,2.558,1.048,0.813,0.583,0.188,0.092
200.8,3.576,2.606,1.065,0.814,0.584,0.188,0.092
200.9,3.551,2.582,1.056,0.814,0.584,0.189,0.092
201.0,3.541,2.573,1.053,0.814,0.584,0.188,0.092
201.10000000000002,3.582,2.612,1.067,0.814,0.584,0.188,0.093
201.20000000000002,3.553,2.585,1.057,0.814,0.583,0.188,0.093
201.3,3.587,2.617,1.068,0.814,0.584,0.188,0.093
201.4,3.555,2.586,1.058,0.814,0.584,0.188,0.093
201.5,3.543,2.574,1.053,0.814,0.585,0.188,0.093
201.60000000000002,3.492,2.526,1.036,0.814,0.585,0.188,0.093
201.70000000000002,3.472,2.507,1.029,0.814,0.584,0.188,0.093
201.8,3.464,2.499,1.027,0.814,0.584,0.188,0.093
201.9,3.506,2.539,1.041,0.813,0.583,0.188,0.092
202.0,3.523,2.555,1.047,0.814,0.584,0.188,0.092
202.10000000000002,3.529,2.562,1.049,0.813,0.584,0.188,0.093
202.20000000000002,3.532,2.564,1.05,0.813,0.583,0.188,0.093
202.3,3.533,2.565,1.05,0.813,0.583,0.188,0.092
202.4,3.534,2.566,1.05,0.813,0.583,0.188,0.093
202.5,3.488,2.523,1.035,0.813,0.583,0.188,0.094
202.60000000000002,3.516,2.549,1.044,0.812,0.582,0.188,0.093
202.70000000000002,3.527,2.559,1.048,0.813,0.583,0.188,0.093
202.8,3.531,2.563,1.049,0.813,0.584,0.188,0.093
202.9,3.533,2.565,1.05,0.813,0.583,0.187,0.094
203.0,3.534,2.566,1.05,0.813,0.583,0.188,0.094
203.10000000000002,3.534,2.566,1.05,0.812,0.582,0.187,0.094
203.20000000000002,3.534,2.566,1.05,0.812,0.582,0.188,0.093
203.3,3.534,2.566,1.05,0.813,0.582,0.188,0.093
203.4,3.534,2.566,1.05,0.813,0.582,0.187,0.094
203.5,3.534,2.566,1.05,0.812,0.583,0.187,0.093
203.60000000000002,3.489,2.523,1.035,0.813,0.582,0.187,0.094
203.70000000000002,3.516,2.549,1.044,0.813,0.582,0.188,0.094
203.8,3.572,2.603,1.063,0.813,0.583,0.187,0.093
203.9,3.549,2.581,1.056,0.813,0.582,0.187,0.093
204.0,3.54,2.572,1.053,0.812,0.582,0.187,0.093
204.10000000000002,3.536,2.568,1.051,0.812,0.582,0.187,0.093
204.20000000000002,3.535,2.567,1.051,0.812,0.582,0.187,0.093
204.3,3.534,2.566,1.051,0.812,0.582,0.186,0.094
204.4,3.534,2.566,1.05,0.812,0.582,0.186,0.094
204.5,3.534,2.566,1.05,0.812,0.582,0.186,0.093
204.60000000000002,3.489,2.523,1.035,0.811,0.583,0.187,0.094
204.70000000000002,3.516,2.549,1.044,0.811,0.582,0.186,0.093
204.8,3.527,2.559,1.048,0.812,0.582,0.186,0.094
204.9,3.486,2.52,1.034,0.812,0.582,0.186,0.093
205.0,3.515,2.548,1.044,0.812,0.582,0.186,0.094
205.10000000000002,3.526,2.559,1.048,0.812,0.582,0.187,0.094
205.20000000000002,3.531,2.563,1.049,0.812,0.582,0.186,0.093
205.3,3.533,2.565,1.05,0.812,0.582,0.186,0.093
205.4,3.488,2.523,1.035,0.812,0.583,0.187,0.094
205.5,3.516,2.549,1.044,0.812,0.582,0.186,0.094
205.60000000000002,3.527,2.559,1.048,0.812,0.582,0.186,0.093
205.70000000000002,3.395,2.436,1.004,0.813,0.583,0.186,0.093
205.8,3.479,2.514,1.032,0.812,0.582,0.186,0.093
205.9,3.512,2.545,1.043,0.812,0.582,0.186,0.093
206.0,3.525,2.558,1.047,0.812,0.582,0.186,0.092
206.10000000000002,3.53,2.563,1.049,0.813,0.583,0.186,0.093
206.20000000000002,3.533,2.565,1.05,0.812,0.582,0.186,0.094
206.3,3.533,2.566,1.05,0.812,0.582,0.186,0.094
206.4,3.534,2.566,1.05,0.812,0.582,0.186,0.094
206.5,3.534,2.566,1.05,0.813,0.582,0.186,0.094
206.60000000000002,3.534,2.566,1.05,0.812,0.581,0.186,0.094
206.70000000000002,3.534,2.566,1.05,0.811,0.581,0.186,0.094
206.8,3.534,2.566,1.05,0.811,0.581,0.186,0.093
206.9,3.534,2.566,1.05,0.81,0.581,0.186,0.094
207.0,3.534,2.566,1.05,0.811,0.581,0.186,0.093
207.10000000000002,3.534,2.566,1.05,0.81,0.582,0.186,0.093
207.20000000000002,3.534,2.566,1.05,0.81,0.581,0.186,0.094
207.3,3.534,2.566,1.05,0.811,0.581,0.186,0.093
207.4,3.534,2.566,1.05,0.812,0.582,0.186,0.094
207.5,3.534,2.566,1.05,0.811,0.582,0.185,0.094
207.60000000000002,3.534,2.566,1.05,0.81,0.582,0.185,0.093
207.70000000000002,3.534,2.566,1.05,0.81,0.581,0.186,0.094
207.8,3.534,2.566,1.05,0.81,0.581,0.186,0.094
207.9,3.534,2.566,1.05,0.811,0.581,0.186,0.094
208.0,3.534,2.566,1.05,0.81,0.581,0.185,0.094
208.10000000000002,3.534,2.566,1.05,0.81,0.58,0.186,0.095
208.20000000000002,3.534,2.566,1.05,0.81,0.581,0.186,0.094
208.3,3.534,2.566,1.05,0.81,0.581,0.186,0.094
208.4,3.534,2.566,1.05,0.81,0.581,0.186,0.094
208.5,3.534,2.566,1.05,0.811,0.581,0.185,0.094
208.60000000000002,3.58,2.61,1.066,0.81,0.581,0.185,0.094
208.70000000000002,3.552,2.584,1.057,0.81,0.58,0.185,0.094
208.8,3.496,2.53,1.038,0.81,0.58,0.185,0.093
208.9,3.519,2.552,1.045,0.811,0.581,0.185,0.094
209.0,3.568,2.599,1.062,0.81,0.581,0.185,0.094
209.10000000000002,3.548,2.579,1.055,0.81,0.58,0.185,0.094
209.20000000000002,3.539,2.571,1.052,0.81,0.581,0.185,0.094
209.3,3.536,2.568,1.051,0.81,0.58,0.185,0.095
209.4,3.535,2.567,1.051,0.81,0.581,0.185,0.094
209.5,3.534,2.566,1.051,0.81,0.581,0.185,0.095
209.60000000000002,3.534,2.566,1.05,0.809,0.58,0.185,0.094
209.70000000000002,3.58,2.61,1.066,0.809,0.58,0.185,0.094
209.8,3.552,2.584,1.057,0.81,0.58,0.185,0.094
209.9,3.541,2.573,1.053,0.809,0.579,0.185,0.094
210.0,3.62,2.648,1.079,0.81,0.581,0.185,0.095
210.10000000000002,3.537,2.569,1.051,0.81,0.58,0.185,0.094
210.20000000000002,3.535,2.567,1.051,0.81,0.58,0.185,0.095
210.3,3.534,2.567,1.051,0.81,0.579,0.184,0.094
210.4,3.534,2.566,1.05,0.81,0.58,0.185,0.094
210.5,3.534,2.566,1.05,0.809,0.58,0.185,0.094
210.60000000000002,3.534,2.566,1.05,0.809,0.58,0.185,0.094
210.70000000000002,3.534,2.566,1.05,0.809,0.58,0.184,0.094
210.8,3.534,2.566,1.05,0.81,0.581,0.184,0.094
210.9,3.534,2.566,1.05,0.809,0.58,0.184,0.093
211.0,3.534,2.566,1.05,0.81,0.58,0.185,0.093
211.10000000000002,3.534,2.566,1.05,0.81,0.579,0.185,0.093
211.20000000000002,3.534,2.566,1.05,0.809,0.58,0.184,0.093
211.3,3.534,2.566,1.05,0.81,0.58,0.184,0.094
211.4,3.534,2.566,1.05,0.81,0.58,0.184,0.094
211.5,3.534,2.566,1.05,0.809,0.579,0.184,0.094
211.60000000000002,3.534,2.566,1.05,0.809,0.58,0.184,0.094
211.70000000000002,3.489,2.523,1.035,0.809,0.579,0.184,0.094
211.8,3.516,2.549,1.044,0.81,0.579,0.183,0.094
211.9,3.527,2.559,1.048,0.809,0.579,0.184,0.094
212.0,3.486,2.52,1.034,0.809,0.579,0.184,0.094
212.10000000000002,3.515,2.548,1.044,0.81,0.579,0.185,0.094
212.20000000000002,3.526,2.559,1.048,0.809,0.579,0.184,0.094
212.3,3.485,2.52,1.034,0.809,0.579,0.185,0.094
212.4,3.515,2.548,1.044,0.809,0.58,0.184,0.094
212.5,3.526,2.559,1.048,0.81,0.579,0.184,0.095
212.60000000000002,3.531,2.563,1.049,0.809,0.579,0.184,0.094
212.70000000000002,3.487,2.522,1.035,0.81,0.579,0.184,0.095
212.8,3.515,2.548,1.044,0.81,0.578,0.184,0.094
212.9,3.527,2.559,1.048,0.809,0.579,0.184,0.094
213.0,3.531,2.563,1.049,0.809,0.579,0.184,0.094
213.10000000000002,3.533,2.565,1.05,0.809,0.58,0.184,0.093
213.20000000000002,3.534,2.566,1.05,0.81,0.58,0.183,0.094
213.3,3.534,2.566,1.05,0.81,0.579,0.184,0.094
213.4,3.534,2.566,1.05,0.809,0.579,0.184,0.094
213.5,3.534,2.566,1.05,0.809,0.579,0.183,0.094
213.60000000000002,3.534,2.566,1.05,0.809,0.578,0.183,0.094
213.70000000000002,3.443,2.481,1.02,0.808,0.578,0.183,0.095
213.8,3.498,2.532,1.038,0.809,0.578,0.183,0.095
213.9,3.519,2.552,1.046,0.809,0.578,0.184,0.094
214.0,3.528,2.561,1.048,0.808,0.578,0.183,0.095
214.10000000000002,3.486,2.521,1.034,0.808,0.579,0.183,0.094
214.20000000000002,3.515,2.548,1.044,0.808,0.579,0.183,0.094
214.3,3.526,2.559,1.048,0.809,0.579,0.183,0.094
214.4,3.531,2.563,1.049,0.809,0.579,0.184,0.094
214.5,3.533,2.565,1.05,0.808,0.579,0.184,0.095
214.60000000000002,3.488,2.523,1.035,0.809,0.578,0.183,0.094
214.70000000000002,3.47,2.506,1.029,0.809,0.579,0.183,0.094
214.8,3.508,2.542,1.042,0.809,0.578,0.183,0.094
214.9,3.524,2.556,1.047,0.808,0.578,0.182,0.093
215.0,3.53,2.562,1.049,0.808,0.578,0.183,0.094
215.10000000000002,3.532,2.565,1.05,0.807,0.578,0.183,0.094
215.20000000000002,3.533,2.565,1.05,0.808,0.578,0.183,0.094
215.3,3.488,2.523,1.035,0.808,0.578,0.182,0.094
215.4,3.516,2.549,1.044,0.807,0.578,0.183,0.094
215.5,3.527,2.559,1.048,0.808,0.578,0.183,0.094
215.60000000000002,3.531,2.563,1.049,0.808,0.578,0.183,0.095
215.70000000000002,3.533,2.565,1.05,0.808,0.579,0.183,0.094
215.8,3.534,2.566,1.05,0.809,0.578,0.183,0.094
215.9,3.534,2.566,1.05,0.808,0.578,0.183,0.095
216.0,3.534,2.566,1.05,0.808,0.578,0.183,0.094
216.10000000000002,3.534,2.566,1.05,0.807,0.577,0.183,0.094
216.20000000000002,3.534,2.566,1.05,0.807,0.577,0.182,0.094
216.3,3.534,2.566,1.05,0.807,0.577,0.183,0.094
216.4,3.534,2.566,1.05,0.808,0.577,0.182,0.095
216.5,3.534,2.566,1.05,0.807,0.578,0.183,0.094
216.60000000000002,3.534,2.566,1.05,0.807,0.577,0.183,0.094
216.70000000000002,3.534,2.566,1.05,0.807,0.577,0.182,0.095
216.8,3.534,2.566,1.05,0.807,0.577,0.182,0.095
216.9,3.534,2.566,1.05,0.808,0.577,0.182,0.095
217.0,3.534,2.566,1.05,0.807,0.577,0.183,0.094
217.10000000000002,3.534,2.566,1.05,0.806,0.577,0.183,0.093
217.20000000000002,3.534,2.566,1.05,0.807,0.577,0.182,0.094
217.3,3.534,2.566,1.05,0.807,0.577,0.182,0.094
217.4,3.534,2.566,1.05,0.807,0.577,0.183,0.094
217.5,3.534,2.566,1.05,0.807,0.577,0.182,0.094
217.60000000000002,3.534,2.566,1.05,0.807,0.578,0.182,0.095
217.70000000000002,3.534,2.566,1.05,0.806,0.577,0.182,0.094
217.8,3.534,2.566,1.05,0.807,0.577,0.182,0.095
217.9,3.534,2.566,1.05,0.806,0.578,0.182,0.094
218.0,3.534,2.566,1.05,0.806,0.577,0.182,0.094
218.10000000000002,3.489,2.523,1.035,0.806,0.577,0.182,0.095
218.20000000000002,3.516,2.549,1.044,0.807,0.577,0.183,0.094
218.3,3.527,2.559,1.048,0.806,0.577,0.183,0.094
218.4,3.577,2.607,1.065,0.806,0.577,0.182,0.094
218.5,3.551,2.582,1.056,0.807,0.577,0.182,0.094
218.60000000000002,3.541,2.573,1.053,0.806,0.577,0.182,0.094
218.70000000000002,3.537,2.569,1.051,0.806,0.577,0.182,0.094
218.8,3.535,2.567,1.051,0.807,0.577,0.182,0.094
218.9,3.534,2.567,1.051,0.806,0.577,0.182,0.094
219.0,3.58,2.61,1.066,0.807,0.577,0.182,0.095
219.10000000000002,3.552,2.584,1.057,0.806,0.576,0.182,0.095
219.20000000000002,3.541,2.573,1.053,0.805,0.576,0.182,0.094
219.3,3.537,2.569,1.051,0.806,0.576,0.182,0.094
219.4,3.535,2.567,1.051,0.806,0.576,0.182,0.094
219.5,3.534,2.567,1.051,0.807,0.576,0.182,0.094
219.60000000000002,3.534,2.566,1.05,0.806,0.577,0.182,0.095
219.70000000000002,3.534,2.566,1.05,0.806,0.576,0.182,0.094
219.8,3.534,2.566,1.05,0.806,0.576,0.181,0.094
219.9,3.58,2.61,1.066,0.806,0.576,0.182,0.094
220.0,3.552,2.584,1.057,0.806,0.577,0.182,0.094
220.10000000000002,3.541,2.573,1.053,0.807,0.576,0.182,0.094
220.20000000000002,3.537,2.569,1.051,0.806,0.577,0.182,0.095
220.3,3.49,2.524,1.036,0.805,0.577,0.182,0.094
220.4,3.516,2.549,1.044,0.805,0.577,0.181,0.093
220.5,3.527,2.559,1.048,0.806,0.577,0.181,0.094
220.60000000000002,3.531,2.563,1.049,0.805,0.576,0.181,0.095
220.70000000000002,3.533,2.565,1.05,0.806,0.576,0.182,0.095
220.8,3.534,2.566,1.05,0.805,0.576,0.182,0.094
220.9,3.534,2.566,1.05,0.806,0.576,0.182,0.094
221.0,3.534,2.566,1.05,0.806,0.577,0.182,0.094
221.10000000000002,3.534,2.566,1.05,0.806,0.577,0.182,0.095
221.20000000000002,3.534,2.566,1.05,0.806,0.576,0.181,0.095
221.3,3.534,2.566,1.05,0.805,0.577,0.181,0.094
221.4,3.534,2.566,1.05,0.806,0.576,0.182,0.095
221.5,3.534,2.566,1.05,0.805,0.577,0.181,0.094
221.60000000000002,3.534,2.566,1.05,0.805,0.576,0.181,0.094
221.70000000000002,3.534,2.566,1.05,0.805,0.576,0.181,0.095
221.8,3.534,2.566,1.05,0.806,0.576,0.181,0.094
221.9,3.534,2.566,1.05,0.806,0.576,0.182,0.095
222.0,3.534,2.566,1.05,0.805,0.576,0.181,0.094
222.10000000000002,3.534,2.566,1.05,0.806,0.576,0.181,0.094
222.20000000000002,3.534,2.566,1.05,0.806,0.576,0.181,0.095
222.3,3.534,2.566,1.05,0.806,0.576,0.181,0.094
222.4,3.534,2.566,1.05,0.806,0.576,0.181,0.095
222.5,3.534,2.566,1.05,0.806,0.576,0.181,0.094
222.60000000000002,3.534,2.566,1.05,0.806,0.576,0.181,0.094
222.70000000000002,3.489,2.523,1.035,0.806,0.576,0.181,0.094
222.8,3.516,2.549,1.044,0.805,0.576,0.181,0.093
222.9,3.527,2.559,1.048,0.805,0.576,0.181,0.094
223.0,3.531,2.563,1.049,0.805,0.576,0.181,0.095
223.10000000000002,3.487,2.522,1.035,0.805,0.576,0.181,0.094
223.20000000000002,3.515,2.548,1.044,0.805,0.576,0.181,0.095
223.3,3.527,2.559,1.048,0.805,0.576,0.181,0.094
223.4,3.531,2.563,1.049,0.806,0.576,0.181,0.094
223.5,3.533,2.565,1.05,0.805,0.576,0.181,0.095
223.60000000000002,3.534,2.566,1.05,0.805,0.576,0.181,0.094
223.70000000000002,3.534,2.566,1.05,0.804,0.576,0.181,0.094
223.8,3.58,2.61,1.066,0.805,0.576,0.181,0.094
223.9,3.552,2.583,1.057,0.805,0.576,0.18,0.094
224.0,3.541,2.573,1.053,0.805,0.576,0.18,0.095
224.10000000000002,3.537,2.569,1.051,0.804,0.576,0.181,0.094
224.20000000000002,3.581,2.611,1.066,0.805,0.576,0.181,0.095
224.3,3.553,2.584,1.057,0.804,0.576,0.181,0.095
224.4,3.406,2.446,1.007,0.804,0.576,0.18,0.095
224.5,3.483,2.518,1.033,0.805,0.576,0.18,0.094
224.60000000000002,3.513,2.547,1.044,0.805,0.576,0.181,0.094
224.70000000000002,3.526,2.558,1.048,0.806,0.576,0.18,0.094
224.8,3.531,2.563,1.049,0.805,0.576,0.18,0.094
224.9,3.533,2.565,1.05,0.804,0.576,0.18,0.095
225.0,3.533,2.566,1.05,0.805,0.576,0.181,0.094
225.10000000000002,3.534,2.566,1.05,0.805,0.576,0.18,0.094
225.20000000000002,3.534,2.566,1.05,0.805,0.576,0.181,0.094
225.3,3.534,2.566,1.05,0.804,0.576,0.18,0.094
225.4,3.534,2.566,1.05,0.805,0.576,0.18,0.094
225.5,3.534,2.566,1.05,0.805,0.576,0.181,0.093
225.60000000000002,3.534,2.566,1.05,0.804,0.574,0.18,0.094
225.70000000000002,3.534,2.566,1.05,0.804,0.573,0.18,0.095
225.8,3.534,2.566,1.05,0.804,0.575,0.181,0.094
225.9,3.534,2.566,1.05,0.804,0.576,0.18,0.094
226.0,3.534,2.566,1.05,0.804,0.575,0.18,0.094
226.10000000000002,3.534,2.566,1.05,0.804,0.574,0.181,0.095
226.20000000000002,3.534,2.566,1.05,0.804,0.574,0.18,0.094
226.3,3.534,2.566,1.05,0.804,0.575,0.18,0.094
226.4,3.534,2.566,1.05,0.804,0.574,0.18,0.095
226.5,3.534,2.566,1.05,0.804,0.575,0.18,0.095
226.60000000000002,3.534,2.566,1.05,0.804,0.576,0.18,0.095
226.70000000000002,3.489,2.523,1.035,0.805,0.576,0.18,0.095
226.8,3.516,2.549,1.044,0.804,0.574,0.18,0.095
226.9,3.481,2.516,1.033,0.805,0.575,0.18,0.094
227.0,3.513,2.546,1.043,0.805,0.576,0.18,0.095
227.10000000000002,3.526,2.558,1.048,0.804,0.574,0.18,0.094
227.20000000000002,3.531,2.563,1.049,0.805,0.573,0.18,0.094
227.3,3.533,2.565,1.05,0.805,0.575,0.18,0.095
227.4,3.533,2.566,1.05,0.805,0.576,0.18,0.094
227.5,3.534,2.566,1.05,0.804,0.574,0.18,0.094
227.60000000000002,3.534,2.566,1.05,0.805,0.573,0.18,0.095
227.70000000000002,3.534,2.566,1.05,0.804,0.573,0.18,0.094
227.8,3.534,2.566,1.05,0.805,0.573,0.18,0.094
227.9,3.534,2.566,1.05,0.805,0.573,0.18,0.094
228.0,3.534,2.566,1.05,0.804,0.573,0.18,0.095
228.10000000000002,3.534,2.566,1.05,0.805,0.573,0.18,0.095
228.20000000000002,3.534,2.566,1.05,0.804,0.573,0.18,0.095
228.3,3.58,2.61,1.066,0.804,0.573,0.18,0.094
228.4,3.507,2.54,1.041,0.804,0.573,0.18,0.094
228.5,3.523,2.556,1.047,0.804,0.573,0.18,0.094
228.60000000000002,3.53,2.562,1.049,0.805,0.573,0.18,0.095
228.70000000000002,3.532,2.564,1.05,0.804,0.573,0.18,0.095
228.8,3.533,2.565,1.05,0.804,0.572,0.18,0.094
228.9,3.534,2.566,1.05,0.805,0.573,0.18,0.094
229.0,3.534,2.566,1.05,0.804,0.573,0.18,0.094
229.10000000000002,3.534,2.566,1.05,0.804,0.573,0.18,0.094
229.20000000000002,3.534,2.566,1.05,0.805,0.573,0.18,0.094
229.3,3.534,2.566,1.05,0.804,0.573,0.18,0.094
229.4,3.58,2.61,1.066,0.804,0.573,0.18,0.094
229.5,3.552,2.584,1.057,0.804,0.573,0.18,0.095
229.60000000000002,3.496,2.53,1.038,0.804,0.572,0.18,0.095
229.70000000000002,3.519,2.552,1.045,0.805,0.573,0.18,0.095
229.8,3.528,2.56,1.048,0.804,0.573,0.18,0.094
229.9,3.532,2.564,1.05,0.804,0.573,0.18,0.095
230.0,3.533,2.565,1.05,0.804,0.573,0.18,0.095
230.10000000000002,3.579,2.609,1.066,0.805,0.573,0.18,0.094
230.20000000000002,3.552,2.583,1.057,0.804,0.573,0.18,0.094
230.3,3.541,2.573,1.053,0.804,0.573,0.18,0.094
230.4,3.537,2.569,1.051,0.804,0.572,0.18,0.095
230.5,3.535,2.567,1.051,0.804,0.573,0.179,0.094
230.60000000000002,3.534,2.567,1.051,0.804,0.573,0.18,0.094
230.70000000000002,3.534,2.566,1.05,0.804,0.573,0.179,0.095
230.8,3.534,2.566,1.05,0.804,0.572,0.179,0.095
230.9,3.534,2.566,1.05,0.805,0.572,0.18,0.094
231.0,3.534,2.566,1.05,0.804,0.572,0.18,0.094
231.10000000000002,3.534,2.566,1.05,0.805,0.573,0.18,0.095
231.20000000000002,3.534,2.566,1.05,0.804,0.572,0.18,0.094
231.3,3.534,2.566,1.05,0.804,0.572,0.18,0.095
231.4,3.534,2.566,1.05,0.804,0.572,0.18,0.095
231.5,3.534,2.566,1.05,0.803,0.572,0.18,0.094
231.60000000000002,3.58,2.61,1.066,0.804,0.572,0.18,0.094
231.70000000000002,3.552,2.584,1.057,0.803,0.571,0.18,0.094
231.8,3.541,2.573,1.053,0.804,0.571,0.18,0.095
231.9,3.537,2.569,1.051,0.804,0.571,0.18,0.094
232.0,3.535,2.567,1.051,0.803,0.571,0.18,0.094
232.10000000000002,3.534,2.567,1.051,0.803,0.571,0.18,0.095
232.20000000000002,3.534,2.566,1.05,0.804,0.57,0.179,0.095
232.3,3.534,2.566,1.05,0.804,0.571,0.18,0.095
232.4,3.534,2.566,1.05,0.804,0.572,0.18,0.095
232.5,3.58,2.61,1.066,0.804,0.572,0.18,0.095
232.60000000000002,3.552,2.584,1.057,0.804,0.571,0.18,0.094
232.70000000000002,3.541,2.573,1.053,0.804,0.572,0.179,0.094
232.8,3.537,2.569,1.051,0.804,0.572,0.18,0.094
232.9,3.49,2.524,1.036,0.804,0.572,0.179,0.095
233.0,3.516,2.549,1.044,0.804,0.572,0.18,0.095
233.10000000000002,3.527,2.559,1.048,0.804,0.571,0.18,0.095
233.20000000000002,3.531,2.563,1.049,0.803,0.571,0.179,0.094
233.3,3.579,2.609,1.065,0.804,0.571,0.179,0.095
233.4,3.506,2.54,1.041,0.804,0.571,0.18,0.094
233.5,3.523,2.556,1.047,0.803,0.571,0.179,0.094
233.60000000000002,3.53,2.562,1.049,0.804,0.571,0.179,0.095
233.70000000000002,3.532,2.564,1.05,0.803,0.571,0.18,0.095
233.8,3.533,2.565,1.05,0.803,0.572,0.18,0.094
233.9,3.534,2.566,1.05,0.802,0.571,0.179,0.094
234.0,3.534,2.566,1.05,0.802,0.57,0.179,0.094
234.10000000000002,3.534,2.566,1.05,0.802,0.57,0.178,0.094
234.20000000000002,3.534,2.566,1.05,0.803,0.57,0.179,0.093
234.3,3.534,2.566,1.05,0.802,0.571,0.179,0.094
234.4,3.534,2.566,1.05,0.803,0.571,0.179,0.094
234.5,3.534,2.566,1.05,0.802,0.57,0.178,0.095
234.60000000000002,3.534,2.566,1.05,0.802,0.57,0.178,0.094
234.70000000000002,3.534,2.566,1.05,0.802,0.571,0.178,0.094
234.8,3.534,2.566,1.05,0.803,0.571,0.179,0.094
234.9,3.534,2.566,1.05,0.803,0.571,0.179,0.095
235.0,3.534,2.566,1.05,0.802,0.57,0.179,0.095
235.10000000000002,3.534,2.566,1.05,0.803,0.57,0.179,0.095
235.20000000000002,3.58,2.61,1.066,0.803,0.571,0.178,0.095
235.3,3.552,2.584,1.057,0.802,0.571,0.178,0.095
235.4,3.541,2.573,1.053,0.802,0.57,0.178,0.095
235.5,3.537,2.569,1.051,0.803,0.57,0.179,0.094
235.60000000000002,3.535,2.567,1.051,0.804,0.571,0.179,0.095
235.70000000000002,3.534,2.567,1.051,0.803,0.57,0.178,0.095
235.8,3.534,2.566,1.05,0.803,0.571,0.178,0.094
235.9,3.534,2.566,1.05,0.803,0.571,0.178,0.094
236.0,3.534,2.566,1.05,0.803,0.571,0.179,0.094
236.10000000000002,3.534,2.566,1.05,0.802,0.57,0.178,0.095
236.20000000000002,3.534,2.566,1.05,0.803,0.571,0.179,0.094
236.3,3.534,2.566,1.05,0.803,0.57,0.179,0.095
236.4,3.534,2.566,1.05,0.803,0.57,0.178,0.094
236.5,3.534,2.566,1.05,0.802,0.571,0.178,0.094
236.60000000000002,3.58,2.61,1.066,0.803,0.571,0.178,0.095
236.70000000000002,3.552,2.584,1.057,0.803,0.57,0.178,0.095
236.8,3.541,2.573,1.053,0.804,0.571,0.178,0.095
236.9,3.537,2.569,1.051,0.804,0.571,0.178,0.095
237.0,3.627,2.655,1.082,0.803,0.57,0.178,0.094
237.10000000000002,3.571,2.602,1.063,0.803,0.57,0.178,0.094
237.20000000000002,3.549,2.58,1.055,0.803,0.571,0.178,0.094
237.3,3.54,2.572,1.052,0.803,0.57,0.178,0.094
237.4,3.536,2.568,1.051,0.803,0.57,0.178,0.094
237.5,3.535,2.567,1.051,0.802,0.571,0.178,0.095
237.60000000000002,3.534,2.566,1.051,0.803,0.571,0.178,0.095
237.70000000000002,3.534,2.566,1.05,0.803,0.57,0.178,0.094
237.8,3.534,2.566,1.05,0.802,0.57,0.177,0.094
237.9,3.534,2.566,1.05,0.802,0.571,0.178,0.095
238.0,3.534,2.566,1.05,0.802,0.57,0.178,0.094
238.10000000000002,3.534,2.566,1.05,0.802,0.57,0.178,0.095
238.20000000000002,3.489,2.523,1.035,0.802,0.57,0.178,0.095
238.3,3.516,2.549,1.044,0.803,0.57,0.178,0.094
238.4,3.527,2.559,1.048,0.802,0.57,0.178,0.094
238.5,3.531,2.563,1.049,0.802,0.57,0.178,0.094
238.60000000000002,3.533,2.565,1.05,0.801,0.57,0.178,0.095
238.70000000000002,3.534,2.566,1.05,0.802,0.57,0.178,0.095
238.8,3.534,2.566,1.05,0.801,0.571,0.177,0.095
238.9,3.534,2.566,1.05,0.802,0.57,0.178,0.095
239.0,3.534,2.566,1.05,0.802,0.569,0.178,0.094
239.10000000000002,3.534,2.566,1.05,0.802,0.57,0.178,0.095
239.20000000000002,3.534,2.566,1.05,0.802,0.57,0.177,0.095
239.3,3.534,2.566,1.05,0.802,0.57,0.178,0.095
239.4,3.534,2.566,1.05,0.801,0.569,0.178,0.095
239.5,3.534,2.566,1.05,0.801,0.569,0.177,0.096
239.60000000000002,3.534,2.566,1.05,0.802,0.569,0.178,0.095
239.70000000000002,3.534,2.566,1.05,0.801,0.57,0.177,0.094
239.8,3.58,2.61,1.066,0.802,0.57,0.178,0.095
239.9,3.552,2.584,1.057,0.801,0.569,0.177,0.095
240.0,3.496,2.53,1.038,0.802,0.57,0.178,0.094
240.10000000000002,3.519,2.552,1.045,0.801,0.569,0.178,0.095
240.20000000000002,3.528,2.56,1.048,0.801,0.569,0.178,0.095
240.3,3.532,2.564,1.05,0.802,0.569,0.178,0.095
240.4,3.533,2.565,1.05,0.801,0.569,0.177,0.095
240.5,3.534,2.566,1.05,0.801,0.569,0.177,0.095
240.60000000000002,3.534,2.566,1.05,0.801,0.569,0.178,0.095
240.70000000000002,3.534,2.566,1.05,0.8,0.569,0.177,0.094
240.8,3.534,2.566,1.05,0.801,0.569,0.177,0.095
240.9,3.534,2.566,1.05,0.8,0.569,0.177,0.094
241.0,3.534,2.566,1.05,0.8,0.569,0.177,0.094
241.10000000000002,3.534,2.566,1.05,0.801,0.569,0.177,0.095
241.20000000000002,3.534,2.566,1.05,0.801,0.568,0.177,0.095
241.3,3.534,2.566,1.05,0.8,0.568,0.177,0.095
241.4,3.626,2.654,1.081,0.8,0.568,0.177,0.094
241.5,3.571,2.601,1.063,0.801,0.568,0.178,0.094
241.60000000000002,3.549,2.58,1.055,0.801,0.569,0.177,0.095
241.70000000000002,3.54,2.572,1.052,0.801,0.569,0.177,0.094
241.8,3.536,2.568,1.051,0.8,0.569,0.177,0.094
241.9,3.535,2.567,1.051,0.8,0.568,0.177,0.095
242.0,3.534,2.566,1.051,0.801,0.568,0.178,0.094
242.10000000000002,3.534,2.566,1.05,0.8,0.568,0.177,0.095
242.20000000000002,3.534,2.566,1.05,0.8,0.567,0.177,0.094
242.3,3.534,2.566,1.05,0.8,0.568,0.177,0.095
242.4,3.58,2.61,1.066,0.8,0.569,0.177,0.095
242.5,3.552,2.584,1.057,0.801,0.568,0.177,0.095
242.60000000000002,3.541,2.573,1.053,0.8,0.568,0.177,0.095
242.70000000000002,3.537,2.569,1.051,0.801,0.569,0.176,0.095
242.8,3.535,2.567,1.051,0.801,0.569,0.177,0.094
242.9,3.534,2.567,1.051,0.801,0.568,0.177,0.095
243.0,3.534,2.566,1.05,0.802,0.568,0.177,0.095
243.10000000000002,3.534,2.566,1.05,0.802,0.568,0.177,0.095
243.20000000000002,3.534,2.566,1.05,0.801,0.567,0.177,0.094
243.3,3.534,2.566,1.05,0.801,0.568,0.177,0.095
243.4,3.534,2.566,1.05,0.801,0.568,0.177,0.095
243.5,3.534,2.566,1.05,0.801,0.568,0.177,0.095
243.60000000000002,3.534,2.566,1.05,0.8,0.567,0.176,0.094
243.70000000000002,3.534,2.566,1.05,0.801,0.567,0.177,0.094
243.8,3.534,2.566,1.05,0.8,0.567,0.177,0.095
243.9,3.534,2.566,1.05,0.8,0.567,0.177,0.095
244.0,3.534,2.566,1.05,0.801,0.566,0.177,0.095
244.10000000000002,3.534,2.566,1.05,0.801,0.567,0.177,0.094
244.20000000000002,3.534,2.566,1.05,0.8,0.568,0.177,0.095
244.3,3.534,2.566,1.05,0.801,0.567,0.177,0.095
244.4,3.534,2.566,1.05,0.8,0.567,0.176,0.095
244.5,3.534,2.566,1.05,0.801,0.567,0.177,0.095
244.60000000000002,3.534,2.566,1.05,0.8,0.567,0.177,0.095
244.70000000000002,3.534,2.566,1.05,0.8,0.567,0.177,0.095
244.8,3.534,2.566,1.05,0.801,0.567,0.177,0.095
244.9,3.534,2.566,1.05,0.8,0.567,0.177,0.095
245.0,3.534,2.566,1.05,0.8,0.567,0.177,0.095
245.10000000000002,3.718,2.743,1.113,0.8,0.567,0.177,0.095
245.20000000000002,3.608,2.637,1.075,0.801,0.568,0.177,0.095
245.3,3.563,2.594,1.06,0.801,0.567,0.177,0.095
245.4,3.546,2.577,1.054,0.801,0.567,0.177,0.095
245.5,3.539,2.571,1.052,0.8,0.566,0.176,0.095
245.60000000000002,3.582,2.611,1.066,0.8,0.566,0.177,0.095
245.70000000000002,3.553,2.584,1.057,0.8,0.567,0.176,0.094
245.8,3.542,2.573,1.053,0.8,0.566,0.176,0.095
245.9,3.537,2.569,1.051,0.8,0.566,0.176,0.095
246.0,3.535,2.567,1.051,0.8,0.566,0.176,0.095
246.10000000000002,3.534,2.567,1.051,0.8,0.567,0.176,0.095
246.20000000000002,3.534,2.566,1.051,0.8,0.566,0.176,0.095
246.3,3.58,2.61,1.066,0.8,0.566,0.177,0.095
246.4,3.552,2.584,1.057,0.8,0.567,0.176,0.095
246.5,3.368,2.449,1.002,0.759,0.538,0.167,0.09
246.60000000000002,3.221,2.342,0.958,0.727,0.514,0.16,0.086
246.70000000000002,3.104,2.256,0.923,0.701,0.496,0.154,0.083
246.8,3.01,2.187,0.895,0.68,0.481,0.15,0.081
246.9,2.935,2.133,0.873,0.663,0.469,0.146,0.079
247.0,2.875,2.089,0.855,0.65,0.46,0.143,0.077
247.10000000000002,2.828,2.054,0.841,0.639,0.453,0.141,0.076
247.20000000000002,2.789,2.026,0.829,0.631,0.447,0.139,0.075
247.3,2.759,2.004,0.82,0.624,0.442,0.138,0.074
247.4,2.734,1.986,0.813,0.618,0.438,0.136,0.074
247.5,2.715,1.972,0.807,0.614,0.435,0.136,0.073
247.60000000000002,2.699,1.96,0.802,0.611,0.433,0.135,0.073
247.70000000000002,2.687,1.951,0.799,0.608,0.431,0.134,0.072
247.8,2.677,1.944,0.796,0.606,0.429,0.134,0.072
247.9,2.669,1.938,0.793,0.604,0.428,0.133,0.072
248.0,2.663,1.933,0.791,0.603,0.427,0.133,0.072
248.10000000000002,2.657,1.93,0.79,0.602,0.426,0.133,0.072
248.20000000000002,2.653,1.927,0.789,0.601,0.425,0.132,0.072
248.3,2.65,1.924,0.788,0.6,0.425,0.132,0.071
248.4,2.648,1.923,0.787,0.6,0.424,0.132,0.071
248.5,2.646,1.921,0.786,0.599,0.424,0.132,0.071
248.60000000000002,2.644,1.92,0.786,0.599,0.424,0.132,0.071
248.70000000000002,2.643,1.919,0.785,0.598,0.423,0.132,0.071
248.8,2.642,1.918,0.785,0.598,0.423,0.132,0.071
248.9,2.629,1.907,0.781,0.598,0.423,0.132,0.071
249.0,2.631,1.908,0.782,0.598,0.423,0.132,0.071
249.10000000000002,2.632,1.91,0.782,0.598,0.423,0.132,0.071
249.20000000000002,2.633,1.911,0.782,0.598,0.423,0.132,0.071
249.3,2.634,1.912,0.783,0.598,0.423,0.132,0.071
249.4,2.635,1.912,0.783,0.598,0.423,0.132,0.071
249.5,2.635,1.913,0.783,0.597,0.423,0.132,0.071
249.60000000000002,2.636,1.913,0.783,0.597,0.423,0.132,0.071
249.70000000000002,2.636,1.914,0.783,0.597,0.423,0.131,0.071
249.8,2.636,1.914,0.784,0.597,0.423,0.131,0.071
249.9,2.636,1.914,0.784,0.597,0.423,0.131,0.071
250.0,2.637,1.914,0.784,0.597,0.422,0.131,0.071
250.10000000000002,2.637,1.914,0.784,0.597,0.422,0.131,0.071
250.20000000000002,2.626,1.904,0.78,0.597,0.422,0.131,0.071
250.3,2.628,1.906,0.781,0.597,0.422,0.131,0.071
250.4,2.63,1.908,0.781,0.597,0.423,0.131,0.071
250.5,2.631,1.909,0.782,0.597,0.423,0.131,0.071
250.60000000000002,2.633,1.91,0.782,0.597,0.423,0.131,0.071
250.70000000000002,2.633,1.911,0.783,0.597,0.423,0.131,0.071
250.8,2.634,1.912,0.783,0.597,0.423,0.131,0.071
250.9,2.623,1.902,0.779,0.597,0.423,0.131,0.071
251.0,2.615,1.894,0.776,0.597,0.422,0.131,0.071
251.10000000000002,2.619,1.898,0.778,0.597,0.422,0.131,0.071
251.20000000000002,2.623,1.901,0.779,0.597,0.422,0.131,0.071
251.3,2.626,1.904,0.78,0.597,0.422,0.131,0.071
251.4,2.628,1.906,0.781,0.597,0.422,0.131,0.071
251.5,2.63,1.908,0.781,0.596,0.422,0.131,0.071
251.60000000000002,2.631,1.909,0.782,0.596,0.422,0.131,0.071
251.70000000000002,2.633,1.911,0.782,0.597,0.422,0.131,0.071
251.8,2.645,1.922,0.787,0.597,0.422,0.131,0.071
251.9,2.643,1.921,0.786,0.597,0.422,0.131,0.071
252.0,2.642,1.92,0.786,0.597,0.423,0.131,0.072
252.10000000000002,2.641,1.919,0.785,0.597,0.423,0.131,0.071
252.20000000000002,2.652,1.929,0.789,0.597,0.422,0.131,0.072
252.3,2.649,1.926,0.788,0.597,0.422,0.131,0.072
252.4,2.647,1.924,0.787,0.597,0.422,0.131,0.072
252.5,2.656,1.933,0.79,0.597,0.422,0.131,0.072
252.60000000000002,2.652,1.929,0.789,0.597,0.423,0.131,0.072
252.70000000000002,2.661,1.937,0.792,0.597,0.423,0.131,0.072
252.8,2.667,1.944,0.794,0.596,0.423,0.131,0.072
252.9,2.673,1.949,0.796,0.596,0.422,0.131,0.072
253.0,2.677,1.953,0.797,0.596,0.422,0.131,0.072
253.10000000000002,2.669,1.945,0.795,0.596,0.422,0.131,0.072
253.20000000000002,2.663,1.939,0.792,0.596,0.422,0.131,0.072
253.3,2.658,1.934,0.791,0.595,0.422,0.131,0.072
253.4,2.654,1.93,0.789,0.595,0.423,0.131,0.072
253.5,2.65,1.927,0.788,0.595,0.423,0.131,0.072
253.60000000000002,2.648,1.925,0.787,0.595,0.423,0.131,0.072
253.70000000000002,2.646,1.923,0.787,0.595,0.422,0.131,0.072
253.8,2.644,1.921,0.786,0.594,0.422,0.131,0.072
253.9,2.643,1.92,0.786,0.594,0.422,0.131,0.072
254.0,2.642,1.919,0.785,0.594,0.422,0.131,0.072
254.10000000000002,2.641,1.918,0.785,0.594,0.422,0.131,0.072
254.20000000000002,2.651,1.928,0.789,0.594,0.422,0.131,0.072
254.3,2.649,1.926,0.788,0.594,0.422,0.131,0.072
254.4,2.658,1.934,0.791,0.594,0.422,0.13,0.072
254.5,2.677,1.952,0.797,0.594,0.422,0.13,0.072
254.60000000000002,2.68,1.956,0.798,0.594,0.422,0.13,0.072
254.70000000000002,2.672,1.948,0.795,0.594,0.422,0.13,0.072
254.8,2.676,1.952,0.797,0.594,0.422,0.13,0.072
254.9,2.68,1.955,0.798,0.594,0.422,0.13,0.072
255.0,2.683,1.958,0.799,0.594,0.422,0.13,0.073
255.10000000000002,2.674,1.949,0.796,0.594,0.422,0.13,0.073
255.20000000000002,2.701,1.976,0.805,0.593,0.422,0.13,0.073
255.3,2.699,1.974,0.805,0.593,0.422,0.13,0.072
255.4,2.687,1.962,0.801,0.593,0.422,0.13,0.072
255.5,2.688,1.964,0.801,0.593,0.422,0.13,0.072
255.60000000000002,2.69,1.965,0.802,0.593,0.422,0.13,0.072
255.70000000000002,2.69,1.966,0.802,0.593,0.422,0.13,0.072
255.8,2.691,1.966,0.802,0.593,0.422,0.13,0.072
255.9,2.692,1.967,0.802,0.593,0.422,0.13,0.072
256.0,2.692,1.967,0.802,0.593,0.422,0.13,0.072
256.1,2.693,1.968,0.803,0.593,0.422,0.13,0.073
256.2,2.693,1.968,0.803,0.593,0.422,0.13,0.073
256.3,2.693,1.968,0.803,0.593,0.422,0.13,0.073
256.40000000000003,2.693,1.968,0.803,0.593,0.422,0.13,0.073
256.5,2.694,1.969,0.803,0.593,0.422,0.13,0.073
256.6,2.694,1.969,0.803,0.593,0.422,0.13,0.073
256.7,2.694,1.969,0.803,0.593,0.422,0.13,0.073
256.8,2.694,1.969,0.803,0.593,0.422,0.13,0.073
256.90000000000003,2.694,1.969,0.803,0.593,0.422,0.13,0.073
257.0,2.694,1.969,0.803,0.593,0.422,0.13,0.073
257.1,2.694,1.969,0.803,0.593,0.422,0.13,0.073
257.2,2.694,1.969,0.803,0.593,0.422,0.13,0.073
257.3,2.694,1.969,0.803,0.593,0.422,0.13,0.073
257.40000000000003,2.694,1.969,0.803,0.593,0.422,0.13,0.073
257.5,2.694,1.969,0.803,0.593,0.422,0.13,0.073
257.6,2.694,1.969,0.803,0.593,0.422,0.129,0.073
257.7,2.694,1.969,0.803,0.593,0.422,0.13,0.073
257.8,2.694,1.969,0.803,0.593,0.422,0.129,0.073
257.90000000000003,2.694,1.969,0.803,0.593,0.422,0.13,0.073
258.0,2.694,1.969,0.803,0.593,0.422,0.13,0.073
258.1,2.694,1.969,0.803,0.593,0.422,0.13,0.073
258.2,2.694,1.969,0.803,0.593,0.422,0.13,0.073
258.3,2.66,1.937,0.792,0.594,0.422,0.129,0.073
258.40000000000003,2.667,1.943,0.794,0.594,0.422,0.13,0.073
258.5,2.672,1.949,0.796,0.594,0.422,0.13,0.073
258.6,2.677,1.953,0.797,0.594,0.422,0.13,0.073
258.7,2.68,1.956,0.798,0.594,0.422,0.13,0.073
258.8,2.683,1.959,0.799,0.594,0.422,0.13,0.073
258.90000000000003,2.685,1.961,0.8,0.594,0.422,0.13,0.073
259.0,2.687,1.962,0.801,0.594,0.422,0.13,0.073
259.1,2.689,1.964,0.801,0.594,0.422,0.13,0.074
259.2,2.69,1.965,0.802,0.594,0.422,0.13,0.074
259.3,2.702,1.977,0.806,0.595,0.422,0.13,0.074
259.40000000000003,2.7,1.975,0.805,0.595,0.422,0.13,0.074
259.5,2.699,1.974,0.805,0.595,0.422,0.13,0.074
259.6,2.698,1.973,0.804,0.595,0.422,0.13,0.074
259.7,2.697,1.972,0.804,0.595,0.422,0.13,0.073
259.8,2.697,1.972,0.804,0.595,0.422,0.13,0.074
259.90000000000003,2.696,1.971,0.804,0.595,0.422,0.13,0.074
260.0,2.696,1.971,0.804,0.595,0.422,0.13,0.074
260.1,2.695,1.97,0.804,0.595,0.422,0.13,0.074
260.2,2.695,1.97,0.803,0.595,0.422,0.13,0.074
260.3,2.695,1.97,0.803,0.595,0.422,0.13,0.074
260.40000000000003,2.695,1.97,0.803,0.595,0.422,0.13,0.074
260.5,2.718,1.992,0.811,0.595,0.422,0.13,0.074
260.6,2.724,1.998,0.813,0.595,0.422,0.13,0.074
260.7,2.718,1.992,0.811,0.595,0.422,0.13,0.074
260.8,2.714,1.988,0.81,0.595,0.422,0.13,0.073
260.90000000000003,2.71,1.984,0.808,0.595,0.422,0.13,0.073
261.0,2.707,1.981,0.807,0.595,0.422,0.13,0.073
261.1,2.704,1.979,0.806,0.595,0.421,0.13,0.073
261.2,2.714,1.988,0.81,0.595,0.421,0.13,0.073
261.3,2.733,2.006,0.816,0.595,0.421,0.13,0.073
261.40000000000003,2.725,1.999,0.814,0.595,0.421,0.13,0.074
261.5,2.73,2.004,0.815,0.595,0.421,0.13,0.074
261.6,2.723,1.997,0.813,0.595,0.422,0.13,0.074
261.7,2.729,2.002,0.815,0.595,0.421,0.13,0.074
261.8,2.722,1.996,0.812,0.595,0.421,0.13,0.074
261.90000000000003,2.716,1.99,0.811,0.595,0.421,0.13,0.074
262.0,2.712,1.986,0.809,0.595,0.422,0.13,0.074
262.1,2.708,1.983,0.808,0.595,0.422,0.13,0.074
262.2,2.705,1.98,0.807,0.595,0.422,0.13,0.074
262.3,2.703,1.978,0.806,0.595,0.422,0.13,0.074
262.40000000000003,2.701,1.976,0.806,0.595,0.422,0.13,0.074
262.5,2.7,1.975,0.805,0.596,0.422,0.13,0.074
262.6,2.71,1.985,0.809,0.596,0.422,0.13,0.074
262.7,2.707,1.981,0.807,0.596,0.422,0.13,0.074
262.8,2.704,1.979,0.807,0.596,0.422,0.13,0.074
262.90000000000003,2.714,1.988,0.81,0.596,0.422,0.13,0.074
263.0,2.71,1.984,0.808,0.597,0.422,0.13,0.074
263.1,2.707,1.981,0.807,0.597,0.422,0.13,0.074
263.2,2.704,1.979,0.806,0.597,0.421,0.131,0.073
263.3,2.702,1.977,0.806,0.597,0.422,0.131,0.074
263.40000000000003,2.701,1.975,0.805,0.597,0.422,0.131,0.074
263.5,2.711,1.985,0.809,0.597,0.422,0.131,0.074
263.6,2.707,1.982,0.808,0.597,0.422,0.131,0.074
263.7,2.716,1.99,0.811,0.597,0.422,0.131,0.074
263.8,2.723,1.997,0.813,0.597,0.422,0.131,0.074
263.90000000000003,2.729,2.003,0.815,0.597,0.422,0.131,0.074
264.0,2.722,1.996,0.812,0.597,0.422,0.131,0.074
264.1,2.728,2.001,0.814,0.597,0.422,0.131,0.074
264.2,2.733,2.006,0.816,0.598,0.422,0.131,0.074
264.3,2.736,2.01,0.817,0.598,0.422,0.131,0.074
264.40000000000003,2.739,2.012,0.818,0.598,0.422,0.131,0.074
264.5,2.742,2.015,0.819,0.598,0.422,0.131,0.074
264.6,2.744,2.017,0.82,0.598,0.422,0.131,0.074
264.7,2.745,2.018,0.82,0.598,0.422,0.131,0.074
264.8,2.746,2.019,0.821,0.598,0.422,0.131,0.074
264.90000000000003,2.747,2.02,0.821,0.599,0.422,0.131,0.074
265.0,2.748,2.021,0.821,0.599,0.422,0.132,0.074
265.1,2.76,2.033,0.826,0.599,0.422,0.132,0.074
265.2,2.736,2.009,0.817,0.599,0.422,0.132,0.074
265.3,2.739,2.012,0.818,0.6,0.422,0.132,0.074
265.40000000000003,2.741,2.014,0.819,0.6,0.422,0.132,0.074
265.5,2.743,2.016,0.82,0.6,0.422,0.132,0.074
265.6,2.745,2.018,0.82,0.6,0.422,0.132,0.074
265.7,2.746,2.019,0.821,0.6,0.422,0.132,0.074
265.8,2.747,2.02,0.821,0.6,0.422,0.133,0.074
265.90000000000003,2.748,2.021,0.821,0.6,0.422,0.133,0.074
266.0,2.749,2.021,0.822,0.6,0.422,0.133,0.074
266.1,2.749,2.022,0.822,0.6,0.421,0.133,0.074
266.2,2.738,2.011,0.818,0.6,0.421,0.133,0.074
266.3,2.729,2.003,0.815,0.6,0.421,0.133,0.074
266.40000000000003,2.722,1.996,0.813,0.6,0.421,0.133,0.074
266.5,2.717,1.991,0.811,0.6,0.421,0.133,0.074
266.6,2.712,1.986,0.809,0.6,0.421,0.133,0.074
266.7,2.709,1.983,0.808,0.6,0.422,0.133,0.074
266.8,2.706,1.98,0.807,0.6,0.422,0.133,0.074
266.90000000000003,2.703,1.978,0.806,0.6,0.422,0.133,0.074
267.0,2.701,1.976,0.806,0.599,0.422,0.133,0.074
267.1,2.712,1.986,0.809,0.6,0.422,0.133,0.074
267.2,2.72,1.993,0.812,0.6,0.422,0.133,0.074
267.3,2.714,1.989,0.81,0.6,0.422,0.133,0.074
267.40000000000003,2.71,1.985,0.809,0.599,0.422,0.133,0.074
267.5,2.719,1.993,0.811,0.599,0.422,0.133,0.074
267.6,2.714,1.988,0.81,0.599,0.422,0.133,0.074
267.7,2.721,1.995,0.812,0.599,0.422,0.133,0.074
267.8,2.716,1.99,0.81,0.599,0.422,0.133,0.074
267.90000000000003,2.711,1.986,0.809,0.599,0.422,0.133,0.074
268.0,2.708,1.982,0.808,0.599,0.422,0.133,0.074
268.1,2.705,1.98,0.807,0.599,0.422,0.133,0.073
268.2,2.703,1.978,0.806,0.599,0.422,0.132,0.074
268.3,2.736,2.009,0.817,0.599,0.422,0.133,0.074
268.40000000000003,2.727,2.001,0.814,0.599,0.422,0.133,0.074
268.5,2.721,1.995,0.812,0.598,0.422,0.133,0.074
268.6,2.715,1.99,0.81,0.598,0.422,0.133,0.074
268.7,2.711,1.986,0.809,0.598,0.422,0.133,0.074
268.8,2.708,1.982,0.808,0.598,0.422,0.133,0.073
268.90000000000003,2.705,1.98,0.807,0.598,0.422,0.133,0.074
269.0,2.703,1.978,0.806,0.598,0.422,0.133,0.073
269.1,2.701,1.976,0.805,0.598,0.422,0.132,0.073
269.2,2.7,1.974,0.805,0.598,0.422,0.133,0.073
269.3,2.699,1.973,0.805,0.598,0.422,0.132,0.073
269.40000000000003,2.709,1.984,0.808,0.598,0.422,0.133,0.074
269.5,2.706,1.981,0.807,0.598,0.422,0.132,0.074
269.6,2.704,1.978,0.806,0.598,0.422,0.133,0.074
269.7,2.702,1.977,0.806,0.598,0.422,0.132,0.074
269.8,2.7,1.975,0.805,0.598,0.422,0.133,0.074
269.90000000000003,2.699,1.974,0.805,0.598,0.422,0.132,0.074
270.0,2.698,1.973,0.804,0.597,0.422,0.133,0.074
270.1,2.697,1.972,0.804,0.597,0.422,0.132,0.074
270.2,2.708,1.983,0.808,0.597,0.422,0.132,0.074
270.3,2.717,1.991,0.811,0.597,0.422,0.132,0.074
270.40000000000003,2.724,1.998,0.813,0.597,0.422,0.132,0.074
270.5,2.718,1.992,0.811,0.597,0.422,0.132,0.074
270.6,2.725,1.998,0.813,0.597,0.422,0.132,0.074
270.7,2.73,2.003,0.815,0.597,0.422,0.132,0.074
270.8,2.734,2.008,0.817,0.597,0.422,0.132,0.074
270.90000000000003,2.726,2,0.814,0.597,0.422,0.132,0.074
271.0,2.731,2.005,0.816,0.597,0.422,0.132,0.074
271.1,2.735,2.009,0.817,0.597,0.422,0.132,0.074
271.2,2.739,2.012,0.818,0.597,0.422,0.132,0.074
271.3,2.741,2.014,0.819,0.598,0.422,0.132,0.074
271.40000000000003,2.743,2.016,0.82,0.598,0.422,0.132,0.074
271.5,2.745,2.018,0.82,0.598,0.422,0.132,0.074
271.6,2.746,2.019,0.821,0.598,0.422,0.132,0.074
271.7,2.747,2.02,0.821,0.598,0.422,0.132,0.074
271.8,2.748,2.021,0.821,0.599,0.422,0.132,0.074
271.90000000000003,2.749,2.021,0.822,0.599,0.422,0.132,0.074
272.0,2.749,2.022,0.822,0.599,0.422,0.132,0.074
272.1,2.75,2.022,0.822,0.599,0.422,0.132,0.074
272.2,2.75,2.023,0.822,0.599,0.422,0.133,0.074
272.3,2.75,2.023,0.822,0.599,0.422,0.133,0.074
272.40000000000003,2.75,2.023,0.822,0.599,0.422,0.133,0.074
272.5,2.751,2.023,0.822,0.599,0.422,0.133,0.074
272.6,2.751,2.023,0.822,0.599,0.422,0.133,0.074
272.7,2.751,2.024,0.822,0.599,0.422,0.133,0.074
272.8,2.751,2.024,0.822,0.599,0.422,0.133,0.074
272.90000000000003,2.74,2.013,0.818,0.599,0.422,0.133,0.074
273.0,2.742,2.015,0.819,0.599,0.422,0.133,0.074
273.1,2.744,2.017,0.82,0.599,0.422,0.133,0.074
273.2,2.745,2.018,0.82,0.599,0.422,0.133,0.074
273.3,2.735,2.008,0.817,0.599,0.422,0.133,0.074
273.40000000000003,2.75,2.023,0.822,0.599,0.422,0.133,0.074
273.5,2.75,2.023,0.822,0.599,0.422,0.133,0.074
273.6,2.739,2.012,0.818,0.599,0.422,0.133,0.074
273.7,2.741,2.014,0.819,0.599,0.422,0.133,0.074
273.8,2.743,2.016,0.82,0.598,0.422,0.133,0.074
273.90000000000003,2.745,2.018,0.82,0.598,0.422,0.133,0.074
274.0,2.735,2.008,0.817,0.598,0.422,0.133,0.074
274.1,2.738,2.011,0.818,0.598,0.422,0.132,0.074
274.2,2.741,2.014,0.819,0.598,0.422,0.132,0.074
274.3,2.743,2.016,0.82,0.598,0.422,0.132,0.074
274.40000000000003,2.745,2.018,0.82,0.598,0.422,0.132,0.074
274.5,2.746,2.019,0.821,0.598,0.422,0.132,0.074
274.6,2.747,2.02,0.821,0.598,0.422,0.132,0.074
274.7,2.748,2.021,0.821,0.598,0.422,0.132,0.074
274.8,2.749,2.021,0.821,0.598,0.422,0.132,0.074
274.90000000000003,2.749,2.022,0.822,0.598,0.422,0.132,0.074
275.0,2.75,2.022,0.822,0.598,0.422,0.132,0.074
275.1,2.75,2.023,0.822,0.598,0.422,0.132,0.074
275.2,2.75,2.023,0.822,0.598,0.422,0.132,0.074
275.3,2.75,2.023,0.822,0.597,0.422,0.132,0.074
275.40000000000003,2.751,2.023,0.822,0.597,0.422,0.132,0.074
275.5,2.751,2.023,0.822,0.597,0.422,0.132,0.074
275.6,2.751,2.024,0.822,0.597,0.422,0.132,0.074
275.7,2.739,2.013,0.818,0.597,0.422,0.132,0.074
275.8,2.742,2.015,0.819,0.597,0.422,0.132,0.074
275.90000000000003,2.744,2.017,0.82,0.597,0.422,0.132,0.074
276.0,2.745,2.018,0.82,0.597,0.422,0.132,0.074
276.1,3.31,2.435,0.989,0.719,0.508,0.158,0.09
276.2,3.444,2.513,1.026,0.768,0.542,0.169,0.096
276.3,3.59,2.633,1.072,0.787,0.556,0.173,0.098
276.40000000000003,3.648,2.68,1.09,0.795,0.561,0.175,0.098
276.5,3.671,2.699,1.097,0.798,0.563,0.176,0.099
276.6,3.681,2.707,1.1,0.799,0.564,0.176,0.1
276.7,3.638,2.666,1.086,0.8,0.565,0.176,0.099
276.8,3.667,2.694,1.096,0.8,0.565,0.176,0.099
276.90000000000003,3.679,2.705,1.099,0.8,0.566,0.176,0.1
277.0,3.684,2.709,1.101,0.8,0.565,0.176,0.1
277.1,3.686,2.711,1.102,0.8,0.565,0.176,0.1
277.2,3.686,2.712,1.102,0.8,0.565,0.176,0.1
277.3,3.687,2.712,1.102,0.8,0.565,0.176,0.1
277.40000000000003,3.687,2.712,1.102,0.801,0.565,0.176,0.1
277.5,3.641,2.668,1.086,0.8,0.564,0.176,0.099
277.6,3.622,2.65,1.08,0.8,0.565,0.176,0.1
277.7,3.615,2.643,1.078,0.8,0.565,0.176,0.099
277.8,3.612,2.641,1.077,0.8,0.565,0.176,0.1
277.90000000000003,3.657,2.683,1.092,0.801,0.565,0.176,0.1
278.0,3.675,2.701,1.098,0.8,0.565,0.176,0.1
278.1,3.682,2.708,1.1,0.8,0.565,0.176,0.1
278.2,3.685,2.71,1.101,0.801,0.564,0.176,0.099
278.3,3.686,2.711,1.102,0.8,0.565,0.176,0.1
278.40000000000003,3.686,2.712,1.102,0.8,0.564,0.176,0.1
278.5,3.687,2.712,1.102,0.801,0.565,0.176,0.1
278.6,3.687,2.712,1.102,0.8,0.565,0.176,0.1
278.7,3.687,2.712,1.102,0.801,0.565,0.176,0.1
278.8,3.687,2.712,1.102,0.801,0.565,0.177,0.1
278.90000000000003,3.687,2.712,1.102,0.801,0.565,0.176,0.1
279.0,3.641,2.668,1.087,0.802,0.564,0.177,0.1
279.1,3.668,2.694,1.096,0.802,0.564,0.177,0.101
279.2,3.679,2.705,1.1,0.803,0.565,0.177,0.101
279.3,3.684,2.709,1.101,0.804,0.565,0.178,0.1
279.40000000000003,3.686,2.711,1.102,0.804,0.565,0.178,0.1
279.5,3.686,2.712,1.102,0.804,0.565,0.178,0.1
279.6,3.687,2.712,1.102,0.805,0.564,0.178,0.1
279.7,3.687,2.712,1.102,0.805,0.565,0.178,0.1
279.8,3.733,2.757,1.118,0.806,0.565,0.179,0.1
279.90000000000003,3.705,2.73,1.108,0.806,0.565,0.178,0.1
280.0,3.694,2.719,1.105,0.807,0.565,0.179,0.1
280.1,3.69,2.715,1.103,0.808,0.566,0.179,0.099
280.2,3.688,2.713,1.102,0.809,0.565,0.18,0.1
280.3,3.687,2.713,1.102,0.809,0.565,0.179,0.099
280.40000000000003,3.687,2.712,1.102,0.809,0.565,0.18,0.1
280.5,3.687,2.712,1.102,0.809,0.566,0.18,0.099
280.6,3.687,2.712,1.102,0.81,0.566,0.18,0.099
280.7,3.687,2.712,1.102,0.81,0.566,0.18,0.099
280.8,3.687,2.712,1.102,0.81,0.565,0.18,0.099
280.90000000000003,3.687,2.712,1.102,0.809,0.565,0.18,0.099
281.0,3.779,2.802,1.134,0.81,0.565,0.18,0.099
281.1,3.678,2.704,1.099,0.81,0.565,0.181,0.099
281.2,3.683,2.709,1.101,0.811,0.565,0.181,0.098
281.3,3.685,2.711,1.102,0.812,0.565,0.181,0.098
281.40000000000003,3.64,2.668,1.086,0.812,0.565,0.181,0.099
281.5,3.622,2.65,1.08,0.811,0.565,0.181,0.099
281.6,3.615,2.643,1.078,0.812,0.565,0.181,0.098
281.7,3.612,2.641,1.077,0.812,0.565,0.181,0.099
281.8,3.657,2.683,1.092,0.813,0.565,0.181,0.098
281.90000000000003,3.629,2.657,1.082,0.811,0.565,0.181,0.098
282.0,3.618,2.646,1.079,0.812,0.565,0.181,0.097
282.1,3.613,2.642,1.077,0.811,0.565,0.182,0.097
282.2,3.657,2.684,1.092,0.812,0.565,0.181,0.098
282.3,3.629,2.657,1.083,0.812,0.565,0.182,0.097
282.40000000000003,3.664,2.69,1.094,0.812,0.565,0.181,0.098
282.5,3.632,2.659,1.083,0.811,0.565,0.182,0.097
282.6,3.665,2.691,1.095,0.811,0.565,0.181,0.097
282.7,3.632,2.66,1.084,0.811,0.565,0.182,0.097
282.8,3.619,2.647,1.079,0.811,0.565,0.182,0.097
282.90000000000003,3.614,2.642,1.077,0.81,0.565,0.182,0.097
283.0,3.612,2.64,1.077,0.81,0.565,0.181,0.097
283.1,3.611,2.639,1.076,0.81,0.565,0.182,0.098
283.2,3.61,2.639,1.076,0.81,0.565,0.181,0.097
283.3,3.61,2.639,1.076,0.81,0.565,0.181,0.097
283.40000000000003,3.749,2.772,1.123,0.809,0.565,0.182,0.097
283.5,3.666,2.692,1.095,0.81,0.565,0.182,0.097
283.6,3.632,2.66,1.084,0.81,0.565,0.181,0.097
283.7,3.619,2.647,1.079,0.81,0.565,0.181,0.097
283.8,3.614,2.642,1.077,0.809,0.564,0.182,0.097
283.90000000000003,3.612,2.64,1.077,0.809,0.564,0.181,0.097
284.0,3.611,2.639,1.076,0.809,0.564,0.182,0.097
284.1,3.61,2.639,1.076,0.809,0.564,0.181,0.097
284.2,3.61,2.639,1.076,0.809,0.565,0.181,0.097
284.3,3.61,2.639,1.076,0.808,0.565,0.181,0.097
284.40000000000003,3.61,2.639,1.076,0.808,0.565,0.181,0.096
284.5,3.564,2.595,1.061,0.807,0.564,0.181,0.096
284.6,3.592,2.621,1.07,0.808,0.564,0.181,0.096
284.7,3.603,2.632,1.074,0.809,0.565,0.181,0.097
284.8,3.607,2.636,1.075,0.808,0.565,0.181,0.096
284.90000000000003,3.609,2.638,1.076,0.808,0.564,0.181,0.097
285.0,3.61,2.638,1.076,0.807,0.564,0.181,0.097
285.1,3.61,2.639,1.076,0.807,0.564,0.18,0.096
285.2,3.564,2.595,1.061,0.807,0.565,0.18,0.096
285.3,3.592,2.621,1.07,0.807,0.565,0.18,0.097
285.40000000000003,3.557,2.588,1.058,0.807,0.564,0.18,0.097
285.5,3.589,2.618,1.069,0.807,0.564,0.181,0.096
285.6,3.602,2.631,1.073,0.806,0.564,0.18,0.097
285.7,3.607,2.635,1.075,0.807,0.564,0.18,0.097
285.8,3.563,2.594,1.06,0.806,0.564,0.18,0.096
285.90000000000003,3.591,2.621,1.07,0.806,0.564,0.18,0.097
286.0,3.603,2.632,1.074,0.806,0.564,0.18,0.096
286.1,3.561,2.592,1.06,0.806,0.564,0.18,0.096
286.2,3.637,2.664,1.085,0.806,0.563,0.18,0.097
286.3,3.621,2.649,1.08,0.805,0.563,0.18,0.096
286.40000000000003,3.569,2.599,1.062,0.805,0.563,0.18,0.097
286.5,3.548,2.579,1.055,0.805,0.563,0.18,0.097
286.6,3.585,2.615,1.068,0.805,0.564,0.18,0.096
286.7,3.6,2.629,1.073,0.805,0.564,0.18,0.096
286.8,3.56,2.591,1.059,0.805,0.563,0.18,0.097
286.90000000000003,3.545,2.576,1.054,0.804,0.563,0.179,0.097
287.0,3.584,2.614,1.067,0.804,0.563,0.18,0.096
287.1,3.554,2.585,1.057,0.804,0.564,0.18,0.097
287.2,3.542,2.574,1.053,0.804,0.563,0.18,0.096
287.3,3.537,2.569,1.052,0.803,0.562,0.179,0.097
287.40000000000003,3.581,2.611,1.066,0.803,0.563,0.179,0.096
287.5,3.553,2.584,1.057,0.804,0.563,0.18,0.097
287.6,3.587,2.617,1.068,0.804,0.564,0.179,0.097
287.7,3.555,2.586,1.058,0.805,0.564,0.18,0.097
287.8,3.588,2.618,1.069,0.803,0.563,0.18,0.097
287.90000000000003,3.556,2.587,1.058,0.802,0.563,0.179,0.097
288.0,3.543,2.574,1.053,0.802,0.563,0.178,0.097
288.1,3.537,2.569,1.052,0.802,0.563,0.179,0.097
288.2,3.581,2.611,1.066,0.802,0.562,0.179,0.096
288.3,3.599,2.628,1.072,0.802,0.562,0.179,0.096
288.40000000000003,3.514,2.548,1.044,0.802,0.562,0.178,0.097
288.5,3.572,2.602,1.063,0.803,0.562,0.179,0.097
288.6,3.595,2.624,1.071,0.802,0.562,0.179,0.097
288.7,3.604,2.633,1.074,0.802,0.562,0.178,0.097
288.8,3.608,2.636,1.075,0.802,0.563,0.178,0.097
288.90000000000003,3.609,2.638,1.076,0.801,0.562,0.178,0.097
289.0,3.564,2.595,1.061,0.801,0.562,0.178,0.097
289.1,3.546,2.578,1.054,0.801,0.562,0.178,0.098
289.2,3.585,2.614,1.067,0.801,0.562,0.179,0.097
289.3,3.6,2.629,1.073,0.801,0.562,0.178,0.097
289.40000000000003,3.606,2.635,1.075,0.801,0.562,0.178,0.097
289.5,3.609,2.637,1.076,0.802,0.562,0.178,0.097
289.6,3.564,2.595,1.06,0.802,0.562,0.178,0.097
289.7,3.546,2.577,1.054,0.802,0.562,0.178,0.097
289.8,3.584,2.614,1.067,0.801,0.562,0.178,0.098
289.90000000000003,3.554,2.585,1.057,0.802,0.561,0.178,0.097
290.0,3.542,2.574,1.053,0.801,0.562,0.178,0.097
290.1,3.583,2.613,1.067,0.802,0.562,0.178,0.097
290.2,3.599,2.628,1.072,0.801,0.561,0.177,0.097
290.3,3.606,2.635,1.075,0.801,0.561,0.177,0.096
290.40000000000003,3.608,2.637,1.076,0.801,0.562,0.177,0.097
290.5,3.609,2.638,1.076,0.801,0.561,0.178,0.097
290.6,3.61,2.638,1.076,0.801,0.562,0.177,0.097
290.7,3.564,2.595,1.061,0.801,0.562,0.177,0.097
290.8,3.592,2.621,1.07,0.801,0.562,0.178,0.097
290.90000000000003,3.603,2.632,1.074,0.8,0.561,0.178,0.097
291.0,3.653,2.68,1.091,0.801,0.561,0.177,0.097
291.1,3.673,2.699,1.098,0.8,0.561,0.178,0.096
291.2,3.635,2.663,1.085,0.801,0.561,0.177,0.096
291.3,3.575,2.605,1.064,0.8,0.561,0.177,0.097
291.40000000000003,3.596,2.625,1.071,0.8,0.561,0.177,0.097
291.5,3.605,2.633,1.074,0.8,0.561,0.177,0.097
291.6,3.562,2.593,1.06,0.8,0.561,0.177,0.097
291.7,3.545,2.577,1.054,0.8,0.561,0.177,0.097
291.8,3.584,2.614,1.067,0.8,0.562,0.177,0.097
291.90000000000003,3.554,2.585,1.057,0.801,0.561,0.178,0.097
292.0,3.588,2.617,1.069,0.8,0.561,0.177,0.097
292.1,3.601,2.63,1.073,0.8,0.561,0.177,0.097
292.2,3.561,2.592,1.06,0.8,0.561,0.177,0.097
292.3,3.545,2.576,1.054,0.8,0.561,0.177,0.097
292.40000000000003,3.584,2.614,1.067,0.8,0.561,0.177,0.097
292.5,3.6,2.629,1.073,0.799,0.561,0.177,0.097
292.6,3.56,2.591,1.059,0.8,0.561,0.177,0.097
292.7,3.545,2.576,1.054,0.8,0.561,0.177,0.097
292.8,3.584,2.614,1.067,0.799,0.561,0.177,0.097
292.90000000000003,3.6,2.629,1.073,0.8,0.561,0.177,0.097
293.0,3.56,2.591,1.059,0.8,0.56,0.176,0.097
293.1,3.545,2.576,1.054,0.8,0.561,0.176,0.098
293.2,3.538,2.57,1.052,0.8,0.561,0.176,0.097
293.3,3.581,2.611,1.066,0.8,0.561,0.176,0.098
293.40000000000003,3.599,2.628,1.072,0.8,0.56,0.176,0.097
293.5,3.606,2.634,1.075,0.8,0.561,0.177,0.097
293.6,3.563,2.593,1.06,0.8,0.56,0.176,0.098
293.7,3.545,2.577,1.054,0.8,0.561,0.176,0.097
293.8,3.539,2.57,1.052,0.8,0.561,0.177,0.098
293.90000000000003,3.536,2.568,1.051,0.8,0.561,0.176,0.098
294.0,3.535,2.567,1.051,0.8,0.56,0.176,0.097
294.1,3.58,2.61,1.066,0.799,0.56,0.176,0.097
294.2,3.598,2.627,1.072,0.8,0.559,0.176,0.098
294.3,3.605,2.634,1.075,0.8,0.56,0.176,0.097
294.40000000000003,3.608,2.637,1.075,0.8,0.561,0.177,0.098
294.5,3.609,2.638,1.076,0.799,0.56,0.176,0.097
294.6,3.61,2.638,1.076,0.798,0.56,0.176,0.097
294.7,3.61,2.639,1.076,0.799,0.56,0.176,0.098
294.8,3.656,2.683,1.092,0.799,0.56,0.176,0.097
294.90000000000003,3.583,2.613,1.067,0.799,0.56,0.176,0.098
295.0,3.599,2.628,1.072,0.8,0.56,0.176,0.097
295.1,3.606,2.635,1.075,0.798,0.559,0.176,0.097
295.2,3.608,2.637,1.076,0.799,0.56,0.176,0.098
295.3,3.655,2.682,1.091,0.8,0.56,0.175,0.097
295.40000000000003,3.628,2.656,1.082,0.8,0.559,0.175,0.097
295.5,3.572,2.602,1.063,0.799,0.56,0.176,0.098
295.6,3.595,2.624,1.071,0.798,0.559,0.176,0.097
295.7,3.558,2.589,1.059,0.798,0.56,0.175,0.097
295.8,3.589,2.619,1.069,0.797,0.559,0.176,0.097
295.90000000000003,3.619,2.647,1.079,0.798,0.559,0.175,0.098
296.0,3.648,2.675,1.089,0.799,0.56,0.176,0.098
296.1,3.625,2.653,1.081,0.798,0.56,0.176,0.098
296.2,3.603,2.632,1.074,0.799,0.558,0.175,0.098
296.3,3.662,2.689,1.094,0.799,0.56,0.176,0.099
296.40000000000003,3.591,2.621,1.07,0.797,0.559,0.175,0.097
296.5,3.568,2.598,1.062,0.799,0.559,0.175,0.097
296.6,3.607,2.636,1.075,0.798,0.558,0.174,0.097
296.7,3.631,2.659,1.083,0.8,0.56,0.175,0.098
296.8,3.557,2.588,1.058,0.797,0.558,0.175,0.098
296.90000000000003,3.593,2.623,1.07,0.798,0.558,0.175,0.097
297.0,3.563,2.594,1.06,0.797,0.559,0.175,0.098
297.1,3.589,2.618,1.069,0.797,0.559,0.175,0.097
297.2,3.602,2.631,1.073,0.797,0.558,0.174,0.097
297.3,3.561,2.592,1.06,0.797,0.558,0.174,0.097
297.40000000000003,3.591,2.62,1.07,0.797,0.559,0.175,0.098
297.5,3.602,2.631,1.073,0.797,0.558,0.174,0.097
297.6,3.561,2.592,1.06,0.797,0.559,0.174,0.098
297.7,3.545,2.577,1.054,0.797,0.558,0.175,0.097
297.8,3.584,2.614,1.067,0.797,0.558,0.174,0.097
297.90000000000003,3.6,2.629,1.073,0.797,0.558,0.175,0.097
298.0,3.606,2.635,1.075,0.797,0.558,0.174,0.097
298.1,3.609,2.637,1.076,0.797,0.558,0.174,0.097
298.2,3.61,2.638,1.076,0.797,0.558,0.174,0.097
298.3,3.564,2.595,1.061,0.797,0.558,0.174,0.097
298.40000000000003,3.592,2.621,1.07,0.797,0.558,0.174,0.098
298.5,3.557,2.588,1.058,0.796,0.558,0.175,0.098
298.6,3.589,2.618,1.069,0.796,0.558,0.175,0.099
298.7,3.602,2.631,1.073,0.797,0.558,0.174,0.098
298.8,3.607,2.635,1.075,0.797,0.558,0.175,0.099
298.90000000000003,3.609,2.637,1.076,0.797,0.557,0.175,0.098
299.0,3.61,2.638,1.076,0.796,0.558,0.174,0.098
299.1,3.61,2.638,1.076,0.797,0.558,0.174,0.098
299.2,3.61,2.639,1.076,0.797,0.557,0.174,0.097
299.3,3.61,2.639,1.076,0.797,0.557,0.174,0.098
299.40000000000003,3.61,2.639,1.076,0.797,0.557,0.174,0.098
299.5,3.61,2.639,1.076,0.796,0.557,0.174,0.098
299.6,3.564,2.595,1.061,0.796,0.557,0.174,0.097
299.7,3.546,2.578,1.055,0.797,0.558,0.174,0.098
299.8,3.585,2.614,1.068,0.797,0.558,0.174,0.098
299.90000000000003,3.6,2.629,1.073,0.796,0.558,0.174,0.098
300.0,3.606,2.635,1.075,0.796,0.557,0.174,0.099
300.1,3.609,2.637,1.076,0.796,0.557,0.174,0.098
300.2,3.564,2.595,1.06,0.797,0.557,0.174,0.098
300.3,3.592,2.621,1.07,0.797,0.558,0.174,0.099
300.40000000000003,3.603,2.632,1.074,0.796,0.558,0.174,0.098
300.5,3.607,2.636,1.075,0.796,0.558,0.174,0.097
300.6,3.563,2.594,1.06,0.796,0.557,0.173,0.098
300.7,3.546,2.577,1.054,0.796,0.558,0.174,0.098
300.8,3.539,2.571,1.052,0.797,0.558,0.174,0.099
300.90000000000003,3.536,2.568,1.051,0.796,0.558,0.174,0.098
301.0,3.58,2.61,1.066,0.795,0.557,0.174,0.098
301.1,3.598,2.627,1.072,0.796,0.558,0.173,0.098
301.2,3.605,2.634,1.075,0.797,0.558,0.174,0.098
301.3,3.608,2.637,1.075,0.796,0.557,0.174,0.099
301.40000000000003,3.564,2.594,1.06,0.796,0.558,0.174,0.098
301.5,3.592,2.621,1.07,0.795,0.558,0.174,0.097
301.6,3.603,2.632,1.074,0.796,0.557,0.173,0.098
301.7,3.607,2.636,1.075,0.796,0.557,0.173,0.098
301.8,3.609,2.638,1.076,0.797,0.558,0.173,0.099
301.90000000000003,3.61,2.638,1.076,0.796,0.557,0.174,0.098
302.0,3.564,2.595,1.061,0.795,0.557,0.173,0.098
302.1,3.546,2.578,1.055,0.795,0.557,0.174,0.098
302.2,3.585,2.614,1.067,0.796,0.558,0.174,0.098
302.3,3.554,2.585,1.057,0.796,0.558,0.173,0.098
302.40000000000003,3.588,2.617,1.069,0.796,0.557,0.173,0.098
302.5,3.601,2.63,1.073,0.795,0.557,0.173,0.098
302.6,3.607,2.635,1.075,0.795,0.557,0.174,0.098
302.7,3.609,2.637,1.076,0.795,0.557,0.173,0.098
302.8,3.564,2.595,1.061,0.794,0.557,0.173,0.098
302.90000000000003,3.592,2.621,1.07,0.795,0.556,0.173,0.097
303.0,3.603,2.632,1.074,0.795,0.556,0.173,0.098
303.1,3.562,2.592,1.06,0.795,0.557,0.173,0.098
303.2,3.591,2.62,1.07,0.796,0.557,0.173,0.099
303.3,3.602,2.631,1.074,0.795,0.557,0.173,0.099
303.40000000000003,3.561,2.592,1.06,0.795,0.557,0.173,0.098
303.5,3.545,2.577,1.054,0.794,0.557,0.173,0.098
303.6,3.584,2.614,1.067,0.795,0.556,0.173,0.098
303.7,3.6,2.629,1.073,0.794,0.557,0.173,0.098
303.8,3.606,2.635,1.075,0.795,0.557,0.172,0.098
303.90000000000003,3.609,2.637,1.076,0.794,0.556,0.173,0.098
304.0,3.61,2.638,1.076,0.794,0.557,0.173,0.098
304.1,3.61,2.638,1.076,0.795,0.556,0.173,0.098
304.2,3.564,2.595,1.061,0.794,0.556,0.172,0.098
304.3,3.592,2.621,1.07,0.795,0.557,0.173,0.098
304.40000000000003,3.603,2.632,1.074,0.795,0.556,0.173,0.098
304.5,3.607,2.636,1.075,0.794,0.556,0.173,0.098
304.6,3.609,2.638,1.076,0.794,0.556,0.173,0.099
304.7,3.61,2.638,1.076,0.794,0.556,0.173,0.098
304.8,3.61,2.639,1.076,0.794,0.556,0.173,0.097
304.90000000000003,3.61,2.639,1.076,0.794,0.555,0.172,0.098
305.0,3.61,2.639,1.076,0.794,0.556,0.172,0.098
305.1,3.61,2.639,1.076,0.794,0.556,0.172,0.098
305.2,3.61,2.639,1.076,0.794,0.555,0.172,0.099
305.3,3.61,2.639,1.076,0.794,0.556,0.173,0.098
305.40000000000003,3.61,2.639,1.076,0.794,0.556,0.172,0.098
305.5,3.61,2.639,1.076,0.793,0.555,0.173,0.097
305.6,3.61,2.639,1.076,0.793,0.555,0.172,0.098
305.7,3.61,2.639,1.076,0.794,0.555,0.172,0.098
305.8,3.61,2.639,1.076,0.793,0.556,0.172,0.098
305.90000000000003,3.61,2.639,1.076,0.794,0.555,0.172,0.099
306.0,3.564,2.595,1.061,0.793,0.555,0.172,0.098
306.1,3.592,2.621,1.07,0.794,0.555,0.172,0.098
306.2,3.557,2.588,1.058,0.794,0.555,0.172,0.098
306.3,3.589,2.618,1.069,0.793,0.554,0.172,0.098
306.40000000000003,3.602,2.631,1.073,0.793,0.555,0.172,0.098
306.5,3.607,2.635,1.075,0.793,0.554,0.172,0.097
306.6,3.472,2.508,1.03,0.793,0.554,0.172,0.098
306.7,3.555,2.587,1.058,0.793,0.554,0.172,0.098
306.8,3.727,2.752,1.116,0.794,0.555,0.172,0.098
306.90000000000003,3.657,2.684,1.092,0.794,0.555,0.172,0.097
307.0,3.629,2.657,1.082,0.794,0.556,0.172,0.097
307.1,3.572,2.602,1.063,0.794,0.555,0.172,0.098
307.20000000000005,3.595,2.624,1.071,0.793,0.555,0.172,0.098
307.3,3.604,2.633,1.074,0.793,0.554,0.172,0.099
307.40000000000003,3.608,2.636,1.075,0.793,0.555,0.172,0.099
307.5,3.609,2.638,1.076,0.793,0.554,0.172,0.099
307.6,3.61,2.638,1.076,0.794,0.554,0.172,0.099
307.70000000000005,3.61,2.639,1.076,0.793,0.554,0.172,0.099
307.8,3.61,2.639,1.076,0.794,0.554,0.172,0.098
307.90000000000003,3.61,2.639,1.076,0.794,0.554,0.172,0.099
308.0,3.61,2.639,1.076,0.793,0.555,0.172,0.098
308.1,3.61,2.639,1.076,0.794,0.554,0.172,0.099
308.20000000000005,3.61,2.639,1.076,0.793,0.555,0.172,0.099
308.3,3.61,2.639,1.076,0.793,0.554,0.172,0.098
308.40000000000003,3.564,2.595,1.061,0.792,0.554,0.172,0.099
308.5,3.592,2.621,1.07,0.793,0.554,0.172,0.098
308.6,3.603,2.632,1.074,0.793,0.554,0.172,0.098
308.70000000000005,3.607,2.636,1.075,0.793,0.554,0.172,0.098
308.8,3.609,2.638,1.076,0.793,0.554,0.172,0.098
308.90000000000003,3.61,2.638,1.076,0.793,0.553,0.172,0.098
309.0,3.61,2.639,1.076,0.793,0.554,0.172,0.098
309.1,3.61,2.639,1.076,0.793,0.553,0.172,0.098
309.20000000000005,3.61,2.639,1.076,0.793,0.554,0.172,0.098
309.3,3.61,2.639,1.076,0.793,0.554,0.172,0.099
309.40000000000003,3.61,2.639,1.076,0.793,0.554,0.172,0.098
309.5,3.61,2.639,1.076,0.793,0.554,0.171,0.099
309.6,3.61,2.639,1.076,0.793,0.554,0.172,0.099
309.70000000000005,3.61,2.639,1.076,0.792,0.554,0.171,0.098
309.8,3.61,2.639,1.076,0.793,0.554,0.171,0.098
309.90000000000003,3.564,2.595,1.061,0.793,0.553,0.171,0.098
310.0,3.592,2.621,1.07,0.792,0.554,0.171,0.098
310.1,3.649,2.676,1.089,0.792,0.553,0.171,0.098
310.20000000000005,3.58,2.61,1.066,0.793,0.553,0.171,0.097
310.3,3.598,2.627,1.072,0.792,0.553,0.171,0.098
310.40000000000003,3.605,2.634,1.075,0.792,0.554,0.171,0.098
310.5,3.608,2.637,1.075,0.793,0.553,0.171,0.098
310.6,3.609,2.638,1.076,0.793,0.553,0.171,0.098
310.70000000000005,3.61,2.638,1.076,0.792,0.553,0.171,0.098
310.8,3.61,2.639,1.076,0.791,0.553,0.171,0.099
310.90000000000003,3.656,2.683,1.092,0.792,0.553,0.171,0.099
311.0,3.629,2.656,1.082,0.792,0.553,0.171,0.099
311.1,3.618,2.646,1.079,0.793,0.553,0.171,0.098
311.20000000000005,3.613,2.641,1.077,0.793,0.553,0.171,0.098
311.3,3.611,2.64,1.077,0.792,0.553,0.171,0.098
311.40000000000003,3.611,2.639,1.076,0.792,0.553,0.171,0.099
311.5,3.61,2.639,1.076,0.791,0.554,0.171,0.099
311.6,3.61,2.639,1.076,0.791,0.553,0.171,0.098
311.70000000000005,3.61,2.639,1.076,0.792,0.553,0.172,0.098
311.8,3.61,2.639,1.076,0.792,0.553,0.171,0.099
311.90000000000003,3.61,2.639,1.076,0.792,0.553,0.171,0.099
312.0,3.61,2.639,1.076,0.791,0.552,0.17,0.099
312.1,3.564,2.595,1.061,0.791,0.552,0.171,0.098
312.20000000000005,3.592,2.621,1.07,0.791,0.552,0.17,0.099
312.3,3.603,2.632,1.074,0.792,0.553,0.17,0.1
312.40000000000003,3.607,2.636,1.075,0.792,0.553,0.17,0.099
312.5,3.609,2.638,1.076,0.792,0.552,0.171,0.099
312.6,3.61,2.638,1.076,0.791,0.552,0.171,0.099
312.70000000000005,3.61,2.639,1.076,0.791,0.552,0.171,0.098
312.8,3.61,2.639,1.076,0.79,0.553,0.17,0.099
312.90000000000003,3.61,2.639,1.076,0.791,0.553,0.17,0.099
313.0,3.61,2.639,1.076,0.791,0.553,0.17,0.099
313.1,3.61,2.639,1.076,0.791,0.552,0.171,0.099
313.20000000000005,3.61,2.639,1.076,0.791,0.552,0.17,0.099
313.3,3.61,2.639,1.076,0.791,0.551,0.17,0.099
313.40000000000003,3.61,2.639,1.076,0.79,0.552,0.17,0.099
313.5,3.61,2.639,1.076,0.79,0.552,0.17,0.099
313.6,3.61,2.639,1.076,0.791,0.551,0.17,0.098
313.70000000000005,3.61,2.639,1.076,0.791,0.552,0.17,0.099
313.8,3.61,2.639,1.076,0.79,0.552,0.17,0.098
313.90000000000003,3.61,2.639,1.076,0.79,0.552,0.17,0.099
314.0,3.61,2.639,1.076,0.791,0.553,0.17,0.099
314.1,3.61,2.639,1.076,0.79,0.552,0.17,0.098
314.20000000000005,3.61,2.639,1.076,0.79,0.551,0.17,0.099
314.3,3.564,2.595,1.061,0.79,0.551,0.17,0.098
314.40000000000003,3.546,2.578,1.055,0.789,0.551,0.17,0.099
314.5,3.448,2.485,1.022,0.79,0.551,0.17,0.099
314.6,3.545,2.577,1.054,0.791,0.551,0.17,0.099
314.70000000000005,3.584,2.614,1.067,0.79,0.551,0.17,0.099
314.8,3.6,2.629,1.073,0.791,0.551,0.17,0.099
314.90000000000003,3.606,2.635,1.075,0.79,0.551,0.17,0.1
315.0,3.609,2.637,1.076,0.79,0.552,0.17,0.1
315.1,3.61,2.638,1.076,0.79,0.551,0.17,0.099
315.20000000000005,3.61,2.638,1.076,0.791,0.551,0.17,0.099
315.3,3.61,2.639,1.076,0.79,0.551,0.17,0.099
315.40000000000003,3.61,2.639,1.076,0.79,0.551,0.17,0.098
315.5,3.61,2.639,1.076,0.79,0.551,0.17,0.099
315.6,3.61,2.639,1.076,0.79,0.551,0.169,0.099
315.70000000000005,3.61,2.639,1.076,0.79,0.551,0.17,0.099
315.8,3.564,2.595,1.061,0.79,0.551,0.17,0.1
315.90000000000003,3.592,2.621,1.07,0.791,0.55,0.17,0.099
316.0,3.603,2.632,1.074,0.79,0.551,0.17,0.099
316.1,3.607,2.636,1.075,0.79,0.552,0.17,0.099
316.20000000000005,3.609,2.638,1.076,0.79,0.551,0.17,0.099
316.3,3.61,2.638,1.076,0.79,0.551,0.17,0.099
316.40000000000003,3.61,2.639,1.076,0.789,0.552,0.17,0.099
316.5,3.61,2.639,1.076,0.79,0.551,0.169,0.099
316.6,3.61,2.639,1.076,0.79,0.551,0.169,0.099
316.70000000000005,3.61,2.639,1.076,0.791,0.551,0.17,0.098
316.8,3.61,2.639,1.076,0.79,0.55,0.17,0.099
316.90000000000003,3.61,2.639,1.076,0.79,0.551,0.17,0.098
317.0,3.61,2.639,1.076,0.789,0.55,0.169,0.098
317.1,3.61,2.639,1.076,0.79,0.55,0.17,0.099
317.20000000000005,3.519,2.552,1.045,0.79,0.551,0.169,0.099
317.3,3.574,2.604,1.064,0.79,0.551,0.169,0.099
317.40000000000003,3.596,2.625,1.071,0.791,0.551,0.17,0.099
317.5,3.604,2.633,1.074,0.79,0.551,0.169,0.099
317.6,3.608,2.636,1.075,0.79,0.55,0.169,0.099
317.70000000000005,3.609,2.638,1.076,0.79,0.551,0.17,0.099
317.8,3.61,2.638,1.076,0.789,0.551,0.17,0.099
317.90000000000003,3.61,2.639,1.076,0.79,0.55,0.169,0.1
318.0,3.61,2.639,1.076,0.789,0.551,0.169,0.099
318.1,3.61,2.639,1.076,0.789,0.55,0.169,0.099
318.20000000000005,3.61,2.639,1.076,0.79,0.551,0.17,0.099
318.3,3.519,2.552,1.045,0.79,0.551,0.17,0.099
318.40000000000003,3.574,2.604,1.064,0.791,0.55,0.17,0.098
318.5,3.596,2.625,1.071,0.79,0.55,0.169,0.099
318.6,3.604,2.633,1.074,0.79,0.55,0.169,0.099
318.70000000000005,3.608,2.636,1.075,0.79,0.551,0.17,0.098
318.8,3.609,2.638,1.076,0.79,0.55,0.169,0.098
318.90000000000003,3.61,2.638,1.076,0.79,0.55,0.169,0.099
319.0,3.61,2.639,1.076,0.789,0.55,0.169,0.099
319.1,3.61,2.639,1.076,0.79,0.55,0.169,0.099
319.20000000000005,3.61,2.639,1.076,0.789,0.549,0.169,0.099
319.3,3.61,2.639,1.076,0.79,0.549,0.169,0.099
319.40000000000003,3.61,2.639,1.076,0.789,0.549,0.169,0.098
319.5,3.61,2.639,1.076,0.789,0.55,0.17,0.098
319.6,3.564,2.595,1.061,0.789,0.55,0.169,0.099
319.70000000000005,3.592,2.621,1.07,0.79,0.549,0.169,0.099
319.8,3.603,2.632,1.074,0.789,0.55,0.169,0.099
319.90000000000003,3.562,2.592,1.06,0.789,0.55,0.169,0.099
320.0,3.591,2.62,1.07,0.789,0.55,0.169,0.098
320.1,3.602,2.631,1.074,0.79,0.55,0.169,0.099
320.20000000000005,3.607,2.636,1.075,0.789,0.549,0.169,0.099
320.3,3.609,2.637,1.076,0.789,0.55,0.169,0.099
320.40000000000003,3.61,2.638,1.076,0.789,0.55,0.169,0.099
320.5,3.61,2.638,1.076,0.79,0.549,0.169,0.098
320.6,3.61,2.639,1.076,0.789,0.55,0.169,0.099
320.70000000000005,3.61,2.639,1.076,0.79,0.549,0.169,0.098
320.8,3.564,2.595,1.061,0.789,0.549,0.169,0.099
320.90000000000003,3.592,2.621,1.07,0.79,0.55,0.169,0.098
321.0,3.649,2.676,1.089,0.789,0.55,0.169,0.099
321.1,3.626,2.654,1.081,0.789,0.549,0.169,0.098
321.20000000000005,3.616,2.645,1.078,0.79,0.55,0.169,0.098
321.3,3.613,2.641,1.077,0.79,0.549,0.169,0.099
321.40000000000003,3.611,2.64,1.076,0.79,0.55,0.169,0.099
321.5,3.657,2.683,1.092,0.789,0.549,0.169,0.098
321.6,3.629,2.656,1.082,0.79,0.55,0.169,0.099
321.70000000000005,3.618,2.646,1.079,0.789,0.549,0.169,0.099
321.8,3.613,2.642,1.077,0.789,0.55,0.169,0.099
321.90000000000003,3.611,2.64,1.077,0.79,0.549,0.169,0.099
322.0,3.611,2.639,1.076,0.789,0.549,0.169,0.099
322.1,3.61,2.639,1.076,0.789,0.55,0.168,0.099
322.20000000000005,3.61,2.639,1.076,0.789,0.549,0.169,0.099
322.3,3.61,2.639,1.076,0.79,0.549,0.168,0.099
322.40000000000003,3.61,2.639,1.076,0.789,0.549,0.169,0.099
322.5,3.61,2.639,1.076,0.79,0.549,0.169,0.098
322.6,3.61,2.639,1.076,0.789,0.549,0.169,0.099
322.70000000000005,3.61,2.639,1.076,0.79,0.549,0.168,0.098
322.8,3.61,2.639,1.076,0.789,0.549,0.168,0.099
322.90000000000003,3.61,2.639,1.076,0.789,0.549,0.169,0.099
323.0,3.61,2.639,1.076,0.79,0.55,0.169,0.099
323.1,3.61,2.639,1.076,0.789,0.549,0.168,0.098
323.20000000000005,3.61,2.639,1.076,0.789,0.549,0.169,0.099
323.3,3.61,2.639,1.076,0.79,0.549,0.169,0.098
323.40000000000003,3.61,2.639,1.076,0.789,0.549,0.169,0.099
323.5,3.61,2.639,1.076,0.789,0.549,0.168,0.099
323.6,3.749,2.772,1.123,0.789,0.549,0.169,0.099
323.70000000000005,3.666,2.692,1.095,0.79,0.549,0.169,0.098
323.8,3.632,2.66,1.084,0.789,0.548,0.169,0.098
323.90000000000003,3.619,2.647,1.079,0.789,0.548,0.168,0.099
324.0,3.614,2.642,1.077,0.789,0.548,0.169,0.098
324.1,3.612,2.64,1.077,0.789,0.549,0.168,0.098
324.20000000000005,3.611,2.639,1.076,0.789,0.549,0.168,0.099
324.3,3.61,2.639,1.076,0.788,0.549,0.168,0.098
324.40000000000003,3.61,2.639,1.076,0.789,0.548,0.168,0.098
324.5,3.61,2.639,1.076,0.789,0.549,0.169,0.099
324.6,3.61,2.639,1.076,0.789,0.549,0.169,0.098
324.70000000000005,3.61,2.639,1.076,0.788,0.548,0.168,0.099
324.8,3.61,2.639,1.076,0.789,0.548,0.168,0.099
324.90000000000003,3.564,2.595,1.061,0.789,0.548,0.168,0.099
325.0,3.684,2.71,1.101,0.79,0.548,0.169,0.099
325.1,3.64,2.667,1.086,0.789,0.549,0.169,0.1
325.20000000000005,3.622,2.65,1.08,0.789,0.549,0.169,0.099
325.3,3.615,2.643,1.078,0.789,0.549,0.168,0.099
325.40000000000003,3.612,2.641,1.077,0.789,0.548,0.168,0.099
325.5,3.611,2.639,1.076,0.788,0.548,0.168,0.099
325.6,3.611,2.639,1.076,0.789,0.549,0.169,0.099
325.70000000000005,3.61,2.639,1.076,0.789,0.548,0.168,0.099
325.8,3.61,2.639,1.076,0.79,0.548,0.169,0.099
325.90000000000003,3.61,2.639,1.076,0.789,0.547,0.168,0.099
326.0,3.61,2.639,1.076,0.787,0.547,0.168,0.098
326.1,3.61,2.639,1.076,0.786,0.547,0.168,0.099
326.20000000000005,3.564,2.595,1.061,0.787,0.547,0.168,0.099
326.3,3.592,2.621,1.07,0.786,0.546,0.167,0.099
326.40000000000003,3.603,2.632,1.074,0.786,0.547,0.168,0.1
326.5,3.562,2.592,1.06,0.787,0.547,0.168,0.099
326.6,3.591,2.62,1.07,0.786,0.546,0.167,0.099
326.70000000000005,3.602,2.631,1.074,0.787,0.546,0.167,0.099
326.8,3.607,2.636,1.075,0.787,0.546,0.167,0.098
326.90000000000003,3.609,2.637,1.076,0.786,0.546,0.168,0.099
327.0,3.61,2.638,1.076,0.787,0.546,0.168,0.099
327.1,3.61,2.638,1.076,0.787,0.546,0.168,0.099
327.20000000000005,3.564,2.595,1.061,0.787,0.546,0.168,0.099
327.3,3.777,2.801,1.133,0.786,0.546,0.167,0.098
327.40000000000003,3.677,2.703,1.099,0.786,0.547,0.168,0.099
327.5,3.637,2.665,1.085,0.786,0.546,0.168,0.099
327.6,3.621,2.649,1.08,0.786,0.546,0.168,0.099
327.70000000000005,3.614,2.643,1.078,0.786,0.546,0.167,0.099
327.8,3.612,2.64,1.077,0.787,0.546,0.168,0.099
327.90000000000003,3.565,2.596,1.061,0.787,0.547,0.167,0.1
328.0,3.592,2.622,1.07,0.786,0.546,0.168,0.099
328.1,3.603,2.632,1.074,0.786,0.546,0.168,0.099
328.20000000000005,3.607,2.636,1.075,0.786,0.547,0.167,0.098
328.3,3.609,2.638,1.076,0.786,0.546,0.167,0.099
328.40000000000003,3.564,2.595,1.061,0.787,0.546,0.168,0.098
328.5,3.592,2.621,1.07,0.787,0.545,0.168,0.098
328.6,3.557,2.588,1.058,0.786,0.546,0.168,0.099
328.70000000000005,3.589,2.618,1.069,0.787,0.546,0.167,0.098
328.8,3.602,2.631,1.073,0.786,0.546,0.168,0.099
328.90000000000003,3.653,2.68,1.091,0.787,0.546,0.167,0.099
329.0,3.627,2.655,1.082,0.786,0.546,0.167,0.099
329.1,3.617,2.645,1.078,0.786,0.545,0.168,0.099
329.20000000000005,3.613,2.641,1.077,0.786,0.546,0.167,0.099
329.3,3.611,2.64,1.077,0.786,0.545,0.167,0.099
329.40000000000003,3.611,2.639,1.076,0.786,0.546,0.167,0.099
329.5,3.61,2.639,1.076,0.786,0.546,0.167,0.098
329.6,3.61,2.639,1.076,0.786,0.546,0.167,0.099
329.70000000000005,3.61,2.639,1.076,0.786,0.546,0.167,0.099
329.8,3.61,2.639,1.076,0.786,0.546,0.167,0.099
329.90000000000003,3.61,2.639,1.076,0.786,0.546,0.168,0.098
330.0,3.61,2.639,1.076,0.786,0.546,0.168,0.098
330.1,3.61,2.639,1.076,0.786,0.545,0.168,0.099
330.20000000000005,3.61,2.639,1.076,0.786,0.546,0.167,0.098
330.3,3.61,2.639,1.076,0.786,0.546,0.168,0.099
330.40000000000003,3.61,2.639,1.076,0.786,0.546,0.168,0.099
330.5,3.61,2.639,1.076,0.787,0.546,0.167,0.099
330.6,3.61,2.639,1.076,0.786,0.545,0.167,0.099
330.70000000000005,3.61,2.639,1.076,0.786,0.546,0.167,0.099
330.8,3.61,2.639,1.076,0.787,0.546,0.168,0.099
330.90000000000003,3.61,2.639,1.076,0.786,0.546,0.167,0.1
331.0,3.61,2.639,1.076,0.786,0.546,0.167,0.099
331.1,3.61,2.639,1.076,0.786,0.545,0.167,0.099
331.20000000000005,3.61,2.639,1.076,0.787,0.545,0.167,0.099
331.3,3.61,2.639,1.076,0.786,0.546,0.167,0.099
331.40000000000003,3.61,2.639,1.076,0.786,0.545,0.166,0.099
331.5,3.61,2.639,1.076,0.786,0.545,0.167,0.1
331.6,3.61,2.639,1.076,0.786,0.545,0.167,0.099
331.70000000000005,3.61,2.639,1.076,0.786,0.546,0.167,0.099
331.8,3.61,2.639,1.076,0.786,0.546,0.167,0.099
331.90000000000003,3.61,2.639,1.076,0.786,0.545,0.167,0.099
332.0,3.61,2.639,1.076,0.786,0.545,0.167,0.099
332.1,3.61,2.639,1.076,0.785,0.545,0.167,0.1
332.20000000000005,3.61,2.639,1.076,0.786,0.545,0.167,0.1
332.3,3.61,2.639,1.076,0.786,0.545,0.167,0.1
332.40000000000003,3.61,2.639,1.076,0.787,0.546,0.167,0.099
332.5,3.61,2.639,1.076,0.786,0.545,0.167,0.099
332.6,3.61,2.639,1.076,0.786,0.545,0.167,0.099
332.70000000000005,3.564,2.595,1.061,0.785,0.545,0.167,0.1
332.8,3.592,2.621,1.07,0.786,0.545,0.167,0.1
332.90000000000003,3.603,2.632,1.074,0.787,0.545,0.167,0.1
333.0,3.607,2.636,1.075,0.786,0.545,0.166,0.099
333.1,3.609,2.638,1.076,0.786,0.545,0.167,0.099
333.20000000000005,3.61,2.638,1.076,0.787,0.545,0.167,0.1
333.3,3.61,2.639,1.076,0.786,0.545,0.167,0.099
333.40000000000003,3.61,2.639,1.076,0.786,0.544,0.167,0.099
333.5,3.61,2.639,1.076,0.786,0.545,0.167,0.099
333.6,3.61,2.639,1.076,0.786,0.545,0.167,0.099
333.70000000000005,3.702,2.727,1.107,0.786,0.545,0.167,0.099
333.8,3.647,2.674,1.089,0.786,0.544,0.167,0.1
333.90000000000003,3.625,2.653,1.081,0.786,0.545,0.167,0.1
334.0,3.616,2.644,1.078,0.786,0.545,0.167,0.1
334.1,3.613,2.641,1.077,0.786,0.545,0.167,0.1
334.20000000000005,3.611,2.64,1.076,0.786,0.544,0.166,0.099
334.3,3.611,2.639,1.076,0.786,0.544,0.167,0.1
334.40000000000003,3.61,2.639,1.076,0.786,0.545,0.166,0.099
334.5,3.61,2.639,1.076,0.786,0.544,0.166,0.099
334.6,3.656,2.683,1.092,0.785,0.545,0.166,0.099
334.70000000000005,3.629,2.656,1.082,0.785,0.544,0.166,0.1
334.8,3.618,2.646,1.079,0.786,0.544,0.167,0.1
334.90000000000003,3.613,2.642,1.077,0.786,0.545,0.166,0.099
335.0,3.611,2.64,1.077,0.786,0.544,0.167,0.099
335.1,3.611,2.639,1.076,0.786,0.544,0.166,0.1
335.20000000000005,3.565,2.595,1.061,0.785,0.544,0.167,0.099
335.3,3.638,2.665,1.086,0.786,0.544,0.166,0.099
335.40000000000003,3.621,2.649,1.08,0.786,0.544,0.166,0.099
335.5,3.615,2.643,1.078,0.786,0.544,0.167,0.099
335.6,3.612,2.64,1.077,0.785,0.544,0.166,0.099
335.70000000000005,3.611,2.639,1.076,0.785,0.544,0.166,0.099
335.8,3.61,2.639,1.076,0.786,0.544,0.167,0.099
335.90000000000003,3.61,2.639,1.076,0.785,0.544,0.167,0.099
336.0,3.61,2.639,1.076,0.786,0.543,0.166,0.099
336.1,3.656,2.683,1.092,0.786,0.544,0.166,0.1
336.20000000000005,3.629,2.656,1.082,0.786,0.544,0.167,0.099
336.3,3.618,2.646,1.079,0.786,0.544,0.166,0.1
336.40000000000003,3.613,2.642,1.077,0.786,0.544,0.166,0.099
336.5,3.611,2.64,1.077,0.786,0.544,0.166,0.1
336.6,3.611,2.639,1.076,0.786,0.544,0.167,0.099
336.70000000000005,3.61,2.639,1.076,0.785,0.544,0.166,0.099
336.8,3.61,2.639,1.076,0.785,0.543,0.166,0.1
336.90000000000003,3.61,2.639,1.076,0.785,0.542,0.166,0.099
337.0,3.61,2.639,1.076,0.786,0.544,0.166,0.099
337.1,3.61,2.639,1.076,0.786,0.544,0.167,0.099
337.20000000000005,3.61,2.639,1.076,0.785,0.544,0.166,0.099
337.3,3.61,2.639,1.076,0.785,0.544,0.166,0.099
337.40000000000003,3.61,2.639,1.076,0.786,0.544,0.166,0.1
337.5,3.564,2.595,1.061,0.785,0.543,0.166,0.1
337.6,3.546,2.578,1.055,0.786,0.544,0.167,0.1
337.70000000000005,3.585,2.614,1.068,0.785,0.544,0.166,0.099
337.8,3.6,2.629,1.073,0.786,0.543,0.166,0.099
337.90000000000003,3.606,2.635,1.075,0.786,0.543,0.166,0.099
338.0,3.609,2.637,1.076,0.785,0.543,0.166,0.1
338.1,3.61,2.638,1.076,0.785,0.544,0.166,0.099
338.20000000000005,3.61,2.638,1.076,0.786,0.544,0.166,0.099
338.3,3.61,2.639,1.076,0.786,0.544,0.166,0.099
338.40000000000003,3.656,2.683,1.092,0.785,0.544,0.166,0.099
338.5,3.629,2.656,1.082,0.786,0.543,0.166,0.099
338.6,3.618,2.646,1.079,0.786,0.542,0.166,0.099
338.70000000000005,3.613,2.641,1.077,0.785,0.543,0.166,0.099
338.8,3.611,2.64,1.077,0.785,0.544,0.166,0.099
338.90000000000003,3.657,2.683,1.092,0.785,0.544,0.166,0.1
339.0,3.629,2.656,1.082,0.785,0.544,0.166,0.1
339.1,3.618,2.646,1.079,0.785,0.544,0.166,0.1
339.20000000000005,3.613,2.642,1.077,0.785,0.544,0.166,0.1
339.3,3.611,2.64,1.077,0.786,0.543,0.166,0.101
339.40000000000003,3.611,2.639,1.076,0.786,0.542,0.166,0.1
339.5,3.61,2.639,1.076,0.785,0.543,0.166,0.099
339.6,3.61,2.639,1.076,0.785,0.543,0.166,0.1
339.70000000000005,3.61,2.639,1.076,0.785,0.543,0.166,0.1
339.8,3.61,2.639,1.076,0.785,0.542,0.166,0.099
339.90000000000003,3.61,2.639,1.076,0.784,0.542,0.166,0.1
340.0,3.61,2.639,1.076,0.784,0.542,0.166,0.099
340.1,3.61,2.639,1.076,0.785,0.541,0.166,0.099
340.20000000000005,3.61,2.639,1.076,0.785,0.542,0.166,0.099
340.3,3.61,2.639,1.076,0.785,0.542,0.166,0.1
340.40000000000003,3.61,2.639,1.076,0.784,0.541,0.166,0.099
340.5,3.61,2.639,1.076,0.785,0.542,0.166,0.1
340.6,3.61,2.639,1.076,0.785,0.541,0.166,0.1
340.70000000000005,3.61,2.639,1.076,0.784,0.542,0.166,0.1
340.8,3.61,2.639,1.076,0.784,0.541,0.166,0.099
340.90000000000003,3.61,2.639,1.076,0.784,0.541,0.166,0.099
341.0,3.61,2.639,1.076,0.785,0.541,0.165,0.099
341.1,3.61,2.639,1.076,0.785,0.542,0.165,0.1
341.20000000000005,3.656,2.683,1.092,0.784,0.541,0.166,0.1
341.3,3.629,2.656,1.082,0.785,0.542,0.166,0.099
341.40000000000003,3.441,2.518,1.026,0.745,0.514,0.157,0.094
341.5,3.291,2.408,0.981,0.713,0.492,0.151,0.09
341.6,3.171,2.32,0.946,0.687,0.474,0.145,0.087
341.70000000000005,3.075,2.249,0.917,0.667,0.46,0.141,0.085
341.8,2.998,2.193,0.894,0.65,0.449,0.137,0.083
341.90000000000003,2.937,2.148,0.876,0.637,0.44,0.134,0.081
342.0,2.888,2.112,0.861,0.627,0.433,0.132,0.08
342.1,2.861,2.094,0.853,0.619,0.427,0.131,0.079
342.20000000000005,2.827,2.069,0.843,0.612,0.423,0.129,0.078
342.3,2.801,2.049,0.835,0.606,0.419,0.128,0.077
342.40000000000003,2.779,2.033,0.829,0.602,0.416,0.127,0.077
342.5,2.762,2.02,0.824,0.599,0.414,0.126,0.076
342.6,2.748,2.01,0.819,0.596,0.412,0.126,0.076
342.70000000000005,2.738,2.002,0.816,0.594,0.41,0.125,0.075
342.8,2.74,2.006,0.817,0.592,0.409,0.125,0.075
342.90000000000003,2.72,1.988,0.811,0.591,0.408,0.125,0.075
343.0,2.715,1.984,0.809,0.59,0.407,0.125,0.075
343.1,2.71,1.981,0.808,0.589,0.406,0.124,0.074
343.20000000000005,2.707,1.979,0.807,0.588,0.406,0.124,0.074
343.3,2.67,1.945,0.795,0.588,0.405,0.124,0.074
343.40000000000003,2.675,1.949,0.796,0.587,0.405,0.124,0.074
343.5,2.679,1.953,0.798,0.587,0.405,0.124,0.074
343.6,2.682,1.957,0.799,0.587,0.405,0.124,0.074
343.70000000000005,2.673,1.948,0.796,0.587,0.405,0.124,0.074
343.8,2.677,1.952,0.797,0.587,0.405,0.124,0.074
343.90000000000003,2.681,1.956,0.798,0.586,0.404,0.124,0.074
344.0,2.683,1.958,0.799,0.586,0.404,0.124,0.074
344.1,2.686,1.961,0.8,0.586,0.404,0.124,0.074
344.20000000000005,2.687,1.962,0.801,0.586,0.404,0.124,0.074
344.3,2.689,1.964,0.801,0.586,0.404,0.124,0.074
344.40000000000003,2.678,1.954,0.798,0.586,0.404,0.124,0.074
344.5,2.682,1.957,0.799,0.586,0.404,0.124,0.074
344.6,2.684,1.959,0.8,0.586,0.404,0.124,0.074
344.70000000000005,2.686,1.961,0.8,0.586,0.404,0.124,0.074
344.8,2.688,1.963,0.801,0.586,0.404,0.124,0.074
344.90000000000003,2.689,1.964,0.801,0.586,0.404,0.124,0.074
345.0,2.69,1.965,0.802,0.586,0.404,0.124,0.074
345.1,2.691,1.966,0.802,0.586,0.404,0.124,0.074
345.20000000000005,2.692,1.967,0.802,0.586,0.404,0.124,0.074
345.3,2.692,1.967,0.802,0.586,0.404,0.124,0.074
345.40000000000003,2.693,1.968,0.803,0.586,0.404,0.124,0.074
345.5,2.693,1.968,0.803,0.586,0.404,0.124,0.074
345.6,2.693,1.968,0.803,0.586,0.404,0.124,0.074
345.70000000000005,2.693,1.968,0.803,0.586,0.404,0.123,0.074
345.8,2.693,1.969,0.803,0.586,0.404,0.123,0.074
345.90000000000003,2.694,1.969,0.803,0.585,0.404,0.123,0.074
346.0,2.694,1.969,0.803,0.586,0.404,0.123,0.074
346.1,2.694,1.969,0.803,0.586,0.404,0.123,0.074
346.20000000000005,2.694,1.969,0.803,0.586,0.404,0.123,0.074
346.3,2.694,1.969,0.803,0.585,0.404,0.123,0.074
346.40000000000003,2.694,1.969,0.803,0.585,0.404,0.123,0.074
346.5,2.694,1.969,0.803,0.585,0.404,0.123,0.074
346.6,2.694,1.969,0.803,0.585,0.404,0.123,0.074
346.70000000000005,2.694,1.969,0.803,0.585,0.404,0.123,0.074
346.8,2.694,1.969,0.803,0.585,0.404,0.123,0.074
346.90000000000003,2.694,1.969,0.803,0.585,0.404,0.123,0.074
347.0,2.694,1.969,0.803,0.585,0.404,0.123,0.074
347.1,2.694,1.969,0.803,0.585,0.404,0.123,0.074
347.20000000000005,2.694,1.969,0.803,0.585,0.404,0.123,0.074
347.3,2.694,1.969,0.803,0.585,0.404,0.123,0.074
347.40000000000003,2.694,1.969,0.803,0.585,0.404,0.123,0.074
347.5,2.694,1.969,0.803,0.585,0.404,0.123,0.075
347.6,2.694,1.969,0.803,0.585,0.404,0.123,0.075
347.70000000000005,2.694,1.969,0.803,0.585,0.404,0.123,0.075
347.8,2.694,1.969,0.803,0.585,0.404,0.124,0.075
347.90000000000003,2.706,1.98,0.807,0.585,0.404,0.123,0.075
348.0,2.715,1.989,0.81,0.585,0.404,0.123,0.075
348.1,2.722,1.996,0.813,0.585,0.404,0.123,0.075
348.20000000000005,2.717,1.991,0.811,0.586,0.404,0.124,0.075
348.3,2.724,1.997,0.813,0.585,0.404,0.124,0.075
348.40000000000003,2.718,1.992,0.811,0.585,0.404,0.124,0.075
348.5,2.724,1.998,0.813,0.585,0.404,0.123,0.075
348.6,2.73,2.003,0.815,0.585,0.404,0.124,0.075
348.70000000000005,2.723,1.996,0.813,0.585,0.404,0.123,0.075
348.8,2.717,1.991,0.811,0.585,0.404,0.124,0.075
348.90000000000003,2.712,1.987,0.809,0.585,0.404,0.123,0.075
349.0,2.709,1.983,0.808,0.585,0.404,0.124,0.075
349.1,2.706,1.98,0.807,0.585,0.404,0.124,0.075
349.20000000000005,2.703,1.978,0.806,0.585,0.404,0.124,0.075
349.3,2.702,1.976,0.806,0.585,0.404,0.124,0.075
349.40000000000003,2.7,1.975,0.805,0.585,0.404,0.124,0.075
349.5,2.699,1.974,0.805,0.586,0.404,0.124,0.075
349.6,2.698,1.973,0.804,0.586,0.404,0.124,0.075
349.70000000000005,2.709,1.983,0.808,0.586,0.404,0.124,0.075
349.8,2.717,1.991,0.811,0.585,0.404,0.124,0.075
349.90000000000003,2.724,1.998,0.813,0.585,0.404,0.124,0.075
350.0,2.73,2.003,0.815,0.585,0.404,0.124,0.075
350.1,2.734,2.007,0.817,0.585,0.404,0.124,0.075
350.20000000000005,2.737,2.011,0.818,0.585,0.404,0.124,0.075
350.3,2.74,2.013,0.819,0.585,0.404,0.124,0.075
350.40000000000003,2.742,2.015,0.819,0.585,0.404,0.124,0.075
350.5,2.744,2.017,0.82,0.585,0.404,0.124,0.075
350.6,2.746,2.019,0.821,0.585,0.404,0.124,0.075
350.70000000000005,2.747,2.02,0.821,0.585,0.404,0.123,0.075
350.8,2.771,2.043,0.829,0.585,0.404,0.123,0.075
350.90000000000003,2.767,2.039,0.828,0.585,0.404,0.124,0.075
351.0,2.764,2.036,0.827,0.585,0.404,0.123,0.075
351.1,2.761,2.034,0.826,0.585,0.404,0.123,0.075
351.20000000000005,2.759,2.032,0.825,0.586,0.404,0.123,0.075
351.3,2.758,2.03,0.825,0.585,0.404,0.123,0.075
351.40000000000003,2.756,2.029,0.824,0.586,0.404,0.123,0.075
351.5,2.755,2.028,0.824,0.586,0.404,0.123,0.075
351.6,2.755,2.027,0.824,0.586,0.404,0.124,0.075
351.70000000000005,2.754,2.026,0.823,0.586,0.404,0.123,0.075
351.8,2.753,2.026,0.823,0.586,0.404,0.124,0.075
351.90000000000003,2.753,2.026,0.823,0.586,0.404,0.124,0.075
352.0,2.753,2.025,0.823,0.587,0.404,0.124,0.076
352.1,2.752,2.025,0.823,0.587,0.404,0.124,0.076
352.20000000000005,2.764,2.036,0.827,0.587,0.404,0.124,0.076
352.3,2.761,2.034,0.826,0.587,0.404,0.124,0.076
352.40000000000003,2.759,2.032,0.825,0.587,0.404,0.124,0.076
352.5,2.758,2.03,0.825,0.588,0.404,0.124,0.076
352.6,2.756,2.029,0.824,0.588,0.404,0.124,0.076
352.70000000000005,2.755,2.028,0.824,0.587,0.404,0.125,0.076
352.8,2.755,2.027,0.824,0.588,0.404,0.125,0.076
352.90000000000003,2.754,2.026,0.823,0.587,0.403,0.125,0.076
353.0,2.753,2.026,0.823,0.587,0.403,0.125,0.075
353.1,2.741,2.015,0.819,0.587,0.403,0.125,0.075
353.20000000000005,2.732,2.005,0.816,0.587,0.403,0.125,0.075
353.3,2.724,1.998,0.813,0.587,0.404,0.125,0.075
353.40000000000003,2.718,1.992,0.811,0.587,0.403,0.125,0.075
353.5,2.725,1.999,0.814,0.587,0.403,0.125,0.075
353.6,2.719,1.993,0.811,0.587,0.404,0.125,0.075
353.70000000000005,2.725,1.999,0.814,0.587,0.404,0.125,0.075
353.8,2.731,2.004,0.815,0.588,0.403,0.125,0.075
353.90000000000003,2.735,2.008,0.817,0.588,0.403,0.125,0.075
354.0,2.738,2.011,0.818,0.587,0.403,0.125,0.075
354.1,2.741,2.014,0.819,0.587,0.403,0.125,0.075
354.20000000000005,2.743,2.016,0.82,0.587,0.403,0.125,0.075
354.3,2.733,2.006,0.816,0.587,0.403,0.125,0.075
354.40000000000003,2.737,2.01,0.817,0.587,0.403,0.125,0.075
354.5,2.74,2.013,0.818,0.587,0.403,0.125,0.075
354.6,2.742,2.015,0.819,0.587,0.404,0.125,0.075
354.70000000000005,2.744,2.017,0.82,0.587,0.403,0.125,0.075
354.8,2.745,2.018,0.82,0.587,0.403,0.125,0.075
354.90000000000003,2.747,2.019,0.821,0.587,0.403,0.125,0.075
355.0,2.748,2.02,0.821,0.587,0.403,0.125,0.075
355.1,2.748,2.021,0.821,0.587,0.403,0.125,0.075
355.20000000000005,2.76,2.033,0.826,0.587,0.403,0.125,0.075
355.3,2.759,2.031,0.825,0.587,0.403,0.125,0.075
355.40000000000003,2.757,2.03,0.824,0.587,0.403,0.125,0.075
355.5,2.756,2.028,0.824,0.587,0.403,0.125,0.075
355.6,2.755,2.028,0.824,0.587,0.403,0.125,0.075
355.70000000000005,2.754,2.027,0.823,0.587,0.403,0.125,0.075
355.8,2.754,2.026,0.823,0.587,0.403,0.125,0.075
355.90000000000003,2.753,2.026,0.823,0.587,0.403,0.125,0.075
356.0,2.741,2.014,0.819,0.587,0.403,0.125,0.075
356.1,2.743,2.016,0.82,0.587,0.403,0.125,0.075
356.20000000000005,2.745,2.018,0.82,0.587,0.403,0.125,0.075
356.3,2.746,2.019,0.821,0.587,0.403,0.125,0.075
356.40000000000003,2.736,2.009,0.817,0.587,0.403,0.125,0.075
356.5,2.739,2.012,0.818,0.586,0.403,0.125,0.075
356.6,2.741,2.014,0.819,0.586,0.403,0.125,0.075
356.70000000000005,2.743,2.016,0.82,0.586,0.403,0.125,0.075
356.8,2.745,2.018,0.82,0.586,0.403,0.125,0.075
356.90000000000003,2.746,2.019,0.821,0.586,0.403,0.125,0.075
357.0,2.747,2.02,0.821,0.586,0.403,0.125,0.075
357.1,2.748,2.021,0.821,0.586,0.403,0.125,0.075
357.20000000000005,2.749,2.021,0.822,0.586,0.403,0.125,0.075
357.3,2.761,2.033,0.826,0.586,0.403,0.125,0.075
357.40000000000003,2.759,2.031,0.825,0.586,0.403,0.125,0.075
357.5,2.757,2.03,0.824,0.586,0.403,0.125,0.075
357.6,2.756,2.029,0.824,0.586,0.403,0.125,0.075
357.70000000000005,2.755,2.028,0.824,0.586,0.403,0.125,0.075
357.8,2.754,2.027,0.823,0.586,0.403,0.125,0.075
357.90000000000003,2.754,2.026,0.823,0.586,0.403,0.125,0.075
358.0,2.753,2.026,0.823,0.586,0.403,0.125,0.075
358.1,2.753,2.025,0.823,0.586,0.403,0.125,0.075
358.20000000000005,2.764,2.036,0.827,0.586,0.403,0.125,0.075
358.3,2.773,2.045,0.83,0.586,0.403,0.125,0.075
358.40000000000003,2.78,2.052,0.832,0.587,0.403,0.125,0.075
358.5,2.798,2.069,0.838,0.587,0.403,0.125,0.075
358.6,2.811,2.082,0.843,0.587,0.403,0.125,0.075
358.70000000000005,2.811,2.082,0.843,0.587,0.403,0.125,0.075
358.8,2.811,2.081,0.843,0.587,0.403,0.125,0.076
358.90000000000003,2.81,2.081,0.842,0.587,0.403,0.125,0.076
359.0,2.81,2.081,0.842,0.587,0.404,0.126,0.076
359.1,2.821,2.092,0.846,0.587,0.403,0.126,0.075
359.20000000000005,2.819,2.089,0.845,0.588,0.403,0.126,0.075
359.3,2.828,2.098,0.849,0.588,0.403,0.126,0.076
359.40000000000003,2.824,2.095,0.847,0.588,0.403,0.126,0.076
359.5,2.821,2.092,0.846,0.588,0.403,0.126,0.076
359.6,2.819,2.089,0.845,0.588,0.403,0.126,0.076
359.70000000000005,2.817,2.087,0.845,0.588,0.403,0.126,0.076
359.8,2.815,2.086,0.844,0.589,0.403,0.126,0.076
359.90000000000003,2.802,2.073,0.84,0.589,0.403,0.126,0.076
360.0,2.804,2.074,0.84,0.589,0.403,0.126,0.076
360.1,2.816,2.087,0.844,0.589,0.403,0.126,0.076
360.20000000000005,2.792,2.063,0.836,0.589,0.403,0.127,0.075
360.3,2.784,2.055,0.833,0.589,0.403,0.127,0.075
360.40000000000003,2.777,2.049,0.831,0.59,0.403,0.127,0.076
360.5,2.783,2.055,0.833,0.59,0.403,0.127,0.076
360.6,2.789,2.06,0.835,0.59,0.403,0.127,0.075
360.70000000000005,2.793,2.064,0.836,0.59,0.403,0.127,0.075
360.8,2.784,2.056,0.834,0.59,0.403,0.127,0.075
360.90000000000003,2.778,2.049,0.831,0.59,0.403,0.127,0.075
361.0,2.772,2.044,0.83,0.59,0.403,0.127,0.075
361.1,2.768,2.04,0.828,0.59,0.403,0.127,0.075
361.20000000000005,2.776,2.048,0.831,0.59,0.403,0.127,0.075
361.3,2.783,2.054,0.833,0.59,0.403,0.127,0.075
361.40000000000003,2.777,2.048,0.831,0.59,0.403,0.127,0.075
361.5,2.771,2.043,0.829,0.59,0.403,0.127,0.075
361.6,2.767,2.039,0.828,0.59,0.403,0.127,0.075
361.70000000000005,2.764,2.036,0.827,0.59,0.403,0.127,0.075
361.8,2.762,2.034,0.826,0.59,0.403,0.127,0.075
361.90000000000003,2.76,2.032,0.825,0.59,0.403,0.127,0.075
362.0,2.758,2.03,0.825,0.59,0.403,0.127,0.075
362.1,2.757,2.029,0.824,0.59,0.403,0.127,0.075
362.20000000000005,2.744,2.017,0.82,0.59,0.403,0.127,0.075
362.3,2.746,2.018,0.82,0.59,0.403,0.128,0.075
362.40000000000003,2.747,2.02,0.821,0.59,0.403,0.128,0.075
362.5,2.748,2.02,0.821,0.59,0.403,0.128,0.075
362.6,2.669,1.947,0.795,0.59,0.403,0.128,0.075
362.70000000000005,2.686,1.962,0.8,0.59,0.403,0.128,0.075
362.8,2.699,1.975,0.805,0.59,0.403,0.128,0.075
362.90000000000003,2.698,1.974,0.804,0.59,0.403,0.128,0.075
363.0,2.72,1.995,0.812,0.59,0.403,0.128,0.075
363.1,2.726,2.001,0.814,0.59,0.403,0.128,0.075
363.20000000000005,2.709,1.983,0.808,0.59,0.403,0.128,0.075
363.3,2.717,1.992,0.811,0.59,0.403,0.128,0.075
363.40000000000003,2.724,1.998,0.813,0.59,0.403,0.128,0.075
363.5,2.73,2.003,0.815,0.59,0.403,0.128,0.075
363.6,2.734,2.007,0.817,0.59,0.403,0.128,0.075
363.70000000000005,2.749,2.022,0.822,0.59,0.403,0.128,0.075
363.8,2.761,2.033,0.826,0.59,0.403,0.128,0.075
363.90000000000003,2.771,2.043,0.829,0.589,0.403,0.128,0.075
364.0,2.778,2.05,0.832,0.589,0.403,0.128,0.075
364.1,2.784,2.056,0.834,0.589,0.403,0.128,0.075
364.20000000000005,2.789,2.061,0.835,0.589,0.403,0.128,0.075
364.3,2.805,2.076,0.841,0.589,0.403,0.128,0.075
364.40000000000003,2.806,2.076,0.841,0.589,0.403,0.128,0.075
364.5,2.806,2.077,0.841,0.589,0.403,0.128,0.075
364.6,2.807,2.078,0.841,0.589,0.403,0.128,0.075
364.70000000000005,2.796,2.067,0.837,0.59,0.403,0.128,0.075
364.8,2.787,2.058,0.834,0.59,0.403,0.128,0.075
364.90000000000003,2.78,2.051,0.832,0.59,0.403,0.128,0.075
365.0,2.774,2.046,0.83,0.59,0.403,0.128,0.076
365.1,2.769,2.041,0.829,0.59,0.403,0.128,0.076
365.20000000000005,2.777,2.049,0.831,0.59,0.403,0.128,0.076
365.3,2.772,2.044,0.829,0.59,0.403,0.128,0.075
365.40000000000003,2.768,2.04,0.828,0.59,0.403,0.128,0.075
365.5,2.765,2.037,0.827,0.59,0.403,0.128,0.075
365.6,2.762,2.034,0.826,0.59,0.403,0.128,0.075
365.70000000000005,2.76,2.032,0.825,0.59,0.403,0.128,0.075
365.8,2.77,2.042,0.829,0.59,0.403,0.128,0.075
365.90000000000003,2.766,2.038,0.827,0.59,0.403,0.128,0.075
366.0,2.775,2.046,0.83,0.59,0.403,0.128,0.075
366.1,2.781,2.053,0.833,0.591,0.403,0.128,0.076
366.20000000000005,2.787,2.058,0.835,0.591,0.403,0.128,0.075
366.3,2.791,2.063,0.836,0.591,0.403,0.128,0.075
366.40000000000003,2.795,2.066,0.837,0.591,0.403,0.128,0.075
366.5,2.786,2.058,0.834,0.591,0.403,0.128,0.075
366.6,2.779,2.051,0.832,0.591,0.403,0.129,0.075
366.70000000000005,2.774,2.045,0.83,0.591,0.403,0.129,0.075
366.8,2.769,2.041,0.828,0.592,0.403,0.129,0.075
366.90000000000003,2.766,2.038,0.827,0.592,0.403,0.129,0.075
367.0,2.763,2.035,0.826,0.592,0.403,0.129,0.075
367.1,2.772,2.044,0.829,0.592,0.403,0.129,0.075
367.20000000000005,2.768,2.04,0.828,0.592,0.403,0.129,0.075
367.3,2.764,2.037,0.827,0.592,0.403,0.129,0.075
367.40000000000003,2.762,2.034,0.826,0.591,0.404,0.129,0.075
367.5,2.771,2.043,0.829,0.591,0.403,0.129,0.075
367.6,2.767,2.039,0.828,0.591,0.403,0.129,0.075
367.70000000000005,2.764,2.036,0.827,0.591,0.403,0.129,0.075
367.8,2.762,2.034,0.826,0.592,0.403,0.129,0.075
367.90000000000003,2.771,2.043,0.829,0.591,0.403,0.129,0.075
368.0,2.767,2.039,0.828,0.591,0.403,0.129,0.075
368.1,2.764,2.036,0.827,0.591,0.403,0.129,0.075
368.20000000000005,2.761,2.034,0.826,0.591,0.403,0.129,0.075
368.3,2.759,2.032,0.825,0.59,0.403,0.129,0.075
368.40000000000003,2.758,2.03,0.825,0.59,0.403,0.129,0.075
368.5,2.756,2.029,0.824,0.59,0.403,0.129,0.075
368.6,2.755,2.028,0.824,0.59,0.403,0.128,0.075
368.70000000000005,2.766,2.038,0.827,0.59,0.403,0.128,0.075
368.8,2.775,2.047,0.83,0.59,0.403,0.128,0.075
368.90000000000003,2.782,2.053,0.833,0.59,0.403,0.128,0.075
369.0,2.787,2.058,0.835,0.589,0.403,0.128,0.075
369.1,2.791,2.063,0.836,0.589,0.403,0.128,0.075
369.20000000000005,2.783,2.055,0.833,0.59,0.403,0.128,0.075
369.3,2.777,2.049,0.831,0.59,0.403,0.128,0.075
369.40000000000003,2.772,2.044,0.829,0.59,0.403,0.128,0.075
369.5,2.768,2.04,0.828,0.59,0.403,0.128,0.075
369.6,2.764,2.037,0.827,0.59,0.403,0.128,0.075
369.70000000000005,2.773,2.045,0.83,0.59,0.403,0.128,0.075
369.8,2.769,2.041,0.828,0.59,0.403,0.128,0.075
369.90000000000003,2.765,2.038,0.827,0.589,0.403,0.128,0.075
370.0,2.763,2.035,0.826,0.589,0.403,0.128,0.075
370.1,2.772,2.044,0.829,0.589,0.403,0.128,0.075
370.20000000000005,2.779,2.051,0.832,0.589,0.404,0.128,0.075
370.3,2.785,2.057,0.834,0.589,0.403,0.128,0.075
370.40000000000003,2.79,2.061,0.836,0.589,0.403,0.128,0.075
370.5,2.794,2.065,0.837,0.589,0.403,0.128,0.075
370.6,2.797,2.068,0.838,0.589,0.403,0.128,0.075
370.70000000000005,2.799,2.07,0.839,0.589,0.403,0.128,0.075
370.8,2.778,2.05,0.832,0.589,0.403,0.128,0.075
370.90000000000003,2.773,2.045,0.83,0.589,0.403,0.128,0.075
371.0,2.78,2.052,0.832,0.588,0.403,0.128,0.075
371.1,3.37,2.493,1.01,0.708,0.485,0.154,0.091
371.20000000000005,3.606,2.669,1.081,0.756,0.518,0.165,0.097
371.3,3.701,2.739,1.109,0.776,0.531,0.169,0.099
371.40000000000003,3.739,2.768,1.121,0.784,0.536,0.171,0.1
371.5,3.754,2.779,1.125,0.786,0.538,0.172,0.101
371.6,3.76,2.783,1.127,0.787,0.539,0.172,0.101
371.70000000000005,3.762,2.785,1.128,0.788,0.54,0.172,0.102
371.8,3.717,2.741,1.112,0.788,0.54,0.171,0.102
371.90000000000003,3.745,2.768,1.122,0.789,0.54,0.171,0.102
372.0,3.756,2.779,1.126,0.788,0.54,0.171,0.102
372.1,3.761,2.784,1.127,0.789,0.54,0.171,0.102
372.20000000000005,3.763,2.785,1.128,0.788,0.54,0.172,0.102
372.3,3.763,2.786,1.128,0.789,0.541,0.171,0.101
372.40000000000003,3.764,2.786,1.128,0.789,0.541,0.172,0.102
372.5,3.764,2.786,1.128,0.789,0.54,0.172,0.102
372.6,3.764,2.786,1.128,0.79,0.541,0.172,0.102
372.70000000000005,3.81,2.832,1.144,0.789,0.541,0.172,0.101
372.8,3.782,2.804,1.134,0.789,0.541,0.172,0.102
372.90000000000003,3.771,2.794,1.131,0.789,0.54,0.171,0.102
373.0,3.767,2.789,1.129,0.789,0.541,0.172,0.103
373.1,3.765,2.788,1.129,0.789,0.54,0.172,0.102
373.20000000000005,3.764,2.787,1.128,0.789,0.539,0.172,0.103
373.3,3.764,2.787,1.128,0.789,0.54,0.172,0.102
373.40000000000003,3.81,2.832,1.144,0.789,0.54,0.172,0.103
373.5,3.782,2.804,1.134,0.789,0.541,0.171,0.102
373.6,3.771,2.794,1.131,0.789,0.541,0.172,0.102
373.70000000000005,3.813,2.834,1.145,0.788,0.541,0.172,0.101
373.8,3.83,2.851,1.151,0.789,0.541,0.172,0.102
373.90000000000003,3.837,2.857,1.153,0.789,0.54,0.172,0.102
374.0,3.839,2.86,1.154,0.789,0.54,0.172,0.102
374.1,3.794,2.816,1.138,0.789,0.54,0.172,0.102
374.20000000000005,3.776,2.798,1.132,0.79,0.541,0.172,0.102
374.3,3.769,2.791,1.13,0.79,0.541,0.172,0.103
374.40000000000003,3.812,2.833,1.145,0.791,0.54,0.172,0.103
374.5,3.783,2.805,1.135,0.792,0.54,0.173,0.103
374.6,3.772,2.794,1.131,0.792,0.541,0.173,0.103
374.70000000000005,3.767,2.789,1.129,0.793,0.541,0.173,0.103
374.8,3.765,2.788,1.129,0.793,0.541,0.173,0.103
374.90000000000003,3.764,2.787,1.128,0.795,0.541,0.173,0.102
375.0,3.764,2.787,1.128,0.794,0.54,0.173,0.102
375.1,3.764,2.787,1.128,0.795,0.541,0.174,0.103
375.20000000000005,3.764,2.786,1.128,0.795,0.54,0.174,0.102
375.3,3.764,2.786,1.128,0.796,0.541,0.174,0.102
375.40000000000003,3.764,2.786,1.128,0.796,0.541,0.174,0.103
375.5,3.764,2.786,1.128,0.797,0.54,0.174,0.102
375.6,3.764,2.786,1.128,0.797,0.54,0.174,0.102
375.70000000000005,3.764,2.786,1.128,0.797,0.54,0.174,0.103
375.8,3.764,2.786,1.128,0.797,0.541,0.174,0.102
375.90000000000003,3.764,2.786,1.128,0.796,0.541,0.174,0.102
376.0,3.764,2.786,1.128,0.797,0.54,0.175,0.101
376.1,3.764,2.786,1.128,0.798,0.54,0.175,0.101
376.20000000000005,3.764,2.786,1.128,0.797,0.541,0.175,0.102
376.3,3.764,2.786,1.128,0.799,0.54,0.176,0.102
376.40000000000003,3.764,2.786,1.128,0.798,0.54,0.175,0.101
376.5,3.764,2.786,1.128,0.798,0.54,0.176,0.101
376.6,3.718,2.742,1.112,0.799,0.54,0.176,0.101
376.70000000000005,3.699,2.724,1.106,0.799,0.54,0.176,0.1
376.8,3.692,2.717,1.104,0.799,0.54,0.176,0.101
376.90000000000003,3.735,2.759,1.118,0.8,0.54,0.175,0.1
377.0,3.752,2.775,1.124,0.798,0.54,0.175,0.1
377.1,3.713,2.737,1.111,0.799,0.54,0.176,0.101
377.20000000000005,3.697,2.722,1.106,0.798,0.54,0.176,0.101
377.3,3.691,2.716,1.103,0.797,0.54,0.176,0.1
377.40000000000003,3.688,2.714,1.103,0.797,0.54,0.175,0.1
377.5,3.687,2.713,1.102,0.797,0.54,0.175,0.1
377.6,3.687,2.712,1.102,0.796,0.539,0.175,0.101
377.70000000000005,3.687,2.712,1.102,0.796,0.54,0.175,0.101
377.8,3.687,2.712,1.102,0.796,0.54,0.176,0.1
377.90000000000003,3.733,2.757,1.118,0.797,0.54,0.176,0.1
378.0,3.751,2.775,1.124,0.796,0.539,0.175,0.1
378.1,3.713,2.737,1.111,0.796,0.54,0.175,0.1
378.20000000000005,3.697,2.722,1.106,0.796,0.539,0.175,0.1
378.3,3.737,2.761,1.119,0.795,0.539,0.175,0.1
378.40000000000003,3.707,2.732,1.109,0.794,0.539,0.174,0.1
378.5,3.695,2.72,1.105,0.794,0.539,0.174,0.1
378.6,3.69,2.715,1.103,0.794,0.539,0.175,0.1
378.70000000000005,3.688,2.713,1.102,0.793,0.539,0.174,0.1
378.8,3.687,2.713,1.102,0.793,0.539,0.174,0.1
378.90000000000003,3.687,2.712,1.102,0.793,0.54,0.174,0.1
379.0,3.687,2.712,1.102,0.792,0.539,0.174,0.1
379.1,3.687,2.712,1.102,0.791,0.539,0.174,0.1
379.20000000000005,3.687,2.712,1.102,0.791,0.538,0.174,0.1
379.3,3.687,2.712,1.102,0.792,0.539,0.174,0.1
379.40000000000003,3.687,2.712,1.102,0.791,0.539,0.174,0.1
379.5,3.687,2.712,1.102,0.791,0.539,0.174,0.1
379.6,3.687,2.712,1.102,0.791,0.539,0.174,0.1
379.70000000000005,3.687,2.712,1.102,0.791,0.538,0.174,0.1
379.8,3.687,2.712,1.102,0.79,0.538,0.173,0.1
379.90000000000003,3.687,2.712,1.102,0.79,0.538,0.173,0.1
380.0,3.687,2.712,1.102,0.789,0.539,0.173,0.1
380.1,3.733,2.757,1.118,0.789,0.539,0.173,0.101
380.20000000000005,3.705,2.73,1.108,0.789,0.539,0.173,0.1
380.3,3.694,2.719,1.105,0.79,0.538,0.173,0.101
380.40000000000003,3.69,2.715,1.103,0.789,0.538,0.173,0.1
380.5,3.688,2.713,1.102,0.789,0.538,0.173,0.101
380.6,3.733,2.757,1.118,0.789,0.539,0.173,0.1
380.70000000000005,3.705,2.73,1.108,0.789,0.539,0.173,0.1
380.8,3.694,2.719,1.105,0.789,0.538,0.173,0.1
380.90000000000003,3.69,2.715,1.103,0.789,0.538,0.173,0.101
381.0,3.688,2.713,1.102,0.789,0.538,0.172,0.1
381.1,3.687,2.713,1.102,0.789,0.538,0.173,0.101
381.20000000000005,3.641,2.668,1.087,0.788,0.538,0.173,0.1
381.3,3.668,2.695,1.096,0.789,0.538,0.173,0.1
381.40000000000003,3.679,2.705,1.1,0.788,0.538,0.172,0.101
381.5,3.684,2.709,1.101,0.788,0.538,0.172,0.101
381.6,3.686,2.711,1.102,0.788,0.538,0.172,0.1
381.70000000000005,3.686,2.712,1.102,0.788,0.537,0.172,0.1
381.8,3.687,2.712,1.102,0.788,0.538,0.172,0.1
381.90000000000003,3.687,2.712,1.102,0.789,0.538,0.172,0.1
382.0,3.687,2.712,1.102,0.787,0.538,0.172,0.101
382.1,3.733,2.757,1.118,0.788,0.539,0.172,0.101
382.20000000000005,3.568,2.599,1.062,0.788,0.538,0.172,0.101
382.3,3.639,2.667,1.086,0.787,0.538,0.172,0.1
382.40000000000003,3.668,2.694,1.096,0.788,0.538,0.172,0.101
382.5,3.679,2.705,1.099,0.787,0.537,0.172,0.101
382.6,3.684,2.709,1.101,0.787,0.538,0.172,0.101
382.70000000000005,3.686,2.711,1.102,0.788,0.537,0.172,0.101
382.8,3.733,2.756,1.118,0.787,0.537,0.172,0.1
382.90000000000003,3.751,2.774,1.124,0.787,0.538,0.171,0.101
383.0,3.759,2.782,1.126,0.787,0.538,0.172,0.101
383.1,3.762,2.784,1.127,0.787,0.537,0.172,0.101
383.20000000000005,3.717,2.741,1.112,0.787,0.538,0.172,0.101
383.3,3.699,2.724,1.106,0.787,0.537,0.172,0.101
383.40000000000003,3.692,2.717,1.104,0.786,0.538,0.171,0.101
383.5,3.735,2.759,1.118,0.787,0.537,0.172,0.101
383.6,3.706,2.731,1.109,0.786,0.538,0.172,0.1
383.70000000000005,3.694,2.72,1.105,0.786,0.538,0.171,0.1
383.8,3.69,2.715,1.103,0.786,0.538,0.171,0.1
383.90000000000003,3.688,2.713,1.102,0.786,0.537,0.171,0.101
384.0,3.687,2.713,1.102,0.786,0.538,0.171,0.101
384.1,3.687,2.712,1.102,0.787,0.538,0.172,0.101
384.20000000000005,3.687,2.712,1.102,0.787,0.538,0.171,0.101
384.3,3.687,2.712,1.102,0.786,0.537,0.171,0.101
384.40000000000003,3.687,2.712,1.102,0.786,0.537,0.17,0.101
384.5,3.687,2.712,1.102,0.786,0.537,0.171,0.101
384.6,3.687,2.712,1.102,0.786,0.538,0.17,0.101
384.70000000000005,3.687,2.712,1.102,0.785,0.537,0.17,0.1
384.8,3.687,2.712,1.102,0.786,0.537,0.17,0.101
384.90000000000003,3.687,2.712,1.102,0.785,0.538,0.17,0.101
385.0,3.687,2.712,1.102,0.785,0.537,0.17,0.101
385.1,3.687,2.712,1.102,0.786,0.537,0.17,0.102
385.20000000000005,3.641,2.668,1.087,0.786,0.537,0.17,0.102
385.3,3.761,2.784,1.127,0.785,0.537,0.17,0.102
385.40000000000003,3.716,2.741,1.112,0.785,0.536,0.169,0.102
385.5,3.699,2.724,1.106,0.784,0.536,0.17,0.101
385.6,3.692,2.717,1.104,0.785,0.537,0.17,0.101
385.70000000000005,3.689,2.714,1.103,0.784,0.537,0.17,0.102
385.8,3.688,2.713,1.102,0.784,0.537,0.17,0.101
385.90000000000003,3.687,2.712,1.102,0.785,0.537,0.17,0.1
386.0,3.687,2.712,1.102,0.784,0.536,0.169,0.101
386.1,3.687,2.712,1.102,0.784,0.536,0.17,0.101
386.20000000000005,3.687,2.712,1.102,0.784,0.536,0.169,0.101
386.3,3.687,2.712,1.102,0.784,0.536,0.169,0.102
386.40000000000003,3.641,2.668,1.087,0.783,0.536,0.169,0.101
386.5,3.668,2.694,1.096,0.784,0.535,0.17,0.101
386.6,3.633,2.661,1.084,0.784,0.536,0.169,0.101
386.70000000000005,3.665,2.692,1.095,0.783,0.535,0.169,0.101
386.8,3.678,2.704,1.099,0.783,0.535,0.169,0.101
386.90000000000003,3.683,2.709,1.101,0.782,0.535,0.169,0.1
387.0,3.685,2.711,1.102,0.783,0.535,0.169,0.101
387.1,3.686,2.712,1.102,0.783,0.535,0.169,0.101
387.20000000000005,3.687,2.712,1.102,0.784,0.535,0.168,0.102
387.3,3.687,2.712,1.102,0.784,0.535,0.169,0.102
387.40000000000003,3.733,2.757,1.118,0.783,0.535,0.169,0.101
387.5,3.705,2.73,1.108,0.783,0.535,0.169,0.101
387.6,3.694,2.719,1.105,0.783,0.535,0.169,0.101
387.70000000000005,3.69,2.715,1.103,0.782,0.535,0.169,0.101
387.8,3.688,2.713,1.102,0.782,0.534,0.169,0.101
387.90000000000003,3.687,2.713,1.102,0.783,0.535,0.169,0.101
388.0,3.687,2.712,1.102,0.783,0.535,0.169,0.102
388.1,3.687,2.712,1.102,0.783,0.534,0.169,0.102
388.20000000000005,3.687,2.712,1.102,0.783,0.535,0.168,0.103
388.3,3.687,2.712,1.102,0.782,0.535,0.169,0.102
388.40000000000003,3.687,2.712,1.102,0.783,0.535,0.169,0.101
388.5,3.687,2.712,1.102,0.782,0.534,0.168,0.102
388.6,3.687,2.712,1.102,0.782,0.535,0.168,0.101
388.70000000000005,3.687,2.712,1.102,0.781,0.535,0.168,0.101
388.8,3.687,2.712,1.102,0.782,0.534,0.168,0.102
388.90000000000003,3.687,2.712,1.102,0.782,0.534,0.168,0.102
389.0,3.687,2.712,1.102,0.783,0.534,0.168,0.102
389.1,3.687,2.712,1.102,0.782,0.534,0.168,0.102
389.20000000000005,3.687,2.712,1.102,0.782,0.535,0.168,0.103
389.3,3.687,2.712,1.102,0.782,0.534,0.168,0.102
389.40000000000003,3.687,2.712,1.102,0.782,0.535,0.168,0.102
389.5,3.687,2.712,1.102,0.781,0.534,0.168,0.102
389.6,3.687,2.712,1.102,0.782,0.534,0.167,0.101
389.70000000000005,3.733,2.757,1.118,0.783,0.535,0.168,0.102
389.8,3.705,2.73,1.108,0.782,0.535,0.168,0.102
389.90000000000003,3.694,2.719,1.105,0.783,0.534,0.168,0.102
390.0,3.69,2.715,1.103,0.782,0.534,0.167,0.102
390.1,3.734,2.758,1.118,0.781,0.534,0.168,0.101
390.20000000000005,3.706,2.73,1.108,0.782,0.534,0.168,0.101
390.3,3.741,2.764,1.12,0.782,0.533,0.168,0.101
390.40000000000003,3.708,2.733,1.109,0.781,0.534,0.168,0.102
390.5,3.695,2.72,1.105,0.782,0.534,0.168,0.102
390.6,3.69,2.715,1.103,0.782,0.534,0.168,0.102
390.70000000000005,3.688,2.713,1.103,0.782,0.534,0.168,0.102
390.8,3.687,2.713,1.102,0.781,0.534,0.168,0.103
390.90000000000003,3.687,2.712,1.102,0.781,0.534,0.168,0.102
391.0,3.687,2.712,1.102,0.782,0.534,0.168,0.103
391.1,3.687,2.712,1.102,0.782,0.534,0.167,0.102
391.20000000000005,3.687,2.712,1.102,0.781,0.534,0.167,0.102
391.3,3.687,2.712,1.102,0.781,0.533,0.167,0.103
391.40000000000003,3.733,2.757,1.118,0.782,0.533,0.167,0.103
391.5,3.705,2.73,1.108,0.781,0.533,0.167,0.102
391.6,3.694,2.719,1.105,0.782,0.534,0.168,0.102
391.70000000000005,3.69,2.715,1.103,0.782,0.533,0.168,0.102
391.8,3.688,2.713,1.102,0.782,0.533,0.167,0.102
391.90000000000003,3.687,2.713,1.102,0.782,0.533,0.167,0.103
392.0,3.687,2.712,1.102,0.782,0.533,0.167,0.102
392.1,3.687,2.712,1.102,0.781,0.534,0.167,0.103
392.20000000000005,3.687,2.712,1.102,0.781,0.533,0.167,0.103
392.3,3.687,2.712,1.102,0.781,0.533,0.167,0.103
392.40000000000003,3.687,2.712,1.102,0.782,0.533,0.167,0.102
392.5,3.687,2.712,1.102,0.781,0.533,0.166,0.102
392.6,3.687,2.712,1.102,0.781,0.533,0.167,0.101
392.70000000000005,3.733,2.757,1.118,0.782,0.533,0.167,0.102
392.8,3.705,2.73,1.108,0.782,0.533,0.167,0.103
392.90000000000003,3.74,2.764,1.12,0.781,0.533,0.167,0.103
393.0,3.708,2.733,1.109,0.781,0.533,0.167,0.103
393.1,3.695,2.72,1.105,0.78,0.533,0.166,0.103
393.20000000000005,3.736,2.76,1.119,0.781,0.532,0.166,0.103
393.3,3.753,2.776,1.124,0.781,0.533,0.167,0.102
393.40000000000003,3.759,2.782,1.127,0.781,0.532,0.167,0.102
393.5,3.762,2.785,1.128,0.781,0.533,0.167,0.103
393.6,3.763,2.786,1.128,0.781,0.533,0.166,0.102
393.70000000000005,3.81,2.831,1.144,0.78,0.532,0.166,0.102
393.8,3.782,2.804,1.134,0.781,0.532,0.166,0.103
393.90000000000003,3.725,2.749,1.115,0.781,0.532,0.166,0.103
394.0,3.748,2.771,1.123,0.781,0.532,0.167,0.102
394.1,3.711,2.736,1.11,0.781,0.532,0.167,0.103
394.20000000000005,3.743,2.766,1.121,0.781,0.533,0.166,0.103
394.3,3.755,2.778,1.125,0.78,0.533,0.166,0.102
394.40000000000003,3.76,2.783,1.127,0.781,0.532,0.166,0.103
394.5,3.716,2.741,1.112,0.781,0.532,0.166,0.103
394.6,3.745,2.768,1.122,0.781,0.533,0.166,0.103
394.70000000000005,3.71,2.735,1.11,0.78,0.532,0.166,0.103
394.8,3.742,2.766,1.121,0.78,0.532,0.166,0.103
394.90000000000003,3.755,2.778,1.125,0.78,0.532,0.166,0.103
395.0,3.714,2.739,1.111,0.779,0.532,0.166,0.104
395.1,3.698,2.723,1.106,0.78,0.531,0.166,0.103
395.20000000000005,3.784,2.806,1.135,0.779,0.532,0.166,0.103
395.3,3.726,2.75,1.115,0.78,0.532,0.166,0.104
395.40000000000003,3.749,2.772,1.123,0.78,0.532,0.166,0.103
395.5,3.711,2.736,1.11,0.779,0.532,0.166,0.103
395.6,3.743,2.766,1.121,0.778,0.532,0.166,0.103
395.70000000000005,3.755,2.778,1.125,0.779,0.532,0.166,0.103
395.8,3.714,2.739,1.111,0.778,0.532,0.166,0.104
395.90000000000003,3.698,2.723,1.106,0.779,0.531,0.165,0.103
396.0,3.737,2.761,1.119,0.779,0.531,0.166,0.103
396.1,3.753,2.776,1.125,0.779,0.531,0.166,0.103
396.20000000000005,3.76,2.782,1.127,0.778,0.531,0.165,0.103
396.3,3.762,2.785,1.128,0.779,0.532,0.166,0.104
396.40000000000003,3.717,2.741,1.112,0.779,0.531,0.165,0.103
396.5,3.745,2.768,1.122,0.779,0.531,0.165,0.103
396.6,3.756,2.779,1.126,0.779,0.532,0.165,0.103
396.70000000000005,3.761,2.784,1.127,0.779,0.532,0.165,0.103
396.8,3.763,2.785,1.128,0.779,0.531,0.166,0.102
396.90000000000003,3.763,2.786,1.128,0.778,0.531,0.166,0.103
397.0,3.764,2.786,1.128,0.779,0.531,0.166,0.104
397.1,3.718,2.742,1.112,0.779,0.531,0.165,0.103
397.20000000000005,3.745,2.769,1.122,0.779,0.531,0.166,0.103
397.3,3.756,2.779,1.126,0.778,0.531,0.165,0.103
397.40000000000003,3.761,2.784,1.127,0.779,0.531,0.165,0.104
397.5,3.763,2.785,1.128,0.78,0.531,0.165,0.104
397.6,3.763,2.786,1.128,0.779,0.53,0.165,0.104
397.70000000000005,3.764,2.786,1.128,0.778,0.531,0.165,0.103
397.8,3.764,2.786,1.128,0.778,0.53,0.165,0.104
397.90000000000003,3.764,2.786,1.128,0.778,0.53,0.165,0.103
398.0,3.764,2.786,1.128,0.778,0.531,0.165,0.103
398.1,3.718,2.742,1.112,0.778,0.531,0.165,0.103
398.20000000000005,3.699,2.724,1.106,0.779,0.531,0.165,0.103
398.3,3.692,2.717,1.104,0.778,0.531,0.165,0.103
398.40000000000003,3.689,2.714,1.103,0.778,0.53,0.165,0.103
398.5,3.688,2.713,1.102,0.778,0.53,0.165,0.104
398.6,3.733,2.757,1.118,0.778,0.53,0.165,0.103
398.70000000000005,3.705,2.73,1.108,0.778,0.531,0.165,0.103
398.8,3.74,2.764,1.12,0.778,0.53,0.165,0.104
398.90000000000003,3.708,2.733,1.109,0.778,0.53,0.165,0.103
399.0,3.709,2.733,1.109,0.778,0.53,0.165,0.104
399.1,3.742,2.765,1.121,0.779,0.53,0.165,0.103
399.20000000000005,3.755,2.778,1.125,0.778,0.53,0.165,0.103
399.3,3.76,2.783,1.127,0.778,0.531,0.164,0.103
399.40000000000003,3.716,2.74,1.112,0.778,0.53,0.165,0.104
399.5,3.745,2.768,1.122,0.778,0.531,0.165,0.103
399.6,3.803,2.824,1.141,0.778,0.53,0.165,0.103
399.70000000000005,3.779,2.802,1.133,0.778,0.53,0.165,0.103
399.8,3.742,2.765,1.121,0.778,0.53,0.165,0.103
399.90000000000003,3.77,2.792,1.13,0.777,0.53,0.164,0.104
400.0,3.859,2.88,1.161,0.778,0.53,0.165,0.103
400.1,3.895,2.914,1.173,0.779,0.53,0.164,0.103
400.20000000000005,3.816,2.838,1.146,0.778,0.53,0.165,0.103
400.3,3.739,2.762,1.12,0.779,0.53,0.164,0.103
400.40000000000003,3.847,2.867,1.156,0.778,0.529,0.164,0.103
400.5,3.797,2.819,1.139,0.778,0.529,0.165,0.104
400.6,3.777,2.799,1.133,0.778,0.529,0.165,0.104
400.70000000000005,3.769,2.792,1.13,0.778,0.529,0.164,0.104
400.8,3.953,2.972,1.193,0.779,0.53,0.164,0.103
400.90000000000003,4.435,3.46,1.36,0.778,0.528,0.164,0.104
401.0,4.125,3.147,1.253,0.777,0.527,0.164,0.105
401.1,3.955,2.976,1.194,0.777,0.528,0.164,0.104
401.20000000000005,3.933,2.953,1.186,0.777,0.527,0.163,0.104
401.3,3.832,2.853,1.151,0.778,0.527,0.164,0.105
401.40000000000003,3.791,2.813,1.137,0.777,0.527,0.164,0.105
401.5,3.915,2.934,1.18,0.777,0.528,0.164,0.104
401.6,3.917,2.936,1.18,0.777,0.527,0.164,0.105
401.70000000000005,3.825,2.846,1.149,0.777,0.528,0.164,0.104
401.8,3.881,2.901,1.168,0.776,0.528,0.163,0.104
401.90000000000003,3.811,2.832,1.144,0.777,0.527,0.163,0.104
402.0,3.783,2.805,1.135,0.777,0.527,0.164,0.105
402.1,3.771,2.794,1.131,0.777,0.527,0.163,0.105
402.20000000000005,3.767,2.789,1.129,0.777,0.527,0.163,0.105
402.3,3.765,2.788,1.129,0.776,0.527,0.164,0.105
402.40000000000003,3.811,2.832,1.144,0.776,0.526,0.164,0.105
402.5,3.783,2.805,1.135,0.776,0.526,0.163,0.105
402.6,3.771,2.794,1.131,0.776,0.526,0.164,0.104
402.70000000000005,3.767,2.789,1.129,0.776,0.526,0.163,0.104
402.8,3.765,2.788,1.129,0.777,0.527,0.163,0.105
402.90000000000003,3.764,2.787,1.128,0.777,0.526,0.163,0.105
403.0,3.718,2.742,1.113,0.776,0.526,0.163,0.104
403.1,3.745,2.769,1.122,0.775,0.526,0.163,0.105
403.20000000000005,3.756,2.779,1.126,0.776,0.526,0.163,0.104
403.3,3.715,2.739,1.112,0.776,0.526,0.163,0.104
403.40000000000003,3.744,2.767,1.122,0.776,0.526,0.164,0.104
403.5,3.896,2.916,1.173,0.776,0.526,0.163,0.103
403.6,3.77,2.794,1.131,0.775,0.527,0.163,0.104
403.70000000000005,3.72,2.745,1.113,0.775,0.526,0.164,0.104
403.8,3.839,2.86,1.154,0.776,0.525,0.163,0.104
403.90000000000003,3.748,2.771,1.123,0.775,0.526,0.163,0.104
404.0,3.757,2.78,1.126,0.775,0.526,0.163,0.104
404.1,3.761,2.784,1.127,0.775,0.526,0.162,0.104
404.20000000000005,3.95,2.969,1.192,0.774,0.525,0.162,0.104
404.3,3.838,2.859,1.154,0.774,0.525,0.162,0.104
404.40000000000003,3.794,2.816,1.138,0.774,0.525,0.162,0.105
404.5,3.776,2.798,1.132,0.774,0.525,0.163,0.104
404.6,3.769,2.791,1.13,0.774,0.525,0.162,0.103
404.70000000000005,3.766,2.788,1.129,0.774,0.525,0.162,0.104
404.8,3.952,2.971,1.192,0.774,0.525,0.162,0.104
404.90000000000003,3.839,2.86,1.154,0.774,0.525,0.163,0.104
405.0,3.84,2.861,1.154,0.774,0.525,0.162,0.104
405.1,3.794,2.816,1.139,0.774,0.525,0.162,0.104
405.20000000000005,3.776,2.798,1.132,0.774,0.525,0.162,0.105
405.3,3.956,2.975,1.194,0.774,0.524,0.162,0.105
405.40000000000003,3.841,2.862,1.154,0.774,0.524,0.162,0.104
405.5,3.795,2.817,1.139,0.774,0.525,0.162,0.105
405.6,3.776,2.798,1.132,0.774,0.525,0.162,0.104
405.70000000000005,4.388,3.415,1.344,0.773,0.524,0.162,0.104
405.8,4.013,3.038,1.214,0.774,0.524,0.162,0.105
405.90000000000003,4.146,3.165,1.259,0.773,0.523,0.162,0.104
406.0,4.057,3.075,1.228,0.773,0.523,0.162,0.104
406.1,3.881,2.902,1.168,0.773,0.523,0.161,0.105
406.20000000000005,3.811,2.833,1.144,0.773,0.522,0.161,0.104
406.3,3.736,2.76,1.119,0.773,0.522,0.161,0.104
406.40000000000003,3.707,2.731,1.109,0.774,0.523,0.162,0.105
406.5,3.741,2.764,1.12,0.774,0.523,0.161,0.105
406.6,4.382,3.409,1.342,0.773,0.522,0.16,0.105
406.70000000000005,4.058,3.081,1.229,0.772,0.521,0.161,0.105
406.8,3.881,2.904,1.169,0.772,0.521,0.161,0.105
406.90000000000003,3.811,2.833,1.144,0.772,0.521,0.161,0.105
407.0,3.783,2.805,1.135,0.772,0.522,0.16,0.105
407.1,3.911,2.931,1.179,0.773,0.521,0.161,0.104
407.20000000000005,3.916,2.935,1.18,0.773,0.521,0.161,0.105
407.3,3.825,2.846,1.149,0.773,0.521,0.161,0.106
407.40000000000003,3.975,2.994,1.2,0.774,0.521,0.16,0.105
407.5,3.895,2.914,1.173,0.773,0.52,0.16,0.105
407.6,3.863,2.883,1.162,0.772,0.52,0.161,0.106
407.70000000000005,3.803,2.825,1.142,0.772,0.52,0.16,0.105
407.8,3.78,2.802,1.134,0.773,0.52,0.161,0.105
407.90000000000003,3.632,2.66,1.084,0.772,0.521,0.16,0.104
408.0,3.711,2.736,1.11,0.772,0.521,0.161,0.104
408.1,3.93,2.95,1.185,0.772,0.521,0.16,0.105
408.20000000000005,3.923,2.942,1.183,0.772,0.52,0.16,0.105
408.3,4.015,3.032,1.214,0.772,0.52,0.16,0.105
408.40000000000003,4.004,3.022,1.21,0.773,0.52,0.161,0.106
408.5,3.86,2.88,1.161,0.772,0.52,0.161,0.105
408.6,3.802,2.824,1.141,0.771,0.52,0.16,0.104
408.70000000000005,3.779,2.801,1.133,0.771,0.52,0.16,0.105
408.8,3.816,2.838,1.146,0.77,0.519,0.16,0.105
408.90000000000003,3.785,2.807,1.135,0.771,0.519,0.16,0.105
409.0,3.772,2.795,1.131,0.77,0.519,0.16,0.105
409.1,3.767,2.79,1.129,0.771,0.519,0.16,0.105
409.20000000000005,3.812,2.833,1.144,0.771,0.519,0.16,0.106
409.3,4.065,3.083,1.231,0.772,0.52,0.16,0.105
409.40000000000003,4.119,3.136,1.25,0.772,0.519,0.16,0.104
409.5,3.906,2.926,1.177,0.771,0.52,0.159,0.105
409.6,3.821,2.842,1.148,0.77,0.519,0.16,0.106
409.70000000000005,3.787,2.809,1.136,0.77,0.518,0.16,0.105
409.8,3.727,2.751,1.116,0.77,0.519,0.16,0.106
409.90000000000003,3.749,2.772,1.123,0.77,0.52,0.16,0.105
410.0,3.758,2.781,1.126,0.771,0.519,0.159,0.106
410.1,3.855,2.875,1.159,0.771,0.518,0.16,0.105
410.20000000000005,3.8,2.822,1.141,0.771,0.518,0.16,0.105
410.3,3.778,2.801,1.133,0.77,0.518,0.16,0.105
410.40000000000003,3.77,2.792,1.13,0.77,0.518,0.159,0.104
410.5,4.001,3.019,1.209,0.771,0.518,0.16,0.105
410.6,3.859,2.88,1.161,0.771,0.518,0.16,0.105
410.70000000000005,3.802,2.824,1.141,0.77,0.518,0.16,0.104
410.8,3.779,2.801,1.133,0.77,0.518,0.16,0.105
410.90000000000003,3.91,2.929,1.178,0.77,0.519,0.159,0.105
411.0,3.869,2.889,1.164,0.77,0.519,0.159,0.105
411.1,3.806,2.827,1.142,0.77,0.518,0.16,0.105
411.20000000000005,3.781,2.803,1.134,0.77,0.518,0.16,0.105
411.3,3.77,2.793,1.13,0.771,0.519,0.16,0.106
411.40000000000003,3.766,2.789,1.129,0.77,0.518,0.16,0.105
411.5,3.765,2.787,1.129,0.77,0.518,0.16,0.106
411.6,3.764,2.787,1.128,0.77,0.518,0.16,0.106
411.70000000000005,3.764,2.787,1.128,0.77,0.518,0.159,0.105
411.8,3.764,2.786,1.128,0.769,0.519,0.16,0.105
411.90000000000003,3.764,2.786,1.128,0.77,0.518,0.16,0.105
412.0,3.857,2.877,1.16,0.769,0.518,0.16,0.104
412.1,3.847,2.868,1.157,0.77,0.518,0.16,0.105
412.20000000000005,4.032,3.05,1.22,0.769,0.518,0.16,0.104
412.3,3.871,2.892,1.165,0.77,0.518,0.159,0.105
412.40000000000003,3.807,2.829,1.143,0.77,0.518,0.16,0.105
412.5,3.606,2.678,1.082,0.731,0.492,0.151,0.099
412.6,3.446,2.558,1.034,0.699,0.47,0.145,0.095
412.70000000000005,3.318,2.462,0.995,0.674,0.453,0.14,0.092
412.8,3.215,2.385,0.965,0.654,0.44,0.136,0.089
412.90000000000003,3.134,2.323,0.94,0.638,0.429,0.132,0.087
413.0,3.045,2.252,0.912,0.625,0.421,0.13,0.085
413.1,3.009,2.229,0.902,0.615,0.414,0.127,0.084
413.20000000000005,2.992,2.221,0.898,0.607,0.408,0.126,0.083
413.3,2.967,2.204,0.891,0.601,0.404,0.125,0.082
413.40000000000003,2.935,2.179,0.881,0.595,0.4,0.123,0.081
413.5,2.945,2.193,0.885,0.591,0.398,0.123,0.081
413.6,2.918,2.17,0.876,0.588,0.395,0.122,0.08
413.70000000000005,2.931,2.186,0.881,0.586,0.393,0.121,0.08
413.8,2.906,2.165,0.873,0.584,0.392,0.121,0.08
413.90000000000003,2.887,2.148,0.867,0.582,0.391,0.121,0.079
414.0,2.871,2.134,0.862,0.581,0.39,0.12,0.079
414.1,2.858,2.123,0.858,0.58,0.389,0.12,0.079
414.20000000000005,2.848,2.114,0.855,0.579,0.389,0.12,0.079
414.3,2.841,2.107,0.852,0.578,0.388,0.12,0.079
414.40000000000003,2.834,2.102,0.85,0.578,0.388,0.12,0.078
414.5,2.829,2.097,0.848,0.578,0.387,0.12,0.078
414.6,2.825,2.094,0.847,0.578,0.387,0.119,0.078
414.70000000000005,2.822,2.091,0.846,0.577,0.387,0.119,0.078
414.8,2.819,2.088,0.845,0.577,0.387,0.119,0.078
414.90000000000003,2.84,2.109,0.853,0.577,0.387,0.119,0.078
415.0,2.834,2.103,0.85,0.577,0.387,0.119,0.078
415.1,2.852,2.121,0.857,0.577,0.387,0.119,0.078
415.20000000000005,2.843,2.113,0.854,0.576,0.387,0.119,0.078
415.3,3.126,2.398,0.951,0.577,0.387,0.12,0.078
415.40000000000003,3.074,2.345,0.933,0.577,0.387,0.12,0.078
415.5,3.021,2.292,0.915,0.577,0.387,0.12,0.078
415.6,2.99,2.261,0.904,0.577,0.387,0.12,0.078
415.70000000000005,2.965,2.235,0.896,0.578,0.387,0.12,0.078
415.8,2.945,2.215,0.889,0.578,0.387,0.121,0.078
415.90000000000003,2.988,2.258,0.904,0.578,0.387,0.121,0.078
416.0,2.964,2.233,0.895,0.578,0.387,0.121,0.078
416.1,2.933,2.202,0.884,0.578,0.387,0.121,0.078
416.20000000000005,2.919,2.189,0.88,0.578,0.387,0.121,0.078
416.3,2.909,2.178,0.876,0.578,0.387,0.121,0.078
416.40000000000003,2.912,2.181,0.877,0.578,0.387,0.121,0.078
416.5,2.903,2.172,0.874,0.578,0.387,0.121,0.079
416.6,2.896,2.164,0.872,0.579,0.387,0.121,0.078
416.70000000000005,2.89,2.159,0.87,0.579,0.387,0.121,0.079
416.8,2.873,2.143,0.864,0.579,0.387,0.121,0.079
416.90000000000003,2.872,2.141,0.864,0.579,0.387,0.121,0.079
417.0,2.871,2.14,0.863,0.579,0.387,0.121,0.079
417.1,2.87,2.139,0.863,0.579,0.387,0.122,0.079
417.20000000000005,2.869,2.138,0.863,0.579,0.387,0.122,0.079
417.3,2.88,2.149,0.866,0.579,0.387,0.122,0.079
417.40000000000003,2.889,2.158,0.869,0.579,0.387,0.122,0.079
417.5,2.952,2.22,0.891,0.58,0.387,0.122,0.079
417.6,2.982,2.25,0.901,0.58,0.387,0.122,0.079
417.70000000000005,2.97,2.238,0.897,0.58,0.387,0.122,0.079
417.8,2.949,2.217,0.89,0.58,0.387,0.122,0.079
417.90000000000003,2.933,2.201,0.884,0.58,0.387,0.122,0.079
418.0,2.919,2.188,0.88,0.58,0.387,0.122,0.079
418.1,2.909,2.177,0.876,0.58,0.387,0.122,0.078
418.20000000000005,2.889,2.158,0.869,0.58,0.387,0.122,0.078
418.3,2.885,2.153,0.868,0.58,0.387,0.122,0.079
418.40000000000003,2.873,2.142,0.864,0.58,0.387,0.122,0.078
418.5,2.86,2.129,0.859,0.58,0.387,0.122,0.078
418.6,2.85,2.119,0.856,0.58,0.387,0.122,0.078
418.70000000000005,2.853,2.123,0.857,0.58,0.387,0.122,0.078
418.8,2.856,2.125,0.858,0.58,0.387,0.122,0.078
418.90000000000003,2.858,2.127,0.859,0.58,0.387,0.122,0.078
419.0,2.871,2.14,0.863,0.58,0.387,0.122,0.078
419.1,2.882,2.151,0.867,0.58,0.387,0.122,0.078
419.20000000000005,2.891,2.159,0.87,0.58,0.387,0.122,0.078
419.3,2.969,2.237,0.897,0.581,0.387,0.123,0.079
419.40000000000003,2.96,2.228,0.894,0.582,0.387,0.123,0.079
419.5,2.941,2.209,0.887,0.583,0.387,0.123,0.079
419.6,2.926,2.194,0.882,0.584,0.387,0.124,0.079
419.70000000000005,2.914,2.183,0.878,0.584,0.387,0.124,0.079
419.8,2.87,2.14,0.863,0.585,0.387,0.124,0.079
419.90000000000003,2.881,2.15,0.867,0.585,0.387,0.125,0.079
420.0,2.89,2.159,0.87,0.585,0.387,0.125,0.079
420.1,2.885,2.154,0.868,0.586,0.387,0.125,0.079
420.20000000000005,2.893,2.162,0.871,0.586,0.387,0.125,0.079
420.3,2.876,2.145,0.865,0.586,0.387,0.125,0.079
420.40000000000003,2.863,2.132,0.86,0.586,0.387,0.125,0.079
420.5,2.863,2.133,0.861,0.586,0.387,0.125,0.079
420.6,2.864,2.133,0.861,0.586,0.387,0.125,0.079
420.70000000000005,2.853,2.122,0.857,0.586,0.387,0.125,0.079
420.8,2.856,2.125,0.858,0.586,0.387,0.125,0.079
420.90000000000003,2.858,2.127,0.859,0.586,0.387,0.125,0.079
421.0,2.848,2.118,0.855,0.586,0.387,0.125,0.079
421.1,2.863,2.133,0.861,0.586,0.387,0.125,0.079
421.20000000000005,2.864,2.133,0.861,0.586,0.387,0.126,0.079
421.3,2.876,2.145,0.865,0.586,0.387,0.126,0.079
421.40000000000003,2.863,2.132,0.86,0.585,0.387,0.125,0.079
421.5,2.852,2.121,0.857,0.585,0.387,0.125,0.079
421.6,2.855,2.124,0.858,0.585,0.387,0.125,0.079
421.70000000000005,2.857,2.126,0.858,0.585,0.387,0.125,0.078
421.8,2.859,2.128,0.859,0.585,0.387,0.126,0.079
421.90000000000003,2.861,2.13,0.86,0.585,0.387,0.126,0.079
422.0,2.862,2.131,0.86,0.585,0.387,0.126,0.079
422.1,2.851,2.121,0.856,0.585,0.387,0.126,0.079
422.20000000000005,2.843,2.112,0.853,0.585,0.387,0.126,0.079
422.3,2.847,2.117,0.855,0.585,0.387,0.125,0.079
422.40000000000003,2.84,2.109,0.852,0.585,0.387,0.126,0.078
422.5,2.845,2.115,0.854,0.585,0.387,0.126,0.078
422.6,2.849,2.119,0.856,0.585,0.387,0.126,0.078
422.70000000000005,2.853,2.122,0.857,0.585,0.387,0.126,0.078
422.8,2.844,2.114,0.854,0.585,0.387,0.126,0.078
422.90000000000003,2.837,2.107,0.851,0.585,0.387,0.126,0.078
423.0,2.831,2.101,0.85,0.585,0.387,0.126,0.079
423.1,2.827,2.097,0.848,0.585,0.387,0.126,0.079
423.20000000000005,2.823,2.093,0.847,0.585,0.387,0.126,0.079
423.3,2.844,2.113,0.854,0.584,0.387,0.126,0.078
423.40000000000003,2.848,2.118,0.855,0.584,0.387,0.126,0.079
423.5,2.84,2.11,0.853,0.584,0.387,0.126,0.079
423.6,2.834,2.104,0.85,0.584,0.387,0.126,0.078
423.70000000000005,2.829,2.099,0.849,0.585,0.387,0.126,0.078
423.8,2.825,2.095,0.847,0.585,0.387,0.126,0.078
423.90000000000003,2.822,2.092,0.846,0.585,0.387,0.126,0.078
424.0,2.819,2.089,0.845,0.585,0.387,0.126,0.078
424.1,2.817,2.087,0.845,0.585,0.387,0.126,0.078
424.20000000000005,2.827,2.097,0.848,0.584,0.387,0.126,0.078
424.3,2.835,2.105,0.851,0.584,0.387,0.126,0.078
424.40000000000003,2.83,2.1,0.849,0.585,0.387,0.126,0.078
424.5,2.825,2.096,0.848,0.584,0.387,0.126,0.078
424.6,2.822,2.092,0.846,0.584,0.387,0.126,0.078
424.70000000000005,2.89,2.159,0.87,0.584,0.387,0.126,0.078
424.8,2.885,2.155,0.868,0.584,0.388,0.126,0.078
424.90000000000003,2.87,2.139,0.863,0.584,0.387,0.126,0.078
425.0,2.858,2.127,0.859,0.584,0.387,0.126,0.078
425.1,2.859,2.129,0.859,0.584,0.387,0.126,0.078
425.20000000000005,2.861,2.13,0.86,0.584,0.388,0.126,0.078
425.3,2.862,2.131,0.86,0.583,0.387,0.126,0.078
425.40000000000003,2.863,2.132,0.86,0.584,0.387,0.126,0.078
425.5,2.864,2.133,0.861,0.584,0.387,0.126,0.078
425.6,2.864,2.133,0.861,0.584,0.387,0.126,0.078
425.70000000000005,2.876,2.145,0.865,0.584,0.387,0.126,0.078
425.8,2.874,2.143,0.864,0.584,0.387,0.126,0.078
425.90000000000003,2.873,2.142,0.864,0.584,0.387,0.126,0.078
426.0,2.895,2.163,0.871,0.585,0.387,0.126,0.078
426.1,2.889,2.158,0.869,0.585,0.387,0.126,0.078
426.20000000000005,2.885,2.153,0.868,0.585,0.387,0.126,0.078
426.3,2.869,2.138,0.863,0.585,0.387,0.126,0.078
426.40000000000003,2.857,2.127,0.858,0.585,0.387,0.126,0.078
426.5,2.859,2.128,0.859,0.585,0.387,0.126,0.078
426.6,3.448,2.568,1.036,0.704,0.466,0.153,0.094
426.70000000000005,3.684,2.744,1.107,0.752,0.498,0.162,0.101
426.8,3.872,2.906,1.168,0.772,0.511,0.167,0.103
426.90000000000003,3.807,2.834,1.144,0.78,0.516,0.168,0.104
427.0,3.828,2.851,1.15,0.784,0.518,0.169,0.105
427.1,3.789,2.812,1.137,0.784,0.518,0.17,0.104
427.20000000000005,3.774,2.797,1.132,0.785,0.519,0.17,0.104
427.3,3.814,2.836,1.145,0.786,0.519,0.17,0.104
427.40000000000003,3.784,2.806,1.135,0.785,0.519,0.17,0.105
427.5,3.818,2.839,1.147,0.786,0.519,0.17,0.104
427.6,3.786,2.808,1.136,0.785,0.519,0.171,0.105
427.70000000000005,3.773,2.795,1.131,0.786,0.52,0.17,0.104
427.8,3.767,2.79,1.129,0.785,0.519,0.17,0.105
427.90000000000003,3.765,2.788,1.129,0.785,0.519,0.17,0.104
428.0,3.764,2.787,1.128,0.785,0.519,0.17,0.104
428.1,3.81,2.832,1.144,0.785,0.519,0.17,0.104
428.20000000000005,3.829,2.85,1.15,0.785,0.519,0.17,0.104
428.3,4.12,3.138,1.25,0.785,0.52,0.171,0.104
428.40000000000003,3.953,2.972,1.193,0.785,0.519,0.17,0.104
428.5,3.886,2.906,1.17,0.785,0.52,0.171,0.105
428.6,3.953,2.971,1.193,0.785,0.519,0.17,0.105
428.70000000000005,3.886,2.905,1.17,0.784,0.519,0.17,0.105
428.8,3.859,2.879,1.161,0.784,0.519,0.17,0.104
428.90000000000003,3.942,2.96,1.189,0.784,0.52,0.17,0.104
429.0,3.881,2.901,1.168,0.784,0.52,0.171,0.105
429.1,3.857,2.877,1.16,0.784,0.52,0.17,0.104
429.20000000000005,4.036,3.053,1.221,0.783,0.519,0.17,0.104
429.3,4.013,3.03,1.213,0.784,0.519,0.17,0.104
429.40000000000003,3.956,2.975,1.194,0.784,0.519,0.17,0.105
429.5,3.934,2.952,1.186,0.785,0.519,0.17,0.105
429.6,3.925,2.944,1.183,0.784,0.519,0.17,0.104
429.70000000000005,3.921,2.94,1.182,0.785,0.519,0.17,0.105
429.8,3.92,2.939,1.181,0.785,0.52,0.171,0.105
429.90000000000003,3.919,2.938,1.181,0.784,0.519,0.17,0.105
430.0,3.966,2.984,1.197,0.784,0.52,0.17,0.105
430.1,3.938,2.956,1.187,0.785,0.52,0.171,0.105
430.20000000000005,3.926,2.945,1.184,0.785,0.519,0.171,0.105
430.3,3.922,2.941,1.182,0.785,0.519,0.171,0.105
430.40000000000003,3.92,2.939,1.181,0.786,0.519,0.17,0.104
430.5,3.966,2.984,1.197,0.786,0.519,0.171,0.105
430.6,3.938,2.956,1.188,0.787,0.519,0.171,0.105
430.70000000000005,4.021,3.038,1.216,0.788,0.52,0.172,0.106
430.8,4.007,3.024,1.211,0.789,0.52,0.172,0.106
430.90000000000003,3.954,2.972,1.193,0.79,0.52,0.172,0.106
431.0,3.933,2.951,1.186,0.79,0.519,0.173,0.106
431.1,4.019,3.036,1.215,0.791,0.52,0.173,0.107
431.20000000000005,3.959,2.977,1.195,0.792,0.52,0.174,0.106
431.3,3.935,2.953,1.186,0.792,0.519,0.173,0.106
431.40000000000003,3.925,2.944,1.183,0.793,0.52,0.174,0.105
431.5,3.922,2.94,1.182,0.793,0.52,0.174,0.105
431.6,3.92,2.939,1.181,0.794,0.52,0.174,0.106
431.70000000000005,3.919,2.938,1.181,0.794,0.52,0.175,0.106
431.8,3.919,2.938,1.181,0.793,0.52,0.175,0.105
431.90000000000003,3.919,2.938,1.181,0.794,0.52,0.175,0.105
432.0,3.919,2.938,1.181,0.794,0.52,0.175,0.105
432.1,3.919,2.938,1.181,0.793,0.52,0.175,0.106
432.20000000000005,3.919,2.938,1.181,0.793,0.52,0.175,0.106
432.3,3.919,2.938,1.181,0.793,0.521,0.175,0.105
432.40000000000003,3.919,2.938,1.181,0.793,0.52,0.176,0.105
432.5,3.919,2.938,1.181,0.792,0.52,0.176,0.105
432.6,3.919,2.938,1.181,0.792,0.52,0.175,0.105
432.70000000000005,3.919,2.938,1.181,0.793,0.52,0.175,0.105
432.8,3.919,2.938,1.181,0.792,0.52,0.175,0.105
432.90000000000003,3.966,2.984,1.197,0.792,0.52,0.175,0.105
433.0,4.368,3.39,1.336,0.794,0.52,0.177,0.105
433.1,4.146,3.165,1.259,0.795,0.52,0.178,0.105
433.20000000000005,4.057,3.074,1.228,0.795,0.52,0.178,0.105
433.3,4.068,3.085,1.232,0.796,0.52,0.178,0.105
433.40000000000003,4.026,3.043,1.218,0.797,0.521,0.178,0.105
433.5,4.008,3.026,1.212,0.797,0.521,0.178,0.104
433.6,4.002,3.019,1.209,0.799,0.521,0.179,0.105
433.70000000000005,3.952,2.97,1.192,0.799,0.521,0.179,0.105
433.8,3.932,2.951,1.186,0.8,0.521,0.18,0.105
433.90000000000003,3.924,2.943,1.183,0.8,0.521,0.179,0.104
434.0,3.921,2.94,1.182,0.8,0.52,0.18,0.105
434.1,3.92,2.938,1.181,0.801,0.521,0.18,0.105
434.20000000000005,4.156,3.174,1.263,0.801,0.521,0.181,0.104
434.3,3.957,2.975,1.194,0.802,0.521,0.182,0.105
434.40000000000003,4.028,3.045,1.218,0.802,0.521,0.182,0.105
434.5,4.01,3.027,1.212,0.803,0.521,0.182,0.106
434.6,4.002,3.019,1.209,0.803,0.521,0.183,0.105
434.70000000000005,4.014,3.032,1.214,0.802,0.521,0.181,0.105
434.8,4.045,3.062,1.224,0.804,0.521,0.183,0.104
434.90000000000003,3.999,3.016,1.208,0.804,0.521,0.183,0.105
435.0,4.158,3.175,1.263,0.804,0.521,0.184,0.104
435.1,4.3,3.317,1.312,0.804,0.521,0.185,0.105
435.20000000000005,4.118,3.135,1.249,0.805,0.522,0.186,0.104
435.3,3.923,2.942,1.182,0.806,0.521,0.186,0.105
435.40000000000003,3.921,2.939,1.182,0.807,0.522,0.187,0.105
435.5,3.873,2.893,1.165,0.807,0.522,0.187,0.105
435.6,3.854,2.874,1.159,0.808,0.522,0.187,0.104
435.70000000000005,3.94,2.958,1.188,0.808,0.521,0.188,0.105
435.8,4.069,3.086,1.232,0.809,0.522,0.188,0.104
435.90000000000003,4.026,3.043,1.218,0.809,0.522,0.189,0.104
436.0,4.046,3.063,1.224,0.805,0.522,0.186,0.104
436.1,3.962,2.98,1.196,0.81,0.522,0.189,0.105
