Time,CO (MCS),Ethanol (MCS),VOC (MCS),NO2 (GM),Ethanol (GM),VOC (GM),CO (GM)
0.0,2.372,1.523,0.668,0.896,0.666,0.378,0.084
0.1,2.371,1.523,0.668,0.896,0.666,0.377,0.084
0.2,2.371,1.523,0.668,0.896,0.666,0.377,0.084
0.30000000000000004,2.371,1.523,0.668,0.896,0.666,0.378,0.084
0.4,2.465,1.603,0.699,0.896,0.666,0.378,0.084
0.5,2.409,1.555,0.68,0.896,0.665,0.378,0.084
0.6000000000000001,2.418,1.562,0.683,0.896,0.665,0.378,0.084
0.7000000000000001,2.421,1.565,0.684,0.896,0.666,0.379,0.084
0.8,2.422,1.566,0.685,0.896,0.666,0.379,0.084
0.9,2.423,1.566,0.685,0.896,0.665,0.379,0.085
1.0,2.454,1.593,0.695,0.896,0.665,0.38,0.084
1.1,2.436,1.577,0.689,0.896,0.666,0.38,0.085
1.2000000000000002,2.46,1.598,0.697,0.897,0.666,0.381,0.085
1.3,2.438,1.579,0.69,0.897,0.666,0.38,0.085
1.4000000000000001,2.46,1.598,0.697,0.897,0.666,0.381,0.085
1.5,2.47,1.606,0.7,0.896,0.666,0.381,0.084
1.6,2.473,1.609,0.701,0.897,0.666,0.382,0.085
1.7000000000000002,2.443,1.584,0.691,0.897,0.666,0.382,0.085
1.8,2.431,1.573,0.688,0.897,0.665,0.382,0.085
1.9000000000000001,2.458,1.596,0.696,0.897,0.666,0.383,0.086
2.0,2.468,1.605,0.699,0.897,0.666,0.384,0.086
2.1,2.441,1.582,0.691,0.897,0.666,0.384,0.085
2.2,2.462,1.599,0.697,0.897,0.665,0.384,0.085
2.3000000000000003,2.439,1.58,0.69,0.897,0.665,0.384,0.085
2.4000000000000004,2.429,1.572,0.687,0.897,0.665,0.385,0.086
2.5,2.426,1.569,0.686,0.898,0.666,0.385,0.085
2.6,2.456,1.594,0.695,0.898,0.666,0.385,0.086
2.7,2.468,1.604,0.699,0.898,0.666,0.385,0.085
2.8000000000000003,2.472,1.608,0.701,0.898,0.666,0.385,0.085
2.9000000000000004,2.474,1.61,0.701,0.899,0.666,0.386,0.086
3.0,2.444,1.584,0.691,0.898,0.665,0.386,0.085
3.1,2.431,1.574,0.688,0.898,0.665,0.386,0.086
3.2,2.458,1.596,0.696,0.898,0.666,0.386,0.086
3.3000000000000003,2.468,1.605,0.699,0.899,0.665,0.386,0.086
3.4000000000000004,2.441,1.582,0.691,0.898,0.666,0.386,0.085
3.5,2.462,1.599,0.697,0.898,0.666,0.387,0.086
3.6,2.47,1.606,0.7,0.899,0.665,0.387,0.086
3.7,2.473,1.609,0.701,0.898,0.666,0.388,0.086
3.8000000000000003,2.475,1.61,0.701,0.898,0.666,0.388,0.086
3.9000000000000004,2.475,1.611,0.702,0.898,0.666,0.388,0.086
4.0,2.444,1.584,0.692,0.898,0.666,0.388,0.086
4.1000000000000005,2.463,1.6,0.698,0.898,0.666,0.388,0.086
4.2,2.439,1.58,0.69,0.898,0.666,0.388,0.086
4.3,2.461,1.599,0.697,0.898,0.666,0.388,0.086
4.4,2.438,1.58,0.69,0.899,0.666,0.389,0.086
4.5,2.461,1.598,0.697,0.898,0.666,0.388,0.086
4.6000000000000005,2.47,1.606,0.7,0.898,0.667,0.389,0.086
4.7,2.473,1.609,0.701,0.899,0.666,0.389,0.086
4.800000000000001,2.443,1.584,0.691,0.898,0.666,0.389,0.086
4.9,2.463,1.6,0.698,0.899,0.665,0.389,0.086
5.0,2.47,1.607,0.7,0.899,0.666,0.389,0.086
5.1000000000000005,2.473,1.609,0.701,0.899,0.666,0.39,0.086
5.2,2.381,1.532,0.672,0.9,0.666,0.39,0.086
5.300000000000001,2.438,1.579,0.69,0.9,0.666,0.39,0.086
5.4,2.46,1.598,0.697,0.899,0.666,0.39,0.086
5.5,2.438,1.579,0.69,0.899,0.666,0.39,0.086
5.6000000000000005,2.461,1.598,0.697,0.899,0.666,0.39,0.086
5.7,2.47,1.606,0.7,0.899,0.666,0.391,0.086
5.800000000000001,2.473,1.609,0.701,0.9,0.666,0.391,0.086
5.9,2.475,1.61,0.701,0.899,0.666,0.391,0.086
6.0,2.475,1.611,0.702,0.9,0.666,0.391,0.086
6.1000000000000005,2.444,1.584,0.692,0.9,0.666,0.391,0.085
6.2,2.463,1.6,0.698,0.899,0.666,0.391,0.086
6.300000000000001,2.439,1.58,0.69,0.899,0.666,0.391,0.086
6.4,2.43,1.572,0.687,0.898,0.666,0.391,0.086
6.5,2.457,1.595,0.696,0.899,0.666,0.391,0.086
6.6000000000000005,2.468,1.605,0.699,0.899,0.666,0.391,0.086
6.7,2.473,1.609,0.701,0.898,0.666,0.392,0.086
6.800000000000001,2.443,1.583,0.691,0.898,0.665,0.392,0.086
6.9,2.463,1.6,0.698,0.898,0.666,0.391,0.086
7.0,2.47,1.607,0.7,0.899,0.666,0.392,0.086
7.1000000000000005,2.442,1.583,0.691,0.898,0.666,0.392,0.086
7.2,2.431,1.573,0.687,0.898,0.666,0.392,0.086
7.300000000000001,2.458,1.596,0.696,0.898,0.666,0.392,0.086
7.4,2.437,1.578,0.689,0.898,0.666,0.393,0.086
7.5,2.46,1.598,0.697,0.898,0.666,0.393,0.086
7.6000000000000005,2.469,1.606,0.7,0.898,0.666,0.392,0.086
7.7,2.442,1.582,0.691,0.898,0.666,0.393,0.086
7.800000000000001,2.462,1.6,0.697,0.898,0.666,0.393,0.085
7.9,2.47,1.606,0.7,0.898,0.666,0.393,0.086
8.0,2.473,1.609,0.701,0.899,0.666,0.393,0.086
8.1,2.475,1.61,0.701,0.898,0.666,0.393,0.086
8.200000000000001,2.475,1.611,0.702,0.898,0.666,0.393,0.086
8.3,2.475,1.611,0.702,0.898,0.666,0.394,0.086
8.4,2.475,1.611,0.702,0.897,0.666,0.393,0.086
8.5,2.476,1.611,0.702,0.898,0.667,0.394,0.086
8.6,2.476,1.611,0.702,0.898,0.666,0.394,0.086
8.700000000000001,2.476,1.611,0.702,0.899,0.667,0.394,0.086
8.8,2.476,1.611,0.702,0.898,0.666,0.394,0.086
8.9,2.476,1.611,0.702,0.898,0.666,0.394,0.086
9.0,2.476,1.611,0.702,0.899,0.666,0.394,0.086
9.1,2.476,1.611,0.702,0.899,0.667,0.395,0.086
9.200000000000001,2.476,1.611,0.702,0.899,0.666,0.395,0.086
9.3,2.476,1.611,0.702,0.899,0.666,0.395,0.086
9.4,2.476,1.611,0.702,0.9,0.666,0.396,0.086
9.5,2.476,1.611,0.702,0.9,0.666,0.396,0.086
9.600000000000001,2.476,1.611,0.702,0.9,0.666,0.396,0.086
9.700000000000001,2.476,1.611,0.702,0.899,0.666,0.396,0.086
9.8,2.507,1.638,0.712,0.899,0.666,0.396,0.086
9.9,2.488,1.622,0.706,0.899,0.666,0.396,0.086
10.0,2.481,1.615,0.703,0.899,0.666,0.396,0.086
10.100000000000001,2.478,1.613,0.702,0.899,0.666,0.396,0.086
10.200000000000001,2.476,1.612,0.702,0.898,0.666,0.396,0.087
10.3,2.476,1.611,0.702,0.898,0.666,0.396,0.086
10.4,2.476,1.611,0.702,0.899,0.666,0.396,0.087
10.5,2.476,1.611,0.702,0.9,0.666,0.396,0.087
10.600000000000001,2.476,1.611,0.702,0.899,0.666,0.396,0.086
10.700000000000001,2.476,1.611,0.702,0.898,0.667,0.396,0.087
10.8,2.476,1.611,0.702,0.899,0.666,0.397,0.087
10.9,2.476,1.611,0.702,0.898,0.666,0.397,0.086
11.0,2.476,1.611,0.702,0.899,0.666,0.397,0.087
11.100000000000001,2.476,1.611,0.702,0.898,0.666,0.397,0.086
11.200000000000001,2.476,1.611,0.702,0.898,0.666,0.397,0.087
11.3,2.476,1.611,0.702,0.899,0.667,0.397,0.086
11.4,2.476,1.611,0.702,0.899,0.667,0.398,0.086
11.5,2.476,1.611,0.702,0.899,0.667,0.398,0.086
11.600000000000001,2.444,1.584,0.692,0.9,0.667,0.397,0.086
11.700000000000001,2.463,1.6,0.698,0.9,0.667,0.398,0.086
11.8,2.471,1.607,0.7,0.899,0.666,0.398,0.086
11.9,2.474,1.609,0.701,0.899,0.666,0.398,0.086
12.0,2.506,1.637,0.712,0.9,0.666,0.398,0.086
12.100000000000001,2.488,1.622,0.706,0.899,0.667,0.398,0.086
12.200000000000001,2.48,1.615,0.703,0.9,0.666,0.398,0.086
12.3,2.478,1.613,0.702,0.899,0.667,0.398,0.087
12.4,2.476,1.612,0.702,0.9,0.666,0.398,0.086
12.5,2.476,1.611,0.702,0.899,0.667,0.399,0.086
12.600000000000001,2.476,1.611,0.702,0.9,0.666,0.399,0.087
12.700000000000001,2.476,1.611,0.702,0.9,0.667,0.398,0.087
12.8,2.476,1.611,0.702,0.9,0.666,0.399,0.087
12.9,2.476,1.611,0.702,0.9,0.667,0.399,0.086
13.0,2.507,1.638,0.712,0.899,0.667,0.399,0.087
13.100000000000001,2.52,1.649,0.716,0.9,0.666,0.399,0.087
13.200000000000001,2.493,1.626,0.707,0.9,0.667,0.399,0.086
13.3,2.483,1.617,0.704,0.9,0.667,0.399,0.087
13.4,2.51,1.64,0.713,0.9,0.666,0.4,0.087
13.5,2.489,1.623,0.706,0.9,0.666,0.4,0.087
13.600000000000001,2.481,1.616,0.703,0.9,0.666,0.4,0.087
13.700000000000001,2.478,1.613,0.702,0.9,0.667,0.401,0.086
13.8,2.476,1.612,0.702,0.9,0.666,0.401,0.087
13.9,2.476,1.611,0.702,0.9,0.667,0.4,0.086
14.0,2.476,1.611,0.702,0.9,0.667,0.401,0.087
14.100000000000001,2.476,1.611,0.702,0.9,0.666,0.4,0.087
14.200000000000001,2.476,1.611,0.702,0.901,0.667,0.401,0.086
14.3,2.507,1.638,0.712,0.901,0.667,0.401,0.087
14.4,2.488,1.622,0.706,0.9,0.666,0.401,0.087
14.5,2.481,1.615,0.703,0.901,0.667,0.401,0.087
14.600000000000001,2.446,1.586,0.692,0.901,0.667,0.402,0.087
14.700000000000001,2.464,1.601,0.698,0.9,0.667,0.401,0.087
14.8,2.471,1.607,0.7,0.901,0.667,0.402,0.086
14.9,2.474,1.609,0.701,0.9,0.667,0.402,0.086
15.0,2.475,1.61,0.701,0.9,0.667,0.402,0.087
15.100000000000001,2.475,1.611,0.702,0.9,0.667,0.402,0.087
15.200000000000001,2.475,1.611,0.702,0.9,0.667,0.401,0.086
15.3,2.475,1.611,0.702,0.9,0.667,0.402,0.087
15.4,2.507,1.638,0.712,0.9,0.667,0.402,0.087
15.5,2.488,1.622,0.706,0.901,0.667,0.402,0.087
15.600000000000001,2.481,1.615,0.703,0.9,0.667,0.403,0.087
15.700000000000001,2.478,1.613,0.702,0.901,0.667,0.403,0.087
15.8,2.476,1.612,0.702,0.901,0.667,0.404,0.087
15.9,2.445,1.585,0.692,0.901,0.667,0.404,0.088
16.0,2.463,1.601,0.698,0.901,0.668,0.404,0.087
16.1,2.471,1.607,0.7,0.901,0.667,0.404,0.087
16.2,2.442,1.583,0.691,0.901,0.668,0.404,0.087
16.3,2.494,1.627,0.708,0.901,0.667,0.404,0.087
16.400000000000002,2.514,1.644,0.714,0.901,0.667,0.404,0.087
16.5,2.46,1.598,0.697,0.901,0.667,0.404,0.087
16.6,2.469,1.606,0.7,0.901,0.668,0.404,0.087
16.7,2.473,1.609,0.701,0.901,0.668,0.405,0.087
16.8,2.475,1.61,0.701,0.901,0.667,0.404,0.087
16.900000000000002,2.475,1.611,0.702,0.9,0.668,0.404,0.087
17.0,2.475,1.611,0.702,0.901,0.667,0.404,0.087
17.1,2.475,1.611,0.702,0.901,0.667,0.404,0.087
17.2,2.476,1.611,0.702,0.9,0.667,0.404,0.087
17.3,2.476,1.611,0.702,0.901,0.667,0.404,0.087
17.400000000000002,2.507,1.638,0.712,0.9,0.667,0.405,0.087
17.5,2.52,1.649,0.716,0.9,0.668,0.405,0.088
17.6,2.525,1.653,0.718,0.901,0.667,0.405,0.088
17.7,2.495,1.628,0.708,0.901,0.668,0.406,0.088
17.8,2.515,1.645,0.714,0.901,0.667,0.405,0.088
17.900000000000002,2.523,1.651,0.717,0.901,0.667,0.405,0.087
18.0,2.526,1.654,0.718,0.901,0.667,0.406,0.088
18.1,2.496,1.628,0.708,0.902,0.667,0.406,0.087
18.2,2.484,1.618,0.704,0.901,0.667,0.406,0.087
18.3,2.479,1.614,0.703,0.901,0.667,0.406,0.088
18.400000000000002,2.477,1.612,0.702,0.901,0.666,0.406,0.087
18.5,2.476,1.611,0.702,0.901,0.667,0.406,0.087
18.6,2.507,1.638,0.712,0.901,0.667,0.406,0.087
18.7,2.488,1.622,0.706,0.9,0.667,0.406,0.088
18.8,2.481,1.615,0.703,0.901,0.667,0.406,0.088
18.900000000000002,2.509,1.64,0.713,0.901,0.667,0.406,0.087
19.0,2.52,1.649,0.716,0.902,0.667,0.406,0.087
19.1,2.525,1.653,0.718,0.901,0.668,0.406,0.088
19.200000000000003,2.495,1.628,0.708,0.901,0.667,0.406,0.088
19.3,2.483,1.618,0.704,0.902,0.668,0.407,0.088
19.400000000000002,2.51,1.641,0.713,0.901,0.667,0.407,0.087
19.5,2.521,1.65,0.716,0.901,0.668,0.407,0.087
19.6,2.525,1.653,0.718,0.901,0.667,0.407,0.087
19.700000000000003,2.495,1.628,0.708,0.901,0.668,0.407,0.087
19.8,2.483,1.618,0.704,0.901,0.667,0.407,0.088
19.900000000000002,2.51,1.641,0.713,0.901,0.667,0.407,0.087
20.0,2.489,1.623,0.706,0.901,0.667,0.407,0.087
20.1,2.481,1.616,0.703,0.901,0.668,0.407,0.087
20.200000000000003,2.509,1.64,0.713,0.901,0.668,0.407,0.087
20.3,2.521,1.649,0.716,0.902,0.667,0.408,0.087
20.400000000000002,2.525,1.653,0.718,0.902,0.668,0.408,0.087
20.5,2.527,1.655,0.718,0.901,0.668,0.407,0.088
20.6,2.528,1.655,0.718,0.901,0.668,0.408,0.087
20.700000000000003,2.528,1.656,0.719,0.901,0.668,0.408,0.088
20.8,2.528,1.656,0.719,0.901,0.667,0.408,0.088
20.900000000000002,2.528,1.656,0.719,0.901,0.667,0.408,0.087
21.0,2.528,1.656,0.719,0.902,0.668,0.409,0.087
21.1,2.528,1.656,0.719,0.901,0.668,0.408,0.087
21.200000000000003,2.528,1.656,0.719,0.901,0.668,0.409,0.087
21.3,2.56,1.683,0.729,0.901,0.668,0.409,0.087
21.400000000000002,2.541,1.667,0.723,0.902,0.668,0.41,0.087
21.5,2.533,1.66,0.72,0.901,0.668,0.409,0.087
21.6,2.53,1.658,0.719,0.901,0.668,0.409,0.087
21.700000000000003,2.497,1.63,0.709,0.901,0.667,0.409,0.087
21.8,2.516,1.645,0.715,0.901,0.668,0.409,0.087
21.900000000000002,2.523,1.652,0.717,0.902,0.669,0.409,0.087
22.0,2.526,1.654,0.718,0.901,0.668,0.409,0.087
22.1,2.496,1.628,0.708,0.901,0.668,0.409,0.087
22.200000000000003,2.515,1.645,0.714,0.901,0.668,0.409,0.087
22.3,2.523,1.651,0.717,0.902,0.668,0.41,0.087
22.400000000000002,2.526,1.654,0.718,0.902,0.668,0.41,0.087
22.5,2.527,1.655,0.718,0.901,0.668,0.41,0.087
22.6,2.528,1.656,0.719,0.901,0.667,0.409,0.087
22.700000000000003,2.496,1.629,0.708,0.901,0.667,0.41,0.087
22.8,2.515,1.645,0.715,0.901,0.668,0.41,0.088
22.900000000000002,2.523,1.652,0.717,0.902,0.668,0.41,0.088
23.0,2.526,1.654,0.718,0.902,0.668,0.41,0.087
23.1,2.527,1.655,0.718,0.901,0.669,0.41,0.087
23.200000000000003,2.528,1.656,0.719,0.901,0.668,0.409,0.087
23.3,2.528,1.656,0.719,0.901,0.668,0.41,0.087
23.400000000000002,2.528,1.656,0.719,0.901,0.668,0.41,0.088
23.5,2.528,1.656,0.719,0.902,0.668,0.41,0.087
23.6,2.528,1.656,0.719,0.901,0.667,0.41,0.087
23.700000000000003,2.528,1.656,0.719,0.902,0.668,0.41,0.088
23.8,2.528,1.656,0.719,0.901,0.668,0.411,0.088
23.900000000000002,2.528,1.656,0.719,0.902,0.668,0.411,0.089
24.0,2.528,1.656,0.719,0.902,0.668,0.411,0.088
24.1,2.528,1.656,0.719,0.902,0.668,0.412,0.088
24.200000000000003,2.528,1.656,0.719,0.902,0.669,0.412,0.088
24.3,2.528,1.656,0.719,0.902,0.668,0.412,0.088
24.400000000000002,2.56,1.683,0.729,0.902,0.668,0.412,0.088
24.5,2.541,1.667,0.723,0.902,0.669,0.412,0.088
24.6,2.47,1.607,0.7,0.902,0.668,0.412,0.088
24.700000000000003,2.505,1.636,0.711,0.903,0.668,0.413,0.089
24.8,2.519,1.648,0.716,0.902,0.669,0.413,0.089
24.900000000000002,2.524,1.653,0.717,0.903,0.668,0.413,0.089
25.0,2.527,1.655,0.718,0.903,0.668,0.413,0.088
25.1,2.527,1.655,0.718,0.903,0.668,0.413,0.088
25.200000000000003,2.528,1.656,0.719,0.904,0.668,0.413,0.088
25.3,2.528,1.656,0.719,0.903,0.668,0.413,0.088
25.400000000000002,2.528,1.656,0.719,0.903,0.667,0.413,0.089
25.5,2.56,1.683,0.729,0.903,0.668,0.413,0.088
25.6,2.541,1.667,0.723,0.902,0.668,0.413,0.089
25.700000000000003,2.533,1.66,0.72,0.902,0.668,0.414,0.089
25.8,2.53,1.658,0.719,0.903,0.668,0.414,0.088
25.900000000000002,2.529,1.657,0.719,0.902,0.668,0.413,0.088
26.0,2.528,1.656,0.719,0.902,0.668,0.413,0.088
26.1,2.528,1.656,0.719,0.902,0.669,0.412,0.088
26.200000000000003,2.528,1.656,0.719,0.902,0.668,0.413,0.088
26.3,2.528,1.656,0.719,0.902,0.668,0.413,0.088
26.400000000000002,2.528,1.656,0.719,0.903,0.668,0.414,0.088
26.5,2.528,1.656,0.719,0.903,0.668,0.413,0.088
26.6,2.528,1.656,0.719,0.902,0.669,0.413,0.088
26.700000000000003,2.528,1.656,0.719,0.902,0.668,0.413,0.088
26.8,2.528,1.656,0.719,0.902,0.669,0.414,0.088
26.900000000000002,2.528,1.656,0.719,0.903,0.669,0.414,0.089
27.0,2.56,1.683,0.729,0.903,0.668,0.414,0.089
27.1,2.541,1.667,0.723,0.903,0.668,0.415,0.088
27.200000000000003,2.565,1.687,0.73,0.903,0.668,0.414,0.089
27.3,2.543,1.669,0.723,0.904,0.668,0.415,0.088
27.400000000000002,2.566,1.688,0.731,0.903,0.668,0.414,0.088
27.5,2.543,1.669,0.723,0.903,0.668,0.415,0.088
27.6,2.534,1.661,0.721,0.903,0.668,0.415,0.088
27.700000000000003,2.53,1.658,0.719,0.903,0.668,0.415,0.088
27.8,2.529,1.657,0.719,0.902,0.669,0.415,0.088
27.900000000000002,2.528,1.656,0.719,0.903,0.668,0.415,0.089
28.0,2.528,1.656,0.719,0.902,0.668,0.414,0.089
28.1,2.528,1.656,0.719,0.903,0.669,0.415,0.088
28.200000000000003,2.528,1.656,0.719,0.902,0.668,0.415,0.088
28.3,2.528,1.656,0.719,0.902,0.669,0.415,0.088
28.400000000000002,2.528,1.656,0.719,0.903,0.668,0.415,0.088
28.5,2.528,1.656,0.719,0.902,0.669,0.415,0.088
28.6,2.56,1.683,0.729,0.903,0.669,0.415,0.088
28.700000000000003,2.541,1.667,0.723,0.903,0.668,0.415,0.088
28.8,2.565,1.687,0.73,0.902,0.669,0.416,0.088
28.900000000000002,2.574,1.696,0.734,0.903,0.669,0.416,0.088
29.0,2.547,1.672,0.725,0.903,0.669,0.416,0.088
29.1,2.535,1.662,0.721,0.903,0.669,0.415,0.088
29.200000000000003,2.531,1.658,0.72,0.902,0.669,0.416,0.089
29.3,2.561,1.684,0.729,0.903,0.669,0.416,0.088
29.400000000000002,2.541,1.667,0.723,0.902,0.668,0.416,0.087
29.5,2.533,1.66,0.72,0.903,0.668,0.415,0.088
29.6,2.562,1.685,0.73,0.902,0.669,0.416,0.089
29.700000000000003,2.542,1.667,0.723,0.903,0.668,0.416,0.089
29.8,2.533,1.661,0.72,0.903,0.669,0.416,0.089
29.900000000000002,2.562,1.685,0.73,0.903,0.669,0.417,0.089
30.0,2.542,1.668,0.723,0.903,0.669,0.417,0.089
30.1,2.533,1.661,0.72,0.904,0.669,0.417,0.089
30.200000000000003,2.562,1.685,0.73,0.903,0.669,0.417,0.089
30.3,2.542,1.668,0.723,0.903,0.669,0.417,0.088
30.400000000000002,2.533,1.661,0.72,0.904,0.669,0.417,0.089
30.5,2.53,1.658,0.719,0.903,0.669,0.417,0.089
30.6,2.529,1.657,0.719,0.904,0.669,0.417,0.088
30.700000000000003,2.528,1.656,0.719,0.904,0.669,0.417,0.088
30.8,2.56,1.683,0.729,0.903,0.669,0.418,0.089
30.900000000000002,2.541,1.667,0.723,0.903,0.669,0.417,0.088
31.0,2.533,1.66,0.72,0.903,0.668,0.417,0.088
31.1,2.53,1.658,0.719,0.903,0.669,0.417,0.088
31.200000000000003,2.529,1.657,0.719,0.904,0.669,0.417,0.088
31.3,2.528,1.656,0.719,0.903,0.669,0.417,0.088
31.400000000000002,2.56,1.683,0.729,0.903,0.669,0.417,0.089
31.5,2.572,1.694,0.733,0.903,0.669,0.417,0.088
31.6,2.578,1.698,0.735,0.904,0.669,0.417,0.088
31.700000000000003,2.548,1.673,0.725,0.903,0.669,0.417,0.087
31.8,2.568,1.69,0.731,0.902,0.668,0.417,0.088
31.900000000000002,2.576,1.697,0.734,0.902,0.669,0.418,0.088
32.0,2.579,1.699,0.735,0.903,0.669,0.418,0.088
32.1,2.58,1.701,0.735,0.903,0.669,0.418,0.089
32.2,2.581,1.701,0.736,0.903,0.669,0.418,0.088
32.300000000000004,2.581,1.701,0.736,0.903,0.669,0.418,0.088
32.4,2.613,1.729,0.746,0.903,0.669,0.418,0.089
32.5,2.562,1.685,0.73,0.903,0.669,0.418,0.088
32.6,2.573,1.695,0.733,0.903,0.669,0.418,0.089
32.7,2.578,1.699,0.735,0.903,0.668,0.418,0.089
32.800000000000004,2.58,1.7,0.735,0.903,0.668,0.418,0.089
32.9,2.58,1.701,0.735,0.903,0.669,0.418,0.089
33.0,2.581,1.701,0.736,0.904,0.669,0.418,0.088
33.1,2.549,1.674,0.725,0.904,0.669,0.419,0.089
33.2,2.568,1.69,0.732,0.904,0.669,0.419,0.089
33.300000000000004,2.576,1.697,0.734,0.903,0.669,0.419,0.089
33.4,2.579,1.7,0.735,0.903,0.669,0.419,0.089
33.5,2.58,1.701,0.735,0.904,0.669,0.42,0.089
33.6,2.581,1.701,0.736,0.904,0.669,0.42,0.089
33.7,2.581,1.701,0.736,0.905,0.669,0.42,0.089
33.800000000000004,2.581,1.701,0.736,0.904,0.669,0.42,0.089
33.9,2.581,1.701,0.736,0.904,0.669,0.419,0.089
34.0,2.581,1.701,0.736,0.904,0.669,0.42,0.089
34.1,2.581,1.701,0.736,0.904,0.669,0.42,0.089
34.2,2.581,1.701,0.736,0.905,0.669,0.42,0.089
34.300000000000004,2.549,1.674,0.725,0.904,0.669,0.42,0.089
34.4,2.568,1.69,0.732,0.904,0.669,0.42,0.089
34.5,2.576,1.697,0.734,0.905,0.669,0.42,0.089
34.6,2.579,1.7,0.735,0.904,0.669,0.42,0.089
34.7,2.58,1.701,0.735,0.904,0.669,0.42,0.088
34.800000000000004,2.581,1.701,0.736,0.905,0.669,0.42,0.089
34.9,2.581,1.701,0.736,0.905,0.669,0.42,0.089
35.0,2.581,1.701,0.736,0.905,0.669,0.42,0.089
35.1,2.581,1.701,0.736,0.904,0.669,0.42,0.089
35.2,2.581,1.701,0.736,0.904,0.669,0.42,0.089
35.300000000000004,2.486,1.621,0.705,0.904,0.669,0.42,0.089
35.4,2.543,1.669,0.723,0.905,0.669,0.42,0.089
35.5,2.566,1.688,0.731,0.904,0.669,0.42,0.089
35.6,2.575,1.696,0.734,0.904,0.669,0.42,0.089
35.7,2.578,1.699,0.735,0.905,0.669,0.421,0.089
35.800000000000004,2.58,1.7,0.735,0.905,0.669,0.42,0.089
35.9,2.549,1.674,0.725,0.905,0.669,0.421,0.09
36.0,2.568,1.69,0.732,0.905,0.669,0.421,0.089
36.1,2.576,1.697,0.734,0.906,0.669,0.422,0.089
36.2,2.579,1.699,0.735,0.905,0.669,0.421,0.089
36.300000000000004,2.58,1.701,0.735,0.904,0.669,0.421,0.089
36.4,2.581,1.701,0.736,0.905,0.67,0.422,0.089
36.5,2.581,1.701,0.736,0.904,0.669,0.421,0.089
36.6,2.581,1.701,0.736,0.904,0.669,0.421,0.089
36.7,2.581,1.701,0.736,0.905,0.669,0.421,0.089
36.800000000000004,2.581,1.701,0.736,0.904,0.669,0.421,0.088
36.9,2.581,1.701,0.736,0.905,0.669,0.421,0.089
37.0,2.549,1.674,0.725,0.904,0.669,0.421,0.089
37.1,2.568,1.69,0.732,0.904,0.669,0.422,0.089
37.2,2.544,1.67,0.724,0.904,0.67,0.422,0.089
37.300000000000004,2.566,1.689,0.731,0.904,0.669,0.422,0.089
37.4,2.575,1.696,0.734,0.904,0.669,0.421,0.089
37.5,2.579,1.699,0.735,0.904,0.669,0.422,0.089
37.6,2.58,1.7,0.735,0.904,0.669,0.422,0.09
37.7,2.58,1.701,0.736,0.904,0.669,0.422,0.089
37.800000000000004,2.581,1.701,0.736,0.904,0.669,0.422,0.089
37.9,2.581,1.701,0.736,0.904,0.669,0.422,0.09
38.0,2.613,1.729,0.746,0.905,0.669,0.422,0.089
38.1,2.594,1.712,0.74,0.905,0.669,0.422,0.089
38.2,2.586,1.706,0.737,0.905,0.669,0.422,0.089
38.300000000000004,2.583,1.703,0.736,0.904,0.669,0.422,0.089
38.400000000000006,2.55,1.675,0.726,0.905,0.669,0.422,0.09
38.5,2.569,1.691,0.732,0.904,0.669,0.422,0.089
38.6,2.576,1.697,0.734,0.905,0.669,0.422,0.089
38.7,2.579,1.7,0.735,0.905,0.669,0.423,0.089
38.800000000000004,2.58,1.701,0.735,0.905,0.669,0.422,0.089
38.900000000000006,2.581,1.701,0.736,0.904,0.669,0.423,0.089
39.0,2.581,1.701,0.736,0.905,0.669,0.423,0.089
39.1,2.581,1.701,0.736,0.905,0.669,0.423,0.089
39.2,2.581,1.701,0.736,0.906,0.669,0.423,0.089
39.300000000000004,2.581,1.701,0.736,0.905,0.67,0.423,0.09
39.400000000000006,2.613,1.729,0.746,0.905,0.669,0.422,0.09
39.5,2.594,1.712,0.74,0.905,0.669,0.423,0.09
39.6,2.586,1.706,0.737,0.905,0.669,0.423,0.089
39.7,2.583,1.703,0.736,0.905,0.67,0.423,0.089
39.800000000000004,2.582,1.702,0.736,0.905,0.669,0.423,0.09
39.900000000000006,2.581,1.702,0.736,0.905,0.669,0.423,0.089
40.0,2.581,1.701,0.736,0.905,0.67,0.423,0.089
40.1,2.581,1.701,0.736,0.905,0.67,0.423,0.089
40.2,2.581,1.701,0.736,0.905,0.669,0.423,0.09
40.300000000000004,2.581,1.701,0.736,0.905,0.669,0.423,0.089
40.400000000000006,2.581,1.701,0.736,0.905,0.67,0.423,0.089
40.5,2.581,1.701,0.736,0.905,0.67,0.424,0.089
40.6,2.581,1.701,0.736,0.906,0.67,0.424,0.089
40.7,2.581,1.701,0.736,0.905,0.669,0.424,0.089
40.800000000000004,2.581,1.701,0.736,0.905,0.67,0.424,0.09
40.900000000000006,2.581,1.701,0.736,0.905,0.67,0.424,0.089
41.0,2.581,1.701,0.736,0.905,0.669,0.424,0.09
41.1,2.581,1.701,0.736,0.905,0.669,0.423,0.089
41.2,2.581,1.701,0.736,0.904,0.669,0.423,0.09
41.300000000000004,2.581,1.701,0.736,0.905,0.669,0.424,0.089
41.400000000000006,2.581,1.701,0.736,0.905,0.67,0.424,0.089
41.5,2.581,1.701,0.736,0.906,0.67,0.425,0.089
41.6,2.581,1.701,0.736,0.906,0.671,0.425,0.089
41.7,2.581,1.701,0.736,0.905,0.67,0.424,0.089
41.800000000000004,2.581,1.701,0.736,0.905,0.67,0.424,0.089
41.900000000000006,2.581,1.701,0.736,0.905,0.669,0.425,0.09
42.0,2.581,1.701,0.736,0.905,0.669,0.425,0.09
42.1,2.581,1.701,0.736,0.905,0.67,0.425,0.089
42.2,2.581,1.701,0.736,0.905,0.67,0.425,0.089
42.300000000000004,2.581,1.701,0.736,0.905,0.67,0.425,0.09
42.400000000000006,2.581,1.701,0.736,0.905,0.67,0.425,0.09
42.5,2.581,1.701,0.736,0.906,0.67,0.425,0.089
42.6,2.581,1.701,0.736,0.905,0.669,0.425,0.089
42.7,2.613,1.729,0.746,0.905,0.669,0.425,0.089
42.800000000000004,2.594,1.712,0.74,0.905,0.669,0.425,0.089
42.900000000000006,2.586,1.706,0.737,0.905,0.67,0.425,0.089
43.0,2.583,1.703,0.736,0.905,0.67,0.425,0.089
43.1,2.582,1.702,0.736,0.905,0.67,0.426,0.089
43.2,2.581,1.702,0.736,0.906,0.67,0.426,0.089
43.300000000000004,2.581,1.701,0.736,0.905,0.67,0.426,0.09
43.400000000000006,2.581,1.701,0.736,0.905,0.67,0.425,0.089
43.5,2.613,1.729,0.746,0.905,0.67,0.426,0.09
43.6,2.594,1.712,0.74,0.905,0.67,0.426,0.09
43.7,2.586,1.706,0.737,0.905,0.67,0.426,0.089
43.800000000000004,2.583,1.703,0.736,0.905,0.67,0.426,0.089
43.900000000000006,2.582,1.702,0.736,0.905,0.67,0.426,0.089
44.0,2.581,1.702,0.736,0.905,0.669,0.426,0.089
44.1,2.581,1.701,0.736,0.905,0.669,0.426,0.09
44.2,2.581,1.701,0.736,0.905,0.67,0.426,0.09
44.300000000000004,2.581,1.701,0.736,0.906,0.67,0.426,0.089
44.400000000000006,2.581,1.701,0.736,0.905,0.669,0.427,0.09
44.5,2.581,1.701,0.736,0.905,0.67,0.426,0.09
44.6,2.581,1.701,0.736,0.905,0.67,0.427,0.089
44.7,2.581,1.701,0.736,0.906,0.669,0.426,0.09
44.800000000000004,2.613,1.729,0.746,0.905,0.669,0.427,0.089
44.900000000000006,2.594,1.712,0.74,0.905,0.67,0.427,0.089
45.0,2.586,1.706,0.737,0.906,0.67,0.426,0.089
45.1,2.583,1.703,0.736,0.905,0.67,0.426,0.089
45.2,2.582,1.702,0.736,0.906,0.669,0.427,0.089
45.300000000000004,2.518,1.647,0.715,0.905,0.67,0.427,0.089
45.400000000000006,2.556,1.68,0.728,0.905,0.67,0.428,0.09
45.5,2.635,1.748,0.753,0.906,0.67,0.427,0.09
45.6,2.634,1.747,0.753,0.905,0.67,0.427,0.09
45.7,2.602,1.72,0.743,0.906,0.67,0.427,0.089
45.800000000000004,2.589,1.709,0.738,0.905,0.669,0.427,0.09
45.900000000000006,2.584,1.704,0.737,0.905,0.67,0.426,0.089
46.0,2.582,1.702,0.736,0.906,0.67,0.427,0.089
46.1,2.581,1.702,0.736,0.905,0.67,0.427,0.09
46.2,2.581,1.701,0.736,0.906,0.67,0.427,0.089
46.300000000000004,2.581,1.701,0.736,0.905,0.671,0.428,0.089
46.400000000000006,2.581,1.701,0.736,0.905,0.67,0.428,0.089
46.5,2.581,1.701,0.736,0.906,0.67,0.428,0.089
46.6,2.581,1.701,0.736,0.906,0.67,0.428,0.09
46.7,2.581,1.701,0.736,0.905,0.67,0.428,0.089
46.800000000000004,2.549,1.674,0.725,0.905,0.67,0.428,0.089
46.900000000000006,2.6,1.718,0.742,0.906,0.67,0.428,0.089
47.0,2.589,1.708,0.738,0.905,0.67,0.428,0.09
47.1,2.648,1.759,0.757,0.905,0.671,0.428,0.089
47.2,2.608,1.724,0.744,0.905,0.67,0.428,0.089
47.300000000000004,2.592,1.711,0.739,0.905,0.669,0.428,0.089
47.400000000000006,2.585,1.705,0.737,0.905,0.67,0.428,0.09
47.5,2.583,1.703,0.736,0.905,0.67,0.428,0.089
47.6,2.582,1.702,0.736,0.905,0.67,0.428,0.089
47.7,2.581,1.701,0.736,0.905,0.67,0.428,0.09
47.800000000000004,2.581,1.701,0.736,0.905,0.67,0.428,0.089
47.900000000000006,2.613,1.729,0.746,0.906,0.67,0.428,0.09
48.0,2.625,1.74,0.75,0.906,0.67,0.429,0.089
48.1,2.631,1.744,0.752,0.905,0.669,0.428,0.09
48.2,2.601,1.718,0.742,0.906,0.67,0.429,0.09
48.300000000000004,2.621,1.736,0.749,0.906,0.67,0.428,0.089
48.400000000000006,2.629,1.743,0.751,0.905,0.67,0.428,0.09
48.5,2.6,1.718,0.742,0.906,0.67,0.428,0.09
48.6,2.589,1.708,0.738,0.906,0.67,0.429,0.089
48.7,2.584,1.704,0.737,0.906,0.671,0.429,0.09
48.800000000000004,2.614,1.73,0.746,0.906,0.67,0.429,0.089
48.900000000000006,2.594,1.713,0.74,0.906,0.67,0.429,0.09
49.0,2.618,1.733,0.748,0.905,0.67,0.429,0.09
49.1,2.596,1.714,0.74,0.906,0.671,0.429,0.089
49.2,2.524,1.652,0.717,0.906,0.67,0.429,0.09
49.300000000000004,2.558,1.682,0.728,0.906,0.67,0.428,0.09
49.400000000000006,2.604,1.721,0.743,0.906,0.67,0.429,0.089
49.5,2.59,1.709,0.739,0.906,0.671,0.43,0.09
49.6,2.584,1.704,0.737,0.906,0.671,0.429,0.089
49.7,2.614,1.73,0.746,0.906,0.671,0.43,0.089
49.800000000000004,2.626,1.74,0.75,0.906,0.67,0.429,0.089
49.900000000000006,2.631,1.744,0.752,0.906,0.67,0.429,0.09
50.0,2.601,1.719,0.742,0.906,0.67,0.429,0.09
50.1,2.621,1.736,0.749,0.906,0.67,0.429,0.09
50.2,2.629,1.743,0.751,0.906,0.67,0.429,0.09
50.300000000000004,2.632,1.745,0.752,0.905,0.67,0.429,0.09
50.400000000000006,2.633,1.746,0.753,0.906,0.67,0.429,0.089
50.5,2.634,1.747,0.753,0.905,0.67,0.429,0.09
50.6,2.634,1.747,0.753,0.905,0.67,0.429,0.09
50.7,2.634,1.747,0.753,0.905,0.67,0.429,0.09
50.800000000000004,2.602,1.72,0.743,0.906,0.671,0.429,0.09
50.900000000000006,2.621,1.736,0.749,0.905,0.67,0.43,0.09
51.0,2.629,1.743,0.751,0.905,0.67,0.429,0.089
51.1,2.6,1.718,0.742,0.905,0.67,0.43,0.089
51.2,2.62,1.735,0.748,0.905,0.67,0.43,0.089
51.300000000000004,2.597,1.715,0.741,0.905,0.67,0.43,0.089
51.400000000000006,2.619,1.734,0.748,0.905,0.67,0.43,0.09
51.5,2.628,1.742,0.751,0.906,0.67,0.43,0.09
51.6,2.6,1.718,0.742,0.906,0.67,0.43,0.089
51.7,2.62,1.735,0.748,0.905,0.67,0.43,0.089
51.800000000000004,2.628,1.742,0.751,0.906,0.671,0.431,0.09
51.900000000000006,2.632,1.745,0.752,0.906,0.672,0.43,0.09
52.0,2.633,1.746,0.753,0.906,0.67,0.43,0.089
52.1,2.634,1.747,0.753,0.907,0.67,0.43,0.089
52.2,2.602,1.719,0.742,0.907,0.67,0.43,0.09
52.300000000000004,2.621,1.736,0.749,0.906,0.67,0.43,0.09
52.400000000000006,2.629,1.743,0.751,0.906,0.67,0.43,0.09
52.5,2.632,1.745,0.752,0.907,0.67,0.43,0.09
52.6,2.633,1.746,0.753,0.907,0.67,0.43,0.09
52.7,2.602,1.719,0.742,0.907,0.67,0.431,0.09
52.800000000000004,2.621,1.736,0.749,0.906,0.671,0.43,0.09
52.900000000000006,2.629,1.743,0.751,0.907,0.671,0.431,0.09
53.0,2.632,1.745,0.752,0.906,0.67,0.43,0.09
53.1,2.601,1.719,0.742,0.906,0.67,0.431,0.09
53.2,2.621,1.736,0.749,0.906,0.671,0.43,0.09
53.300000000000004,2.629,1.743,0.751,0.906,0.67,0.431,0.089
53.400000000000006,2.632,1.745,0.752,0.906,0.67,0.43,0.09
53.5,2.633,1.746,0.753,0.906,0.67,0.431,0.09
53.6,2.634,1.747,0.753,0.906,0.67,0.431,0.09
53.7,2.634,1.747,0.753,0.906,0.67,0.43,0.09
53.800000000000004,2.634,1.747,0.753,0.906,0.67,0.431,0.09
53.900000000000006,2.634,1.747,0.753,0.906,0.67,0.431,0.09
54.0,2.634,1.747,0.753,0.906,0.67,0.431,0.09
54.1,2.634,1.747,0.753,0.906,0.67,0.432,0.09
54.2,2.634,1.747,0.753,0.906,0.67,0.431,0.09
54.300000000000004,2.634,1.747,0.753,0.906,0.67,0.431,0.09
54.400000000000006,2.539,1.665,0.722,0.906,0.67,0.432,0.09
54.5,2.596,1.714,0.741,0.906,0.67,0.431,0.089
54.6,2.619,1.734,0.748,0.906,0.671,0.431,0.09
54.7,2.628,1.742,0.751,0.905,0.67,0.431,0.09
54.800000000000004,2.631,1.745,0.752,0.906,0.67,0.432,0.09
54.900000000000006,2.633,1.746,0.752,0.906,0.671,0.431,0.09
55.0,2.634,1.747,0.753,0.906,0.67,0.432,0.09
55.1,2.634,1.747,0.753,0.907,0.67,0.432,0.09
55.2,2.634,1.747,0.753,0.906,0.67,0.432,0.09
55.300000000000004,2.634,1.747,0.753,0.907,0.671,0.432,0.09
55.400000000000006,2.634,1.747,0.753,0.907,0.671,0.432,0.09
55.5,2.634,1.747,0.753,0.907,0.671,0.432,0.09
55.6,2.634,1.747,0.753,0.908,0.672,0.433,0.09
55.7,2.634,1.747,0.753,0.907,0.671,0.433,0.09
55.800000000000004,2.634,1.747,0.753,0.906,0.67,0.433,0.09
55.900000000000006,2.634,1.747,0.753,0.906,0.671,0.432,0.09
56.0,2.634,1.747,0.753,0.906,0.672,0.433,0.089
56.1,2.634,1.747,0.753,0.907,0.671,0.433,0.09
56.2,2.634,1.747,0.753,0.907,0.672,0.433,0.09
56.300000000000004,2.634,1.747,0.753,0.907,0.671,0.433,0.09
56.400000000000006,2.634,1.747,0.753,0.907,0.671,0.433,0.09
56.5,2.634,1.747,0.753,0.906,0.672,0.433,0.09
56.6,2.634,1.747,0.753,0.907,0.671,0.433,0.09
56.7,2.634,1.747,0.753,0.906,0.671,0.433,0.09
56.800000000000004,2.634,1.747,0.753,0.906,0.671,0.434,0.09
56.900000000000006,2.634,1.747,0.753,0.907,0.67,0.434,0.09
57.0,2.634,1.747,0.753,0.907,0.671,0.434,0.09
57.1,2.634,1.747,0.753,0.908,0.671,0.434,0.09
57.2,2.666,1.775,0.763,0.908,0.67,0.433,0.091
57.300000000000004,2.679,1.786,0.767,0.908,0.671,0.434,0.09
57.400000000000006,2.652,1.763,0.759,0.908,0.671,0.434,0.09
57.5,2.641,1.753,0.755,0.907,0.672,0.434,0.09
57.6,2.637,1.75,0.754,0.907,0.672,0.434,0.09
57.7,2.603,1.721,0.743,0.908,0.671,0.434,0.09
57.800000000000004,2.622,1.737,0.749,0.907,0.672,0.434,0.09
57.900000000000006,2.629,1.743,0.751,0.907,0.671,0.434,0.09
58.0,2.632,1.745,0.752,0.907,0.672,0.434,0.09
58.1,2.633,1.746,0.753,0.908,0.672,0.434,0.09
58.2,2.602,1.719,0.742,0.907,0.672,0.434,0.09
58.300000000000004,2.621,1.736,0.749,0.908,0.672,0.434,0.09
58.400000000000006,2.661,1.771,0.762,0.908,0.671,0.434,0.091
58.5,2.645,1.757,0.756,0.907,0.672,0.435,0.091
58.6,2.638,1.751,0.754,0.908,0.672,0.434,0.091
58.7,2.636,1.749,0.753,0.908,0.672,0.434,0.091
58.800000000000004,2.635,1.748,0.753,0.908,0.672,0.435,0.09
58.900000000000006,2.634,1.747,0.753,0.907,0.671,0.434,0.091
59.0,2.634,1.747,0.753,0.907,0.671,0.435,0.09
59.1,2.634,1.747,0.753,0.907,0.672,0.436,0.09
59.2,2.634,1.747,0.753,0.907,0.672,0.436,0.09
59.300000000000004,2.634,1.747,0.753,0.908,0.672,0.436,0.091
59.400000000000006,2.634,1.747,0.753,0.908,0.672,0.435,0.091
59.5,2.634,1.747,0.753,0.907,0.671,0.434,0.09
59.6,2.634,1.747,0.753,0.907,0.671,0.435,0.09
59.7,2.634,1.747,0.753,0.908,0.671,0.436,0.09
59.800000000000004,2.634,1.747,0.753,0.908,0.672,0.436,0.091
59.900000000000006,2.634,1.747,0.753,0.908,0.672,0.436,0.09
60.0,2.634,1.747,0.753,0.907,0.672,0.436,0.09
60.1,2.666,1.775,0.763,0.907,0.671,0.435,0.09
60.2,2.647,1.758,0.757,0.908,0.671,0.436,0.09
60.300000000000004,2.639,1.752,0.754,0.908,0.672,0.436,0.09
60.400000000000006,2.636,1.749,0.753,0.908,0.672,0.436,0.09
60.5,2.667,1.776,0.763,0.908,0.672,0.436,0.09
60.6,2.647,1.759,0.757,0.907,0.671,0.436,0.09
60.7,2.639,1.752,0.755,0.908,0.67,0.436,0.09
60.800000000000004,2.636,1.749,0.753,0.908,0.671,0.435,0.09
60.900000000000006,2.635,1.748,0.753,0.907,0.671,0.436,0.09
61.0,2.634,1.747,0.753,0.908,0.671,0.436,0.09
61.1,2.634,1.747,0.753,0.907,0.67,0.436,0.09
61.2,2.666,1.775,0.763,0.907,0.671,0.436,0.09
61.300000000000004,2.679,1.786,0.767,0.908,0.672,0.436,0.09
61.400000000000006,2.652,1.763,0.759,0.908,0.672,0.436,0.091
61.5,2.673,1.781,0.766,0.908,0.672,0.436,0.091
61.6,2.65,1.761,0.758,0.908,0.672,0.437,0.091
61.7,2.64,1.753,0.755,0.909,0.671,0.437,0.091
61.800000000000004,2.636,1.749,0.754,0.908,0.672,0.436,0.091
61.900000000000006,2.667,1.776,0.764,0.908,0.671,0.436,0.091
62.0,2.679,1.786,0.767,0.908,0.671,0.436,0.09
62.1,2.684,1.791,0.769,0.908,0.67,0.437,0.09
62.2,2.654,1.765,0.759,0.908,0.67,0.437,0.09
62.300000000000004,2.642,1.754,0.755,0.908,0.671,0.436,0.091
62.400000000000006,2.637,1.75,0.754,0.908,0.672,0.437,0.091
62.5,2.667,1.776,0.764,0.908,0.672,0.436,0.09
62.6,2.615,1.731,0.747,0.907,0.672,0.436,0.091
62.7,2.627,1.741,0.75,0.908,0.672,0.436,0.091
62.800000000000004,2.631,1.745,0.752,0.909,0.672,0.437,0.091
62.900000000000006,2.633,1.746,0.752,0.908,0.672,0.437,0.091
63.0,2.633,1.747,0.753,0.908,0.672,0.436,0.091
63.1,2.666,1.775,0.763,0.907,0.672,0.437,0.09
63.2,2.679,1.786,0.767,0.908,0.672,0.437,0.091
63.300000000000004,2.652,1.763,0.759,0.908,0.671,0.437,0.091
63.400000000000006,2.641,1.753,0.755,0.907,0.672,0.437,0.09
63.5,2.669,1.777,0.764,0.907,0.672,0.436,0.09
63.6,2.648,1.759,0.757,0.908,0.672,0.437,0.091
63.7,2.672,1.78,0.765,0.907,0.672,0.436,0.09
63.800000000000004,2.649,1.76,0.758,0.908,0.672,0.437,0.09
63.900000000000006,2.64,1.752,0.755,0.908,0.671,0.436,0.09
64.0,2.636,1.749,0.754,0.908,0.672,0.437,0.091
64.10000000000001,2.502,1.66,0.715,0.862,0.638,0.414,0.086
64.2,2.402,1.595,0.687,0.825,0.61,0.397,0.082
64.3,2.314,1.537,0.662,0.795,0.588,0.382,0.079
64.4,2.252,1.497,0.644,0.771,0.571,0.371,0.077
64.5,2.195,1.458,0.628,0.752,0.557,0.362,0.075
64.60000000000001,2.148,1.427,0.614,0.737,0.546,0.355,0.074
64.7,2.112,1.402,0.604,0.725,0.537,0.349,0.072
64.8,2.082,1.382,0.595,0.715,0.53,0.344,0.071
64.9,2.059,1.367,0.589,0.708,0.524,0.341,0.071
65.0,2.04,1.354,0.583,0.702,0.519,0.338,0.07
65.10000000000001,2.025,1.344,0.579,0.697,0.516,0.335,0.07
65.2,2.021,1.343,0.578,0.693,0.513,0.334,0.069
65.3,2.01,1.335,0.575,0.69,0.511,0.332,0.069
65.4,2.001,1.329,0.572,0.687,0.509,0.331,0.069
65.5,1.994,1.324,0.57,0.685,0.507,0.33,0.069
65.60000000000001,1.988,1.32,0.568,0.684,0.506,0.329,0.068
65.7,1.984,1.317,0.567,0.682,0.505,0.329,0.068
65.8,1.98,1.314,0.566,0.682,0.504,0.328,0.068
65.9,1.969,1.305,0.563,0.681,0.504,0.328,0.068
66.0,1.961,1.298,0.56,0.68,0.503,0.328,0.068
66.10000000000001,1.954,1.292,0.558,0.68,0.503,0.328,0.068
66.2,1.948,1.288,0.556,0.68,0.503,0.327,0.068
66.3,1.944,1.284,0.555,0.68,0.502,0.327,0.068
66.4,1.94,1.281,0.553,0.679,0.502,0.327,0.068
66.5,1.929,1.272,0.55,0.679,0.502,0.327,0.068
66.60000000000001,1.929,1.272,0.55,0.679,0.502,0.327,0.068
66.7,1.928,1.271,0.55,0.679,0.502,0.327,0.068
66.8,1.928,1.271,0.549,0.679,0.502,0.327,0.068
66.9,1.919,1.264,0.547,0.679,0.502,0.327,0.068
67.0,1.921,1.265,0.547,0.679,0.502,0.327,0.068
67.10000000000001,1.914,1.259,0.545,0.679,0.502,0.327,0.068
67.2,1.908,1.254,0.543,0.679,0.502,0.326,0.067
67.3,1.904,1.251,0.542,0.679,0.502,0.326,0.067
67.4,1.901,1.248,0.541,0.679,0.502,0.326,0.067
67.5,1.898,1.245,0.54,0.679,0.502,0.326,0.067
67.60000000000001,1.896,1.243,0.539,0.679,0.502,0.326,0.067
67.7,1.894,1.242,0.539,0.679,0.502,0.326,0.067
67.8,1.884,1.234,0.536,0.679,0.502,0.326,0.067
67.9,1.877,1.228,0.533,0.679,0.502,0.326,0.067
68.0,1.871,1.222,0.531,0.679,0.502,0.326,0.067
68.10000000000001,1.866,1.218,0.53,0.679,0.502,0.325,0.067
68.2,1.862,1.215,0.529,0.679,0.502,0.325,0.067
68.3,1.867,1.219,0.53,0.679,0.502,0.325,0.067
68.4,1.863,1.216,0.529,0.678,0.502,0.325,0.067
68.5,1.86,1.213,0.528,0.678,0.502,0.324,0.066
68.60000000000001,1.858,1.211,0.527,0.678,0.502,0.324,0.066
68.7,1.863,1.216,0.529,0.678,0.502,0.324,0.066
68.8,1.86,1.213,0.528,0.678,0.502,0.323,0.066
68.9,1.858,1.211,0.527,0.678,0.502,0.323,0.066
69.0,1.848,1.203,0.524,0.678,0.502,0.323,0.066
69.10000000000001,1.84,1.196,0.521,0.678,0.502,0.323,0.066
69.2,1.834,1.191,0.519,0.678,0.502,0.322,0.065
69.3,1.836,1.193,0.52,0.678,0.502,0.322,0.065
69.4,1.831,1.188,0.518,0.678,0.502,0.321,0.065
69.5,1.826,1.184,0.517,0.678,0.502,0.321,0.065
69.60000000000001,1.823,1.181,0.516,0.678,0.502,0.32,0.065
69.7,1.828,1.185,0.517,0.678,0.502,0.32,0.064
69.8,1.824,1.182,0.516,0.677,0.502,0.319,0.064
69.9,1.813,1.173,0.513,0.677,0.502,0.318,0.064
70.0,1.804,1.166,0.51,0.677,0.502,0.317,0.064
70.10000000000001,1.79,1.153,0.505,0.676,0.502,0.316,0.064
70.2,1.786,1.15,0.504,0.676,0.502,0.316,0.064
70.3,1.782,1.147,0.503,0.676,0.502,0.315,0.064
70.4,1.78,1.145,0.502,0.676,0.502,0.315,0.063
70.5,1.778,1.143,0.501,0.675,0.502,0.314,0.063
70.60000000000001,1.776,1.142,0.501,0.675,0.502,0.313,0.063
70.7,1.775,1.141,0.5,0.675,0.502,0.313,0.063
70.8,1.774,1.14,0.5,0.675,0.502,0.312,0.063
70.9,1.765,1.133,0.497,0.674,0.502,0.311,0.063
71.0,1.774,1.14,0.5,0.674,0.502,0.311,0.063
71.10000000000001,1.781,1.146,0.502,0.674,0.502,0.31,0.063
71.2,1.771,1.138,0.499,0.674,0.502,0.31,0.063
71.3,1.771,1.137,0.499,0.674,0.502,0.309,0.063
71.4,1.763,1.131,0.497,0.674,0.502,0.309,0.063
71.5,1.756,1.125,0.495,0.674,0.502,0.308,0.063
71.60000000000001,1.751,1.121,0.493,0.674,0.502,0.308,0.062
71.7,1.747,1.118,0.492,0.674,0.502,0.307,0.062
71.8,1.744,1.115,0.491,0.674,0.502,0.306,0.062
71.9,1.741,1.113,0.49,0.673,0.502,0.306,0.062
72.0,1.739,1.111,0.489,0.673,0.502,0.305,0.062
72.10000000000001,1.738,1.11,0.489,0.673,0.502,0.305,0.062
72.2,1.736,1.109,0.488,0.673,0.502,0.304,0.062
72.3,1.743,1.114,0.49,0.673,0.501,0.304,0.062
72.4,1.741,1.112,0.489,0.673,0.501,0.303,0.062
72.5,1.716,1.092,0.482,0.673,0.501,0.303,0.062
72.60000000000001,1.719,1.094,0.483,0.673,0.501,0.303,0.062
72.7,1.721,1.096,0.483,0.673,0.501,0.302,0.062
72.8,1.723,1.098,0.484,0.673,0.501,0.302,0.062
72.9,1.733,1.106,0.487,0.673,0.501,0.301,0.062
73.0,1.732,1.105,0.487,0.673,0.501,0.301,0.061
73.10000000000001,1.732,1.105,0.487,0.673,0.501,0.301,0.061
73.2,1.732,1.105,0.487,0.673,0.501,0.3,0.061
73.3,1.732,1.105,0.487,0.673,0.501,0.3,0.061
73.4,1.732,1.105,0.487,0.673,0.501,0.299,0.061
73.5,1.731,1.105,0.487,0.673,0.501,0.299,0.061
73.60000000000001,1.731,1.105,0.487,0.673,0.501,0.299,0.061
73.7,1.731,1.104,0.487,0.673,0.501,0.298,0.061
73.8,1.731,1.104,0.487,0.673,0.501,0.298,0.061
73.9,1.731,1.104,0.487,0.673,0.501,0.298,0.061
74.0,1.731,1.104,0.486,0.673,0.501,0.298,0.061
74.10000000000001,1.723,1.098,0.484,0.673,0.501,0.297,0.061
74.2,1.717,1.093,0.482,0.673,0.501,0.297,0.061
74.3,1.712,1.089,0.48,0.672,0.501,0.297,0.061
74.4,1.708,1.085,0.479,0.672,0.501,0.296,0.061
74.5,1.705,1.083,0.478,0.672,0.501,0.296,0.061
74.60000000000001,1.703,1.081,0.477,0.672,0.501,0.295,0.061
74.7,1.701,1.079,0.477,0.672,0.501,0.295,0.061
74.8,1.699,1.078,0.476,0.671,0.501,0.294,0.061
74.9,1.698,1.077,0.476,0.671,0.501,0.294,0.061
75.0,1.689,1.069,0.473,0.671,0.501,0.293,0.061
75.10000000000001,1.69,1.07,0.473,0.671,0.501,0.293,0.061
75.2,1.69,1.07,0.474,0.671,0.501,0.293,0.061
75.3,1.691,1.071,0.474,0.671,0.501,0.292,0.061
75.4,1.691,1.071,0.474,0.671,0.501,0.292,0.061
75.5,1.684,1.065,0.471,0.671,0.501,0.292,0.061
75.60000000000001,1.686,1.067,0.472,0.671,0.501,0.291,0.06
75.7,1.679,1.061,0.47,0.67,0.501,0.291,0.06
75.8,1.682,1.064,0.471,0.67,0.501,0.291,0.06
75.9,1.684,1.065,0.472,0.67,0.501,0.29,0.06
76.0,1.678,1.06,0.47,0.67,0.501,0.29,0.06
76.10000000000001,1.673,1.056,0.468,0.67,0.501,0.29,0.06
76.2,1.67,1.053,0.467,0.67,0.501,0.289,0.06
76.3,1.667,1.051,0.466,0.669,0.501,0.289,0.06
76.4,1.664,1.049,0.465,0.669,0.501,0.288,0.06
76.5,1.662,1.047,0.465,0.669,0.501,0.288,0.06
76.60000000000001,1.661,1.046,0.464,0.669,0.501,0.288,0.06
76.7,1.652,1.039,0.461,0.669,0.501,0.287,0.06
76.80000000000001,1.652,1.039,0.461,0.669,0.501,0.287,0.06
76.9,1.653,1.039,0.462,0.669,0.501,0.286,0.06
77.0,1.653,1.04,0.462,0.669,0.501,0.286,0.06
77.10000000000001,1.653,1.04,0.462,0.669,0.501,0.286,0.06
77.2,1.654,1.04,0.462,0.669,0.501,0.285,0.06
77.30000000000001,1.654,1.04,0.462,0.669,0.501,0.285,0.06
77.4,1.654,1.04,0.462,0.669,0.501,0.285,0.06
77.5,1.654,1.04,0.462,0.669,0.501,0.284,0.06
77.60000000000001,1.654,1.041,0.462,0.669,0.501,0.284,0.06
77.7,1.654,1.041,0.462,0.669,0.501,0.284,0.06
77.80000000000001,1.654,1.041,0.462,0.669,0.501,0.284,0.059
77.9,1.654,1.041,0.462,0.669,0.501,0.283,0.059
78.0,1.654,1.041,0.462,0.669,0.501,0.283,0.059
78.10000000000001,1.654,1.041,0.462,0.669,0.501,0.283,0.059
78.2,1.654,1.041,0.462,0.669,0.501,0.282,0.059
78.30000000000001,1.654,1.041,0.462,0.669,0.501,0.282,0.059
78.4,1.654,1.041,0.462,0.669,0.501,0.282,0.059
78.5,1.654,1.041,0.462,0.669,0.501,0.281,0.059
78.60000000000001,1.67,1.054,0.467,0.669,0.501,0.281,0.059
78.7,1.667,1.051,0.466,0.669,0.501,0.281,0.059
78.80000000000001,1.664,1.049,0.465,0.669,0.501,0.281,0.059
78.9,1.662,1.047,0.465,0.669,0.501,0.28,0.059
79.0,1.661,1.046,0.464,0.669,0.501,0.28,0.059
79.10000000000001,1.675,1.058,0.469,0.669,0.501,0.28,0.059
79.2,1.671,1.054,0.467,0.669,0.501,0.279,0.059
79.30000000000001,1.668,1.052,0.466,0.669,0.501,0.279,0.059
79.4,1.657,1.043,0.463,0.669,0.501,0.279,0.059
79.5,1.649,1.036,0.46,0.669,0.501,0.278,0.059
79.60000000000001,1.65,1.037,0.461,0.669,0.501,0.278,0.059
79.7,1.643,1.032,0.459,0.669,0.501,0.278,0.059
79.80000000000001,1.638,1.027,0.457,0.669,0.501,0.278,0.059
79.9,1.634,1.024,0.456,0.668,0.5,0.277,0.059
80.0,1.638,1.027,0.457,0.668,0.5,0.277,0.059
80.10000000000001,1.641,1.03,0.458,0.667,0.5,0.276,0.059
80.2,1.636,1.026,0.456,0.668,0.5,0.276,0.059
80.30000000000001,1.64,1.029,0.458,0.668,0.5,0.276,0.059
80.4,1.643,1.031,0.458,0.668,0.5,0.275,0.059
80.5,1.645,1.033,0.459,0.667,0.501,0.275,0.059
80.60000000000001,1.647,1.035,0.46,0.668,0.5,0.275,0.059
80.7,1.649,1.036,0.46,0.668,0.5,0.275,0.059
80.80000000000001,1.65,1.037,0.461,0.667,0.5,0.274,0.059
80.9,1.651,1.038,0.461,0.667,0.5,0.274,0.058
81.0,1.652,1.038,0.461,0.667,0.5,0.274,0.058
81.10000000000001,1.644,1.033,0.459,0.666,0.5,0.273,0.058
81.2,1.647,1.034,0.46,0.666,0.5,0.273,0.058
81.30000000000001,1.648,1.036,0.46,0.666,0.5,0.273,0.058
81.4,1.649,1.037,0.461,0.665,0.5,0.273,0.058
81.5,1.65,1.037,0.461,0.665,0.5,0.272,0.058
81.60000000000001,1.644,1.032,0.459,0.665,0.5,0.272,0.058
81.7,1.646,1.034,0.459,0.664,0.5,0.271,0.058
81.80000000000001,1.648,1.035,0.46,0.664,0.5,0.271,0.058
81.9,1.649,1.036,0.46,0.664,0.5,0.271,0.058
82.0,1.65,1.037,0.461,0.664,0.5,0.271,0.058
82.10000000000001,1.651,1.038,0.461,0.664,0.5,0.271,0.058
82.2,1.652,1.039,0.461,0.665,0.5,0.27,0.058
82.30000000000001,1.645,1.033,0.459,0.665,0.5,0.27,0.058
82.4,1.647,1.034,0.46,0.665,0.5,0.27,0.058
82.5,1.641,1.029,0.458,0.665,0.5,0.27,0.058
82.60000000000001,1.636,1.025,0.456,0.665,0.5,0.27,0.058
82.7,1.64,1.029,0.457,0.665,0.5,0.27,0.058
82.80000000000001,1.635,1.025,0.456,0.665,0.5,0.27,0.058
82.9,1.631,1.022,0.455,0.665,0.5,0.27,0.058
83.0,1.628,1.019,0.454,0.665,0.5,0.27,0.058
83.10000000000001,1.626,1.017,0.453,0.665,0.5,0.269,0.058
83.2,1.624,1.016,0.453,0.665,0.5,0.269,0.058
83.30000000000001,1.623,1.015,0.452,0.665,0.5,0.269,0.058
83.4,1.621,1.014,0.452,0.665,0.5,0.269,0.058
83.5,1.62,1.013,0.451,0.665,0.5,0.268,0.058
83.60000000000001,1.62,1.012,0.451,0.665,0.5,0.268,0.058
83.7,1.619,1.012,0.451,0.664,0.5,0.267,0.058
83.80000000000001,1.619,1.011,0.451,0.664,0.5,0.267,0.058
83.9,1.618,1.011,0.451,0.664,0.5,0.267,0.057
84.0,1.61,1.005,0.448,0.664,0.499,0.266,0.057
84.10000000000001,1.612,1.006,0.449,0.663,0.5,0.266,0.057
84.2,1.613,1.006,0.449,0.663,0.5,0.265,0.057
84.30000000000001,1.613,1.007,0.449,0.663,0.499,0.265,0.057
84.4,1.614,1.008,0.449,0.662,0.499,0.265,0.057
84.5,1.615,1.008,0.45,0.662,0.5,0.264,0.057
84.60000000000001,1.615,1.008,0.45,0.662,0.5,0.264,0.057
84.7,1.615,1.009,0.45,0.662,0.5,0.264,0.057
84.80000000000001,1.616,1.009,0.45,0.662,0.5,0.264,0.057
84.9,1.616,1.009,0.45,0.662,0.5,0.263,0.057
85.0,1.616,1.009,0.45,0.662,0.499,0.263,0.057
85.10000000000001,1.616,1.009,0.45,0.662,0.5,0.263,0.057
85.2,1.624,1.016,0.452,0.662,0.5,0.262,0.057
85.30000000000001,1.622,1.014,0.452,0.662,0.5,0.262,0.057
85.4,1.621,1.013,0.452,0.662,0.5,0.262,0.057
85.5,1.613,1.007,0.449,0.662,0.5,0.262,0.057
85.60000000000001,1.613,1.007,0.449,0.662,0.5,0.261,0.057
85.7,1.614,1.008,0.449,0.662,0.499,0.261,0.057
85.80000000000001,1.615,1.008,0.45,0.662,0.499,0.261,0.057
85.9,1.615,1.008,0.45,0.662,0.499,0.261,0.057
86.0,1.615,1.009,0.45,0.662,0.499,0.261,0.057
86.10000000000001,1.616,1.009,0.45,0.662,0.499,0.26,0.057
86.2,1.616,1.009,0.45,0.661,0.499,0.26,0.057
86.30000000000001,1.616,1.009,0.45,0.661,0.5,0.26,0.057
86.4,1.608,1.003,0.448,0.661,0.5,0.26,0.057
86.5,1.61,1.004,0.448,0.661,0.5,0.26,0.057
86.60000000000001,1.611,1.006,0.449,0.662,0.5,0.26,0.057
86.7,1.612,1.006,0.449,0.662,0.5,0.26,0.057
86.80000000000001,1.613,1.007,0.449,0.662,0.5,0.259,0.057
86.9,1.614,1.008,0.449,0.662,0.5,0.259,0.057
87.0,1.614,1.008,0.449,0.662,0.5,0.259,0.057
87.10000000000001,1.615,1.008,0.45,0.662,0.5,0.259,0.057
87.2,1.615,1.009,0.45,0.662,0.5,0.259,0.057
87.30000000000001,1.623,1.015,0.452,0.662,0.5,0.259,0.057
87.4,1.622,1.014,0.452,0.662,0.5,0.259,0.057
87.5,1.628,1.019,0.454,0.662,0.5,0.258,0.057
87.60000000000001,1.626,1.017,0.453,0.662,0.5,0.258,0.057
87.7,1.624,1.016,0.453,0.662,0.5,0.258,0.057
87.80000000000001,1.623,1.015,0.452,0.662,0.5,0.258,0.057
87.9,1.621,1.014,0.452,0.662,0.5,0.258,0.057
88.0,1.62,1.013,0.451,0.662,0.5,0.257,0.057
88.10000000000001,1.62,1.012,0.451,0.661,0.5,0.257,0.057
88.2,1.619,1.012,0.451,0.661,0.5,0.257,0.057
88.30000000000001,1.619,1.011,0.451,0.661,0.5,0.257,0.057
88.4,1.618,1.011,0.451,0.661,0.5,0.256,0.057
88.5,1.618,1.011,0.451,0.661,0.5,0.256,0.057
88.60000000000001,1.625,1.017,0.453,0.662,0.5,0.256,0.057
88.7,1.623,1.015,0.452,0.662,0.5,0.256,0.057
88.80000000000001,1.622,1.014,0.452,0.662,0.499,0.256,0.057
88.9,1.621,1.013,0.452,0.662,0.499,0.256,0.057
89.0,1.62,1.013,0.451,0.662,0.499,0.256,0.057
89.10000000000001,1.612,1.006,0.449,0.662,0.5,0.256,0.057
89.2,1.613,1.007,0.449,0.662,0.499,0.256,0.057
89.30000000000001,1.614,1.007,0.449,0.662,0.499,0.256,0.057
89.4,1.607,1.002,0.447,0.662,0.499,0.255,0.057
89.5,1.601,0.997,0.445,0.662,0.499,0.255,0.057
89.60000000000001,1.604,1,0.446,0.662,0.499,0.255,0.057
89.7,1.607,1.002,0.447,0.662,0.499,0.255,0.057
89.80000000000001,1.609,1.003,0.448,0.662,0.499,0.254,0.057
89.9,1.61,1.005,0.448,0.661,0.5,0.254,0.057
90.0,1.604,0.999,0.446,0.661,0.5,0.254,0.057
90.10000000000001,1.599,0.995,0.445,0.661,0.5,0.254,0.057
90.2,1.595,0.992,0.443,0.661,0.499,0.253,0.057
90.30000000000001,1.592,0.989,0.442,0.661,0.499,0.253,0.057
90.4,1.589,0.987,0.441,0.661,0.499,0.253,0.057
90.5,1.595,0.992,0.443,0.661,0.499,0.253,0.057
90.60000000000001,1.599,0.995,0.445,0.661,0.499,0.252,0.057
90.7,1.595,0.992,0.443,0.661,0.499,0.252,0.057
90.80000000000001,1.592,0.989,0.442,0.661,0.499,0.252,0.057
90.9,1.589,0.987,0.442,0.661,0.499,0.252,0.057
91.0,1.587,0.986,0.441,0.66,0.499,0.251,0.057
91.10000000000001,1.585,0.984,0.44,0.66,0.499,0.251,0.057
91.2,1.592,0.989,0.442,0.66,0.499,0.251,0.057
91.30000000000001,1.589,0.987,0.441,0.659,0.499,0.25,0.056
91.4,1.587,0.986,0.441,0.659,0.499,0.25,0.056
91.5,1.593,0.991,0.443,0.659,0.499,0.25,0.056
91.60000000000001,1.59,0.988,0.442,0.659,0.499,0.25,0.056
91.7,1.588,0.986,0.441,0.659,0.499,0.249,0.056
91.80000000000001,1.586,0.985,0.441,0.659,0.499,0.249,0.056
91.9,1.585,0.984,0.44,0.659,0.499,0.249,0.056
92.0,1.583,0.983,0.44,0.658,0.499,0.249,0.056
92.10000000000001,1.583,0.982,0.439,0.658,0.499,0.248,0.056
92.2,1.582,0.981,0.439,0.658,0.499,0.248,0.056
92.30000000000001,1.581,0.981,0.439,0.658,0.499,0.248,0.056
92.4,1.581,0.981,0.439,0.658,0.499,0.248,0.056
92.5,1.58,0.98,0.439,0.658,0.499,0.248,0.056
92.60000000000001,1.58,0.98,0.439,0.658,0.499,0.247,0.056
92.7,1.58,0.98,0.439,0.657,0.499,0.247,0.056
92.80000000000001,1.58,0.98,0.439,0.657,0.499,0.247,0.056
92.9,1.579,0.98,0.438,0.657,0.499,0.246,0.056
93.0,1.579,0.979,0.438,0.657,0.499,0.246,0.056
93.10000000000001,1.579,0.979,0.438,0.657,0.499,0.246,0.056
93.2,1.901,1.179,0.528,0.791,0.601,0.296,0.067
93.30000000000001,2.03,1.259,0.563,0.845,0.642,0.316,0.073
93.4,2.081,1.291,0.578,0.867,0.658,0.323,0.075
93.5,2.102,1.303,0.583,0.876,0.665,0.327,0.075
93.60000000000001,2.11,1.308,0.586,0.88,0.667,0.327,0.076
93.7,2.113,1.311,0.587,0.881,0.668,0.328,0.076
93.80000000000001,2.145,1.336,0.597,0.882,0.669,0.328,0.076
93.9,2.158,1.346,0.601,0.881,0.669,0.327,0.075
94.0,2.163,1.35,0.602,0.881,0.669,0.327,0.076
94.10000000000001,2.135,1.327,0.593,0.88,0.668,0.326,0.075
94.2,2.123,1.318,0.59,0.88,0.668,0.326,0.075
94.30000000000001,2.089,1.29,0.579,0.878,0.667,0.325,0.074
94.4,2.075,1.279,0.574,0.879,0.668,0.326,0.075
94.5,2.099,1.299,0.582,0.879,0.668,0.325,0.075
94.60000000000001,2.109,1.307,0.585,0.878,0.668,0.325,0.075
94.7,2.113,1.31,0.586,0.878,0.667,0.324,0.075
94.80000000000001,2.115,1.311,0.587,0.878,0.667,0.324,0.074
94.9,2.115,1.312,0.587,0.877,0.668,0.324,0.074
95.0,2.115,1.312,0.587,0.877,0.667,0.324,0.074
95.10000000000001,2.116,1.312,0.587,0.877,0.667,0.324,0.074
95.2,2.116,1.312,0.587,0.877,0.667,0.324,0.074
95.30000000000001,2.116,1.312,0.587,0.877,0.668,0.323,0.074
95.4,2.026,1.24,0.559,0.877,0.667,0.323,0.074
95.5,2.08,1.283,0.576,0.877,0.667,0.322,0.074
95.60000000000001,2.071,1.276,0.573,0.877,0.668,0.323,0.074
95.7,2.098,1.298,0.582,0.878,0.667,0.323,0.074
95.80000000000001,2.109,1.306,0.585,0.877,0.668,0.322,0.074
95.9,2.113,1.31,0.586,0.878,0.667,0.322,0.073
96.0,2.115,1.311,0.587,0.878,0.667,0.322,0.073
96.10000000000001,2.115,1.312,0.587,0.879,0.668,0.323,0.074
96.2,2.115,1.312,0.587,0.878,0.667,0.322,0.074
96.30000000000001,2.116,1.312,0.587,0.878,0.667,0.323,0.074
96.4,2.116,1.312,0.587,0.878,0.667,0.324,0.074
96.5,2.116,1.312,0.587,0.879,0.667,0.324,0.074
96.60000000000001,2.146,1.337,0.597,0.879,0.667,0.324,0.075
96.7,2.158,1.346,0.601,0.88,0.667,0.325,0.075
96.80000000000001,2.163,1.35,0.602,0.881,0.668,0.325,0.075
96.9,2.135,1.327,0.593,0.881,0.667,0.325,0.075
97.0,2.154,1.343,0.599,0.879,0.666,0.324,0.074
97.10000000000001,2.161,1.349,0.602,0.881,0.667,0.326,0.075
97.2,2.164,1.351,0.603,0.884,0.668,0.327,0.076
97.30000000000001,2.165,1.352,0.603,0.884,0.669,0.327,0.075
97.4,2.166,1.353,0.603,0.885,0.668,0.328,0.076
97.5,2.166,1.353,0.603,0.885,0.669,0.328,0.076
97.60000000000001,2.166,1.353,0.603,0.885,0.669,0.329,0.077
97.7,2.166,1.353,0.603,0.885,0.668,0.329,0.076
97.80000000000001,2.197,1.378,0.613,0.886,0.668,0.33,0.077
97.9,2.178,1.363,0.607,0.886,0.668,0.33,0.076
98.0,2.171,1.357,0.605,0.886,0.668,0.331,0.076
98.10000000000001,2.168,1.355,0.604,0.886,0.669,0.331,0.077
98.2,2.167,1.354,0.603,0.886,0.668,0.332,0.077
98.30000000000001,2.167,1.353,0.603,0.886,0.668,0.332,0.077
98.4,2.136,1.328,0.594,0.887,0.669,0.332,0.077
98.5,2.154,1.343,0.599,0.887,0.668,0.332,0.077
98.60000000000001,2.161,1.349,0.602,0.887,0.668,0.333,0.077
98.7,2.164,1.351,0.603,0.887,0.668,0.332,0.078
98.80000000000001,2.196,1.377,0.613,0.887,0.669,0.333,0.077
98.9,2.178,1.363,0.607,0.887,0.668,0.333,0.078
99.0,2.141,1.332,0.595,0.888,0.668,0.334,0.078
99.10000000000001,2.187,1.37,0.61,0.887,0.668,0.334,0.078
99.2,2.205,1.385,0.615,0.887,0.668,0.334,0.078
99.30000000000001,2.182,1.366,0.608,0.887,0.668,0.334,0.078
99.4,2.203,1.383,0.615,0.887,0.668,0.335,0.078
99.5,2.211,1.39,0.617,0.888,0.668,0.335,0.079
99.60000000000001,2.215,1.393,0.619,0.889,0.668,0.336,0.078
99.7,2.186,1.369,0.609,0.888,0.668,0.336,0.079
99.80000000000001,2.205,1.384,0.615,0.889,0.668,0.336,0.079
99.9,2.212,1.391,0.618,0.889,0.668,0.336,0.079
100.0,2.215,1.393,0.619,0.889,0.668,0.337,0.079
100.10000000000001,2.216,1.394,0.619,0.889,0.668,0.337,0.079
100.2,2.217,1.394,0.619,0.889,0.668,0.337,0.079
100.30000000000001,2.186,1.37,0.61,0.889,0.668,0.338,0.078
100.4,2.205,1.385,0.615,0.889,0.668,0.338,0.079
100.5,2.212,1.391,0.618,0.889,0.668,0.338,0.079
100.60000000000001,2.185,1.368,0.609,0.889,0.668,0.339,0.079
100.7,2.204,1.384,0.615,0.889,0.668,0.338,0.079
100.80000000000001,2.212,1.39,0.618,0.89,0.668,0.339,0.079
100.9,2.215,1.393,0.619,0.889,0.668,0.34,0.079
101.0,2.216,1.394,0.619,0.89,0.668,0.34,0.08
101.10000000000001,2.217,1.394,0.619,0.889,0.668,0.34,0.079
101.2,2.217,1.395,0.619,0.889,0.668,0.34,0.079
101.30000000000001,2.217,1.395,0.619,0.889,0.668,0.341,0.079
101.4,2.217,1.395,0.619,0.89,0.668,0.34,0.08
101.5,2.217,1.395,0.619,0.889,0.668,0.341,0.079
101.60000000000001,2.217,1.395,0.619,0.889,0.668,0.341,0.079
101.7,2.217,1.395,0.619,0.89,0.669,0.341,0.079
101.80000000000001,2.217,1.395,0.619,0.89,0.668,0.342,0.079
101.9,2.217,1.395,0.619,0.889,0.668,0.342,0.08
102.0,2.217,1.395,0.619,0.889,0.668,0.343,0.08
102.10000000000001,2.217,1.395,0.619,0.89,0.667,0.342,0.08
102.2,2.217,1.395,0.619,0.89,0.668,0.343,0.08
102.30000000000001,2.217,1.395,0.619,0.89,0.668,0.343,0.08
102.4,2.217,1.395,0.619,0.891,0.668,0.343,0.08
102.5,2.217,1.395,0.619,0.891,0.668,0.344,0.08
102.60000000000001,2.217,1.395,0.619,0.89,0.669,0.344,0.08
102.7,2.217,1.395,0.619,0.89,0.668,0.343,0.08
102.80000000000001,2.217,1.395,0.619,0.89,0.667,0.344,0.08
102.9,2.217,1.395,0.619,0.89,0.667,0.345,0.08
103.0,2.217,1.395,0.619,0.891,0.668,0.345,0.08
103.10000000000001,2.217,1.395,0.619,0.89,0.668,0.345,0.08
103.2,2.217,1.395,0.619,0.891,0.668,0.346,0.08
103.30000000000001,2.217,1.395,0.619,0.891,0.668,0.345,0.08
103.4,2.217,1.395,0.619,0.892,0.668,0.346,0.08
103.5,2.217,1.395,0.619,0.892,0.668,0.346,0.08
103.60000000000001,2.217,1.395,0.619,0.891,0.668,0.347,0.08
103.7,2.217,1.395,0.619,0.892,0.669,0.347,0.08
103.80000000000001,2.217,1.395,0.619,0.892,0.668,0.346,0.08
103.9,2.217,1.395,0.619,0.891,0.668,0.347,0.08
104.0,2.217,1.395,0.619,0.891,0.668,0.348,0.081
104.10000000000001,2.217,1.395,0.619,0.891,0.668,0.348,0.08
104.2,2.248,1.42,0.629,0.891,0.668,0.348,0.08
104.30000000000001,2.229,1.405,0.623,0.891,0.668,0.348,0.081
104.4,2.131,1.325,0.592,0.892,0.667,0.348,0.08
104.5,2.183,1.367,0.608,0.891,0.668,0.349,0.08
104.60000000000001,2.203,1.384,0.615,0.892,0.668,0.349,0.081
104.7,2.212,1.39,0.618,0.892,0.668,0.349,0.08
104.80000000000001,2.215,1.393,0.619,0.892,0.668,0.349,0.08
104.9,2.216,1.394,0.619,0.892,0.667,0.349,0.08
105.0,2.217,1.394,0.619,0.891,0.668,0.349,0.081
105.10000000000001,2.217,1.395,0.619,0.891,0.668,0.349,0.08
105.2,2.217,1.395,0.619,0.891,0.668,0.35,0.081
105.30000000000001,2.217,1.395,0.619,0.892,0.667,0.35,0.081
105.4,2.217,1.395,0.619,0.891,0.667,0.35,0.08
105.5,2.248,1.42,0.629,0.892,0.668,0.35,0.081
105.60000000000001,2.229,1.405,0.623,0.892,0.668,0.351,0.081
105.7,2.253,1.424,0.631,0.892,0.668,0.351,0.08
105.80000000000001,2.231,1.406,0.624,0.892,0.667,0.351,0.081
105.9,2.223,1.399,0.621,0.893,0.668,0.352,0.081
106.0,2.25,1.422,0.63,0.892,0.667,0.352,0.081
106.10000000000001,2.23,1.406,0.623,0.892,0.668,0.352,0.081
106.2,2.253,1.424,0.631,0.893,0.668,0.352,0.081
106.30000000000001,2.262,1.432,0.634,0.895,0.667,0.352,0.081
106.4,2.266,1.435,0.635,0.893,0.668,0.353,0.081
106.5,2.267,1.436,0.635,0.892,0.668,0.353,0.081
106.60000000000001,2.268,1.437,0.635,0.892,0.668,0.353,0.081
106.7,2.268,1.437,0.635,0.893,0.667,0.353,0.081
106.80000000000001,2.237,1.412,0.626,0.892,0.668,0.353,0.08
106.9,2.256,1.427,0.632,0.892,0.667,0.354,0.081
107.0,2.263,1.433,0.634,0.893,0.667,0.354,0.081
107.10000000000001,2.266,1.435,0.635,0.893,0.667,0.354,0.081
107.2,2.267,1.436,0.635,0.893,0.667,0.354,0.081
107.30000000000001,2.268,1.437,0.635,0.892,0.668,0.354,0.081
107.4,2.268,1.437,0.635,0.892,0.667,0.354,0.081
107.5,2.237,1.412,0.626,0.892,0.667,0.354,0.081
107.60000000000001,2.256,1.427,0.632,0.893,0.668,0.355,0.081
107.7,2.233,1.408,0.624,0.893,0.667,0.355,0.081
107.80000000000001,2.254,1.425,0.631,0.893,0.668,0.355,0.081
107.9,2.263,1.432,0.634,0.892,0.667,0.356,0.081
108.0,2.266,1.435,0.635,0.892,0.667,0.356,0.081
108.10000000000001,2.237,1.411,0.625,0.893,0.667,0.356,0.081
108.2,2.256,1.426,0.631,0.895,0.667,0.356,0.082
108.30000000000001,2.263,1.433,0.634,0.894,0.666,0.356,0.081
108.4,2.266,1.435,0.635,0.893,0.667,0.356,0.082
108.5,2.267,1.436,0.635,0.893,0.667,0.356,0.081
108.60000000000001,2.268,1.437,0.635,0.892,0.667,0.356,0.081
108.7,2.268,1.437,0.635,0.893,0.667,0.356,0.081
108.80000000000001,2.237,1.412,0.626,0.892,0.667,0.356,0.082
108.9,2.256,1.427,0.632,0.893,0.667,0.357,0.081
109.0,2.263,1.433,0.634,0.892,0.667,0.357,0.081
109.10000000000001,2.266,1.435,0.635,0.893,0.668,0.357,0.081
109.2,2.267,1.436,0.635,0.892,0.667,0.357,0.082
109.30000000000001,2.268,1.437,0.635,0.893,0.667,0.357,0.081
109.4,2.268,1.437,0.635,0.892,0.667,0.358,0.081
109.5,2.268,1.437,0.635,0.893,0.667,0.358,0.081
109.60000000000001,2.268,1.437,0.635,0.893,0.667,0.358,0.082
109.7,2.268,1.437,0.635,0.893,0.667,0.358,0.082
109.80000000000001,2.268,1.437,0.635,0.895,0.668,0.358,0.081
109.9,2.238,1.412,0.626,0.894,0.667,0.358,0.081
110.0,2.256,1.427,0.632,0.895,0.667,0.358,0.081
110.10000000000001,2.263,1.433,0.634,0.894,0.667,0.358,0.082
110.2,2.266,1.435,0.635,0.893,0.667,0.358,0.081
110.30000000000001,2.267,1.436,0.635,0.893,0.667,0.358,0.082
110.4,2.268,1.437,0.635,0.895,0.667,0.358,0.081
110.5,2.268,1.437,0.635,0.893,0.667,0.359,0.081
110.60000000000001,2.268,1.437,0.635,0.892,0.666,0.359,0.081
110.7,2.268,1.437,0.635,0.893,0.667,0.359,0.082
110.80000000000001,2.268,1.437,0.635,0.893,0.667,0.359,0.082
110.9,2.268,1.437,0.635,0.893,0.667,0.36,0.082
111.0,2.268,1.437,0.635,0.893,0.667,0.359,0.082
111.10000000000001,2.268,1.437,0.635,0.893,0.667,0.36,0.082
111.2,2.268,1.437,0.635,0.895,0.667,0.361,0.082
111.30000000000001,2.268,1.437,0.635,0.894,0.667,0.36,0.082
111.4,2.268,1.437,0.635,0.893,0.667,0.361,0.082
111.5,2.268,1.437,0.635,0.893,0.668,0.361,0.082
111.60000000000001,2.268,1.437,0.635,0.895,0.667,0.361,0.082
111.7,2.268,1.437,0.635,0.894,0.666,0.361,0.082
111.80000000000001,2.268,1.437,0.635,0.895,0.667,0.361,0.082
111.9,2.268,1.437,0.635,0.894,0.667,0.362,0.083
112.0,2.268,1.437,0.635,0.893,0.668,0.361,0.082
112.10000000000001,2.268,1.437,0.635,0.893,0.667,0.362,0.083
112.2,2.299,1.463,0.645,0.893,0.667,0.362,0.082
112.30000000000001,2.281,1.447,0.639,0.895,0.667,0.362,0.083
112.4,2.273,1.441,0.637,0.896,0.667,0.362,0.083
112.5,2.24,1.413,0.626,0.896,0.667,0.362,0.082
112.60000000000001,2.257,1.427,0.632,0.896,0.667,0.363,0.082
112.7,2.264,1.433,0.634,0.894,0.667,0.363,0.083
112.80000000000001,2.266,1.435,0.635,0.895,0.666,0.363,0.083
112.9,2.267,1.436,0.635,0.896,0.667,0.364,0.082
113.0,2.268,1.437,0.635,0.896,0.667,0.363,0.082
113.10000000000001,2.299,1.462,0.645,0.896,0.667,0.364,0.082
113.2,2.281,1.447,0.639,0.896,0.667,0.364,0.083
113.30000000000001,2.273,1.441,0.637,0.896,0.667,0.364,0.083
113.4,2.27,1.439,0.636,0.896,0.666,0.364,0.082
113.5,2.269,1.438,0.636,0.896,0.667,0.364,0.083
113.60000000000001,2.269,1.437,0.636,0.896,0.667,0.364,0.082
113.7,2.268,1.437,0.636,0.894,0.667,0.364,0.083
113.80000000000001,2.268,1.437,0.636,0.895,0.667,0.364,0.083
113.9,2.299,1.463,0.645,0.896,0.667,0.364,0.082
114.0,2.281,1.447,0.639,0.896,0.667,0.364,0.083
114.10000000000001,2.304,1.467,0.647,0.896,0.667,0.365,0.083
114.2,2.221,1.398,0.621,0.896,0.667,0.365,0.082
114.30000000000001,2.249,1.422,0.63,0.896,0.666,0.365,0.083
114.4,2.292,1.456,0.643,0.896,0.667,0.365,0.082
114.5,2.308,1.47,0.648,0.896,0.667,0.365,0.083
114.60000000000001,2.284,1.45,0.641,0.896,0.667,0.365,0.083
114.7,2.275,1.442,0.638,0.896,0.667,0.365,0.083
114.80000000000001,2.271,1.439,0.636,0.896,0.666,0.365,0.083
114.9,2.269,1.438,0.636,0.896,0.667,0.366,0.082
115.0,2.269,1.437,0.636,0.896,0.667,0.366,0.083
115.10000000000001,2.268,1.437,0.636,0.896,0.667,0.366,0.083
115.2,2.268,1.437,0.636,0.896,0.667,0.366,0.083
115.30000000000001,2.299,1.463,0.645,0.896,0.666,0.366,0.083
115.4,2.311,1.473,0.649,0.896,0.666,0.366,0.083
115.5,2.316,1.477,0.651,0.894,0.667,0.366,0.082
115.60000000000001,2.287,1.453,0.642,0.895,0.666,0.366,0.083
115.7,2.307,1.469,0.648,0.896,0.666,0.366,0.083
115.80000000000001,2.284,1.45,0.64,0.896,0.667,0.366,0.083
115.9,2.305,1.468,0.647,0.896,0.667,0.366,0.083
116.0,2.314,1.475,0.65,0.896,0.667,0.367,0.082
116.10000000000001,2.317,1.478,0.651,0.896,0.667,0.367,0.083
116.2,2.319,1.479,0.652,0.896,0.666,0.367,0.083
116.30000000000001,2.288,1.454,0.642,0.896,0.667,0.367,0.083
116.4,2.307,1.469,0.648,0.896,0.667,0.368,0.083
116.5,2.284,1.45,0.64,0.896,0.667,0.368,0.083
116.60000000000001,2.305,1.468,0.647,0.896,0.667,0.368,0.082
116.7,2.314,1.475,0.65,0.896,0.667,0.368,0.083
116.80000000000001,2.317,1.478,0.651,0.896,0.667,0.368,0.083
116.9,2.288,1.453,0.642,0.896,0.668,0.369,0.083
117.0,2.338,1.495,0.658,0.896,0.668,0.369,0.083
117.10000000000001,2.327,1.486,0.654,0.896,0.667,0.369,0.083
117.2,2.323,1.482,0.653,0.896,0.667,0.369,0.083
117.30000000000001,2.321,1.481,0.652,0.896,0.667,0.369,0.083
117.4,2.289,1.454,0.642,0.896,0.667,0.369,0.083
117.5,2.307,1.47,0.648,0.896,0.667,0.369,0.083
117.60000000000001,2.315,1.476,0.65,0.896,0.667,0.37,0.083
117.7,2.318,1.478,0.651,0.896,0.667,0.369,0.083
117.80000000000001,2.319,1.479,0.652,0.896,0.667,0.369,0.083
117.9,2.319,1.479,0.652,0.896,0.667,0.37,0.083
118.0,2.32,1.48,0.652,0.896,0.667,0.37,0.083
118.10000000000001,2.32,1.48,0.652,0.896,0.667,0.37,0.082
118.2,2.32,1.48,0.652,0.896,0.667,0.37,0.083
118.30000000000001,2.32,1.48,0.652,0.896,0.666,0.37,0.083
118.4,2.32,1.48,0.652,0.896,0.667,0.37,0.083
118.5,2.289,1.454,0.642,0.896,0.667,0.371,0.084
118.60000000000001,2.307,1.469,0.648,0.896,0.667,0.37,0.083
118.7,2.315,1.476,0.65,0.896,0.667,0.371,0.083
118.80000000000001,2.318,1.478,0.651,0.896,0.667,0.371,0.083
118.9,2.288,1.453,0.642,0.896,0.666,0.372,0.083
119.0,2.307,1.469,0.648,0.896,0.667,0.371,0.083
119.10000000000001,2.315,1.475,0.65,0.896,0.667,0.371,0.083
119.2,2.287,1.452,0.641,0.896,0.667,0.372,0.083
119.30000000000001,2.306,1.469,0.648,0.896,0.666,0.372,0.083
119.4,2.314,1.475,0.65,0.896,0.667,0.372,0.083
119.5,2.318,1.478,0.651,0.897,0.667,0.372,0.083
119.60000000000001,2.319,1.479,0.652,0.896,0.667,0.372,0.083
119.7,2.319,1.479,0.652,0.896,0.667,0.372,0.083
119.80000000000001,2.289,1.454,0.642,0.896,0.667,0.372,0.083
119.9,2.307,1.469,0.648,0.896,0.667,0.372,0.083
120.0,2.315,1.476,0.65,0.896,0.667,0.372,0.083
120.10000000000001,2.38,1.53,0.671,0.896,0.667,0.372,0.083
120.2,2.313,1.474,0.65,0.896,0.667,0.373,0.084
120.30000000000001,2.317,1.478,0.651,0.896,0.667,0.373,0.083
120.4,2.319,1.479,0.652,0.896,0.667,0.373,0.083
120.5,2.319,1.479,0.652,0.896,0.667,0.373,0.083
120.60000000000001,2.319,1.48,0.652,0.896,0.666,0.373,0.083
120.7,2.32,1.48,0.652,0.896,0.667,0.373,0.083
120.80000000000001,2.32,1.48,0.652,0.896,0.667,0.373,0.084
120.9,2.32,1.48,0.652,0.896,0.667,0.373,0.084
121.0,2.32,1.48,0.652,0.896,0.667,0.373,0.084
121.10000000000001,2.289,1.454,0.642,0.896,0.667,0.374,0.084
121.2,2.307,1.469,0.648,0.896,0.667,0.374,0.084
121.30000000000001,2.315,1.476,0.65,0.896,0.667,0.374,0.084
121.4,2.318,1.478,0.651,0.896,0.667,0.374,0.084
121.5,2.319,1.479,0.652,0.896,0.667,0.373,0.083
121.60000000000001,2.319,1.479,0.652,0.896,0.667,0.374,0.084
121.7,2.32,1.48,0.652,0.896,0.667,0.374,0.083
121.80000000000001,2.32,1.48,0.652,0.896,0.667,0.374,0.083
121.9,2.351,1.506,0.662,0.896,0.667,0.374,0.083
122.0,2.332,1.49,0.656,0.896,0.666,0.375,0.083
122.10000000000001,2.325,1.484,0.653,0.896,0.667,0.374,0.084
122.2,2.322,1.481,0.652,0.896,0.667,0.374,0.084
122.30000000000001,2.32,1.48,0.652,0.896,0.667,0.375,0.084
122.4,2.32,1.48,0.652,0.896,0.667,0.375,0.084
122.5,2.32,1.48,0.652,0.897,0.667,0.375,0.084
122.60000000000001,2.32,1.48,0.652,0.896,0.667,0.375,0.083
122.7,2.32,1.48,0.652,0.896,0.666,0.375,0.084
122.80000000000001,2.32,1.48,0.652,0.896,0.667,0.375,0.084
122.9,2.32,1.48,0.652,0.897,0.667,0.375,0.084
123.0,2.32,1.48,0.652,0.897,0.667,0.375,0.084
123.10000000000001,2.32,1.48,0.652,0.896,0.667,0.376,0.084
123.2,2.32,1.48,0.652,0.896,0.667,0.375,0.083
123.30000000000001,2.32,1.48,0.652,0.896,0.667,0.376,0.084
123.4,2.32,1.48,0.652,0.896,0.666,0.376,0.084
123.5,2.32,1.48,0.652,0.897,0.667,0.376,0.084
123.60000000000001,2.32,1.48,0.652,0.896,0.667,0.376,0.084
123.7,2.32,1.48,0.652,0.897,0.667,0.377,0.084
123.80000000000001,2.32,1.48,0.652,0.896,0.666,0.377,0.084
123.9,2.32,1.48,0.652,0.896,0.666,0.377,0.084
124.0,2.32,1.48,0.652,0.896,0.666,0.377,0.084
124.10000000000001,2.32,1.48,0.652,0.896,0.667,0.377,0.084
124.2,2.32,1.48,0.652,0.896,0.667,0.377,0.083
124.30000000000001,2.32,1.48,0.652,0.897,0.666,0.377,0.084
124.4,2.32,1.48,0.652,0.896,0.667,0.377,0.084
124.5,2.32,1.48,0.652,0.896,0.667,0.377,0.084
124.60000000000001,2.32,1.48,0.652,0.896,0.667,0.377,0.084
124.7,2.32,1.48,0.652,0.896,0.667,0.378,0.084
124.80000000000001,2.32,1.48,0.652,0.896,0.667,0.378,0.084
124.9,2.351,1.506,0.662,0.897,0.666,0.378,0.084
125.0,2.332,1.49,0.656,0.896,0.667,0.377,0.084
125.10000000000001,2.325,1.484,0.653,0.896,0.667,0.378,0.084
125.2,2.322,1.481,0.652,0.896,0.666,0.378,0.084
125.30000000000001,2.32,1.48,0.652,0.896,0.667,0.378,0.084
125.4,2.32,1.48,0.652,0.896,0.667,0.378,0.084
125.5,2.351,1.506,0.662,0.896,0.667,0.378,0.084
125.60000000000001,2.363,1.516,0.666,0.896,0.667,0.378,0.084
125.7,2.337,1.494,0.657,0.896,0.666,0.378,0.084
125.80000000000001,2.358,1.511,0.664,0.896,0.666,0.379,0.084
125.9,2.335,1.492,0.657,0.897,0.667,0.379,0.084
126.0,2.357,1.511,0.664,0.896,0.667,0.38,0.084
126.10000000000001,2.334,1.492,0.657,0.896,0.667,0.38,0.084
126.2,2.357,1.511,0.664,0.896,0.668,0.38,0.084
126.30000000000001,2.334,1.492,0.657,0.896,0.667,0.38,0.084
126.4,2.326,1.485,0.654,0.897,0.667,0.38,0.084
126.5,2.353,1.508,0.662,0.896,0.667,0.379,0.084
126.60000000000001,2.364,1.517,0.666,0.896,0.667,0.38,0.084
126.7,2.337,1.495,0.658,0.896,0.667,0.38,0.083
126.80000000000001,2.327,1.486,0.654,0.896,0.666,0.38,0.084
126.9,2.322,1.482,0.653,0.896,0.667,0.38,0.083
127.0,2.352,1.507,0.662,0.897,0.667,0.38,0.084
127.10000000000001,2.332,1.49,0.656,0.896,0.666,0.38,0.084
127.2,2.356,1.51,0.663,0.897,0.666,0.38,0.084
127.30000000000001,2.334,1.492,0.656,0.896,0.667,0.38,0.084
127.4,2.325,1.485,0.654,0.896,0.667,0.38,0.084
127.5,2.353,1.508,0.662,0.896,0.666,0.38,0.084
127.60000000000001,2.333,1.491,0.656,0.896,0.666,0.38,0.084
127.7,2.356,1.51,0.663,0.897,0.667,0.381,0.084
127.80000000000001,2.365,1.518,0.666,0.896,0.666,0.381,0.084
127.9,2.369,1.521,0.668,0.896,0.666,0.38,0.084
128.0,2.37,1.522,0.668,0.897,0.666,0.381,0.084
128.1,2.309,1.471,0.649,0.896,0.666,0.381,0.084
128.20000000000002,2.315,1.476,0.651,0.896,0.667,0.381,0.084
128.3,2.349,1.504,0.661,0.897,0.667,0.381,0.084
128.4,2.362,1.515,0.665,0.896,0.666,0.381,0.084
128.5,2.368,1.52,0.667,0.896,0.667,0.381,0.084
128.6,2.339,1.496,0.658,0.896,0.667,0.38,0.084
128.70000000000002,2.358,1.512,0.664,0.896,0.667,0.381,0.084
128.8,2.366,1.519,0.667,0.896,0.667,0.382,0.085
128.9,2.369,1.521,0.668,0.896,0.666,0.382,0.084
129.0,2.37,1.522,0.668,0.897,0.666,0.383,0.084
129.1,2.371,1.523,0.668,0.897,0.667,0.382,0.084
129.20000000000002,2.34,1.497,0.658,0.896,0.667,0.383,0.085
129.3,2.359,1.513,0.664,0.896,0.666,0.383,0.084
129.4,2.366,1.519,0.667,0.897,0.666,0.384,0.084
129.5,2.307,1.47,0.648,0.897,0.666,0.384,0.084
129.6,2.346,1.502,0.66,0.896,0.666,0.384,0.084
129.70000000000002,2.361,1.514,0.665,0.896,0.666,0.383,0.084
129.8,2.336,1.494,0.657,0.896,0.667,0.384,0.085
129.9,2.357,1.511,0.664,0.896,0.666,0.384,0.084
130.0,2.366,1.518,0.667,0.897,0.666,0.384,0.084
130.1,2.338,1.495,0.658,0.896,0.666,0.384,0.084
130.20000000000002,2.358,1.512,0.664,0.896,0.667,0.384,0.084
130.3,2.366,1.518,0.667,0.896,0.667,0.384,0.085
130.4,2.369,1.521,0.668,0.897,0.667,0.384,0.084
130.5,2.37,1.522,0.668,0.896,0.666,0.384,0.084
130.6,2.371,1.523,0.668,0.897,0.666,0.384,0.084
130.70000000000002,2.371,1.523,0.668,0.897,0.666,0.384,0.084
130.8,2.371,1.523,0.668,0.896,0.666,0.384,0.085
130.9,2.371,1.523,0.668,0.896,0.667,0.385,0.084
131.0,2.371,1.523,0.668,0.897,0.667,0.384,0.085
131.1,2.371,1.523,0.668,0.896,0.667,0.385,0.084
131.20000000000002,2.371,1.523,0.668,0.897,0.667,0.384,0.084
131.3,2.371,1.523,0.668,0.897,0.667,0.385,0.085
131.4,2.371,1.523,0.668,0.897,0.667,0.385,0.084
131.5,2.371,1.523,0.668,0.897,0.667,0.385,0.084
131.6,2.371,1.523,0.668,0.897,0.667,0.386,0.084
131.70000000000002,2.371,1.523,0.668,0.897,0.667,0.386,0.085
131.8,2.34,1.497,0.658,0.897,0.666,0.385,0.085
131.9,2.359,1.513,0.664,0.897,0.667,0.385,0.084
132.0,2.366,1.519,0.667,0.897,0.667,0.386,0.085
132.1,2.369,1.521,0.668,0.897,0.667,0.385,0.084
132.20000000000002,2.371,1.522,0.668,0.897,0.667,0.386,0.085
132.3,2.34,1.497,0.658,0.896,0.667,0.385,0.085
132.4,2.359,1.512,0.664,0.897,0.666,0.386,0.085
132.5,2.366,1.519,0.667,0.897,0.666,0.386,0.085
132.6,2.369,1.521,0.668,0.897,0.667,0.386,0.085
132.70000000000002,2.371,1.522,0.668,0.898,0.667,0.386,0.085
132.8,2.371,1.523,0.668,0.897,0.667,0.386,0.085
132.9,2.371,1.523,0.668,0.897,0.667,0.386,0.085
133.0,2.371,1.523,0.668,0.897,0.667,0.386,0.084
133.1,2.371,1.523,0.668,0.897,0.667,0.386,0.085
133.20000000000002,2.371,1.523,0.668,0.897,0.667,0.386,0.085
133.3,2.371,1.523,0.668,0.897,0.666,0.386,0.085
133.4,2.371,1.523,0.668,0.897,0.667,0.386,0.085
133.5,2.371,1.523,0.668,0.897,0.666,0.387,0.085
133.6,2.371,1.523,0.668,0.898,0.666,0.386,0.086
133.70000000000002,2.371,1.523,0.668,0.897,0.667,0.387,0.085
133.8,2.371,1.523,0.668,0.898,0.667,0.388,0.085
133.9,2.371,1.523,0.668,0.897,0.667,0.388,0.085
134.0,2.371,1.523,0.668,0.897,0.667,0.388,0.085
134.1,2.371,1.523,0.668,0.897,0.667,0.388,0.085
134.20000000000002,2.371,1.523,0.668,0.897,0.667,0.388,0.084
134.3,2.371,1.523,0.668,0.897,0.666,0.388,0.085
134.4,2.371,1.523,0.668,0.897,0.667,0.388,0.084
134.5,2.371,1.523,0.668,0.897,0.666,0.388,0.085
134.6,2.371,1.523,0.668,0.898,0.666,0.388,0.085
134.70000000000002,2.34,1.497,0.658,0.897,0.667,0.388,0.085
134.8,2.359,1.513,0.664,0.897,0.667,0.388,0.084
134.9,2.366,1.519,0.667,0.896,0.667,0.388,0.085
135.0,2.369,1.521,0.668,0.897,0.666,0.388,0.085
135.1,2.371,1.522,0.668,0.898,0.667,0.388,0.084
135.20000000000002,2.371,1.523,0.668,0.897,0.666,0.388,0.085
135.3,2.34,1.497,0.658,0.897,0.666,0.388,0.085
135.4,2.359,1.513,0.664,0.897,0.667,0.388,0.085
135.5,2.366,1.519,0.667,0.897,0.667,0.388,0.085
135.6,2.369,1.521,0.668,0.897,0.667,0.388,0.085
135.70000000000002,2.371,1.522,0.668,0.896,0.667,0.389,0.085
135.8,2.309,1.471,0.649,0.897,0.667,0.389,0.085
135.9,2.346,1.502,0.66,0.897,0.667,0.388,0.085
136.0,2.361,1.515,0.665,0.897,0.667,0.389,0.085
136.1,2.367,1.52,0.667,0.897,0.667,0.389,0.084
136.20000000000002,2.37,1.522,0.668,0.897,0.667,0.389,0.085
136.3,2.371,1.522,0.668,0.897,0.667,0.389,0.085
136.4,2.371,1.523,0.668,0.897,0.667,0.389,0.085
136.5,2.402,1.549,0.678,0.897,0.667,0.39,0.085
136.6,2.384,1.533,0.672,0.897,0.667,0.389,0.085
136.70000000000002,2.345,1.501,0.66,0.897,0.667,0.389,0.084
136.8,2.361,1.514,0.665,0.897,0.666,0.389,0.085
136.9,2.367,1.519,0.667,0.896,0.666,0.39,0.085
137.0,2.37,1.522,0.668,0.897,0.667,0.389,0.085
137.1,2.371,1.522,0.668,0.898,0.667,0.39,0.085
137.20000000000002,2.371,1.523,0.668,0.897,0.668,0.39,0.085
137.3,2.371,1.523,0.668,0.897,0.667,0.39,0.085
137.4,2.371,1.523,0.668,0.898,0.668,0.39,0.085
137.5,2.371,1.523,0.668,0.898,0.667,0.39,0.085
137.6,2.371,1.523,0.668,0.897,0.667,0.39,0.085
137.70000000000002,2.371,1.523,0.668,0.897,0.667,0.39,0.086
137.8,2.371,1.523,0.668,0.898,0.666,0.39,0.085
137.9,2.371,1.523,0.668,0.897,0.667,0.39,0.085
138.0,2.371,1.523,0.668,0.897,0.667,0.39,0.085
138.1,2.403,1.549,0.678,0.898,0.667,0.39,0.086
138.20000000000002,2.384,1.533,0.672,0.898,0.667,0.39,0.085
138.3,2.376,1.527,0.67,0.898,0.667,0.39,0.085
138.4,2.373,1.525,0.669,0.898,0.668,0.391,0.085
138.5,2.372,1.524,0.669,0.897,0.667,0.391,0.085
138.6,2.403,1.549,0.678,0.897,0.667,0.391,0.085
138.70000000000002,2.384,1.534,0.672,0.897,0.667,0.391,0.085
138.8,2.408,1.553,0.68,0.897,0.667,0.391,0.085
138.9,2.417,1.561,0.683,0.898,0.667,0.391,0.085
139.0,2.39,1.538,0.674,0.898,0.667,0.391,0.085
139.1,2.379,1.529,0.671,0.897,0.667,0.391,0.085
139.20000000000002,2.374,1.525,0.669,0.897,0.666,0.391,0.085
139.3,2.372,1.524,0.669,0.898,0.667,0.391,0.085
139.4,2.372,1.523,0.668,0.897,0.667,0.392,0.086
139.5,2.372,1.523,0.668,0.897,0.666,0.391,0.085
139.6,2.403,1.549,0.678,0.898,0.667,0.392,0.085
139.70000000000002,2.415,1.56,0.682,0.897,0.667,0.392,0.086
139.8,2.389,1.538,0.674,0.898,0.667,0.392,0.085
139.9,2.378,1.529,0.671,0.898,0.666,0.392,0.086
140.0,2.374,1.525,0.669,0.898,0.666,0.392,0.085
140.1,2.404,1.55,0.679,0.897,0.667,0.392,0.086
140.20000000000002,2.384,1.534,0.672,0.898,0.667,0.392,0.086
140.3,2.376,1.527,0.67,0.898,0.667,0.393,0.085
140.4,2.312,1.473,0.649,0.897,0.667,0.392,0.085
140.5,2.347,1.503,0.661,0.897,0.667,0.393,0.085
140.6,2.362,1.515,0.665,0.897,0.666,0.393,0.085
140.70000000000002,2.368,1.52,0.667,0.898,0.667,0.393,0.085
140.8,2.401,1.548,0.678,0.898,0.667,0.393,0.086
140.9,2.383,1.533,0.672,0.897,0.667,0.394,0.085
141.0,2.407,1.553,0.68,0.898,0.667,0.393,0.086
141.1,2.386,1.535,0.673,0.898,0.667,0.393,0.085
141.20000000000002,2.377,1.528,0.67,0.898,0.667,0.393,0.085
141.3,2.405,1.551,0.679,0.898,0.667,0.393,0.085
141.4,2.385,1.534,0.673,0.897,0.667,0.393,0.086
141.5,2.284,1.451,0.641,0.898,0.668,0.394,0.085
141.6,2.336,1.494,0.657,0.897,0.667,0.393,0.086
141.70000000000002,2.357,1.511,0.664,0.898,0.667,0.394,0.085
141.8,2.366,1.518,0.667,0.898,0.667,0.394,0.085
141.9,2.369,1.521,0.668,0.898,0.667,0.394,0.086
142.0,2.37,1.522,0.668,0.898,0.667,0.394,0.085
142.1,2.402,1.549,0.678,0.898,0.667,0.394,0.086
142.20000000000002,2.415,1.56,0.682,0.898,0.667,0.394,0.085
142.3,2.389,1.538,0.674,0.898,0.667,0.394,0.086
142.4,2.378,1.529,0.671,0.898,0.667,0.394,0.085
142.5,2.374,1.525,0.669,0.898,0.667,0.394,0.086
142.6,2.435,1.577,0.689,0.898,0.667,0.394,0.086
142.70000000000002,2.428,1.571,0.686,0.898,0.667,0.394,0.085
142.8,2.394,1.542,0.676,0.897,0.667,0.395,0.086
142.9,2.412,1.557,0.681,0.898,0.667,0.395,0.085
143.0,2.419,1.563,0.683,0.897,0.667,0.395,0.086
143.1,2.39,1.539,0.674,0.897,0.667,0.395,0.086
143.20000000000002,2.379,1.529,0.671,0.897,0.667,0.394,0.085
143.3,2.374,1.525,0.669,0.898,0.666,0.394,0.086
143.4,2.404,1.55,0.679,0.897,0.667,0.395,0.086
143.5,2.415,1.56,0.682,0.898,0.667,0.396,0.085
143.6,2.42,1.564,0.684,0.897,0.667,0.395,0.086
143.70000000000002,2.422,1.566,0.685,0.898,0.667,0.396,0.086
143.8,2.392,1.54,0.675,0.897,0.667,0.396,0.085
143.9,2.411,1.556,0.681,0.898,0.667,0.396,0.085
144.0,2.387,1.536,0.673,0.898,0.667,0.396,0.086
144.1,2.409,1.555,0.68,0.898,0.667,0.396,0.086
144.20000000000002,2.417,1.562,0.683,0.898,0.667,0.396,0.085
144.3,2.421,1.565,0.684,0.897,0.666,0.396,0.085
144.4,2.422,1.566,0.685,0.897,0.667,0.396,0.085
144.5,2.423,1.566,0.685,0.898,0.667,0.396,0.086
144.6,2.392,1.54,0.675,0.898,0.667,0.396,0.086
144.70000000000002,2.411,1.556,0.681,0.898,0.666,0.396,0.085
144.8,2.418,1.563,0.683,0.898,0.667,0.396,0.086
144.9,2.421,1.565,0.684,0.898,0.667,0.397,0.086
145.0,2.422,1.566,0.685,0.898,0.667,0.396,0.085
145.1,2.423,1.566,0.685,0.898,0.667,0.397,0.085
145.20000000000002,2.423,1.567,0.685,0.898,0.667,0.396,0.086
145.3,2.423,1.567,0.685,0.898,0.667,0.396,0.086
145.4,2.423,1.567,0.685,0.898,0.667,0.397,0.086
145.5,2.392,1.54,0.675,0.898,0.667,0.397,0.085
145.6,2.411,1.556,0.681,0.898,0.667,0.397,0.086
145.70000000000002,2.387,1.536,0.673,0.898,0.666,0.397,0.085
145.8,2.409,1.555,0.68,0.897,0.667,0.397,0.085
145.9,2.418,1.562,0.683,0.898,0.667,0.397,0.086
146.0,2.421,1.565,0.684,0.898,0.667,0.397,0.086
146.1,2.391,1.54,0.675,0.898,0.667,0.397,0.086
146.20000000000002,2.41,1.556,0.681,0.898,0.667,0.397,0.085
146.3,2.418,1.562,0.683,0.899,0.667,0.397,0.085
146.4,2.421,1.565,0.684,0.898,0.667,0.397,0.085
146.5,2.517,1.647,0.715,0.898,0.667,0.398,0.086
146.6,2.492,1.625,0.707,0.899,0.667,0.398,0.086
146.70000000000002,2.451,1.59,0.694,0.898,0.667,0.397,0.086
146.8,2.434,1.576,0.688,0.898,0.667,0.397,0.086
146.9,2.428,1.57,0.686,0.899,0.667,0.397,0.086
147.0,2.425,1.568,0.686,0.898,0.667,0.398,0.085
147.1,2.424,1.567,0.685,0.898,0.667,0.398,0.085
147.20000000000002,2.424,1.567,0.685,0.898,0.666,0.397,0.086
147.3,2.423,1.567,0.685,0.898,0.667,0.398,0.086
147.4,2.423,1.567,0.685,0.898,0.667,0.398,0.086
147.5,2.455,1.593,0.695,0.898,0.668,0.398,0.086
147.6,2.436,1.577,0.689,0.898,0.667,0.398,0.086
147.70000000000002,2.428,1.571,0.687,0.899,0.667,0.398,0.086
147.8,2.425,1.568,0.686,0.898,0.667,0.398,0.086
147.9,2.424,1.567,0.685,0.899,0.667,0.398,0.086
148.0,2.424,1.567,0.685,0.898,0.667,0.398,0.086
148.1,2.423,1.567,0.685,0.898,0.667,0.398,0.086
148.20000000000002,2.423,1.567,0.685,0.898,0.667,0.399,0.086
148.3,2.423,1.567,0.685,0.898,0.668,0.399,0.086
148.4,2.423,1.567,0.685,0.898,0.668,0.399,0.086
148.5,2.392,1.54,0.675,0.898,0.667,0.399,0.086
148.6,2.411,1.556,0.681,0.898,0.667,0.399,0.085
148.70000000000002,2.418,1.563,0.683,0.898,0.668,0.399,0.086
148.8,2.421,1.565,0.684,0.898,0.667,0.399,0.086
148.9,2.423,1.566,0.685,0.898,0.667,0.399,0.086
149.0,2.423,1.566,0.685,0.899,0.667,0.399,0.086
149.1,2.423,1.567,0.685,0.899,0.667,0.399,0.086
149.20000000000002,2.423,1.567,0.685,0.899,0.668,0.399,0.086
149.3,2.423,1.567,0.685,0.898,0.667,0.399,0.086
149.4,2.423,1.567,0.685,0.898,0.668,0.4,0.086
149.5,2.423,1.567,0.685,0.898,0.667,0.399,0.086
149.6,2.423,1.567,0.685,0.898,0.667,0.399,0.086
149.70000000000002,2.423,1.567,0.685,0.898,0.667,0.399,0.086
149.8,2.423,1.567,0.685,0.899,0.668,0.4,0.086
149.9,2.423,1.567,0.685,0.899,0.667,0.4,0.086
150.0,2.423,1.567,0.685,0.898,0.667,0.4,0.087
150.1,2.455,1.593,0.695,0.899,0.667,0.399,0.086
150.20000000000002,2.436,1.577,0.689,0.898,0.666,0.399,0.086
150.3,2.428,1.571,0.687,0.898,0.667,0.399,0.086
150.4,2.425,1.568,0.686,0.899,0.668,0.4,0.086
150.5,2.424,1.567,0.685,0.898,0.668,0.4,0.086
150.6,2.392,1.541,0.675,0.898,0.667,0.401,0.086
150.70000000000002,2.411,1.556,0.681,0.898,0.667,0.401,0.086
150.8,2.418,1.563,0.683,0.899,0.668,0.4,0.086
150.9,2.421,1.565,0.684,0.899,0.667,0.401,0.086
151.0,2.423,1.566,0.685,0.898,0.668,0.4,0.086
151.1,2.423,1.566,0.685,0.898,0.667,0.401,0.086
151.20000000000002,2.423,1.567,0.685,0.898,0.667,0.401,0.086
151.3,2.423,1.567,0.685,0.898,0.667,0.401,0.086
151.4,2.423,1.567,0.685,0.898,0.667,0.401,0.086
151.5,2.423,1.567,0.685,0.899,0.668,0.401,0.086
151.6,2.423,1.567,0.685,0.899,0.668,0.401,0.086
151.70000000000002,2.423,1.567,0.685,0.899,0.668,0.401,0.086
151.8,2.423,1.567,0.685,0.899,0.667,0.401,0.086
151.9,2.423,1.567,0.685,0.899,0.667,0.4,0.086
152.0,2.392,1.54,0.675,0.899,0.667,0.401,0.086
152.1,2.411,1.556,0.681,0.9,0.668,0.401,0.086
152.20000000000002,2.418,1.563,0.683,0.9,0.668,0.401,0.086
152.3,2.421,1.565,0.684,0.899,0.668,0.401,0.086
152.4,2.423,1.566,0.685,0.9,0.668,0.401,0.087
152.5,2.423,1.566,0.685,0.899,0.667,0.402,0.086
152.6,2.423,1.567,0.685,0.898,0.668,0.402,0.086
152.70000000000002,2.423,1.567,0.685,0.899,0.667,0.401,0.086
152.8,2.423,1.567,0.685,0.898,0.667,0.402,0.086
152.9,2.423,1.567,0.685,0.898,0.667,0.401,0.086
153.0,2.423,1.567,0.685,0.898,0.667,0.401,0.086
153.1,2.423,1.567,0.685,0.898,0.667,0.401,0.086
153.20000000000002,2.423,1.567,0.685,0.899,0.667,0.402,0.086
153.3,2.423,1.567,0.685,0.898,0.667,0.401,0.086
153.4,2.455,1.593,0.695,0.898,0.667,0.402,0.086
153.5,2.436,1.577,0.689,0.898,0.668,0.401,0.086
153.60000000000002,2.428,1.571,0.687,0.898,0.668,0.402,0.086
153.70000000000002,2.425,1.568,0.686,0.898,0.667,0.402,0.086
153.8,2.424,1.567,0.685,0.898,0.667,0.402,0.086
153.9,2.424,1.567,0.685,0.899,0.667,0.402,0.087
154.0,2.423,1.567,0.685,0.898,0.667,0.402,0.087
154.10000000000002,2.423,1.567,0.685,0.899,0.667,0.402,0.086
154.20000000000002,2.423,1.567,0.685,0.899,0.667,0.402,0.086
154.3,2.423,1.567,0.685,0.899,0.668,0.402,0.086
154.4,2.423,1.567,0.685,0.899,0.667,0.402,0.086
154.5,2.455,1.593,0.695,0.899,0.668,0.402,0.086
154.60000000000002,2.436,1.577,0.689,0.9,0.668,0.402,0.086
154.70000000000002,2.428,1.571,0.687,0.9,0.668,0.402,0.086
154.8,2.425,1.568,0.686,0.899,0.667,0.403,0.086
154.9,2.424,1.567,0.685,0.899,0.667,0.403,0.087
155.0,2.424,1.567,0.685,0.899,0.667,0.403,0.086
155.10000000000002,2.392,1.541,0.675,0.898,0.667,0.403,0.086
155.20000000000002,2.411,1.556,0.681,0.899,0.667,0.404,0.086
155.3,2.418,1.563,0.683,0.898,0.668,0.403,0.086
155.4,2.421,1.565,0.684,0.898,0.667,0.404,0.087
155.5,2.454,1.593,0.695,0.898,0.667,0.403,0.086
155.60000000000002,2.436,1.577,0.689,0.898,0.667,0.404,0.087
155.70000000000002,2.428,1.571,0.687,0.898,0.667,0.403,0.086
155.8,2.425,1.568,0.686,0.899,0.667,0.404,0.086
155.9,2.424,1.567,0.685,0.898,0.668,0.404,0.086
156.0,2.424,1.567,0.685,0.899,0.667,0.404,0.086
156.10000000000002,2.423,1.567,0.685,0.898,0.668,0.404,0.086
156.20000000000002,2.423,1.567,0.685,0.899,0.667,0.404,0.087
156.3,2.423,1.567,0.685,0.9,0.668,0.404,0.087
156.4,2.423,1.567,0.685,0.899,0.667,0.404,0.086
156.5,2.423,1.567,0.685,0.899,0.668,0.404,0.086
156.60000000000002,2.423,1.567,0.685,0.899,0.667,0.404,0.086
156.70000000000002,2.423,1.567,0.685,0.9,0.668,0.404,0.086
156.8,2.392,1.54,0.675,0.899,0.668,0.404,0.087
156.9,2.411,1.556,0.681,0.898,0.667,0.404,0.086
157.0,2.418,1.563,0.683,0.899,0.667,0.404,0.087
157.10000000000002,2.421,1.565,0.684,0.898,0.667,0.404,0.086
157.20000000000002,2.423,1.566,0.685,0.899,0.668,0.404,0.086
157.3,2.423,1.566,0.685,0.899,0.667,0.404,0.086
157.4,2.455,1.593,0.695,0.9,0.668,0.404,0.086
157.5,2.436,1.577,0.689,0.899,0.667,0.404,0.086
157.60000000000002,2.428,1.571,0.687,0.898,0.667,0.404,0.087
157.70000000000002,2.457,1.595,0.696,0.899,0.668,0.404,0.086
157.8,2.468,1.605,0.699,0.9,0.668,0.404,0.087
157.9,2.441,1.582,0.691,0.899,0.668,0.404,0.087
158.0,2.43,1.573,0.687,0.9,0.668,0.405,0.087
158.10000000000002,2.426,1.569,0.686,0.899,0.667,0.404,0.086
158.20000000000002,2.424,1.568,0.685,0.899,0.668,0.404,0.087
158.3,2.424,1.567,0.685,0.9,0.668,0.404,0.086
158.4,2.455,1.593,0.695,0.9,0.668,0.405,0.086
158.5,2.436,1.577,0.689,0.9,0.668,0.404,0.087
158.60000000000002,2.428,1.571,0.687,0.899,0.669,0.405,0.087
158.70000000000002,2.425,1.568,0.686,0.9,0.668,0.405,0.087
158.8,2.424,1.567,0.685,0.9,0.668,0.405,0.086
158.9,2.424,1.567,0.685,0.9,0.668,0.405,0.086
159.0,2.423,1.567,0.685,0.9,0.668,0.405,0.087
159.10000000000002,2.455,1.593,0.695,0.9,0.667,0.405,0.086
159.20000000000002,2.436,1.577,0.689,0.9,0.668,0.405,0.086
159.3,2.428,1.571,0.687,0.9,0.668,0.406,0.086
159.4,2.425,1.568,0.686,0.9,0.668,0.405,0.086
159.5,2.424,1.567,0.685,0.899,0.667,0.405,0.087
159.60000000000002,2.424,1.567,0.685,0.9,0.668,0.405,0.087
159.70000000000002,2.3,1.487,0.65,0.854,0.634,0.384,0.082
159.8,2.201,1.423,0.622,0.817,0.607,0.368,0.079
159.9,2.122,1.372,0.6,0.788,0.585,0.355,0.076
160.0,2.067,1.338,0.585,0.764,0.567,0.344,0.074
160.10000000000002,2.015,1.304,0.57,0.746,0.554,0.336,0.072
160.20000000000002,1.973,1.277,0.558,0.731,0.542,0.329,0.07
160.3,1.94,1.255,0.549,0.719,0.534,0.324,0.069
160.4,1.914,1.238,0.541,0.709,0.527,0.319,0.068
160.5,1.885,1.218,0.533,0.701,0.521,0.316,0.067
160.60000000000002,1.869,1.208,0.528,0.695,0.517,0.313,0.067
160.70000000000002,1.857,1.2,0.525,0.69,0.513,0.311,0.066
160.8,1.84,1.187,0.52,0.686,0.51,0.309,0.065
160.9,1.826,1.177,0.515,0.683,0.507,0.307,0.065
161.0,1.814,1.169,0.512,0.68,0.506,0.306,0.064
161.10000000000002,1.805,1.162,0.509,0.678,0.504,0.305,0.064
161.20000000000002,1.79,1.151,0.505,0.676,0.503,0.304,0.064
161.3,1.786,1.148,0.504,0.675,0.502,0.303,0.064
161.4,1.783,1.146,0.503,0.674,0.501,0.302,0.064
161.5,1.78,1.144,0.502,0.673,0.501,0.302,0.064
161.60000000000002,1.778,1.142,0.501,0.672,0.5,0.302,0.064
161.70000000000002,1.776,1.141,0.501,0.672,0.5,0.301,0.064
161.8,1.783,1.147,0.503,0.671,0.5,0.301,0.064
161.9,1.78,1.145,0.502,0.671,0.499,0.301,0.064
162.0,1.778,1.143,0.501,0.671,0.499,0.3,0.064
162.10000000000002,1.776,1.142,0.501,0.67,0.499,0.3,0.064
162.20000000000002,1.775,1.141,0.5,0.67,0.499,0.3,0.064
162.3,1.774,1.14,0.5,0.67,0.499,0.3,0.064
162.4,1.773,1.139,0.5,0.67,0.499,0.299,0.064
162.5,1.772,1.139,0.5,0.67,0.499,0.299,0.063
162.60000000000002,1.772,1.138,0.499,0.67,0.499,0.299,0.063
162.70000000000002,1.771,1.138,0.499,0.67,0.499,0.299,0.064
162.8,1.771,1.138,0.499,0.67,0.499,0.299,0.064
162.9,1.771,1.137,0.499,0.67,0.499,0.299,0.064
163.0,1.771,1.137,0.499,0.67,0.499,0.299,0.064
163.10000000000002,1.77,1.137,0.499,0.67,0.499,0.299,0.064
163.20000000000002,1.77,1.137,0.499,0.67,0.499,0.299,0.064
163.3,1.762,1.13,0.496,0.67,0.499,0.299,0.064
163.4,1.764,1.132,0.497,0.67,0.499,0.299,0.064
163.5,1.765,1.133,0.497,0.67,0.499,0.299,0.064
163.60000000000002,1.758,1.127,0.495,0.67,0.499,0.299,0.064
163.70000000000002,1.753,1.122,0.493,0.67,0.499,0.299,0.064
163.8,1.741,1.112,0.49,0.67,0.499,0.299,0.064
163.9,1.739,1.111,0.489,0.67,0.499,0.299,0.064
164.0,1.737,1.109,0.488,0.67,0.499,0.299,0.064
164.10000000000002,1.736,1.108,0.488,0.67,0.499,0.298,0.063
164.20000000000002,1.735,1.108,0.488,0.67,0.499,0.298,0.063
164.3,1.734,1.107,0.487,0.67,0.499,0.298,0.063
164.4,1.734,1.106,0.487,0.67,0.499,0.298,0.063
164.5,1.733,1.106,0.487,0.67,0.499,0.298,0.063
164.60000000000002,1.733,1.106,0.487,0.67,0.499,0.297,0.063
164.70000000000002,1.732,1.105,0.487,0.67,0.499,0.297,0.063
164.8,1.732,1.105,0.487,0.67,0.499,0.297,0.063
164.9,1.732,1.105,0.487,0.67,0.499,0.297,0.063
165.0,1.732,1.105,0.487,0.67,0.499,0.296,0.062
165.10000000000002,1.732,1.105,0.487,0.67,0.499,0.296,0.062
165.20000000000002,1.724,1.098,0.484,0.669,0.499,0.296,0.063
165.3,1.718,1.093,0.482,0.669,0.499,0.296,0.062
165.4,1.713,1.089,0.481,0.669,0.499,0.295,0.062
165.5,1.709,1.086,0.479,0.669,0.499,0.295,0.062
165.60000000000002,1.705,1.083,0.478,0.669,0.499,0.295,0.062
165.70000000000002,1.703,1.081,0.477,0.669,0.499,0.295,0.062
165.8,1.701,1.079,0.477,0.669,0.499,0.294,0.062
165.9,1.699,1.078,0.476,0.669,0.499,0.294,0.062
166.0,1.698,1.077,0.476,0.669,0.499,0.294,0.062
166.10000000000002,1.705,1.082,0.478,0.669,0.499,0.294,0.062
166.20000000000002,1.702,1.08,0.477,0.669,0.499,0.293,0.062
166.3,1.708,1.085,0.479,0.669,0.499,0.293,0.062
166.4,1.705,1.082,0.478,0.669,0.499,0.293,0.062
166.5,1.702,1.08,0.477,0.669,0.499,0.292,0.062
166.60000000000002,1.7,1.079,0.477,0.669,0.499,0.292,0.062
166.70000000000002,1.699,1.078,0.476,0.669,0.499,0.292,0.061
166.8,1.698,1.076,0.476,0.669,0.499,0.291,0.061
166.9,1.697,1.076,0.476,0.669,0.499,0.291,0.061
167.0,1.696,1.075,0.475,0.669,0.499,0.291,0.061
167.10000000000002,1.695,1.074,0.475,0.669,0.499,0.29,0.061
167.20000000000002,1.695,1.074,0.475,0.669,0.499,0.29,0.061
167.3,1.694,1.074,0.475,0.669,0.499,0.29,0.061
167.4,1.694,1.073,0.475,0.669,0.499,0.29,0.061
167.5,1.686,1.067,0.472,0.669,0.499,0.29,0.061
167.60000000000002,1.68,1.062,0.47,0.669,0.499,0.29,0.061
167.70000000000002,1.682,1.064,0.471,0.669,0.499,0.29,0.061
167.8,1.677,1.059,0.469,0.669,0.499,0.29,0.061
167.9,1.672,1.055,0.468,0.669,0.499,0.29,0.061
168.0,1.669,1.053,0.467,0.669,0.499,0.29,0.061
168.10000000000002,1.666,1.05,0.466,0.669,0.499,0.29,0.061
168.20000000000002,1.664,1.048,0.465,0.669,0.499,0.29,0.061
168.3,1.662,1.047,0.464,0.669,0.499,0.289,0.061
168.4,1.66,1.046,0.464,0.669,0.499,0.289,0.061
168.5,1.659,1.045,0.464,0.669,0.499,0.289,0.061
168.60000000000002,1.658,1.044,0.463,0.669,0.499,0.289,0.061
168.70000000000002,1.65,1.037,0.461,0.669,0.499,0.289,0.061
168.8,1.651,1.038,0.461,0.669,0.499,0.289,0.061
168.9,1.659,1.045,0.464,0.669,0.499,0.288,0.061
169.0,1.651,1.038,0.461,0.669,0.499,0.288,0.061
169.10000000000002,1.644,1.032,0.459,0.669,0.499,0.288,0.061
169.20000000000002,1.646,1.034,0.459,0.669,0.499,0.288,0.061
169.3,1.64,1.029,0.458,0.669,0.499,0.288,0.061
169.4,1.643,1.031,0.458,0.669,0.499,0.288,0.061
169.5,1.645,1.033,0.459,0.669,0.499,0.288,0.061
169.60000000000002,1.647,1.035,0.46,0.669,0.499,0.287,0.061
169.70000000000002,1.649,1.036,0.46,0.669,0.499,0.287,0.061
169.8,1.65,1.037,0.461,0.669,0.499,0.287,0.061
169.9,1.651,1.038,0.461,0.669,0.499,0.287,0.061
170.0,1.652,1.038,0.461,0.669,0.499,0.287,0.061
170.10000000000002,1.66,1.045,0.464,0.669,0.499,0.287,0.061
170.20000000000002,1.659,1.044,0.463,0.669,0.499,0.287,0.061
170.3,1.635,1.025,0.456,0.669,0.499,0.287,0.061
170.4,1.639,1.028,0.457,0.669,0.499,0.286,0.061
170.5,1.642,1.031,0.458,0.669,0.499,0.286,0.061
170.60000000000002,1.645,1.033,0.459,0.669,0.499,0.286,0.061
170.70000000000002,1.647,1.034,0.46,0.669,0.499,0.285,0.061
170.8,1.648,1.036,0.46,0.668,0.499,0.285,0.06
170.9,1.649,1.037,0.461,0.668,0.499,0.284,0.06
171.0,1.658,1.044,0.463,0.667,0.499,0.284,0.06
171.10000000000002,1.657,1.043,0.463,0.667,0.499,0.284,0.06
171.20000000000002,1.657,1.043,0.463,0.666,0.499,0.283,0.06
171.3,1.656,1.042,0.463,0.666,0.499,0.283,0.06
171.4,1.648,1.036,0.46,0.666,0.499,0.282,0.06
171.5,1.642,1.031,0.458,0.666,0.499,0.282,0.06
171.60000000000002,1.645,1.033,0.459,0.666,0.499,0.281,0.06
171.70000000000002,1.639,1.028,0.457,0.666,0.499,0.281,0.06
171.8,1.642,1.031,0.458,0.665,0.499,0.281,0.06
171.9,1.637,1.026,0.457,0.665,0.499,0.28,0.06
172.0,1.633,1.023,0.455,0.665,0.499,0.28,0.06
172.10000000000002,1.645,1.033,0.459,0.665,0.499,0.279,0.06
172.20000000000002,1.639,1.028,0.457,0.665,0.499,0.279,0.06
172.3,1.635,1.025,0.456,0.665,0.499,0.279,0.059
172.4,1.631,1.022,0.455,0.664,0.499,0.278,0.059
172.5,1.628,1.019,0.454,0.664,0.498,0.278,0.059
172.60000000000002,1.626,1.017,0.453,0.664,0.499,0.278,0.059
172.70000000000002,1.624,1.016,0.452,0.664,0.499,0.277,0.059
172.8,1.622,1.015,0.452,0.664,0.499,0.277,0.059
172.9,1.621,1.014,0.452,0.664,0.499,0.276,0.059
173.0,1.62,1.013,0.451,0.664,0.499,0.276,0.059
173.10000000000002,1.62,1.012,0.451,0.664,0.499,0.276,0.059
173.20000000000002,1.619,1.012,0.451,0.664,0.499,0.275,0.059
173.3,1.619,1.011,0.451,0.664,0.499,0.275,0.059
173.4,1.618,1.011,0.451,0.664,0.499,0.275,0.059
173.5,1.618,1.011,0.451,0.664,0.499,0.275,0.059
173.60000000000002,1.618,1.011,0.45,0.664,0.499,0.274,0.059
173.70000000000002,1.617,1.01,0.45,0.664,0.499,0.274,0.059
173.8,1.617,1.01,0.45,0.664,0.499,0.274,0.059
173.9,1.617,1.01,0.45,0.664,0.499,0.274,0.059
174.0,1.617,1.01,0.45,0.664,0.499,0.273,0.059
174.10000000000002,1.617,1.01,0.45,0.664,0.498,0.273,0.059
174.20000000000002,1.617,1.01,0.45,0.664,0.498,0.273,0.059
174.3,1.609,1.004,0.448,0.664,0.498,0.273,0.059
174.4,1.611,1.005,0.448,0.664,0.498,0.272,0.058
174.5,1.612,1.006,0.449,0.664,0.498,0.272,0.059
174.60000000000002,1.605,1,0.447,0.664,0.498,0.272,0.058
174.70000000000002,1.608,1.002,0.447,0.664,0.498,0.271,0.058
174.8,1.609,1.004,0.448,0.664,0.498,0.271,0.058
174.9,1.611,1.005,0.448,0.664,0.498,0.271,0.059
175.0,1.604,1,0.446,0.664,0.499,0.27,0.058
175.10000000000002,1.607,1.002,0.447,0.663,0.499,0.27,0.058
175.20000000000002,1.609,1.003,0.448,0.663,0.498,0.27,0.058
175.3,1.603,0.998,0.446,0.663,0.498,0.269,0.058
175.4,1.598,0.995,0.444,0.663,0.498,0.269,0.058
175.5,1.594,0.991,0.443,0.663,0.498,0.269,0.058
175.60000000000002,1.591,0.989,0.442,0.663,0.498,0.268,0.058
175.70000000000002,1.589,0.987,0.441,0.663,0.498,0.268,0.058
175.8,1.587,0.985,0.441,0.662,0.498,0.268,0.058
175.9,1.585,0.984,0.44,0.662,0.498,0.267,0.058
176.0,1.584,0.983,0.44,0.662,0.499,0.267,0.058
176.10000000000002,1.583,0.982,0.44,0.662,0.499,0.267,0.058
176.20000000000002,1.582,0.982,0.439,0.662,0.499,0.267,0.058
176.3,1.581,0.981,0.439,0.662,0.499,0.266,0.058
176.4,1.581,0.981,0.439,0.662,0.499,0.266,0.058
176.5,1.58,0.98,0.439,0.662,0.499,0.266,0.058
176.60000000000002,1.58,0.98,0.439,0.662,0.499,0.266,0.058
176.70000000000002,1.58,0.98,0.439,0.662,0.498,0.266,0.058
176.8,1.557,0.962,0.431,0.662,0.498,0.266,0.058
176.9,1.569,0.971,0.435,0.662,0.498,0.266,0.058
177.0,1.579,0.979,0.438,0.662,0.498,0.265,0.058
177.10000000000002,1.579,0.979,0.438,0.662,0.498,0.265,0.058
177.20000000000002,1.586,0.985,0.441,0.662,0.498,0.265,0.058
177.3,1.592,0.99,0.443,0.663,0.499,0.265,0.058
177.4,1.59,0.988,0.442,0.663,0.499,0.265,0.058
177.5,1.603,0.999,0.446,0.663,0.499,0.265,0.058
177.60000000000002,1.606,1.001,0.447,0.663,0.499,0.265,0.058
177.70000000000002,1.6,0.996,0.445,0.663,0.499,0.265,0.058
177.8,1.596,0.993,0.444,0.663,0.499,0.264,0.058
177.9,1.592,0.99,0.443,0.663,0.499,0.264,0.058
178.0,1.59,0.988,0.442,0.662,0.499,0.264,0.058
178.10000000000002,1.588,0.986,0.441,0.662,0.499,0.264,0.058
178.20000000000002,1.586,0.985,0.44,0.662,0.499,0.264,0.058
178.3,1.584,0.984,0.44,0.662,0.499,0.263,0.058
178.4,1.583,0.983,0.44,0.662,0.498,0.263,0.058
178.5,1.582,0.982,0.439,0.662,0.498,0.263,0.058
178.60000000000002,1.582,0.981,0.439,0.662,0.498,0.263,0.058
178.70000000000002,1.581,0.981,0.439,0.661,0.498,0.262,0.058
178.8,1.581,0.98,0.439,0.661,0.498,0.262,0.058
178.9,1.58,0.98,0.439,0.661,0.498,0.262,0.058
179.0,1.58,0.98,0.439,0.661,0.498,0.262,0.058
179.10000000000002,1.58,0.98,0.439,0.661,0.498,0.261,0.058
179.20000000000002,1.58,0.98,0.438,0.661,0.498,0.261,0.058
179.3,1.579,0.979,0.438,0.661,0.498,0.261,0.058
179.4,1.579,0.979,0.438,0.661,0.498,0.261,0.058
179.5,1.579,0.979,0.438,0.661,0.498,0.26,0.058
179.60000000000002,1.579,0.979,0.438,0.661,0.498,0.26,0.058
179.70000000000002,1.579,0.979,0.438,0.661,0.498,0.26,0.058
179.8,1.579,0.979,0.438,0.661,0.498,0.26,0.058
179.9,1.579,0.979,0.438,0.661,0.498,0.26,0.058
180.0,1.579,0.979,0.438,0.661,0.498,0.26,0.058
180.10000000000002,1.579,0.979,0.438,0.661,0.498,0.26,0.058
180.20000000000002,1.579,0.979,0.438,0.661,0.498,0.26,0.058
180.3,1.579,0.979,0.438,0.661,0.498,0.259,0.058
180.4,1.579,0.979,0.438,0.661,0.498,0.259,0.058
180.5,1.579,0.979,0.438,0.661,0.498,0.259,0.058
180.60000000000002,1.579,0.979,0.438,0.661,0.5,0.259,0.058
180.70000000000002,1.579,0.979,0.438,0.661,0.502,0.259,0.058
180.8,1.571,0.973,0.436,0.661,0.503,0.258,0.058
180.9,1.573,0.974,0.436,0.661,0.504,0.258,0.058
181.0,1.574,0.975,0.437,0.661,0.505,0.258,0.058
181.10000000000002,1.575,0.976,0.437,0.661,0.505,0.258,0.058
181.20000000000002,1.576,0.977,0.437,0.66,0.506,0.257,0.058
181.3,1.576,0.977,0.437,0.66,0.506,0.257,0.057
181.4,1.577,0.977,0.438,0.66,0.506,0.257,0.057
181.5,1.577,0.978,0.438,0.66,0.506,0.257,0.057
181.60000000000002,1.578,0.978,0.438,0.66,0.506,0.256,0.057
181.70000000000002,1.578,0.978,0.438,0.66,0.506,0.256,0.057
181.8,1.578,0.978,0.438,0.66,0.506,0.256,0.057
181.9,1.578,0.978,0.438,0.66,0.506,0.255,0.057
182.0,1.578,0.979,0.438,0.659,0.506,0.255,0.057
182.10000000000002,1.578,0.979,0.438,0.659,0.505,0.255,0.057
182.20000000000002,1.579,0.979,0.438,0.659,0.505,0.255,0.057
182.3,1.579,0.979,0.438,0.659,0.505,0.254,0.057
182.4,1.579,0.979,0.438,0.659,0.505,0.254,0.057
182.5,1.579,0.979,0.438,0.659,0.505,0.254,0.057
182.60000000000002,1.579,0.979,0.438,0.659,0.505,0.253,0.057
182.70000000000002,1.579,0.979,0.438,0.659,0.505,0.253,0.057
182.8,1.579,0.979,0.438,0.658,0.505,0.253,0.057
182.9,1.579,0.979,0.438,0.658,0.505,0.253,0.057
183.0,1.579,0.979,0.438,0.658,0.505,0.252,0.057
183.10000000000002,1.579,0.979,0.438,0.658,0.505,0.252,0.057
183.20000000000002,1.579,0.979,0.438,0.658,0.505,0.252,0.057
183.3,1.571,0.973,0.436,0.658,0.505,0.252,0.057
183.4,1.573,0.974,0.436,0.658,0.505,0.252,0.057
183.5,1.574,0.975,0.437,0.658,0.505,0.251,0.057
183.60000000000002,1.575,0.976,0.437,0.658,0.505,0.251,0.057
183.70000000000002,1.576,0.977,0.437,0.658,0.505,0.251,0.057
183.8,1.569,0.971,0.435,0.658,0.505,0.25,0.057
183.9,1.571,0.973,0.436,0.658,0.504,0.25,0.057
184.0,1.565,0.968,0.434,0.658,0.504,0.25,0.057
184.10000000000002,1.56,0.964,0.432,0.658,0.504,0.25,0.057
184.20000000000002,1.556,0.961,0.431,0.657,0.504,0.249,0.057
184.3,1.561,0.965,0.433,0.657,0.504,0.249,0.057
184.4,1.557,0.961,0.431,0.657,0.504,0.249,0.057
184.5,1.554,0.959,0.43,0.657,0.504,0.249,0.057
184.60000000000002,1.551,0.957,0.43,0.657,0.504,0.248,0.057
184.70000000000002,1.549,0.955,0.429,0.657,0.504,0.248,0.057
184.8,1.548,0.954,0.428,0.657,0.504,0.248,0.057
184.9,1.546,0.953,0.428,0.657,0.503,0.247,0.057
185.0,1.553,0.958,0.43,0.657,0.503,0.248,0.057
185.10000000000002,1.551,0.956,0.429,0.657,0.503,0.247,0.057
185.20000000000002,1.549,0.955,0.429,0.657,0.504,0.247,0.057
185.3,1.547,0.953,0.428,0.657,0.504,0.247,0.057
185.4,1.546,0.953,0.428,0.657,0.504,0.247,0.057
185.5,1.545,0.952,0.428,0.657,0.504,0.246,0.057
185.60000000000002,1.544,0.951,0.427,0.657,0.503,0.246,0.057
185.70000000000002,1.544,0.951,0.427,0.657,0.503,0.246,0.057
185.8,1.574,0.975,0.437,0.656,0.503,0.246,0.057
185.9,1.567,0.97,0.435,0.656,0.503,0.245,0.057
186.0,1.562,0.966,0.433,0.656,0.503,0.245,0.057
186.10000000000002,1.558,0.962,0.432,0.656,0.503,0.245,0.057
186.20000000000002,1.555,0.959,0.431,0.656,0.503,0.244,0.057
186.3,1.567,0.97,0.435,0.656,0.503,0.244,0.057
186.4,1.562,0.965,0.433,0.656,0.503,0.244,0.057
186.5,1.558,0.962,0.432,0.656,0.503,0.244,0.057
186.60000000000002,1.554,0.959,0.431,0.656,0.503,0.244,0.057
186.70000000000002,1.552,0.957,0.43,0.655,0.503,0.243,0.057
186.8,1.55,0.955,0.429,0.655,0.503,0.243,0.057
186.9,1.548,0.954,0.429,0.655,0.503,0.243,0.057
187.0,1.547,0.953,0.428,0.655,0.503,0.243,0.057
187.10000000000002,1.546,0.952,0.428,0.655,0.503,0.243,0.057
187.20000000000002,1.545,0.951,0.428,0.655,0.503,0.242,0.057
187.3,1.544,0.951,0.427,0.655,0.503,0.242,0.057
187.4,1.543,0.95,0.427,0.655,0.503,0.242,0.056
187.5,1.543,0.95,0.427,0.655,0.503,0.242,0.056
187.60000000000002,1.543,0.95,0.427,0.655,0.503,0.242,0.057
187.70000000000002,1.542,0.95,0.427,0.655,0.503,0.242,0.057
187.8,1.542,0.949,0.427,0.655,0.503,0.241,0.057
187.9,1.542,0.949,0.427,0.655,0.503,0.241,0.057
188.0,1.542,0.949,0.427,0.655,0.503,0.241,0.057
188.10000000000002,1.542,0.949,0.427,0.655,0.503,0.241,0.057
188.20000000000002,1.549,0.955,0.429,0.655,0.503,0.241,0.057
188.3,1.548,0.954,0.428,0.655,0.503,0.241,0.057
188.4,1.546,0.953,0.428,0.655,0.503,0.24,0.056
188.5,1.545,0.952,0.428,0.655,0.503,0.24,0.057
188.60000000000002,1.545,0.951,0.427,0.655,0.503,0.24,0.057
188.70000000000002,1.544,0.951,0.427,0.655,0.503,0.24,0.057
188.8,1.543,0.95,0.427,0.655,0.503,0.24,0.057
188.9,1.543,0.95,0.427,0.655,0.503,0.24,0.057
189.0,1.55,0.956,0.429,0.655,0.503,0.24,0.057
189.10000000000002,1.548,0.954,0.429,0.655,0.502,0.239,0.057
189.20000000000002,1.547,0.953,0.428,0.655,0.502,0.239,0.057
189.3,1.553,0.958,0.43,0.655,0.503,0.239,0.056
189.4,1.551,0.956,0.43,0.655,0.503,0.239,0.056
189.5,1.549,0.955,0.429,0.655,0.503,0.239,0.057
189.60000000000002,1.547,0.954,0.428,0.655,0.502,0.239,0.057
189.70000000000002,1.858,1.144,0.514,0.788,0.605,0.288,0.068
189.8,1.983,1.22,0.549,0.841,0.646,0.306,0.073
189.9,2.032,1.251,0.562,0.863,0.662,0.315,0.075
190.0,2.052,1.263,0.568,0.872,0.669,0.317,0.076
190.10000000000002,2.06,1.268,0.57,0.876,0.671,0.318,0.076
190.20000000000002,2.063,1.27,0.571,0.876,0.672,0.318,0.076
190.3,2.065,1.271,0.571,0.877,0.673,0.317,0.076
190.4,2.065,1.271,0.571,0.878,0.673,0.318,0.076
190.5,2.065,1.271,0.571,0.878,0.674,0.317,0.076
190.60000000000002,2.065,1.271,0.571,0.879,0.673,0.318,0.076
190.70000000000002,2.065,1.271,0.571,0.878,0.673,0.318,0.076
190.8,2.065,1.271,0.571,0.878,0.673,0.317,0.076
190.9,2.065,1.271,0.571,0.878,0.673,0.318,0.076
191.0,2.065,1.271,0.571,0.878,0.673,0.317,0.076
191.10000000000002,2.065,1.271,0.571,0.879,0.673,0.317,0.076
191.20000000000002,2.065,1.271,0.571,0.878,0.674,0.317,0.076
191.3,2.035,1.247,0.562,0.877,0.673,0.316,0.076
191.4,2.053,1.262,0.568,0.877,0.673,0.316,0.076
191.5,2.061,1.267,0.57,0.877,0.673,0.316,0.076
191.60000000000002,2.063,1.27,0.571,0.877,0.673,0.316,0.076
191.70000000000002,2.065,1.271,0.571,0.877,0.673,0.316,0.075
191.8,2.065,1.271,0.571,0.878,0.673,0.316,0.076
191.9,2.065,1.271,0.571,0.877,0.673,0.316,0.075
192.0,2.065,1.271,0.571,0.877,0.673,0.316,0.076
192.10000000000002,2.065,1.271,0.571,0.877,0.673,0.315,0.076
192.20000000000002,2.065,1.271,0.571,0.877,0.673,0.316,0.076
192.3,2.065,1.271,0.571,0.877,0.673,0.316,0.076
192.4,2.065,1.271,0.571,0.877,0.673,0.315,0.076
192.5,2.065,1.271,0.571,0.876,0.673,0.315,0.076
192.60000000000002,2.065,1.271,0.571,0.877,0.673,0.314,0.076
192.70000000000002,2.065,1.271,0.571,0.877,0.673,0.315,0.076
192.8,2.065,1.271,0.571,0.877,0.672,0.315,0.076
192.9,2.065,1.271,0.571,0.878,0.673,0.316,0.076
193.0,2.096,1.296,0.581,0.878,0.673,0.316,0.077
193.10000000000002,2.108,1.305,0.585,0.878,0.673,0.316,0.076
193.20000000000002,2.112,1.309,0.586,0.879,0.672,0.316,0.076
193.3,2.114,1.311,0.587,0.88,0.673,0.316,0.077
193.4,2.115,1.311,0.587,0.88,0.673,0.316,0.076
193.5,2.115,1.312,0.587,0.881,0.673,0.316,0.077
193.60000000000002,2.116,1.312,0.587,0.88,0.673,0.317,0.076
193.70000000000002,2.116,1.312,0.587,0.881,0.672,0.317,0.077
193.8,2.116,1.312,0.587,0.881,0.673,0.317,0.077
193.9,2.146,1.337,0.597,0.882,0.672,0.318,0.077
194.0,2.128,1.322,0.591,0.881,0.673,0.318,0.077
194.10000000000002,2.121,1.316,0.589,0.881,0.673,0.319,0.077
194.20000000000002,2.148,1.338,0.597,0.882,0.673,0.32,0.077
194.3,2.159,1.347,0.601,0.882,0.673,0.32,0.077
194.4,2.133,1.326,0.593,0.883,0.673,0.32,0.078
194.5,2.123,1.318,0.589,0.882,0.673,0.32,0.077
194.60000000000002,2.118,1.314,0.588,0.882,0.673,0.321,0.077
194.70000000000002,2.117,1.313,0.588,0.882,0.672,0.321,0.077
194.8,2.116,1.312,0.587,0.883,0.672,0.322,0.077
194.9,2.116,1.312,0.587,0.882,0.673,0.321,0.077
195.0,2.146,1.337,0.597,0.883,0.673,0.322,0.077
195.10000000000002,2.128,1.322,0.591,0.883,0.673,0.322,0.078
195.20000000000002,2.121,1.316,0.589,0.884,0.673,0.322,0.077
195.3,2.148,1.338,0.597,0.884,0.672,0.323,0.077
195.4,2.159,1.347,0.601,0.885,0.673,0.323,0.078
195.5,2.103,1.302,0.583,0.885,0.673,0.324,0.078
195.60000000000002,2.141,1.332,0.595,0.885,0.673,0.324,0.077
195.70000000000002,2.156,1.345,0.6,0.884,0.673,0.324,0.078
195.8,2.162,1.35,0.602,0.884,0.673,0.324,0.078
195.9,2.165,1.352,0.603,0.885,0.672,0.325,0.078
196.0,2.166,1.353,0.603,0.885,0.673,0.325,0.078
196.10000000000002,2.136,1.328,0.594,0.885,0.673,0.325,0.078
196.20000000000002,2.063,1.27,0.571,0.885,0.673,0.325,0.079
196.3,2.125,1.32,0.59,0.885,0.673,0.326,0.079
196.4,2.15,1.34,0.598,0.885,0.672,0.326,0.079
196.5,2.16,1.348,0.601,0.885,0.673,0.326,0.078
196.60000000000002,2.164,1.351,0.602,0.885,0.672,0.326,0.079
196.70000000000002,2.165,1.352,0.603,0.885,0.673,0.326,0.079
196.8,2.135,1.328,0.594,0.885,0.673,0.327,0.079
196.9,2.154,1.343,0.599,0.885,0.673,0.327,0.079
197.0,2.161,1.349,0.602,0.885,0.673,0.327,0.079
197.10000000000002,2.164,1.351,0.603,0.885,0.672,0.327,0.079
197.20000000000002,2.165,1.352,0.603,0.886,0.673,0.328,0.079
197.3,2.166,1.353,0.603,0.885,0.673,0.328,0.079
197.4,2.166,1.353,0.603,0.886,0.672,0.329,0.079
197.5,2.166,1.353,0.603,0.885,0.673,0.329,0.079
197.60000000000002,2.166,1.353,0.603,0.886,0.673,0.329,0.079
197.70000000000002,2.166,1.353,0.603,0.886,0.672,0.33,0.079
197.8,2.166,1.353,0.603,0.885,0.673,0.33,0.079
197.9,2.166,1.353,0.603,0.886,0.673,0.331,0.079
198.0,2.166,1.353,0.603,0.886,0.672,0.33,0.08
198.10000000000002,2.166,1.353,0.603,0.886,0.673,0.331,0.079
198.20000000000002,2.166,1.353,0.603,0.886,0.673,0.331,0.079
198.3,2.166,1.353,0.603,0.887,0.673,0.331,0.079
198.4,2.166,1.353,0.603,0.886,0.673,0.332,0.079
198.5,2.166,1.353,0.603,0.886,0.673,0.332,0.08
198.60000000000002,2.197,1.378,0.613,0.886,0.673,0.332,0.08
198.70000000000002,2.178,1.363,0.607,0.886,0.673,0.332,0.08
198.8,2.171,1.357,0.605,0.886,0.672,0.332,0.08
198.9,2.168,1.355,0.604,0.887,0.673,0.333,0.08
199.0,2.167,1.354,0.603,0.887,0.673,0.333,0.079
199.10000000000002,2.167,1.353,0.603,0.886,0.672,0.333,0.08
199.20000000000002,2.166,1.353,0.603,0.887,0.673,0.333,0.08
199.3,2.197,1.378,0.613,0.887,0.673,0.333,0.08
199.4,2.178,1.363,0.607,0.886,0.672,0.334,0.08
199.5,2.171,1.357,0.605,0.886,0.672,0.334,0.08
199.60000000000002,2.168,1.355,0.604,0.887,0.673,0.334,0.08
199.70000000000002,2.167,1.354,0.603,0.886,0.673,0.334,0.08
199.8,2.167,1.353,0.603,0.887,0.672,0.334,0.08
199.9,2.166,1.353,0.603,0.887,0.672,0.335,0.08
200.0,2.197,1.378,0.613,0.887,0.673,0.335,0.08
200.10000000000002,2.178,1.363,0.607,0.887,0.673,0.335,0.08
200.20000000000002,2.171,1.357,0.605,0.886,0.673,0.335,0.08
200.3,2.168,1.355,0.604,0.887,0.672,0.336,0.08
200.4,2.167,1.354,0.603,0.887,0.672,0.336,0.08
200.5,2.167,1.353,0.603,0.887,0.672,0.336,0.08
200.60000000000002,2.197,1.378,0.613,0.887,0.672,0.337,0.08
200.70000000000002,2.178,1.363,0.607,0.887,0.672,0.336,0.08
200.8,2.171,1.357,0.605,0.887,0.672,0.337,0.08
200.9,2.168,1.355,0.604,0.887,0.672,0.337,0.081
201.0,2.167,1.354,0.603,0.887,0.672,0.338,0.08
201.10000000000002,2.167,1.353,0.603,0.887,0.672,0.338,0.081
201.20000000000002,2.197,1.378,0.613,0.887,0.672,0.338,0.081
201.3,2.178,1.363,0.607,0.887,0.672,0.338,0.081
201.4,2.171,1.357,0.605,0.887,0.672,0.338,0.081
201.5,2.168,1.355,0.604,0.887,0.672,0.339,0.08
201.60000000000002,2.167,1.354,0.603,0.887,0.672,0.339,0.081
201.70000000000002,2.197,1.378,0.613,0.887,0.672,0.34,0.08
201.8,2.179,1.363,0.607,0.887,0.672,0.34,0.081
201.9,2.171,1.357,0.605,0.887,0.672,0.339,0.08
202.0,2.168,1.355,0.604,0.886,0.672,0.34,0.081
202.10000000000002,2.167,1.354,0.603,0.887,0.672,0.34,0.081
202.20000000000002,2.197,1.378,0.613,0.887,0.672,0.34,0.08
202.3,2.179,1.363,0.607,0.887,0.672,0.34,0.08
202.4,2.202,1.382,0.614,0.887,0.671,0.34,0.081
202.5,2.18,1.365,0.608,0.887,0.672,0.34,0.081
202.60000000000002,2.202,1.383,0.615,0.887,0.672,0.34,0.081
202.70000000000002,2.181,1.365,0.608,0.887,0.672,0.341,0.081
202.8,2.203,1.383,0.615,0.887,0.672,0.341,0.081
202.9,2.181,1.365,0.608,0.887,0.672,0.341,0.081
203.0,2.112,1.309,0.586,0.887,0.672,0.341,0.081
203.10000000000002,2.175,1.36,0.606,0.887,0.672,0.341,0.081
203.20000000000002,2.17,1.356,0.604,0.888,0.672,0.342,0.081
203.3,2.168,1.354,0.604,0.888,0.672,0.342,0.081
203.4,2.197,1.379,0.613,0.889,0.672,0.342,0.081
203.5,2.209,1.388,0.617,0.888,0.672,0.342,0.081
203.60000000000002,2.214,1.392,0.618,0.888,0.672,0.343,0.081
203.70000000000002,2.216,1.394,0.619,0.888,0.672,0.342,0.081
203.8,2.217,1.394,0.619,0.887,0.672,0.343,0.081
203.9,2.217,1.395,0.619,0.888,0.672,0.343,0.081
204.0,2.217,1.395,0.619,0.888,0.672,0.343,0.081
204.10000000000002,2.217,1.395,0.619,0.888,0.672,0.343,0.081
204.20000000000002,2.217,1.395,0.619,0.888,0.672,0.343,0.081
204.3,2.217,1.395,0.619,0.889,0.671,0.343,0.081
204.4,2.217,1.395,0.619,0.888,0.672,0.344,0.081
204.5,2.217,1.395,0.619,0.888,0.672,0.344,0.081
204.60000000000002,2.217,1.395,0.619,0.889,0.672,0.344,0.081
204.70000000000002,2.187,1.37,0.61,0.889,0.672,0.344,0.082
204.8,2.205,1.385,0.615,0.889,0.672,0.345,0.081
204.9,2.212,1.391,0.618,0.888,0.672,0.345,0.081
205.0,2.215,1.393,0.619,0.889,0.672,0.345,0.081
205.10000000000002,2.216,1.394,0.619,0.888,0.672,0.345,0.082
205.20000000000002,2.217,1.394,0.619,0.888,0.672,0.345,0.081
205.3,2.217,1.395,0.619,0.889,0.672,0.344,0.081
205.4,2.217,1.395,0.619,0.889,0.672,0.345,0.081
205.5,2.217,1.395,0.619,0.888,0.672,0.346,0.081
205.60000000000002,2.187,1.37,0.61,0.888,0.672,0.346,0.081
205.70000000000002,2.205,1.385,0.615,0.889,0.671,0.346,0.081
205.8,2.121,1.317,0.589,0.888,0.672,0.346,0.082
205.9,2.179,1.363,0.607,0.888,0.672,0.346,0.081
206.0,2.202,1.382,0.614,0.889,0.672,0.346,0.081
206.10000000000002,2.18,1.365,0.608,0.889,0.671,0.346,0.081
206.20000000000002,2.202,1.383,0.615,0.888,0.672,0.347,0.081
206.3,2.211,1.39,0.617,0.889,0.672,0.347,0.081
206.4,2.215,1.393,0.619,0.889,0.672,0.347,0.082
206.5,2.186,1.369,0.609,0.889,0.672,0.346,0.081
206.60000000000002,2.205,1.384,0.615,0.888,0.672,0.347,0.082
206.70000000000002,2.212,1.391,0.618,0.889,0.672,0.348,0.082
206.8,2.215,1.393,0.619,0.889,0.672,0.348,0.081
206.9,2.216,1.394,0.619,0.889,0.672,0.348,0.081
207.0,2.217,1.394,0.619,0.889,0.671,0.348,0.082
207.10000000000002,2.217,1.395,0.619,0.889,0.672,0.348,0.082
207.20000000000002,2.217,1.395,0.619,0.889,0.671,0.348,0.082
207.3,2.217,1.395,0.619,0.889,0.672,0.348,0.082
207.4,2.217,1.395,0.619,0.889,0.672,0.349,0.082
207.5,2.217,1.395,0.619,0.889,0.672,0.348,0.082
207.60000000000002,2.217,1.395,0.619,0.889,0.672,0.349,0.082
207.70000000000002,2.217,1.395,0.619,0.889,0.671,0.349,0.081
207.8,2.217,1.395,0.619,0.889,0.671,0.349,0.081
207.9,2.217,1.395,0.619,0.889,0.672,0.349,0.082
208.0,2.217,1.395,0.619,0.889,0.671,0.349,0.082
208.10000000000002,2.217,1.395,0.619,0.889,0.671,0.349,0.081
208.20000000000002,2.217,1.395,0.619,0.89,0.672,0.35,0.082
208.3,2.217,1.395,0.619,0.889,0.671,0.349,0.082
208.4,2.217,1.395,0.619,0.889,0.671,0.35,0.081
208.5,2.217,1.395,0.619,0.889,0.671,0.35,0.081
208.60000000000002,2.217,1.395,0.619,0.889,0.672,0.35,0.082
208.70000000000002,2.217,1.395,0.619,0.889,0.671,0.35,0.082
208.8,2.217,1.395,0.619,0.889,0.672,0.35,0.082
208.9,2.217,1.395,0.619,0.889,0.672,0.35,0.082
209.0,2.217,1.395,0.619,0.889,0.672,0.351,0.082
209.10000000000002,2.217,1.395,0.619,0.889,0.672,0.351,0.081
209.20000000000002,2.217,1.395,0.619,0.889,0.672,0.351,0.082
209.3,2.217,1.395,0.619,0.889,0.671,0.352,0.082
209.4,2.217,1.395,0.619,0.889,0.672,0.352,0.082
209.5,2.248,1.42,0.629,0.889,0.672,0.352,0.082
209.60000000000002,2.229,1.405,0.623,0.889,0.672,0.352,0.082
209.70000000000002,2.253,1.424,0.631,0.889,0.671,0.351,0.082
209.8,2.231,1.406,0.624,0.889,0.671,0.352,0.082
209.9,2.223,1.399,0.621,0.889,0.67,0.352,0.083
210.0,2.219,1.397,0.62,0.889,0.67,0.352,0.082
210.10000000000002,2.218,1.395,0.62,0.889,0.67,0.352,0.082
210.20000000000002,2.217,1.395,0.619,0.889,0.67,0.352,0.082
210.3,2.217,1.395,0.619,0.889,0.67,0.352,0.082
210.4,2.217,1.395,0.619,0.89,0.67,0.353,0.082
210.5,2.217,1.395,0.619,0.889,0.671,0.353,0.082
210.60000000000002,2.217,1.395,0.619,0.89,0.671,0.353,0.082
210.70000000000002,2.217,1.395,0.619,0.889,0.672,0.353,0.083
210.8,2.217,1.395,0.619,0.889,0.671,0.354,0.082
210.9,2.217,1.395,0.619,0.889,0.67,0.354,0.083
211.0,2.217,1.395,0.619,0.889,0.671,0.353,0.082
211.10000000000002,2.217,1.395,0.619,0.889,0.67,0.353,0.082
211.20000000000002,2.217,1.395,0.619,0.889,0.67,0.354,0.082
211.3,2.217,1.395,0.619,0.89,0.67,0.354,0.083
211.4,2.217,1.395,0.619,0.889,0.671,0.354,0.082
211.5,2.217,1.395,0.619,0.889,0.67,0.354,0.082
211.60000000000002,2.217,1.395,0.619,0.89,0.67,0.354,0.082
211.70000000000002,2.248,1.42,0.629,0.89,0.67,0.354,0.082
211.8,2.229,1.405,0.623,0.89,0.67,0.354,0.083
211.9,2.222,1.399,0.621,0.889,0.67,0.354,0.083
212.0,2.219,1.396,0.62,0.89,0.67,0.355,0.083
212.10000000000002,2.218,1.395,0.62,0.889,0.67,0.355,0.083
212.20000000000002,2.217,1.395,0.619,0.89,0.67,0.354,0.082
212.3,2.217,1.395,0.619,0.889,0.67,0.355,0.082
212.4,2.217,1.395,0.619,0.89,0.671,0.355,0.083
212.5,2.217,1.395,0.619,0.889,0.67,0.356,0.082
212.60000000000002,2.217,1.395,0.619,0.89,0.67,0.356,0.083
212.70000000000002,2.248,1.42,0.629,0.89,0.67,0.356,0.083
212.8,2.229,1.405,0.623,0.889,0.67,0.356,0.082
212.9,2.222,1.399,0.621,0.89,0.67,0.356,0.082
213.0,2.219,1.396,0.62,0.89,0.67,0.356,0.082
213.10000000000002,2.218,1.395,0.62,0.89,0.671,0.356,0.082
213.20000000000002,2.217,1.395,0.619,0.89,0.67,0.356,0.082
213.3,2.217,1.395,0.619,0.89,0.67,0.356,0.083
213.4,2.217,1.395,0.619,0.889,0.67,0.356,0.083
213.5,2.248,1.42,0.629,0.889,0.67,0.356,0.082
213.60000000000002,2.229,1.405,0.623,0.889,0.67,0.356,0.082
213.70000000000002,2.222,1.399,0.621,0.89,0.67,0.357,0.083
213.8,2.25,1.422,0.63,0.89,0.671,0.357,0.083
213.9,2.23,1.405,0.623,0.89,0.671,0.357,0.083
214.0,2.222,1.399,0.621,0.89,0.67,0.357,0.083
214.10000000000002,2.25,1.422,0.63,0.89,0.67,0.357,0.083
214.20000000000002,2.23,1.406,0.623,0.89,0.67,0.357,0.083
214.3,2.253,1.424,0.631,0.89,0.67,0.357,0.083
214.4,2.231,1.407,0.624,0.89,0.671,0.358,0.083
214.5,2.254,1.425,0.631,0.89,0.671,0.357,0.083
214.60000000000002,2.232,1.407,0.624,0.89,0.671,0.357,0.083
214.70000000000002,2.223,1.4,0.621,0.89,0.67,0.357,0.083
214.8,2.219,1.397,0.62,0.89,0.67,0.358,0.083
214.9,2.218,1.395,0.62,0.89,0.67,0.358,0.083
215.0,2.248,1.42,0.629,0.889,0.67,0.358,0.083
215.10000000000002,2.26,1.43,0.633,0.89,0.67,0.358,0.082
215.20000000000002,2.265,1.434,0.634,0.89,0.67,0.358,0.083
215.3,2.267,1.436,0.635,0.89,0.67,0.358,0.083
215.4,2.268,1.437,0.635,0.89,0.67,0.358,0.083
215.5,2.268,1.437,0.635,0.89,0.671,0.358,0.083
215.60000000000002,2.268,1.437,0.635,0.89,0.67,0.358,0.083
215.70000000000002,2.268,1.437,0.635,0.89,0.67,0.359,0.083
215.8,2.268,1.437,0.635,0.89,0.67,0.359,0.083
215.9,2.268,1.437,0.635,0.89,0.67,0.358,0.083
216.0,2.268,1.437,0.635,0.89,0.67,0.358,0.083
216.10000000000002,2.268,1.437,0.635,0.89,0.67,0.359,0.082
216.20000000000002,2.268,1.437,0.635,0.89,0.67,0.359,0.083
216.3,2.268,1.437,0.635,0.889,0.67,0.359,0.083
216.4,2.268,1.437,0.635,0.89,0.67,0.359,0.083
216.5,2.268,1.437,0.635,0.89,0.67,0.36,0.083
216.60000000000002,2.268,1.437,0.635,0.89,0.67,0.359,0.083
216.70000000000002,2.207,1.387,0.616,0.89,0.67,0.36,0.082
216.8,2.244,1.417,0.628,0.891,0.67,0.359,0.083
216.9,2.258,1.429,0.632,0.891,0.67,0.36,0.083
217.0,2.234,1.408,0.625,0.891,0.669,0.359,0.083
217.10000000000002,2.254,1.426,0.631,0.89,0.67,0.36,0.083
217.20000000000002,2.263,1.432,0.634,0.89,0.67,0.36,0.083
217.3,2.266,1.435,0.635,0.89,0.669,0.361,0.083
217.4,2.267,1.436,0.635,0.89,0.67,0.36,0.083
217.5,2.268,1.437,0.635,0.891,0.67,0.36,0.083
217.60000000000002,2.268,1.437,0.635,0.89,0.67,0.361,0.083
217.70000000000002,2.268,1.437,0.635,0.89,0.67,0.361,0.083
217.8,2.268,1.437,0.635,0.89,0.67,0.36,0.083
217.9,2.268,1.437,0.635,0.89,0.67,0.361,0.083
218.0,2.268,1.437,0.635,0.891,0.669,0.361,0.083
218.10000000000002,2.268,1.437,0.635,0.89,0.669,0.361,0.083
218.20000000000002,2.268,1.437,0.635,0.89,0.67,0.361,0.084
218.3,2.268,1.437,0.635,0.89,0.67,0.361,0.083
218.4,2.238,1.412,0.626,0.89,0.67,0.362,0.083
218.5,2.256,1.427,0.632,0.89,0.669,0.362,0.084
218.60000000000002,2.263,1.433,0.634,0.89,0.67,0.361,0.083
218.70000000000002,2.236,1.41,0.625,0.89,0.669,0.362,0.083
218.8,2.255,1.426,0.631,0.89,0.669,0.362,0.083
218.9,2.263,1.433,0.634,0.89,0.67,0.362,0.083
219.0,2.297,1.461,0.645,0.89,0.67,0.362,0.083
219.10000000000002,2.249,1.421,0.629,0.89,0.67,0.362,0.083
219.20000000000002,2.261,1.431,0.633,0.89,0.669,0.362,0.083
219.3,2.265,1.434,0.635,0.89,0.67,0.362,0.083
219.4,2.267,1.436,0.635,0.891,0.67,0.363,0.083
219.5,2.268,1.437,0.635,0.89,0.67,0.362,0.082
219.60000000000002,2.268,1.437,0.635,0.891,0.67,0.362,0.083
219.70000000000002,2.268,1.437,0.635,0.89,0.67,0.363,0.083
219.8,2.268,1.437,0.635,0.89,0.67,0.363,0.084
219.9,2.268,1.437,0.635,0.891,0.67,0.363,0.083
220.0,2.268,1.437,0.635,0.891,0.669,0.363,0.083
220.10000000000002,2.268,1.437,0.635,0.89,0.669,0.364,0.083
220.20000000000002,2.268,1.437,0.635,0.89,0.669,0.364,0.083
220.3,2.268,1.437,0.635,0.89,0.67,0.364,0.083
220.4,2.268,1.437,0.635,0.89,0.669,0.364,0.083
220.5,2.268,1.437,0.635,0.891,0.669,0.364,0.083
220.60000000000002,2.268,1.437,0.635,0.89,0.669,0.364,0.083
220.70000000000002,2.268,1.437,0.635,0.89,0.67,0.364,0.083
220.8,2.268,1.437,0.635,0.89,0.669,0.364,0.083
220.9,2.268,1.437,0.635,0.89,0.669,0.364,0.083
221.0,2.268,1.437,0.635,0.89,0.67,0.364,0.083
221.10000000000002,2.268,1.437,0.635,0.89,0.67,0.364,0.083
221.20000000000002,2.268,1.437,0.635,0.89,0.67,0.364,0.084
221.3,2.238,1.412,0.626,0.891,0.67,0.364,0.083
221.4,2.256,1.427,0.632,0.89,0.669,0.364,0.083
221.5,2.263,1.433,0.634,0.89,0.67,0.365,0.083
221.60000000000002,2.266,1.435,0.635,0.891,0.67,0.365,0.083
221.70000000000002,2.267,1.436,0.635,0.89,0.669,0.364,0.084
221.8,2.268,1.437,0.635,0.89,0.67,0.365,0.083
221.9,2.268,1.437,0.635,0.89,0.67,0.364,0.083
222.0,2.268,1.437,0.635,0.891,0.669,0.365,0.083
222.10000000000002,2.268,1.437,0.635,0.891,0.67,0.364,0.083
222.20000000000002,2.268,1.437,0.635,0.892,0.669,0.365,0.083
222.3,2.299,1.463,0.645,0.892,0.67,0.365,0.084
222.4,2.281,1.447,0.639,0.892,0.67,0.365,0.083
222.5,2.273,1.441,0.637,0.892,0.67,0.365,0.084
222.60000000000002,2.301,1.464,0.646,0.891,0.669,0.366,0.083
222.70000000000002,2.281,1.448,0.64,0.891,0.67,0.365,0.083
222.8,2.273,1.441,0.637,0.891,0.669,0.366,0.083
222.9,2.27,1.439,0.636,0.891,0.67,0.366,0.083
223.0,2.269,1.438,0.636,0.891,0.669,0.366,0.083
223.10000000000002,2.269,1.437,0.636,0.891,0.669,0.366,0.083
223.20000000000002,2.268,1.437,0.636,0.891,0.669,0.366,0.084
223.3,2.268,1.437,0.636,0.892,0.67,0.366,0.083
223.4,2.268,1.437,0.635,0.891,0.67,0.366,0.084
223.5,2.268,1.437,0.635,0.891,0.669,0.366,0.083
223.60000000000002,2.268,1.437,0.635,0.891,0.669,0.366,0.083
223.70000000000002,2.268,1.437,0.635,0.891,0.669,0.366,0.083
223.8,2.268,1.437,0.635,0.89,0.669,0.366,0.084
223.9,2.268,1.437,0.635,0.89,0.669,0.366,0.084
224.0,2.268,1.437,0.635,0.891,0.67,0.367,0.083
224.10000000000002,2.268,1.437,0.635,0.89,0.669,0.367,0.083
224.20000000000002,2.268,1.437,0.635,0.891,0.669,0.366,0.083
224.3,2.268,1.437,0.635,0.891,0.67,0.367,0.084
224.4,2.268,1.437,0.635,0.891,0.67,0.367,0.083
224.5,2.268,1.437,0.635,0.891,0.669,0.367,0.083
224.60000000000002,2.268,1.437,0.635,0.89,0.669,0.367,0.083
224.70000000000002,2.268,1.437,0.635,0.891,0.669,0.367,0.084
224.8,2.268,1.437,0.635,0.891,0.669,0.367,0.083
224.9,2.268,1.437,0.635,0.89,0.669,0.367,0.083
225.0,2.268,1.437,0.635,0.891,0.669,0.367,0.083
225.10000000000002,2.268,1.437,0.635,0.891,0.669,0.367,0.084
225.20000000000002,2.268,1.437,0.635,0.891,0.67,0.368,0.084
225.3,2.268,1.437,0.635,0.891,0.669,0.367,0.084
225.4,2.268,1.437,0.635,0.891,0.669,0.368,0.084
225.5,2.268,1.437,0.635,0.891,0.669,0.368,0.083
225.60000000000002,2.268,1.437,0.635,0.892,0.669,0.368,0.083
225.70000000000002,2.268,1.437,0.635,0.891,0.669,0.368,0.083
225.8,2.268,1.437,0.635,0.891,0.669,0.368,0.084
225.9,2.268,1.437,0.635,0.892,0.669,0.368,0.083
226.0,2.299,1.463,0.645,0.891,0.669,0.369,0.084
226.10000000000002,2.281,1.447,0.639,0.891,0.669,0.369,0.084
226.20000000000002,2.273,1.441,0.637,0.891,0.669,0.369,0.084
226.3,2.301,1.464,0.646,0.891,0.669,0.369,0.083
226.4,2.281,1.448,0.64,0.891,0.669,0.368,0.083
226.5,2.273,1.441,0.637,0.892,0.669,0.369,0.084
226.60000000000002,2.27,1.439,0.636,0.892,0.669,0.369,0.084
226.70000000000002,2.269,1.438,0.636,0.891,0.669,0.369,0.083
226.8,2.299,1.463,0.645,0.891,0.669,0.37,0.083
226.9,2.281,1.447,0.639,0.891,0.669,0.369,0.084
227.0,2.273,1.441,0.637,0.892,0.669,0.369,0.084
227.10000000000002,2.27,1.439,0.636,0.891,0.669,0.37,0.084
227.20000000000002,2.3,1.463,0.646,0.891,0.669,0.369,0.084
227.3,2.281,1.447,0.64,0.891,0.669,0.369,0.084
227.4,2.243,1.416,0.627,0.891,0.669,0.37,0.083
227.5,2.258,1.428,0.632,0.892,0.669,0.37,0.084
227.60000000000002,2.264,1.434,0.634,0.891,0.669,0.37,0.084
227.70000000000002,2.267,1.436,0.635,0.892,0.669,0.37,0.084
227.8,2.268,1.436,0.635,0.891,0.669,0.369,0.083
227.9,2.268,1.437,0.635,0.891,0.669,0.37,0.084
228.0,2.299,1.462,0.645,0.891,0.67,0.37,0.084
228.10000000000002,2.281,1.447,0.639,0.891,0.669,0.37,0.084
228.20000000000002,2.273,1.441,0.637,0.891,0.669,0.37,0.084
228.3,2.27,1.439,0.636,0.89,0.669,0.37,0.084
228.4,2.3,1.463,0.646,0.891,0.669,0.371,0.084
228.5,2.281,1.447,0.64,0.892,0.669,0.37,0.084
228.60000000000002,2.273,1.441,0.637,0.891,0.669,0.371,0.084
228.70000000000002,2.301,1.464,0.646,0.89,0.669,0.37,0.084
228.8,2.281,1.448,0.64,0.891,0.669,0.37,0.084
228.9,2.304,1.467,0.647,0.891,0.669,0.371,0.084
229.0,2.314,1.475,0.65,0.891,0.669,0.37,0.084
229.10000000000002,2.317,1.478,0.651,0.891,0.669,0.371,0.084
229.20000000000002,2.288,1.453,0.642,0.892,0.669,0.371,0.084
229.3,2.307,1.469,0.648,0.892,0.669,0.371,0.084
229.4,2.315,1.475,0.65,0.891,0.669,0.372,0.084
229.5,2.318,1.478,0.651,0.891,0.669,0.371,0.084
229.60000000000002,2.288,1.453,0.642,0.892,0.669,0.372,0.084
229.70000000000002,2.307,1.469,0.648,0.892,0.669,0.372,0.084
229.8,2.315,1.475,0.65,0.891,0.669,0.372,0.084
229.9,2.287,1.452,0.641,0.891,0.67,0.372,0.084
230.0,2.338,1.495,0.658,0.891,0.67,0.372,0.084
230.10000000000002,2.327,1.486,0.654,0.892,0.669,0.372,0.083
230.20000000000002,2.322,1.482,0.653,0.891,0.669,0.372,0.084
230.3,2.321,1.481,0.652,0.892,0.67,0.372,0.084
230.4,2.32,1.48,0.652,0.892,0.669,0.372,0.084
230.5,2.32,1.48,0.652,0.892,0.669,0.372,0.084
230.60000000000002,2.32,1.48,0.652,0.891,0.669,0.372,0.085
230.70000000000002,2.289,1.454,0.642,0.892,0.669,0.372,0.084
230.8,2.307,1.469,0.648,0.891,0.669,0.373,0.084
230.9,2.315,1.476,0.65,0.892,0.669,0.372,0.084
231.0,2.287,1.452,0.641,0.891,0.669,0.372,0.084
231.10000000000002,2.307,1.469,0.648,0.891,0.669,0.372,0.084
231.20000000000002,2.284,1.45,0.64,0.891,0.669,0.372,0.084
231.3,2.305,1.468,0.647,0.891,0.67,0.372,0.084
231.4,2.314,1.475,0.65,0.892,0.669,0.372,0.084
231.5,2.317,1.478,0.651,0.891,0.67,0.372,0.083
231.60000000000002,2.319,1.479,0.652,0.892,0.669,0.373,0.084
231.70000000000002,2.288,1.454,0.642,0.891,0.669,0.372,0.084
231.8,2.276,1.444,0.638,0.891,0.669,0.373,0.084
231.9,2.302,1.465,0.646,0.892,0.669,0.373,0.084
232.0,2.313,1.474,0.65,0.891,0.669,0.372,0.084
232.10000000000002,2.286,1.452,0.641,0.892,0.669,0.373,0.084
232.20000000000002,2.306,1.468,0.648,0.892,0.669,0.373,0.084
232.3,2.314,1.475,0.65,0.892,0.669,0.373,0.083
232.4,2.287,1.452,0.641,0.892,0.669,0.374,0.084
232.5,2.306,1.469,0.648,0.893,0.669,0.373,0.084
232.60000000000002,2.314,1.475,0.65,0.892,0.669,0.373,0.084
232.70000000000002,2.318,1.478,0.651,0.891,0.669,0.373,0.084
232.8,2.288,1.453,0.642,0.891,0.669,0.373,0.084
232.9,2.307,1.469,0.648,0.892,0.67,0.374,0.084
233.0,2.315,1.475,0.65,0.892,0.669,0.374,0.084
233.10000000000002,2.318,1.478,0.651,0.892,0.669,0.373,0.084
233.20000000000002,2.288,1.453,0.642,0.892,0.669,0.374,0.084
233.3,2.307,1.469,0.648,0.892,0.669,0.374,0.084
233.4,2.315,1.475,0.65,0.891,0.669,0.374,0.084
233.5,2.318,1.478,0.651,0.892,0.669,0.374,0.084
233.60000000000002,2.319,1.479,0.652,0.892,0.669,0.374,0.084
233.70000000000002,2.319,1.479,0.652,0.891,0.669,0.374,0.084
233.8,2.32,1.48,0.652,0.892,0.669,0.374,0.084
233.9,2.32,1.48,0.652,0.892,0.669,0.374,0.085
234.0,2.32,1.48,0.652,0.894,0.67,0.374,0.084
234.10000000000002,2.32,1.48,0.652,0.893,0.669,0.374,0.084
234.20000000000002,2.32,1.48,0.652,0.892,0.669,0.374,0.084
234.3,2.32,1.48,0.652,0.892,0.669,0.374,0.084
234.4,2.32,1.48,0.652,0.893,0.669,0.374,0.084
234.5,2.32,1.48,0.652,0.893,0.669,0.374,0.084
234.60000000000002,2.289,1.454,0.642,0.892,0.669,0.374,0.084
234.70000000000002,2.307,1.469,0.648,0.892,0.669,0.374,0.084
234.8,2.315,1.476,0.65,0.892,0.669,0.374,0.084
234.9,2.318,1.478,0.651,0.892,0.669,0.374,0.084
235.0,2.288,1.453,0.642,0.893,0.669,0.374,0.084
235.10000000000002,2.307,1.469,0.648,0.893,0.669,0.374,0.084
235.20000000000002,2.284,1.45,0.64,0.892,0.669,0.375,0.084
235.3,2.305,1.468,0.647,0.893,0.669,0.375,0.084
235.4,2.314,1.475,0.65,0.892,0.669,0.375,0.084
235.5,2.317,1.478,0.651,0.892,0.669,0.375,0.084
235.60000000000002,2.319,1.479,0.652,0.893,0.67,0.375,0.084
235.70000000000002,2.319,1.479,0.652,0.892,0.669,0.375,0.084
235.8,2.319,1.48,0.652,0.891,0.669,0.375,0.084
235.9,2.289,1.454,0.642,0.892,0.669,0.375,0.084
236.0,2.307,1.469,0.648,0.892,0.669,0.376,0.084
236.10000000000002,2.315,1.476,0.65,0.891,0.669,0.375,0.084
236.20000000000002,2.318,1.478,0.651,0.892,0.669,0.376,0.084
236.3,2.319,1.479,0.652,0.892,0.669,0.375,0.084
236.4,2.319,1.479,0.652,0.892,0.669,0.375,0.084
236.5,2.32,1.48,0.652,0.892,0.669,0.375,0.084
236.60000000000002,2.32,1.48,0.652,0.892,0.669,0.376,0.085
236.70000000000002,2.289,1.454,0.642,0.892,0.669,0.375,0.084
236.8,2.276,1.444,0.638,0.892,0.669,0.376,0.084
236.9,2.272,1.44,0.637,0.892,0.669,0.376,0.084
237.0,2.3,1.464,0.646,0.892,0.669,0.375,0.084
237.10000000000002,2.343,1.499,0.659,0.892,0.669,0.376,0.084
237.20000000000002,2.329,1.487,0.655,0.892,0.669,0.376,0.084
237.3,2.323,1.483,0.653,0.892,0.669,0.376,0.084
237.4,2.321,1.481,0.652,0.892,0.669,0.377,0.084
237.5,2.32,1.48,0.652,0.891,0.669,0.376,0.084
237.60000000000002,2.32,1.48,0.652,0.892,0.669,0.377,0.084
237.70000000000002,2.32,1.48,0.652,0.892,0.669,0.377,0.083
237.8,2.32,1.48,0.652,0.893,0.669,0.376,0.084
237.9,2.32,1.48,0.652,0.893,0.669,0.377,0.084
238.0,2.32,1.48,0.652,0.892,0.669,0.377,0.084
238.10000000000002,2.32,1.48,0.652,0.893,0.669,0.377,0.084
238.20000000000002,2.32,1.48,0.652,0.893,0.669,0.377,0.084
238.3,2.32,1.48,0.652,0.893,0.669,0.377,0.084
238.4,2.32,1.48,0.652,0.892,0.669,0.377,0.084
238.5,2.32,1.48,0.652,0.893,0.669,0.377,0.084
238.60000000000002,2.413,1.558,0.682,0.893,0.669,0.378,0.084
238.70000000000002,2.357,1.511,0.664,0.893,0.669,0.377,0.084
238.8,2.335,1.492,0.657,0.893,0.67,0.377,0.084
238.9,2.326,1.485,0.654,0.893,0.669,0.378,0.084
239.0,2.322,1.482,0.653,0.893,0.669,0.378,0.084
239.10000000000002,2.321,1.48,0.652,0.893,0.669,0.378,0.085
239.20000000000002,2.32,1.48,0.652,0.893,0.669,0.377,0.084
239.3,2.32,1.48,0.652,0.892,0.669,0.378,0.084
239.4,2.32,1.48,0.652,0.892,0.669,0.377,0.084
239.5,2.32,1.48,0.652,0.892,0.669,0.378,0.084
239.60000000000002,2.289,1.454,0.642,0.892,0.669,0.377,0.084
239.70000000000002,2.307,1.469,0.648,0.891,0.669,0.378,0.084
239.8,2.315,1.476,0.65,0.892,0.669,0.378,0.084
239.9,2.226,1.402,0.622,0.893,0.669,0.378,0.084
240.0,2.282,1.449,0.64,0.892,0.669,0.377,0.084
240.10000000000002,2.305,1.467,0.647,0.892,0.669,0.378,0.084
240.20000000000002,2.314,1.475,0.65,0.892,0.669,0.378,0.085
240.3,2.317,1.478,0.651,0.894,0.669,0.378,0.084
240.4,2.319,1.479,0.652,0.893,0.669,0.378,0.085
240.5,2.319,1.479,0.652,0.893,0.669,0.378,0.084
240.60000000000002,2.289,1.454,0.642,0.892,0.669,0.378,0.084
240.70000000000002,2.307,1.469,0.648,0.893,0.669,0.379,0.084
240.8,2.315,1.476,0.65,0.893,0.669,0.378,0.084
240.9,2.349,1.504,0.661,0.893,0.668,0.378,0.085
241.0,2.331,1.489,0.656,0.893,0.669,0.378,0.084
241.10000000000002,2.324,1.484,0.653,0.893,0.669,0.378,0.084
241.20000000000002,2.321,1.481,0.652,0.892,0.669,0.379,0.084
241.3,2.29,1.455,0.642,0.892,0.669,0.378,0.084
241.4,2.308,1.47,0.648,0.892,0.668,0.379,0.084
241.5,2.315,1.476,0.65,0.893,0.669,0.378,0.084
241.60000000000002,2.318,1.478,0.651,0.892,0.669,0.379,0.084
241.70000000000002,2.319,1.479,0.652,0.892,0.669,0.379,0.084
241.8,2.319,1.479,0.652,0.892,0.669,0.379,0.084
241.9,2.32,1.48,0.652,0.892,0.669,0.379,0.085
242.0,2.32,1.48,0.652,0.893,0.669,0.379,0.084
242.10000000000002,2.32,1.48,0.652,0.893,0.668,0.379,0.084
242.20000000000002,2.32,1.48,0.652,0.892,0.669,0.379,0.084
242.3,2.32,1.48,0.652,0.892,0.669,0.379,0.084
242.4,2.32,1.48,0.652,0.892,0.669,0.379,0.084
242.5,2.32,1.48,0.652,0.893,0.668,0.379,0.084
242.60000000000002,2.32,1.48,0.652,0.892,0.669,0.379,0.084
242.70000000000002,2.32,1.48,0.652,0.893,0.669,0.38,0.084
242.8,2.32,1.48,0.652,0.893,0.669,0.38,0.084
242.9,2.289,1.454,0.642,0.893,0.669,0.38,0.085
243.0,2.307,1.469,0.648,0.892,0.669,0.38,0.085
243.10000000000002,2.315,1.476,0.65,0.893,0.669,0.38,0.084
243.20000000000002,2.318,1.478,0.651,0.892,0.668,0.38,0.085
243.3,2.35,1.505,0.661,0.892,0.669,0.38,0.084
243.4,2.363,1.516,0.666,0.893,0.669,0.38,0.085
243.5,2.337,1.494,0.657,0.893,0.669,0.38,0.085
243.60000000000002,2.327,1.485,0.654,0.893,0.669,0.38,0.085
243.70000000000002,2.322,1.482,0.653,0.893,0.669,0.38,0.085
243.8,2.321,1.481,0.652,0.893,0.669,0.38,0.085
243.9,2.32,1.48,0.652,0.893,0.668,0.38,0.084
244.0,2.351,1.506,0.662,0.893,0.669,0.38,0.084
244.10000000000002,2.332,1.49,0.656,0.893,0.669,0.38,0.084
244.20000000000002,2.325,1.484,0.653,0.893,0.669,0.38,0.084
244.3,2.322,1.481,0.652,0.893,0.669,0.381,0.084
244.4,2.32,1.48,0.652,0.893,0.669,0.38,0.084
244.5,2.32,1.48,0.652,0.895,0.669,0.38,0.085
244.60000000000002,2.32,1.48,0.652,0.894,0.668,0.381,0.084
244.70000000000002,2.32,1.48,0.652,0.893,0.669,0.38,0.084
244.8,2.32,1.48,0.652,0.893,0.669,0.38,0.084
244.9,2.351,1.506,0.662,0.895,0.669,0.381,0.084
245.0,2.332,1.49,0.656,0.894,0.669,0.38,0.085
245.10000000000002,2.325,1.484,0.653,0.893,0.668,0.38,0.085
245.20000000000002,2.353,1.507,0.662,0.893,0.669,0.38,0.085
245.3,2.333,1.491,0.656,0.893,0.669,0.381,0.085
245.4,2.325,1.484,0.654,0.893,0.669,0.381,0.085
245.5,2.322,1.481,0.653,0.895,0.669,0.381,0.085
245.60000000000002,2.32,1.48,0.652,0.894,0.669,0.381,0.085
245.70000000000002,2.32,1.48,0.652,0.893,0.669,0.381,0.085
245.8,2.351,1.506,0.662,0.895,0.669,0.381,0.085
245.9,2.332,1.49,0.656,0.896,0.669,0.381,0.084
246.0,2.325,1.484,0.653,0.896,0.669,0.381,0.084
246.10000000000002,2.322,1.481,0.652,0.894,0.669,0.381,0.085
246.20000000000002,2.32,1.48,0.652,0.893,0.669,0.382,0.085
246.3,2.32,1.48,0.652,0.895,0.669,0.382,0.085
246.4,2.32,1.48,0.652,0.896,0.669,0.381,0.084
246.5,2.32,1.48,0.652,0.896,0.669,0.381,0.085
246.60000000000002,2.32,1.48,0.652,0.896,0.669,0.381,0.085
246.70000000000002,2.32,1.48,0.652,0.896,0.669,0.382,0.084
246.8,2.351,1.506,0.662,0.896,0.669,0.382,0.085
246.9,2.332,1.49,0.656,0.894,0.669,0.382,0.084
247.0,2.325,1.484,0.653,0.893,0.668,0.382,0.085
247.10000000000002,2.353,1.507,0.662,0.893,0.669,0.382,0.084
247.20000000000002,2.333,1.491,0.656,0.893,0.669,0.382,0.084
247.3,2.325,1.484,0.654,0.893,0.669,0.382,0.084
247.4,2.322,1.481,0.653,0.895,0.669,0.383,0.084
247.5,2.32,1.48,0.652,0.896,0.669,0.383,0.085
247.60000000000002,2.32,1.48,0.652,0.896,0.669,0.383,0.085
247.70000000000002,2.32,1.48,0.652,0.895,0.669,0.383,0.085
247.8,2.32,1.48,0.652,0.894,0.669,0.382,0.084
247.9,2.32,1.48,0.652,0.894,0.669,0.383,0.085
248.0,2.413,1.559,0.682,0.895,0.669,0.383,0.084
248.10000000000002,2.357,1.511,0.664,0.893,0.669,0.384,0.085
248.20000000000002,2.335,1.492,0.657,0.893,0.669,0.383,0.085
248.3,2.326,1.485,0.654,0.895,0.669,0.383,0.084
248.4,2.322,1.482,0.653,0.894,0.669,0.382,0.084
248.5,2.321,1.48,0.652,0.893,0.669,0.383,0.085
248.60000000000002,2.32,1.48,0.652,0.893,0.669,0.384,0.085
248.70000000000002,2.32,1.48,0.652,0.893,0.669,0.383,0.084
248.8,2.32,1.48,0.652,0.895,0.669,0.384,0.085
248.9,2.32,1.48,0.652,0.894,0.668,0.384,0.085
249.0,2.32,1.48,0.652,0.893,0.669,0.384,0.085
249.10000000000002,2.32,1.48,0.652,0.893,0.669,0.384,0.084
249.20000000000002,2.32,1.48,0.652,0.893,0.669,0.384,0.084
249.3,2.32,1.48,0.652,0.893,0.669,0.384,0.085
249.4,2.32,1.48,0.652,0.895,0.669,0.384,0.085
249.5,2.32,1.48,0.652,0.894,0.669,0.384,0.085
249.60000000000002,2.32,1.48,0.652,0.895,0.669,0.384,0.084
249.70000000000002,2.32,1.48,0.652,0.896,0.669,0.384,0.085
249.8,2.351,1.506,0.662,0.896,0.669,0.384,0.085
249.9,2.332,1.49,0.656,0.896,0.669,0.384,0.085
250.0,2.325,1.484,0.653,0.896,0.669,0.384,0.085
250.10000000000002,2.322,1.481,0.652,0.896,0.669,0.384,0.085
250.20000000000002,2.32,1.48,0.652,0.896,0.669,0.384,0.085
250.3,2.32,1.48,0.652,0.894,0.669,0.384,0.085
250.4,2.32,1.48,0.652,0.893,0.669,0.384,0.085
250.5,2.32,1.48,0.652,0.893,0.669,0.384,0.084
250.60000000000002,2.32,1.48,0.652,0.893,0.669,0.384,0.084
250.70000000000002,2.32,1.48,0.652,0.893,0.668,0.384,0.085
250.8,2.32,1.48,0.652,0.894,0.669,0.384,0.085
250.9,2.32,1.48,0.652,0.893,0.669,0.384,0.085
251.0,2.32,1.48,0.652,0.893,0.668,0.384,0.085
251.10000000000002,2.32,1.48,0.652,0.895,0.668,0.385,0.085
251.20000000000002,2.32,1.48,0.652,0.894,0.669,0.384,0.084
251.3,2.32,1.48,0.652,0.893,0.668,0.384,0.085
251.4,2.32,1.48,0.652,0.895,0.669,0.384,0.085
251.5,2.32,1.48,0.652,0.896,0.669,0.384,0.085
251.60000000000002,2.32,1.48,0.652,0.896,0.669,0.385,0.084
251.70000000000002,2.32,1.48,0.652,0.894,0.669,0.384,0.085
251.8,2.32,1.48,0.652,0.893,0.669,0.384,0.086
251.9,2.32,1.48,0.652,0.895,0.668,0.384,0.085
252.0,2.32,1.48,0.652,0.894,0.669,0.384,0.085
252.10000000000002,2.32,1.48,0.652,0.895,0.668,0.384,0.084
252.20000000000002,2.32,1.48,0.652,0.894,0.669,0.385,0.085
252.3,2.32,1.48,0.652,0.893,0.669,0.385,0.084
252.4,2.32,1.48,0.652,0.895,0.668,0.384,0.085
252.5,2.32,1.48,0.652,0.896,0.669,0.385,0.085
252.60000000000002,2.32,1.48,0.652,0.894,0.669,0.384,0.085
252.70000000000002,2.32,1.48,0.652,0.895,0.669,0.385,0.085
252.8,2.32,1.48,0.652,0.896,0.669,0.385,0.085
252.9,2.32,1.48,0.652,0.896,0.669,0.386,0.085
253.0,2.32,1.48,0.652,0.894,0.668,0.385,0.085
253.10000000000002,2.32,1.48,0.652,0.895,0.669,0.385,0.085
253.20000000000002,2.351,1.506,0.662,0.896,0.669,0.385,0.085
253.3,2.332,1.49,0.656,0.894,0.669,0.385,0.085
253.4,2.325,1.484,0.653,0.893,0.668,0.385,0.084
253.5,2.322,1.481,0.652,0.893,0.669,0.386,0.085
253.60000000000002,2.32,1.48,0.652,0.895,0.669,0.385,0.085
253.70000000000002,2.32,1.48,0.652,0.896,0.669,0.385,0.084
253.8,2.289,1.454,0.642,0.894,0.669,0.385,0.085
253.9,2.307,1.469,0.648,0.895,0.669,0.385,0.085
254.0,2.315,1.476,0.65,0.896,0.668,0.385,0.084
254.10000000000002,2.318,1.478,0.651,0.894,0.668,0.385,0.085
254.20000000000002,2.319,1.479,0.652,0.895,0.669,0.386,0.085
254.3,2.288,1.454,0.642,0.894,0.669,0.385,0.084
254.4,2.307,1.469,0.648,0.895,0.669,0.385,0.085
254.5,2.315,1.476,0.65,0.896,0.669,0.386,0.084
254.60000000000002,2.318,1.478,0.651,0.896,0.67,0.386,0.084
254.70000000000002,2.319,1.479,0.652,0.896,0.669,0.386,0.085
254.8,2.319,1.479,0.652,0.896,0.669,0.385,0.084
254.9,2.32,1.48,0.652,0.896,0.669,0.386,0.085
255.0,2.32,1.48,0.652,0.896,0.669,0.386,0.084
255.10000000000002,2.32,1.48,0.652,0.896,0.669,0.386,0.085
255.20000000000002,2.32,1.48,0.652,0.896,0.668,0.386,0.085
255.3,2.32,1.48,0.652,0.896,0.669,0.386,0.084
255.4,2.32,1.48,0.652,0.896,0.669,0.386,0.084
255.5,2.32,1.48,0.652,0.895,0.669,0.386,0.084
255.60000000000002,2.32,1.48,0.652,0.894,0.669,0.386,0.085
255.70000000000002,2.382,1.532,0.672,0.894,0.668,0.386,0.085
255.8,2.345,1.501,0.66,0.895,0.669,0.386,0.085
255.9,2.33,1.488,0.655,0.896,0.669,0.386,0.085
256.0,2.324,1.483,0.653,0.896,0.669,0.386,0.085
256.1,2.321,1.481,0.652,0.896,0.669,0.386,0.084
256.2,2.21,1.412,0.621,0.85,0.635,0.366,0.08
256.3,2.114,1.35,0.594,0.814,0.607,0.351,0.077
256.40000000000003,2.045,1.307,0.575,0.785,0.586,0.338,0.074
256.5,1.982,1.266,0.557,0.761,0.568,0.328,0.072
256.6,1.931,1.234,0.543,0.743,0.554,0.32,0.07
256.7,1.891,1.208,0.532,0.727,0.543,0.314,0.069
256.8,1.859,1.187,0.523,0.715,0.534,0.309,0.067
256.90000000000003,1.833,1.17,0.515,0.705,0.527,0.304,0.067
257.0,1.805,1.151,0.507,0.698,0.521,0.301,0.066
257.1,1.79,1.141,0.503,0.692,0.517,0.298,0.065
257.2,1.778,1.134,0.5,0.686,0.513,0.296,0.065
257.3,1.761,1.121,0.495,0.682,0.51,0.294,0.064
257.40000000000003,1.747,1.112,0.49,0.679,0.508,0.293,0.064
257.5,1.736,1.104,0.487,0.676,0.506,0.292,0.063
257.6,1.72,1.091,0.482,0.674,0.505,0.291,0.063
257.7,1.707,1.081,0.478,0.672,0.504,0.29,0.063
257.8,1.704,1.079,0.477,0.671,0.503,0.289,0.063
257.90000000000003,1.702,1.078,0.477,0.67,0.502,0.288,0.063
258.0,1.7,1.077,0.476,0.669,0.501,0.288,0.062
258.1,1.698,1.076,0.476,0.668,0.501,0.287,0.062
258.2,1.697,1.075,0.476,0.667,0.5,0.286,0.062
258.3,1.696,1.075,0.475,0.667,0.5,0.286,0.062
258.40000000000003,1.696,1.074,0.475,0.666,0.5,0.286,0.062
258.5,1.695,1.074,0.475,0.666,0.5,0.285,0.062
258.6,1.687,1.067,0.472,0.666,0.5,0.285,0.062
258.7,1.688,1.068,0.473,0.666,0.5,0.285,0.062
258.8,1.681,1.063,0.471,0.665,0.499,0.285,0.062
258.90000000000003,1.676,1.058,0.469,0.665,0.499,0.284,0.062
259.0,1.679,1.061,0.47,0.665,0.499,0.284,0.062
259.1,1.674,1.057,0.468,0.665,0.499,0.284,0.062
259.2,1.67,1.054,0.467,0.665,0.499,0.284,0.062
259.3,1.675,1.058,0.469,0.665,0.499,0.284,0.062
259.40000000000003,1.671,1.054,0.467,0.665,0.499,0.283,0.062
259.5,1.668,1.051,0.466,0.665,0.499,0.283,0.062
259.6,1.665,1.049,0.465,0.665,0.499,0.283,0.062
259.7,1.663,1.048,0.465,0.665,0.499,0.283,0.062
259.8,1.661,1.046,0.464,0.665,0.499,0.283,0.062
259.90000000000003,1.66,1.045,0.464,0.665,0.499,0.282,0.062
260.0,1.659,1.044,0.463,0.665,0.499,0.282,0.062
260.1,1.666,1.05,0.466,0.665,0.5,0.282,0.062
260.2,1.663,1.048,0.465,0.665,0.499,0.282,0.062
260.3,1.669,1.053,0.467,0.665,0.499,0.282,0.062
260.40000000000003,1.674,1.057,0.468,0.665,0.499,0.282,0.062
260.5,1.678,1.06,0.47,0.665,0.499,0.282,0.062
260.6,1.681,1.062,0.47,0.665,0.499,0.282,0.062
260.7,1.675,1.058,0.469,0.665,0.499,0.282,0.062
260.8,1.679,1.061,0.47,0.665,0.499,0.282,0.062
260.90000000000003,1.682,1.063,0.471,0.665,0.499,0.282,0.062
261.0,1.676,1.059,0.469,0.665,0.499,0.282,0.062
261.1,1.672,1.055,0.468,0.665,0.499,0.282,0.062
261.2,1.668,1.052,0.467,0.665,0.499,0.281,0.062
261.3,1.666,1.05,0.466,0.665,0.499,0.281,0.062
261.40000000000003,1.671,1.054,0.467,0.665,0.499,0.281,0.062
261.5,1.668,1.052,0.466,0.665,0.499,0.281,0.062
261.6,1.665,1.05,0.465,0.665,0.499,0.281,0.062
261.7,1.671,1.054,0.467,0.665,0.499,0.281,0.062
261.8,1.667,1.051,0.466,0.665,0.499,0.281,0.062
261.90000000000003,1.665,1.049,0.465,0.665,0.499,0.281,0.062
262.0,1.663,1.048,0.465,0.665,0.499,0.281,0.062
262.1,1.661,1.046,0.464,0.665,0.499,0.28,0.061
262.2,1.667,1.051,0.466,0.665,0.499,0.28,0.061
262.3,1.665,1.049,0.465,0.665,0.499,0.28,0.061
262.40000000000003,1.663,1.048,0.465,0.664,0.499,0.28,0.061
262.5,1.653,1.04,0.462,0.665,0.5,0.279,0.061
262.6,1.654,1.04,0.462,0.664,0.499,0.279,0.061
262.7,1.646,1.034,0.46,0.664,0.5,0.279,0.061
262.8,1.64,1.029,0.458,0.664,0.5,0.279,0.061
262.90000000000003,1.636,1.025,0.456,0.664,0.5,0.279,0.061
263.0,1.632,1.022,0.455,0.664,0.5,0.278,0.061
263.1,1.667,1.052,0.466,0.664,0.499,0.278,0.06
263.2,1.657,1.043,0.463,0.663,0.499,0.277,0.06
263.3,1.641,1.03,0.458,0.663,0.499,0.276,0.06
263.40000000000003,1.636,1.026,0.456,0.663,0.499,0.275,0.06
263.5,1.632,1.023,0.455,0.663,0.499,0.274,0.06
263.6,1.629,1.02,0.454,0.662,0.499,0.274,0.06
263.7,1.619,1.012,0.451,0.662,0.499,0.273,0.06
263.8,1.619,1.012,0.451,0.662,0.499,0.273,0.06
263.90000000000003,1.611,1.005,0.448,0.662,0.499,0.272,0.06
264.0,1.604,1,0.446,0.662,0.499,0.272,0.06
264.1,1.599,0.996,0.445,0.662,0.499,0.271,0.06
264.2,1.595,0.992,0.443,0.661,0.499,0.271,0.06
264.3,1.592,0.99,0.442,0.661,0.499,0.27,0.06
264.40000000000003,1.589,0.987,0.442,0.661,0.499,0.27,0.06
264.5,1.587,0.986,0.441,0.661,0.499,0.27,0.06
264.6,1.585,0.984,0.44,0.661,0.499,0.269,0.06
264.7,1.577,0.977,0.438,0.661,0.499,0.269,0.06
264.8,1.577,0.978,0.438,0.661,0.499,0.268,0.059
264.90000000000003,1.577,0.978,0.438,0.661,0.499,0.268,0.059
265.0,1.578,0.978,0.438,0.661,0.499,0.268,0.059
265.1,1.578,0.978,0.438,0.661,0.499,0.267,0.059
265.2,1.578,0.978,0.438,0.66,0.499,0.267,0.059
265.3,1.578,0.979,0.438,0.66,0.499,0.267,0.059
265.40000000000003,1.578,0.979,0.438,0.66,0.499,0.266,0.059
265.5,1.578,0.979,0.438,0.66,0.499,0.266,0.059
265.6,1.579,0.979,0.438,0.66,0.499,0.266,0.059
265.7,1.579,0.979,0.438,0.66,0.499,0.265,0.059
265.8,1.579,0.979,0.438,0.66,0.499,0.265,0.059
265.90000000000003,1.579,0.979,0.438,0.66,0.499,0.265,0.059
266.0,1.579,0.979,0.438,0.66,0.499,0.264,0.059
266.1,1.571,0.973,0.436,0.66,0.499,0.264,0.059
266.2,1.573,0.974,0.436,0.659,0.499,0.264,0.059
266.3,1.566,0.969,0.434,0.659,0.499,0.263,0.059
266.40000000000003,1.561,0.965,0.433,0.659,0.499,0.263,0.059
266.5,1.565,0.968,0.434,0.659,0.499,0.262,0.059
266.6,1.56,0.964,0.432,0.659,0.499,0.262,0.059
266.7,1.564,0.967,0.434,0.659,0.499,0.262,0.059
266.8,1.559,0.963,0.432,0.659,0.499,0.261,0.059
266.90000000000003,1.556,0.96,0.431,0.659,0.499,0.261,0.058
267.0,1.553,0.958,0.43,0.659,0.499,0.261,0.058
267.1,1.558,0.962,0.432,0.659,0.499,0.26,0.058
267.2,1.555,0.96,0.431,0.658,0.499,0.26,0.058
267.3,1.552,0.957,0.43,0.658,0.499,0.26,0.058
267.40000000000003,1.565,0.968,0.434,0.658,0.499,0.26,0.058
267.5,1.56,0.964,0.432,0.658,0.499,0.26,0.058
267.6,1.556,0.961,0.431,0.658,0.499,0.259,0.058
267.7,1.553,0.958,0.43,0.658,0.499,0.259,0.058
267.8,1.551,0.957,0.43,0.658,0.499,0.259,0.058
267.90000000000003,1.549,0.955,0.429,0.658,0.499,0.259,0.058
268.0,1.555,0.96,0.431,0.658,0.499,0.258,0.058
268.1,1.552,0.958,0.43,0.658,0.499,0.258,0.058
268.2,1.55,0.956,0.429,0.658,0.499,0.258,0.058
268.3,1.548,0.954,0.429,0.658,0.499,0.258,0.058
268.40000000000003,1.547,0.953,0.428,0.658,0.499,0.258,0.058
268.5,1.546,0.952,0.428,0.658,0.499,0.258,0.058
268.6,1.545,0.952,0.428,0.658,0.499,0.257,0.058
268.7,1.544,0.951,0.427,0.658,0.499,0.257,0.058
268.8,1.544,0.951,0.427,0.658,0.499,0.257,0.058
268.90000000000003,1.543,0.95,0.427,0.658,0.499,0.256,0.058
269.0,1.543,0.95,0.427,0.658,0.499,0.256,0.058
269.1,1.55,0.956,0.429,0.658,0.499,0.256,0.058
269.2,1.548,0.954,0.429,0.658,0.499,0.256,0.058
269.3,1.547,0.953,0.428,0.658,0.499,0.255,0.058
269.40000000000003,1.546,0.952,0.428,0.658,0.499,0.255,0.058
269.5,1.545,0.952,0.428,0.658,0.499,0.255,0.058
269.6,1.544,0.951,0.427,0.658,0.499,0.255,0.058
269.7,1.544,0.951,0.427,0.658,0.499,0.255,0.058
269.8,1.543,0.95,0.427,0.658,0.499,0.255,0.058
269.90000000000003,1.543,0.95,0.427,0.658,0.499,0.254,0.057
270.0,1.542,0.95,0.427,0.658,0.499,0.254,0.057
270.1,1.542,0.949,0.427,0.658,0.499,0.254,0.057
270.2,1.542,0.949,0.427,0.658,0.499,0.254,0.057
270.3,1.542,0.949,0.427,0.658,0.499,0.254,0.057
270.40000000000003,1.542,0.949,0.427,0.657,0.499,0.253,0.057
270.5,1.542,0.949,0.427,0.657,0.499,0.253,0.057
270.6,1.542,0.949,0.427,0.657,0.499,0.253,0.057
270.7,1.542,0.949,0.427,0.657,0.499,0.252,0.057
270.8,1.542,0.949,0.427,0.657,0.499,0.252,0.057
270.90000000000003,1.541,0.949,0.427,0.657,0.499,0.252,0.057
271.0,1.541,0.949,0.427,0.657,0.499,0.252,0.057
271.1,1.541,0.949,0.427,0.657,0.499,0.251,0.057
271.2,1.541,0.949,0.427,0.657,0.499,0.251,0.057
271.3,1.541,0.949,0.426,0.657,0.499,0.251,0.057
271.40000000000003,1.541,0.949,0.426,0.657,0.499,0.25,0.057
271.5,1.541,0.949,0.426,0.657,0.499,0.25,0.057
271.6,1.541,0.949,0.426,0.657,0.499,0.25,0.057
271.7,1.541,0.949,0.426,0.657,0.499,0.25,0.057
271.8,1.541,0.949,0.426,0.657,0.499,0.25,0.057
271.90000000000003,1.541,0.949,0.426,0.657,0.499,0.249,0.057
272.0,1.541,0.949,0.426,0.657,0.499,0.249,0.057
272.1,1.541,0.949,0.426,0.657,0.499,0.249,0.057
272.2,1.541,0.949,0.426,0.656,0.499,0.249,0.057
272.3,1.541,0.949,0.426,0.656,0.499,0.248,0.057
272.40000000000003,1.541,0.949,0.426,0.656,0.499,0.248,0.057
272.5,1.534,0.943,0.424,0.656,0.499,0.248,0.057
272.6,1.535,0.944,0.425,0.656,0.499,0.248,0.057
272.7,1.537,0.945,0.425,0.655,0.499,0.247,0.057
272.8,1.538,0.946,0.425,0.655,0.499,0.247,0.057
272.90000000000003,1.538,0.946,0.426,0.655,0.499,0.246,0.057
273.0,1.539,0.947,0.426,0.655,0.499,0.246,0.057
273.1,1.539,0.947,0.426,0.655,0.499,0.246,0.057
273.2,1.54,0.947,0.426,0.655,0.499,0.245,0.057
273.3,1.533,0.942,0.424,0.655,0.499,0.245,0.057
273.40000000000003,1.534,0.943,0.424,0.655,0.499,0.245,0.057
273.5,1.536,0.944,0.425,0.655,0.499,0.245,0.057
273.6,1.537,0.945,0.425,0.655,0.499,0.245,0.057
273.7,1.53,0.94,0.423,0.655,0.499,0.244,0.057
273.8,1.525,0.936,0.421,0.655,0.499,0.244,0.057
273.90000000000003,1.528,0.938,0.422,0.655,0.499,0.244,0.057
274.0,1.531,0.94,0.423,0.655,0.499,0.244,0.057
274.1,1.533,0.942,0.424,0.655,0.499,0.244,0.057
274.2,1.535,0.943,0.424,0.655,0.499,0.244,0.057
274.3,1.536,0.944,0.425,0.655,0.499,0.244,0.057
274.40000000000003,1.545,0.951,0.428,0.655,0.499,0.244,0.057
274.5,1.544,0.951,0.427,0.655,0.499,0.244,0.057
274.6,1.543,0.95,0.427,0.655,0.499,0.244,0.057
274.7,1.551,0.956,0.429,0.656,0.499,0.244,0.057
274.8,1.549,0.955,0.429,0.656,0.499,0.243,0.057
274.90000000000003,1.547,0.953,0.428,0.656,0.499,0.243,0.057
275.0,1.554,0.959,0.43,0.656,0.499,0.243,0.057
275.1,1.551,0.957,0.43,0.656,0.499,0.243,0.057
275.2,1.549,0.955,0.429,0.656,0.499,0.243,0.057
275.3,1.548,0.954,0.428,0.656,0.499,0.243,0.057
275.40000000000003,1.546,0.953,0.428,0.656,0.499,0.243,0.057
275.5,1.545,0.952,0.428,0.656,0.499,0.243,0.057
275.6,1.545,0.951,0.427,0.656,0.499,0.243,0.057
275.7,1.544,0.951,0.427,0.656,0.499,0.243,0.057
275.8,1.543,0.95,0.427,0.656,0.499,0.243,0.057
275.90000000000003,1.55,0.956,0.429,0.655,0.499,0.243,0.057
276.0,1.549,0.955,0.429,0.656,0.499,0.243,0.057
276.1,1.547,0.953,0.428,0.655,0.499,0.242,0.057
276.2,1.546,0.952,0.428,0.655,0.499,0.242,0.057
276.3,1.545,0.952,0.428,0.655,0.499,0.242,0.057
276.40000000000003,1.544,0.951,0.427,0.655,0.499,0.242,0.057
276.5,1.544,0.951,0.427,0.655,0.499,0.242,0.057
276.6,1.543,0.95,0.427,0.655,0.499,0.242,0.057
276.7,1.543,0.95,0.427,0.655,0.499,0.241,0.057
276.8,1.543,0.95,0.427,0.655,0.499,0.241,0.057
276.90000000000003,1.542,0.949,0.427,0.655,0.499,0.241,0.057
277.0,1.542,0.949,0.427,0.655,0.499,0.241,0.057
277.1,1.542,0.949,0.427,0.654,0.499,0.24,0.057
277.2,1.542,0.949,0.427,0.654,0.499,0.24,0.057
277.3,1.542,0.949,0.427,0.654,0.499,0.24,0.057
277.40000000000003,1.542,0.949,0.427,0.654,0.499,0.24,0.057
277.5,1.534,0.943,0.424,0.654,0.499,0.239,0.056
277.6,1.536,0.944,0.425,0.654,0.499,0.239,0.056
277.7,1.529,0.939,0.423,0.654,0.499,0.239,0.056
277.8,1.524,0.935,0.421,0.654,0.499,0.239,0.056
277.90000000000003,1.52,0.932,0.42,0.654,0.499,0.238,0.057
278.0,1.524,0.935,0.421,0.654,0.499,0.238,0.056
278.1,1.528,0.938,0.422,0.654,0.499,0.238,0.056
278.2,1.53,0.94,0.423,0.654,0.499,0.238,0.056
278.3,1.533,0.942,0.424,0.654,0.499,0.237,0.056
278.40000000000003,1.534,0.943,0.424,0.654,0.499,0.237,0.056
278.5,1.536,0.944,0.425,0.654,0.499,0.237,0.056
278.6,1.522,0.933,0.42,0.654,0.499,0.237,0.056
278.7,1.526,0.936,0.422,0.653,0.499,0.236,0.056
278.8,1.529,0.939,0.423,0.653,0.499,0.236,0.056
278.90000000000003,1.531,0.941,0.423,0.653,0.499,0.236,0.056
279.0,1.526,0.936,0.422,0.653,0.499,0.236,0.056
279.1,1.529,0.939,0.423,0.653,0.499,0.236,0.056
279.2,1.554,0.959,0.431,0.653,0.499,0.235,0.056
279.3,1.544,0.951,0.427,0.653,0.499,0.235,0.056
279.40000000000003,1.536,0.945,0.425,0.653,0.499,0.235,0.056
279.5,1.53,0.939,0.423,0.653,0.499,0.235,0.056
279.6,1.524,0.935,0.421,0.653,0.499,0.234,0.056
279.7,1.52,0.932,0.42,0.653,0.499,0.234,0.056
279.8,1.525,0.935,0.421,0.653,0.499,0.234,0.056
279.90000000000003,1.52,0.932,0.42,0.652,0.499,0.234,0.056
280.0,1.517,0.929,0.419,0.652,0.499,0.234,0.056
280.1,1.515,0.927,0.418,0.652,0.499,0.234,0.056
280.2,1.512,0.926,0.417,0.652,0.499,0.234,0.056
280.3,1.511,0.924,0.417,0.652,0.499,0.234,0.056
280.40000000000003,1.517,0.929,0.419,0.652,0.499,0.233,0.056
280.5,1.514,0.927,0.418,0.652,0.499,0.233,0.056
280.6,1.512,0.925,0.417,0.652,0.499,0.233,0.056
280.7,1.511,0.924,0.417,0.652,0.499,0.233,0.056
280.8,1.509,0.923,0.416,0.652,0.499,0.233,0.056
280.90000000000003,1.508,0.922,0.416,0.652,0.499,0.233,0.056
281.0,1.507,0.921,0.416,0.652,0.499,0.232,0.056
281.1,1.507,0.921,0.416,0.652,0.499,0.232,0.056
281.2,1.506,0.92,0.415,0.652,0.499,0.232,0.056
281.3,1.506,0.92,0.415,0.652,0.499,0.232,0.056
281.40000000000003,1.505,0.92,0.415,0.652,0.499,0.232,0.056
281.5,1.505,0.92,0.415,0.652,0.499,0.232,0.056
281.6,1.505,0.919,0.415,0.652,0.499,0.231,0.056
281.7,1.505,0.919,0.415,0.652,0.499,0.231,0.056
281.8,1.505,0.919,0.415,0.652,0.499,0.231,0.056
281.90000000000003,1.504,0.919,0.415,0.652,0.499,0.231,0.056
282.0,1.504,0.919,0.415,0.652,0.499,0.231,0.056
282.1,1.504,0.919,0.415,0.652,0.499,0.231,0.056
282.2,1.504,0.919,0.415,0.652,0.499,0.231,0.056
282.3,1.504,0.919,0.415,0.652,0.499,0.231,0.056
282.40000000000003,1.504,0.919,0.415,0.652,0.499,0.23,0.056
282.5,1.504,0.919,0.415,0.652,0.499,0.23,0.056
282.6,1.504,0.919,0.415,0.652,0.499,0.23,0.056
282.7,1.504,0.919,0.415,0.652,0.499,0.23,0.056
282.8,1.504,0.919,0.415,0.652,0.499,0.23,0.056
282.90000000000003,1.504,0.919,0.415,0.652,0.499,0.23,0.056
283.0,1.504,0.919,0.415,0.652,0.499,0.23,0.056
283.1,1.504,0.919,0.415,0.652,0.499,0.23,0.056
283.2,1.504,0.919,0.415,0.652,0.499,0.23,0.056
283.3,1.534,0.943,0.424,0.652,0.499,0.23,0.056
283.40000000000003,1.528,0.938,0.422,0.652,0.499,0.23,0.056
283.5,1.523,0.934,0.421,0.652,0.499,0.23,0.056
283.6,1.519,0.931,0.42,0.652,0.499,0.23,0.056
283.7,1.516,0.929,0.419,0.652,0.499,0.23,0.056
283.8,1.514,0.927,0.418,0.652,0.499,0.229,0.056
283.90000000000003,1.519,0.931,0.42,0.652,0.499,0.23,0.056
284.0,1.524,0.935,0.421,0.652,0.499,0.229,0.056
284.1,1.52,0.931,0.42,0.652,0.499,0.23,0.056
284.2,1.517,0.929,0.419,0.653,0.499,0.229,0.056
284.3,1.522,0.933,0.42,0.653,0.499,0.229,0.056
284.40000000000003,1.526,0.936,0.422,0.653,0.499,0.229,0.056
284.5,1.499,0.915,0.413,0.653,0.499,0.23,0.056
284.6,1.508,0.922,0.416,0.653,0.499,0.23,0.056
284.7,1.514,0.927,0.418,0.653,0.499,0.23,0.056
284.8,1.512,0.926,0.417,0.653,0.499,0.23,0.056
284.90000000000003,1.518,0.93,0.419,0.653,0.499,0.23,0.056
285.0,1.523,0.934,0.421,0.653,0.499,0.23,0.056
285.1,1.519,0.931,0.419,0.653,0.499,0.229,0.056
285.2,1.523,0.934,0.421,0.653,0.499,0.229,0.056
285.3,1.52,0.931,0.42,0.653,0.499,0.229,0.056
285.40000000000003,1.817,1.111,0.501,0.786,0.6,0.275,0.067
285.5,1.936,1.183,0.534,0.839,0.641,0.294,0.072
285.6,1.984,1.212,0.547,0.86,0.657,0.3,0.074
285.7,2.033,1.248,0.562,0.868,0.664,0.303,0.075
285.8,2.022,1.238,0.558,0.872,0.666,0.304,0.075
285.90000000000003,2.018,1.234,0.557,0.873,0.667,0.305,0.076
286.0,2.046,1.256,0.566,0.873,0.668,0.305,0.075
286.1,2.058,1.265,0.569,0.874,0.668,0.304,0.075
286.2,2.032,1.245,0.561,0.874,0.669,0.304,0.075
286.3,2.022,1.237,0.558,0.873,0.668,0.304,0.075
286.40000000000003,2.018,1.233,0.557,0.873,0.668,0.303,0.075
286.5,2.016,1.232,0.556,0.873,0.668,0.303,0.074
286.6,2.016,1.232,0.556,0.874,0.668,0.302,0.074
286.7,2.016,1.231,0.556,0.873,0.668,0.302,0.074
286.8,2.015,1.231,0.556,0.873,0.668,0.302,0.075
286.90000000000003,2.015,1.231,0.556,0.873,0.668,0.302,0.075
287.0,2.015,1.231,0.556,0.873,0.668,0.302,0.075
287.1,2.015,1.231,0.556,0.873,0.668,0.302,0.075
287.2,2.045,1.255,0.565,0.873,0.668,0.302,0.075
287.3,2.027,1.241,0.56,0.872,0.668,0.302,0.075
287.40000000000003,2.02,1.235,0.557,0.872,0.668,0.302,0.075
287.5,2.017,1.233,0.556,0.872,0.668,0.302,0.076
287.6,2.016,1.232,0.556,0.873,0.668,0.301,0.076
287.7,2.016,1.231,0.556,0.873,0.668,0.302,0.075
287.8,2.076,1.28,0.575,0.873,0.667,0.301,0.075
287.90000000000003,2.039,1.251,0.563,0.873,0.668,0.302,0.075
288.0,2.025,1.239,0.559,0.873,0.668,0.302,0.075
288.1,2.019,1.234,0.557,0.874,0.667,0.302,0.075
288.2,1.957,1.185,0.538,0.873,0.668,0.302,0.075
288.3,1.992,1.213,0.549,0.873,0.667,0.301,0.075
288.40000000000003,2.006,1.224,0.553,0.873,0.667,0.302,0.075
288.5,1.982,1.204,0.545,0.874,0.668,0.302,0.075
288.6,2.032,1.245,0.561,0.874,0.667,0.302,0.075
288.7,2.022,1.237,0.558,0.875,0.668,0.302,0.076
288.8,2.048,1.257,0.566,0.874,0.667,0.302,0.076
288.90000000000003,2.028,1.242,0.56,0.875,0.668,0.302,0.076
289.0,2.051,1.259,0.567,0.875,0.667,0.303,0.076
289.1,2.059,1.267,0.57,0.876,0.668,0.303,0.076
289.2,2.063,1.269,0.571,0.877,0.668,0.304,0.076
289.3,2.064,1.27,0.571,0.877,0.668,0.303,0.076
289.40000000000003,2.065,1.271,0.571,0.877,0.669,0.304,0.076
289.5,2.065,1.271,0.571,0.878,0.668,0.304,0.076
289.6,2.065,1.271,0.571,0.877,0.668,0.305,0.076
289.7,2.065,1.271,0.571,0.877,0.668,0.305,0.076
289.8,2.065,1.271,0.571,0.878,0.668,0.305,0.076
289.90000000000003,2.065,1.271,0.571,0.878,0.668,0.306,0.076
290.0,2.065,1.271,0.571,0.878,0.669,0.306,0.076
290.1,2.065,1.271,0.571,0.879,0.668,0.306,0.076
290.2,2.065,1.271,0.571,0.879,0.668,0.306,0.077
290.3,2.065,1.271,0.571,0.879,0.668,0.307,0.076
290.40000000000003,2.065,1.271,0.571,0.88,0.668,0.308,0.076
290.5,2.065,1.271,0.571,0.88,0.667,0.308,0.076
290.6,2.065,1.271,0.571,0.879,0.668,0.308,0.076
290.7,2.065,1.271,0.571,0.88,0.669,0.308,0.077
290.8,2.065,1.271,0.571,0.879,0.668,0.308,0.077
290.90000000000003,2.065,1.271,0.571,0.879,0.669,0.309,0.077
291.0,2.065,1.271,0.571,0.88,0.668,0.309,0.077
291.1,2.065,1.271,0.571,0.88,0.668,0.309,0.077
291.2,2.096,1.296,0.581,0.88,0.667,0.309,0.077
291.3,2.108,1.305,0.585,0.881,0.668,0.31,0.077
291.40000000000003,2.112,1.309,0.586,0.88,0.668,0.31,0.077
291.5,2.084,1.286,0.577,0.881,0.668,0.31,0.077
291.6,2.103,1.302,0.583,0.881,0.668,0.31,0.077
291.7,2.08,1.283,0.576,0.881,0.668,0.311,0.077
291.8,2.102,1.3,0.583,0.881,0.668,0.311,0.077
291.90000000000003,2.11,1.307,0.586,0.882,0.667,0.311,0.077
292.0,2.113,1.31,0.587,0.881,0.668,0.311,0.078
292.1,2.176,1.361,0.606,0.882,0.667,0.312,0.078
292.2,2.109,1.307,0.585,0.882,0.668,0.312,0.078
292.3,2.083,1.286,0.577,0.881,0.669,0.313,0.077
292.40000000000003,2.103,1.301,0.583,0.881,0.668,0.313,0.077
292.5,2.11,1.308,0.586,0.881,0.668,0.313,0.078
292.6,2.114,1.31,0.587,0.881,0.668,0.313,0.077
292.7,2.115,1.311,0.587,0.881,0.668,0.314,0.078
292.8,2.115,1.312,0.587,0.882,0.667,0.314,0.078
292.90000000000003,2.116,1.312,0.587,0.882,0.668,0.314,0.078
293.0,2.116,1.312,0.587,0.882,0.667,0.314,0.077
293.1,2.085,1.287,0.578,0.882,0.668,0.315,0.078
293.2,2.104,1.302,0.583,0.882,0.667,0.315,0.079
293.3,2.111,1.308,0.586,0.883,0.668,0.316,0.078
293.40000000000003,2.114,1.31,0.587,0.882,0.668,0.316,0.078
293.5,2.115,1.311,0.587,0.882,0.667,0.316,0.078
293.6,2.115,1.312,0.587,0.882,0.668,0.316,0.079
293.7,2.116,1.312,0.587,0.882,0.668,0.316,0.079
293.8,2.085,1.287,0.578,0.882,0.667,0.317,0.078
293.90000000000003,2.104,1.302,0.583,0.882,0.667,0.316,0.079
294.0,2.111,1.308,0.586,0.883,0.668,0.317,0.079
294.1,2.114,1.31,0.587,0.882,0.667,0.317,0.079
294.2,2.115,1.311,0.587,0.882,0.668,0.318,0.078
294.3,2.115,1.312,0.587,0.882,0.667,0.318,0.078
294.40000000000003,2.116,1.312,0.587,0.883,0.668,0.319,0.079
294.5,2.116,1.312,0.587,0.883,0.668,0.319,0.079
294.6,2.116,1.312,0.587,0.883,0.667,0.319,0.079
294.7,2.116,1.312,0.587,0.883,0.667,0.32,0.079
294.8,2.116,1.312,0.587,0.884,0.668,0.32,0.079
294.90000000000003,2.146,1.337,0.597,0.883,0.667,0.32,0.078
295.0,2.128,1.322,0.591,0.884,0.668,0.32,0.079
295.1,2.121,1.316,0.589,0.884,0.667,0.32,0.079
295.2,2.118,1.313,0.588,0.884,0.668,0.321,0.079
295.3,2.116,1.313,0.588,0.883,0.667,0.32,0.079
295.40000000000003,2.116,1.312,0.587,0.883,0.667,0.32,0.079
295.5,2.116,1.312,0.587,0.884,0.668,0.321,0.079
295.6,2.116,1.312,0.587,0.884,0.667,0.321,0.079
295.7,2.116,1.312,0.587,0.883,0.668,0.321,0.079
295.8,2.116,1.312,0.587,0.884,0.668,0.322,0.079
295.90000000000003,2.116,1.312,0.587,0.884,0.668,0.321,0.08
296.0,2.116,1.312,0.587,0.884,0.667,0.322,0.079
296.1,2.116,1.312,0.587,0.883,0.667,0.322,0.079
296.2,2.116,1.312,0.587,0.884,0.667,0.322,0.079
296.3,2.116,1.312,0.587,0.883,0.667,0.322,0.079
296.40000000000003,2.116,1.312,0.587,0.883,0.667,0.323,0.079
296.5,2.116,1.312,0.587,0.884,0.667,0.324,0.079
296.6,2.116,1.312,0.587,0.884,0.667,0.324,0.079
296.7,2.116,1.312,0.587,0.884,0.667,0.324,0.079
296.8,2.116,1.312,0.587,0.884,0.667,0.324,0.079
296.90000000000003,2.116,1.312,0.587,0.884,0.667,0.324,0.08
297.0,2.116,1.312,0.587,0.884,0.667,0.325,0.079
297.1,2.116,1.312,0.587,0.883,0.666,0.325,0.08
297.2,2.146,1.337,0.597,0.883,0.667,0.324,0.079
297.3,2.128,1.322,0.591,0.884,0.667,0.324,0.079
297.40000000000003,2.121,1.316,0.589,0.884,0.667,0.325,0.08
297.5,2.118,1.313,0.588,0.884,0.667,0.325,0.079
297.6,2.116,1.313,0.588,0.884,0.667,0.325,0.08
297.7,2.116,1.312,0.587,0.884,0.667,0.325,0.08
297.8,2.116,1.312,0.587,0.883,0.666,0.326,0.079
297.90000000000003,2.116,1.312,0.587,0.884,0.667,0.326,0.08
298.0,2.116,1.312,0.587,0.884,0.667,0.326,0.08
298.1,2.116,1.312,0.587,0.884,0.667,0.326,0.08
298.2,2.116,1.312,0.587,0.884,0.667,0.326,0.08
298.3,2.116,1.312,0.587,0.884,0.667,0.326,0.08
298.40000000000003,2.207,1.387,0.616,0.884,0.667,0.326,0.08
298.5,2.152,1.342,0.599,0.884,0.667,0.326,0.08
298.6,2.13,1.324,0.592,0.884,0.666,0.327,0.08
298.7,2.152,1.341,0.599,0.884,0.667,0.327,0.08
298.8,2.13,1.324,0.592,0.884,0.667,0.328,0.08
298.90000000000003,2.152,1.341,0.599,0.884,0.666,0.328,0.08
299.0,2.16,1.348,0.601,0.883,0.667,0.327,0.08
299.1,2.164,1.351,0.602,0.884,0.667,0.328,0.08
299.2,2.165,1.352,0.603,0.883,0.667,0.328,0.08
299.3,2.166,1.353,0.603,0.884,0.666,0.329,0.08
299.40000000000003,2.136,1.328,0.594,0.884,0.666,0.328,0.08
299.5,2.154,1.343,0.599,0.884,0.666,0.329,0.08
299.6,2.161,1.349,0.602,0.885,0.666,0.329,0.08
299.7,2.164,1.351,0.603,0.884,0.667,0.329,0.08
299.8,2.165,1.352,0.603,0.884,0.666,0.329,0.08
299.90000000000003,2.166,1.353,0.603,0.884,0.667,0.329,0.08
300.0,2.166,1.353,0.603,0.884,0.666,0.33,0.08
300.1,2.166,1.353,0.603,0.883,0.666,0.33,0.08
300.2,2.166,1.353,0.603,0.884,0.666,0.33,0.08
300.3,2.136,1.328,0.594,0.884,0.667,0.33,0.08
300.40000000000003,2.154,1.343,0.599,0.884,0.667,0.33,0.08
300.5,2.161,1.349,0.602,0.885,0.667,0.33,0.08
300.6,2.164,1.351,0.603,0.884,0.667,0.33,0.08
300.7,2.289,1.454,0.642,0.884,0.666,0.331,0.08
300.8,2.215,1.394,0.619,0.884,0.666,0.331,0.08
300.90000000000003,2.186,1.369,0.609,0.884,0.666,0.331,0.08
301.0,2.174,1.36,0.606,0.884,0.666,0.331,0.08
301.1,2.109,1.307,0.585,0.885,0.667,0.332,0.08
301.2,2.143,1.334,0.596,0.884,0.666,0.332,0.08
301.3,2.157,1.346,0.6,0.884,0.666,0.332,0.08
301.40000000000003,2.163,1.35,0.602,0.885,0.666,0.332,0.08
301.5,2.165,1.352,0.603,0.884,0.666,0.332,0.08
301.6,2.105,1.303,0.584,0.884,0.666,0.332,0.08
301.7,2.142,1.333,0.596,0.884,0.666,0.332,0.08
301.8,2.166,1.353,0.603,0.884,0.667,0.333,0.08
301.90000000000003,2.165,1.352,0.603,0.885,0.667,0.333,0.08
302.0,2.166,1.353,0.603,0.884,0.666,0.334,0.081
302.1,2.166,1.353,0.603,0.884,0.666,0.333,0.08
302.2,2.156,1.345,0.6,0.884,0.667,0.332,0.08
302.3,2.166,1.353,0.603,0.885,0.667,0.333,0.08
302.40000000000003,2.166,1.353,0.603,0.884,0.666,0.333,0.08
302.5,2.166,1.353,0.603,0.884,0.666,0.333,0.08
302.6,2.166,1.353,0.603,0.885,0.666,0.333,0.08
302.7,2.162,1.35,0.602,0.885,0.666,0.332,0.08
302.8,2.166,1.353,0.603,0.884,0.666,0.334,0.081
302.90000000000003,2.166,1.353,0.603,0.884,0.666,0.332,0.08
303.0,2.166,1.353,0.603,0.884,0.666,0.333,0.081
303.1,2.166,1.353,0.603,0.884,0.666,0.334,0.081
303.2,2.166,1.353,0.603,0.884,0.666,0.334,0.08
303.3,2.166,1.353,0.603,0.884,0.666,0.334,0.081
303.40000000000003,2.166,1.353,0.603,0.884,0.666,0.335,0.081
303.5,2.166,1.353,0.603,0.885,0.666,0.334,0.08
303.6,2.166,1.353,0.603,0.885,0.666,0.334,0.081
303.7,2.166,1.353,0.603,0.885,0.667,0.335,0.081
303.8,2.166,1.353,0.603,0.885,0.666,0.335,0.08
303.90000000000003,2.166,1.353,0.603,0.884,0.667,0.335,0.08
304.0,2.166,1.353,0.603,0.884,0.666,0.335,0.081
304.1,2.166,1.353,0.603,0.885,0.667,0.336,0.08
304.2,2.166,1.353,0.603,0.885,0.666,0.336,0.08
304.3,2.166,1.353,0.603,0.885,0.666,0.335,0.081
304.40000000000003,2.166,1.353,0.603,0.884,0.667,0.336,0.081
304.5,2.166,1.353,0.603,0.884,0.666,0.336,0.081
304.6,2.166,1.353,0.603,0.884,0.666,0.336,0.081
304.7,2.166,1.353,0.603,0.885,0.666,0.336,0.081
304.8,2.166,1.353,0.603,0.884,0.667,0.336,0.081
304.90000000000003,2.166,1.353,0.603,0.884,0.666,0.336,0.08
305.0,2.166,1.353,0.603,0.885,0.666,0.336,0.081
305.1,2.166,1.353,0.603,0.884,0.666,0.336,0.081
305.2,2.166,1.353,0.603,0.885,0.666,0.337,0.08
305.3,2.166,1.353,0.603,0.885,0.666,0.337,0.081
305.40000000000003,2.166,1.353,0.603,0.885,0.666,0.337,0.081
305.5,2.166,1.353,0.603,0.885,0.666,0.337,0.081
305.6,2.166,1.353,0.603,0.885,0.666,0.337,0.081
305.7,2.166,1.353,0.603,0.885,0.667,0.337,0.081
305.8,2.166,1.353,0.603,0.885,0.666,0.337,0.081
305.90000000000003,2.166,1.353,0.603,0.885,0.666,0.338,0.081
306.0,2.166,1.353,0.603,0.885,0.666,0.338,0.081
306.1,2.166,1.353,0.603,0.885,0.666,0.338,0.081
306.2,2.166,1.353,0.603,0.885,0.666,0.338,0.081
306.3,2.166,1.353,0.603,0.885,0.666,0.338,0.081
306.40000000000003,2.166,1.353,0.603,0.884,0.666,0.338,0.081
306.5,2.197,1.378,0.613,0.885,0.666,0.338,0.081
306.6,2.178,1.363,0.607,0.885,0.666,0.339,0.081
306.7,2.171,1.357,0.605,0.884,0.665,0.339,0.081
306.8,2.168,1.355,0.604,0.885,0.666,0.34,0.081
306.90000000000003,2.167,1.354,0.603,0.885,0.666,0.339,0.081
307.0,2.167,1.353,0.603,0.885,0.666,0.339,0.081
307.1,2.166,1.353,0.603,0.885,0.665,0.339,0.081
307.20000000000005,2.166,1.353,0.603,0.886,0.666,0.339,0.081
307.3,2.166,1.353,0.603,0.885,0.666,0.34,0.081
307.40000000000003,2.166,1.353,0.603,0.885,0.666,0.34,0.081
307.5,2.166,1.353,0.603,0.885,0.667,0.34,0.08
307.6,2.166,1.353,0.603,0.885,0.666,0.339,0.081
307.70000000000005,2.166,1.353,0.603,0.885,0.666,0.34,0.081
307.8,2.166,1.353,0.603,0.884,0.666,0.34,0.081
307.90000000000003,2.197,1.378,0.613,0.885,0.665,0.34,0.081
308.0,2.178,1.363,0.607,0.885,0.665,0.34,0.081
308.1,2.171,1.357,0.605,0.884,0.666,0.34,0.081
308.20000000000005,2.199,1.38,0.613,0.885,0.665,0.34,0.081
308.3,2.179,1.364,0.607,0.885,0.665,0.34,0.081
308.40000000000003,2.171,1.357,0.605,0.885,0.665,0.34,0.081
308.5,2.199,1.38,0.614,0.885,0.665,0.34,0.081
308.6,2.179,1.364,0.607,0.885,0.665,0.34,0.081
308.70000000000005,2.141,1.333,0.595,0.885,0.665,0.34,0.081
308.8,2.156,1.345,0.6,0.885,0.665,0.34,0.081
308.90000000000003,2.162,1.35,0.602,0.885,0.665,0.341,0.081
309.0,2.165,1.352,0.603,0.885,0.665,0.341,0.081
309.1,2.166,1.353,0.603,0.884,0.665,0.341,0.081
309.20000000000005,2.166,1.353,0.603,0.885,0.665,0.341,0.081
309.3,2.166,1.353,0.603,0.884,0.665,0.341,0.081
309.40000000000003,2.166,1.353,0.603,0.885,0.666,0.341,0.081
309.5,2.166,1.353,0.603,0.885,0.666,0.342,0.081
309.6,2.166,1.353,0.603,0.884,0.665,0.341,0.081
309.70000000000005,2.166,1.353,0.603,0.885,0.665,0.341,0.081
309.8,2.197,1.378,0.613,0.885,0.665,0.341,0.081
309.90000000000003,2.178,1.363,0.607,0.885,0.665,0.342,0.081
310.0,2.202,1.382,0.614,0.885,0.666,0.342,0.081
310.1,2.18,1.365,0.608,0.885,0.665,0.342,0.081
310.20000000000005,2.172,1.358,0.605,0.885,0.665,0.342,0.081
310.3,2.168,1.355,0.604,0.885,0.666,0.342,0.081
310.40000000000003,2.167,1.354,0.603,0.885,0.665,0.342,0.081
310.5,2.167,1.353,0.603,0.885,0.666,0.342,0.081
310.6,2.197,1.378,0.613,0.885,0.665,0.342,0.081
310.70000000000005,2.209,1.388,0.617,0.885,0.666,0.342,0.081
310.8,2.183,1.367,0.609,0.885,0.666,0.342,0.081
310.90000000000003,2.173,1.359,0.605,0.885,0.665,0.343,0.081
311.0,2.169,1.355,0.604,0.885,0.665,0.342,0.081
311.1,2.198,1.379,0.613,0.885,0.665,0.342,0.082
311.20000000000005,2.179,1.363,0.607,0.885,0.665,0.342,0.081
311.3,2.171,1.357,0.605,0.884,0.665,0.343,0.082
311.40000000000003,2.168,1.355,0.604,0.885,0.665,0.343,0.081
311.5,2.198,1.379,0.613,0.886,0.665,0.343,0.081
311.6,2.179,1.363,0.607,0.885,0.665,0.343,0.082
311.70000000000005,2.171,1.357,0.605,0.885,0.665,0.343,0.081
311.8,2.168,1.355,0.604,0.884,0.665,0.343,0.081
311.90000000000003,2.198,1.379,0.613,0.884,0.665,0.344,0.081
312.0,2.209,1.388,0.617,0.885,0.665,0.344,0.081
312.1,2.214,1.392,0.618,0.885,0.665,0.344,0.081
312.20000000000005,2.308,1.471,0.648,0.885,0.665,0.343,0.081
312.3,2.254,1.425,0.631,0.885,0.665,0.344,0.081
312.40000000000003,2.201,1.382,0.614,0.885,0.664,0.344,0.081
312.5,2.211,1.39,0.617,0.885,0.665,0.343,0.082
312.6,2.215,1.393,0.618,0.884,0.665,0.344,0.081
312.70000000000005,2.216,1.394,0.619,0.885,0.665,0.344,0.081
312.8,2.278,1.445,0.639,0.885,0.665,0.345,0.081
312.90000000000003,2.242,1.415,0.627,0.884,0.664,0.345,0.081
313.0,2.196,1.378,0.613,0.885,0.665,0.345,0.081
313.1,2.209,1.388,0.617,0.885,0.665,0.345,0.081
313.20000000000005,2.183,1.367,0.609,0.885,0.665,0.345,0.081
313.3,2.204,1.384,0.615,0.884,0.665,0.345,0.081
313.40000000000003,2.212,1.39,0.618,0.885,0.665,0.345,0.081
313.5,2.184,1.368,0.609,0.885,0.665,0.345,0.081
313.6,2.204,1.384,0.615,0.885,0.665,0.345,0.081
313.70000000000005,2.181,1.365,0.608,0.885,0.665,0.345,0.081
313.8,2.172,1.358,0.605,0.885,0.665,0.345,0.081
313.90000000000003,2.169,1.355,0.604,0.884,0.665,0.345,0.081
314.0,2.198,1.379,0.613,0.885,0.664,0.346,0.081
314.1,2.209,1.388,0.617,0.884,0.664,0.345,0.081
314.20000000000005,2.183,1.367,0.609,0.885,0.664,0.345,0.081
314.3,2.204,1.384,0.615,0.884,0.664,0.346,0.081
314.40000000000003,2.212,1.39,0.618,0.885,0.664,0.345,0.081
314.5,2.184,1.368,0.609,0.884,0.665,0.346,0.082
314.6,2.174,1.359,0.606,0.885,0.665,0.346,0.082
314.70000000000005,2.2,1.38,0.614,0.885,0.665,0.346,0.082
314.8,2.21,1.389,0.617,0.885,0.665,0.346,0.081
314.90000000000003,2.184,1.367,0.609,0.885,0.666,0.346,0.081
315.0,2.204,1.384,0.615,0.885,0.665,0.346,0.081
315.1,2.212,1.39,0.618,0.884,0.665,0.347,0.081
315.20000000000005,2.184,1.368,0.609,0.885,0.664,0.346,0.081
315.3,2.174,1.359,0.606,0.884,0.664,0.346,0.082
315.40000000000003,2.169,1.355,0.604,0.885,0.664,0.346,0.081
315.5,2.198,1.379,0.613,0.885,0.665,0.347,0.082
315.6,2.209,1.388,0.617,0.885,0.664,0.346,0.081
315.70000000000005,2.214,1.392,0.618,0.884,0.665,0.347,0.081
315.8,2.216,1.394,0.619,0.885,0.664,0.347,0.081
315.90000000000003,2.186,1.369,0.609,0.885,0.665,0.346,0.081
316.0,2.174,1.36,0.606,0.884,0.664,0.347,0.081
316.1,2.169,1.356,0.604,0.885,0.665,0.348,0.082
316.20000000000005,2.198,1.379,0.613,0.884,0.664,0.347,0.081
316.3,2.209,1.388,0.617,0.885,0.664,0.347,0.082
316.40000000000003,2.214,1.392,0.618,0.885,0.665,0.348,0.082
316.5,2.216,1.394,0.619,0.885,0.664,0.348,0.082
316.6,2.217,1.394,0.619,0.885,0.664,0.348,0.082
316.70000000000005,2.217,1.395,0.619,0.885,0.665,0.348,0.082
316.8,2.217,1.395,0.619,0.885,0.665,0.348,0.082
316.90000000000003,2.187,1.37,0.61,0.885,0.665,0.348,0.082
317.0,2.205,1.385,0.615,0.885,0.665,0.348,0.082
317.1,2.212,1.391,0.618,0.884,0.664,0.348,0.081
317.20000000000005,2.215,1.393,0.619,0.885,0.664,0.348,0.082
317.3,2.216,1.394,0.619,0.884,0.665,0.348,0.081
317.40000000000003,2.217,1.394,0.619,0.885,0.664,0.348,0.081
317.5,2.186,1.37,0.61,0.885,0.664,0.349,0.081
317.6,2.205,1.385,0.615,0.884,0.664,0.349,0.081
317.70000000000005,2.182,1.366,0.608,0.885,0.665,0.349,0.082
317.8,2.203,1.383,0.615,0.885,0.664,0.348,0.081
317.90000000000003,2.181,1.365,0.608,0.885,0.665,0.348,0.081
318.0,2.203,1.383,0.615,0.885,0.664,0.349,0.082
318.1,2.211,1.39,0.617,0.885,0.664,0.349,0.081
318.20000000000005,2.184,1.368,0.609,0.885,0.665,0.349,0.082
318.3,2.204,1.384,0.615,0.885,0.665,0.348,0.081
318.40000000000003,2.151,1.341,0.598,0.885,0.664,0.349,0.081
318.5,2.16,1.348,0.601,0.885,0.665,0.349,0.082
318.6,2.194,1.376,0.612,0.885,0.665,0.349,0.082
318.70000000000005,2.208,1.387,0.616,0.886,0.664,0.349,0.083
318.8,2.213,1.392,0.618,0.885,0.665,0.349,0.082
318.90000000000003,2.216,1.394,0.619,0.885,0.664,0.349,0.081
319.0,2.217,1.394,0.619,0.885,0.665,0.349,0.082
319.1,2.217,1.395,0.619,0.885,0.664,0.35,0.082
319.20000000000005,2.217,1.395,0.619,0.885,0.665,0.349,0.082
319.3,2.217,1.395,0.619,0.885,0.665,0.349,0.082
319.40000000000003,2.217,1.395,0.619,0.885,0.664,0.349,0.081
319.5,2.217,1.395,0.619,0.885,0.664,0.35,0.082
319.6,2.217,1.395,0.619,0.885,0.665,0.35,0.082
319.70000000000005,2.217,1.395,0.619,0.885,0.665,0.35,0.082
319.8,2.217,1.395,0.619,0.885,0.664,0.35,0.081
319.90000000000003,2.217,1.395,0.619,0.885,0.664,0.35,0.082
320.0,2.217,1.395,0.619,0.885,0.665,0.349,0.082
320.1,2.217,1.395,0.619,0.885,0.664,0.35,0.082
320.20000000000005,2.217,1.395,0.619,0.885,0.664,0.35,0.081
320.3,2.217,1.395,0.619,0.885,0.665,0.35,0.081
320.40000000000003,2.217,1.395,0.619,0.885,0.664,0.35,0.082
320.5,2.217,1.395,0.619,0.885,0.664,0.35,0.082
320.6,2.217,1.395,0.619,0.885,0.665,0.351,0.082
320.70000000000005,2.217,1.395,0.619,0.885,0.664,0.35,0.082
320.8,2.217,1.395,0.619,0.885,0.664,0.351,0.081
320.90000000000003,2.217,1.395,0.619,0.885,0.664,0.351,0.082
321.0,2.217,1.395,0.619,0.885,0.665,0.351,0.082
321.1,2.217,1.395,0.619,0.885,0.664,0.351,0.082
321.20000000000005,2.217,1.395,0.619,0.885,0.665,0.351,0.081
321.3,2.187,1.37,0.61,0.885,0.665,0.351,0.081
321.40000000000003,2.205,1.385,0.615,0.886,0.665,0.351,0.081
321.5,2.212,1.391,0.618,0.885,0.664,0.352,0.082
321.6,2.215,1.393,0.619,0.885,0.665,0.351,0.082
321.70000000000005,2.216,1.394,0.619,0.885,0.664,0.352,0.082
321.8,2.217,1.394,0.619,0.885,0.664,0.351,0.081
321.90000000000003,2.217,1.395,0.619,0.885,0.665,0.351,0.082
322.0,2.217,1.395,0.619,0.885,0.664,0.352,0.082
322.1,2.217,1.395,0.619,0.885,0.665,0.352,0.082
322.20000000000005,2.217,1.395,0.619,0.886,0.664,0.352,0.082
322.3,2.217,1.395,0.619,0.885,0.665,0.352,0.082
322.40000000000003,2.217,1.395,0.619,0.885,0.665,0.352,0.081
322.5,2.217,1.395,0.619,0.886,0.665,0.352,0.082
322.6,2.217,1.395,0.619,0.886,0.665,0.353,0.082
322.70000000000005,2.217,1.395,0.619,0.885,0.664,0.352,0.082
322.8,2.248,1.42,0.629,0.886,0.665,0.352,0.082
322.90000000000003,2.229,1.405,0.623,0.885,0.665,0.352,0.082
323.0,2.222,1.399,0.621,0.885,0.665,0.352,0.082
323.1,2.219,1.396,0.62,0.885,0.665,0.352,0.082
323.20000000000005,2.218,1.395,0.62,0.885,0.664,0.353,0.082
323.3,2.217,1.395,0.619,0.885,0.665,0.353,0.082
323.40000000000003,2.217,1.395,0.619,0.885,0.664,0.353,0.081
323.5,2.217,1.395,0.619,0.885,0.664,0.352,0.082
323.6,2.217,1.395,0.619,0.885,0.663,0.353,0.082
323.70000000000005,2.217,1.395,0.619,0.886,0.664,0.352,0.083
323.8,2.217,1.395,0.619,0.885,0.664,0.353,0.082
323.90000000000003,2.217,1.395,0.619,0.885,0.664,0.353,0.082
324.0,2.217,1.395,0.619,0.885,0.665,0.353,0.082
324.1,2.217,1.395,0.619,0.885,0.664,0.354,0.082
324.20000000000005,2.217,1.395,0.619,0.886,0.664,0.353,0.082
324.3,2.217,1.395,0.619,0.885,0.664,0.353,0.082
324.40000000000003,2.217,1.395,0.619,0.885,0.663,0.354,0.082
324.5,2.217,1.395,0.619,0.885,0.664,0.354,0.082
324.6,2.217,1.395,0.619,0.885,0.664,0.354,0.083
324.70000000000005,2.217,1.395,0.619,0.886,0.665,0.354,0.082
324.8,2.217,1.395,0.619,0.885,0.665,0.353,0.082
324.90000000000003,2.217,1.395,0.619,0.886,0.665,0.354,0.082
325.0,2.217,1.395,0.619,0.886,0.664,0.354,0.082
325.1,2.217,1.395,0.619,0.885,0.664,0.354,0.082
325.20000000000005,2.217,1.395,0.619,0.886,0.664,0.354,0.083
325.3,2.217,1.395,0.619,0.885,0.665,0.354,0.082
325.40000000000003,2.217,1.395,0.619,0.885,0.664,0.354,0.083
325.5,2.126,1.321,0.591,0.886,0.665,0.354,0.082
325.6,2.181,1.365,0.608,0.885,0.665,0.354,0.082
325.70000000000005,2.172,1.358,0.605,0.885,0.664,0.354,0.082
325.8,2.199,1.38,0.614,0.885,0.664,0.354,0.082
325.90000000000003,2.21,1.389,0.617,0.885,0.664,0.354,0.082
326.0,2.214,1.392,0.618,0.886,0.664,0.354,0.082
326.1,2.216,1.394,0.619,0.885,0.664,0.354,0.082
326.20000000000005,2.217,1.394,0.619,0.885,0.665,0.355,0.081
326.3,2.248,1.42,0.629,0.886,0.664,0.355,0.082
326.40000000000003,2.229,1.405,0.623,0.885,0.663,0.354,0.082
326.5,2.222,1.399,0.621,0.885,0.664,0.355,0.082
326.6,2.219,1.396,0.62,0.885,0.665,0.355,0.083
326.70000000000005,2.218,1.395,0.62,0.885,0.664,0.355,0.082
326.8,2.217,1.395,0.619,0.886,0.664,0.355,0.082
326.90000000000003,2.217,1.395,0.619,0.885,0.664,0.355,0.082
327.0,2.217,1.395,0.619,0.886,0.664,0.356,0.082
327.1,2.31,1.472,0.649,0.886,0.664,0.355,0.083
327.20000000000005,2.254,1.425,0.631,0.885,0.665,0.355,0.082
327.3,2.232,1.407,0.624,0.885,0.664,0.355,0.083
327.40000000000003,2.223,1.4,0.621,0.886,0.664,0.356,0.082
327.5,2.219,1.397,0.62,0.885,0.664,0.356,0.082
327.6,2.218,1.396,0.62,0.886,0.663,0.356,0.082
327.70000000000005,2.217,1.395,0.619,0.885,0.664,0.355,0.082
327.8,2.217,1.395,0.619,0.885,0.664,0.356,0.082
327.90000000000003,2.217,1.395,0.619,0.885,0.663,0.356,0.082
328.0,2.217,1.395,0.619,0.885,0.664,0.356,0.082
328.1,2.217,1.395,0.619,0.885,0.665,0.356,0.082
328.20000000000005,2.217,1.395,0.619,0.885,0.664,0.356,0.082
328.3,2.217,1.395,0.619,0.886,0.664,0.356,0.083
328.40000000000003,2.217,1.395,0.619,0.885,0.664,0.356,0.082
328.5,2.217,1.395,0.619,0.885,0.664,0.356,0.083
328.6,2.217,1.395,0.619,0.886,0.664,0.356,0.082
328.70000000000005,2.217,1.395,0.619,0.885,0.663,0.356,0.082
328.8,2.217,1.395,0.619,0.885,0.664,0.356,0.082
328.90000000000003,2.217,1.395,0.619,0.885,0.664,0.356,0.082
329.0,2.217,1.395,0.619,0.885,0.664,0.356,0.082
329.1,2.217,1.395,0.619,0.885,0.663,0.356,0.082
329.20000000000005,2.217,1.395,0.619,0.885,0.663,0.356,0.082
329.3,2.217,1.395,0.619,0.885,0.663,0.356,0.082
329.40000000000003,2.217,1.395,0.619,0.885,0.664,0.356,0.082
329.5,2.217,1.395,0.619,0.885,0.663,0.356,0.082
329.6,2.217,1.395,0.619,0.886,0.664,0.356,0.083
329.70000000000005,2.217,1.395,0.619,0.885,0.663,0.356,0.082
329.8,2.217,1.395,0.619,0.885,0.664,0.356,0.082
329.90000000000003,2.217,1.395,0.619,0.885,0.664,0.356,0.082
330.0,2.217,1.395,0.619,0.886,0.663,0.356,0.083
330.1,2.217,1.395,0.619,0.885,0.663,0.356,0.082
330.20000000000005,2.217,1.395,0.619,0.886,0.663,0.356,0.082
330.3,2.217,1.395,0.619,0.885,0.663,0.356,0.083
330.40000000000003,2.217,1.395,0.619,0.886,0.663,0.356,0.082
330.5,2.217,1.395,0.619,0.886,0.663,0.356,0.082
330.6,2.217,1.395,0.619,0.885,0.664,0.356,0.082
330.70000000000005,2.217,1.395,0.619,0.886,0.664,0.356,0.082
330.8,2.217,1.395,0.619,0.885,0.663,0.356,0.082
330.90000000000003,2.248,1.42,0.629,0.885,0.663,0.356,0.082
331.0,2.229,1.405,0.623,0.885,0.664,0.356,0.082
331.1,2.222,1.399,0.621,0.885,0.663,0.356,0.082
331.20000000000005,2.219,1.396,0.62,0.886,0.663,0.356,0.082
331.3,2.218,1.395,0.62,0.886,0.664,0.356,0.082
331.40000000000003,2.217,1.395,0.619,0.886,0.664,0.356,0.082
331.5,2.217,1.395,0.619,0.885,0.665,0.356,0.082
331.6,2.217,1.395,0.619,0.886,0.664,0.356,0.082
331.70000000000005,2.217,1.395,0.619,0.886,0.664,0.357,0.082
331.8,2.217,1.395,0.619,0.885,0.663,0.357,0.083
331.90000000000003,2.217,1.395,0.619,0.885,0.663,0.356,0.082
332.0,2.217,1.395,0.619,0.885,0.664,0.357,0.082
332.1,2.217,1.395,0.619,0.886,0.664,0.356,0.081
332.20000000000005,2.217,1.395,0.619,0.886,0.663,0.357,0.082
332.3,2.217,1.395,0.619,0.886,0.663,0.356,0.082
332.40000000000003,2.217,1.395,0.619,0.885,0.663,0.357,0.082
332.5,2.217,1.395,0.619,0.886,0.664,0.356,0.082
332.6,2.217,1.395,0.619,0.885,0.663,0.357,0.082
332.70000000000005,2.217,1.395,0.619,0.885,0.663,0.357,0.082
332.8,2.248,1.42,0.629,0.886,0.663,0.356,0.082
332.90000000000003,2.229,1.405,0.623,0.885,0.664,0.357,0.082
333.0,2.222,1.399,0.621,0.885,0.664,0.357,0.082
333.1,2.219,1.396,0.62,0.886,0.663,0.357,0.082
333.20000000000005,2.218,1.395,0.62,0.886,0.663,0.357,0.082
333.3,2.217,1.395,0.619,0.886,0.664,0.357,0.082
333.40000000000003,2.217,1.395,0.619,0.886,0.663,0.357,0.082
333.5,2.217,1.395,0.619,0.885,0.663,0.357,0.082
333.6,2.217,1.395,0.619,0.886,0.664,0.358,0.083
333.70000000000005,2.248,1.42,0.629,0.886,0.664,0.357,0.082
333.8,2.229,1.405,0.623,0.886,0.664,0.358,0.082
333.90000000000003,2.222,1.399,0.621,0.886,0.663,0.358,0.082
334.0,2.219,1.396,0.62,0.886,0.663,0.358,0.082
334.1,2.218,1.395,0.62,0.886,0.664,0.358,0.082
334.20000000000005,2.217,1.395,0.619,0.886,0.663,0.357,0.081
334.3,2.217,1.395,0.619,0.886,0.664,0.358,0.082
334.40000000000003,2.217,1.395,0.619,0.885,0.663,0.358,0.082
334.5,2.217,1.395,0.619,0.886,0.664,0.358,0.082
334.6,2.217,1.395,0.619,0.886,0.664,0.357,0.082
334.70000000000005,2.217,1.395,0.619,0.885,0.664,0.358,0.082
334.8,2.217,1.395,0.619,0.886,0.664,0.358,0.082
334.90000000000003,2.217,1.395,0.619,0.885,0.663,0.358,0.082
335.0,2.187,1.37,0.61,0.885,0.663,0.358,0.082
335.1,2.205,1.385,0.615,0.885,0.663,0.357,0.082
335.20000000000005,2.212,1.391,0.618,0.885,0.663,0.358,0.081
335.3,2.215,1.393,0.619,0.886,0.663,0.358,0.082
335.40000000000003,2.216,1.394,0.619,0.886,0.663,0.358,0.082
335.5,2.217,1.394,0.619,0.886,0.663,0.358,0.082
335.6,2.217,1.395,0.619,0.886,0.663,0.358,0.082
335.70000000000005,2.217,1.395,0.619,0.885,0.664,0.358,0.082
335.8,2.217,1.395,0.619,0.885,0.663,0.358,0.082
335.90000000000003,2.217,1.395,0.619,0.885,0.663,0.358,0.081
336.0,2.217,1.395,0.619,0.885,0.663,0.358,0.082
336.1,2.217,1.395,0.619,0.886,0.663,0.358,0.082
336.20000000000005,2.217,1.395,0.619,0.886,0.663,0.358,0.082
336.3,2.217,1.395,0.619,0.886,0.663,0.358,0.082
336.40000000000003,2.217,1.395,0.619,0.885,0.664,0.358,0.082
336.5,2.217,1.395,0.619,0.886,0.663,0.358,0.083
336.6,2.217,1.395,0.619,0.885,0.663,0.358,0.082
336.70000000000005,2.217,1.395,0.619,0.885,0.663,0.358,0.082
336.8,2.217,1.395,0.619,0.886,0.663,0.358,0.082
336.90000000000003,2.217,1.395,0.619,0.886,0.663,0.358,0.082
337.0,2.217,1.395,0.619,0.886,0.663,0.358,0.082
337.1,2.187,1.37,0.61,0.886,0.663,0.358,0.082
337.20000000000005,2.236,1.41,0.625,0.886,0.663,0.359,0.082
337.3,2.224,1.401,0.622,0.885,0.663,0.359,0.082
337.40000000000003,2.22,1.397,0.62,0.885,0.663,0.358,0.082
337.5,2.218,1.396,0.62,0.886,0.663,0.359,0.083
337.6,2.218,1.395,0.619,0.886,0.663,0.359,0.083
337.70000000000005,2.217,1.395,0.619,0.886,0.663,0.359,0.082
337.8,2.217,1.395,0.619,0.886,0.663,0.359,0.082
337.90000000000003,2.187,1.37,0.61,0.886,0.663,0.359,0.082
338.0,2.205,1.385,0.615,0.886,0.663,0.359,0.083
338.1,2.212,1.391,0.618,0.885,0.663,0.359,0.082
338.20000000000005,2.215,1.393,0.619,0.886,0.664,0.359,0.082
338.3,2.247,1.419,0.629,0.886,0.663,0.359,0.082
338.40000000000003,2.26,1.43,0.633,0.886,0.663,0.359,0.082
338.5,2.265,1.434,0.634,0.886,0.664,0.359,0.082
338.6,2.236,1.41,0.625,0.886,0.663,0.36,0.082
338.70000000000005,2.255,1.426,0.631,0.886,0.663,0.359,0.082
338.8,2.263,1.433,0.634,0.886,0.663,0.36,0.082
338.90000000000003,2.235,1.41,0.625,0.886,0.663,0.359,0.082
339.0,2.224,1.401,0.622,0.886,0.663,0.359,0.083
339.1,2.22,1.397,0.62,0.886,0.664,0.359,0.082
339.20000000000005,2.249,1.421,0.629,0.886,0.663,0.359,0.082
339.3,2.23,1.405,0.623,0.886,0.663,0.36,0.082
339.40000000000003,2.222,1.399,0.621,0.885,0.663,0.36,0.082
339.5,2.219,1.396,0.62,0.886,0.663,0.36,0.082
339.6,2.218,1.395,0.62,0.885,0.663,0.36,0.082
339.70000000000005,2.217,1.395,0.619,0.885,0.663,0.36,0.082
339.8,2.217,1.395,0.619,0.886,0.663,0.359,0.082
339.90000000000003,2.217,1.395,0.619,0.886,0.663,0.36,0.082
340.0,2.248,1.42,0.629,0.886,0.663,0.36,0.082
340.1,2.229,1.405,0.623,0.886,0.663,0.36,0.083
340.20000000000005,2.222,1.399,0.621,0.886,0.663,0.359,0.082
340.3,2.219,1.396,0.62,0.886,0.663,0.359,0.082
340.40000000000003,2.218,1.395,0.62,0.886,0.663,0.36,0.083
340.5,2.217,1.395,0.619,0.886,0.663,0.36,0.082
340.6,2.248,1.42,0.629,0.886,0.663,0.36,0.082
340.70000000000005,2.26,1.43,0.633,0.886,0.663,0.36,0.082
340.8,2.234,1.409,0.625,0.885,0.663,0.36,0.082
340.90000000000003,2.255,1.426,0.631,0.885,0.663,0.36,0.082
341.0,2.232,1.407,0.624,0.886,0.663,0.36,0.082
341.1,2.223,1.4,0.621,0.885,0.663,0.361,0.082
341.20000000000005,2.219,1.397,0.62,0.886,0.663,0.361,0.083
341.3,2.218,1.396,0.62,0.885,0.663,0.361,0.082
341.40000000000003,2.217,1.395,0.619,0.886,0.663,0.361,0.082
341.5,2.248,1.42,0.629,0.885,0.663,0.36,0.082
341.6,2.229,1.405,0.623,0.885,0.663,0.36,0.082
341.70000000000005,2.222,1.399,0.621,0.886,0.663,0.361,0.082
341.8,2.219,1.396,0.62,0.885,0.663,0.36,0.082
341.90000000000003,2.218,1.395,0.62,0.886,0.663,0.361,0.082
342.0,2.217,1.395,0.619,0.886,0.663,0.36,0.082
342.1,2.217,1.395,0.619,0.887,0.663,0.36,0.083
342.20000000000005,2.248,1.42,0.629,0.886,0.663,0.361,0.082
342.3,2.229,1.405,0.623,0.886,0.663,0.361,0.083
342.40000000000003,2.253,1.424,0.631,0.887,0.663,0.361,0.082
342.5,2.262,1.432,0.634,0.886,0.663,0.361,0.082
342.6,2.235,1.41,0.625,0.886,0.663,0.361,0.082
342.70000000000005,2.224,1.401,0.622,0.886,0.663,0.361,0.083
342.8,2.22,1.397,0.62,0.886,0.663,0.361,0.083
342.90000000000003,2.249,1.421,0.629,0.886,0.663,0.361,0.082
343.0,2.23,1.405,0.623,0.885,0.663,0.361,0.083
343.1,2.222,1.399,0.621,0.886,0.663,0.361,0.082
343.20000000000005,2.219,1.396,0.62,0.886,0.663,0.361,0.082
343.3,2.218,1.395,0.62,0.885,0.663,0.361,0.082
343.40000000000003,2.217,1.395,0.619,0.886,0.663,0.361,0.082
343.5,2.217,1.395,0.619,0.886,0.663,0.361,0.082
343.6,2.217,1.395,0.619,0.886,0.663,0.361,0.082
343.70000000000005,2.217,1.395,0.619,0.886,0.663,0.361,0.082
343.8,2.217,1.395,0.619,0.886,0.663,0.362,0.082
343.90000000000003,2.217,1.395,0.619,0.885,0.663,0.361,0.083
344.0,2.217,1.395,0.619,0.886,0.663,0.361,0.082
344.1,2.217,1.395,0.619,0.885,0.663,0.361,0.082
344.20000000000005,2.217,1.395,0.619,0.886,0.663,0.361,0.082
344.3,2.217,1.395,0.619,0.886,0.663,0.361,0.082
344.40000000000003,2.248,1.42,0.629,0.886,0.663,0.362,0.082
344.5,2.26,1.43,0.633,0.887,0.663,0.362,0.082
344.6,2.234,1.409,0.625,0.886,0.663,0.361,0.082
344.70000000000005,2.224,1.4,0.621,0.886,0.663,0.362,0.082
344.8,2.22,1.397,0.62,0.886,0.663,0.362,0.082
344.90000000000003,2.218,1.396,0.62,0.886,0.663,0.362,0.082
345.0,2.218,1.395,0.619,0.886,0.663,0.362,0.082
345.1,2.217,1.395,0.619,0.886,0.663,0.362,0.082
345.20000000000005,2.217,1.395,0.619,0.886,0.663,0.362,0.082
345.3,2.217,1.395,0.619,0.886,0.663,0.362,0.082
345.40000000000003,2.31,1.472,0.649,0.886,0.663,0.361,0.082
345.5,2.254,1.425,0.631,0.885,0.663,0.362,0.082
345.6,2.232,1.407,0.624,0.886,0.663,0.362,0.082
345.70000000000005,2.223,1.4,0.621,0.885,0.663,0.362,0.083
345.8,2.219,1.397,0.62,0.885,0.663,0.362,0.082
345.90000000000003,2.218,1.396,0.62,0.885,0.663,0.362,0.083
346.0,2.217,1.395,0.619,0.886,0.663,0.362,0.082
346.1,2.187,1.37,0.61,0.885,0.663,0.362,0.083
346.20000000000005,2.205,1.385,0.615,0.886,0.662,0.362,0.082
346.3,2.212,1.391,0.618,0.886,0.663,0.362,0.082
346.40000000000003,2.215,1.393,0.619,0.885,0.663,0.362,0.082
346.5,2.247,1.419,0.629,0.886,0.663,0.362,0.082
346.6,2.168,1.355,0.604,0.886,0.663,0.362,0.083
346.70000000000005,2.198,1.379,0.613,0.886,0.663,0.362,0.082
346.8,2.209,1.388,0.617,0.886,0.663,0.362,0.083
346.90000000000003,2.214,1.392,0.618,0.886,0.663,0.362,0.082
347.0,2.216,1.394,0.619,0.886,0.663,0.362,0.082
347.1,2.217,1.394,0.619,0.886,0.663,0.362,0.082
347.20000000000005,2.217,1.395,0.619,0.886,0.663,0.362,0.082
347.3,2.248,1.42,0.629,0.886,0.664,0.363,0.082
347.40000000000003,2.229,1.405,0.623,0.886,0.663,0.363,0.082
347.5,2.222,1.399,0.621,0.887,0.663,0.363,0.082
347.6,2.25,1.422,0.63,0.886,0.663,0.363,0.082
347.70000000000005,2.23,1.405,0.623,0.886,0.663,0.363,0.083
347.8,2.253,1.424,0.631,0.887,0.663,0.363,0.082
347.90000000000003,2.231,1.407,0.624,0.887,0.663,0.363,0.082
348.0,2.254,1.425,0.631,0.886,0.663,0.362,0.082
348.1,2.232,1.407,0.624,0.886,0.663,0.363,0.082
348.20000000000005,2.254,1.425,0.631,0.886,0.663,0.362,0.082
348.3,2.262,1.432,0.634,0.887,0.663,0.362,0.083
348.40000000000003,2.235,1.41,0.625,0.887,0.663,0.363,0.082
348.5,2.224,1.401,0.622,0.886,0.663,0.363,0.083
348.6,2.22,1.397,0.62,0.886,0.663,0.363,0.082
348.70000000000005,2.249,1.421,0.629,0.886,0.663,0.362,0.082
348.8,2.23,1.405,0.623,0.886,0.663,0.363,0.082
348.90000000000003,2.222,1.399,0.621,0.886,0.663,0.364,0.082
349.0,2.219,1.396,0.62,0.887,0.663,0.364,0.082
349.1,2.249,1.421,0.629,0.886,0.663,0.364,0.082
349.20000000000005,2.23,1.405,0.623,0.886,0.662,0.364,0.082
349.3,2.253,1.424,0.631,0.886,0.663,0.363,0.083
349.40000000000003,2.231,1.407,0.624,0.886,0.663,0.364,0.082
349.5,2.223,1.399,0.621,0.886,0.663,0.364,0.082
349.6,2.219,1.397,0.62,0.886,0.662,0.364,0.083
349.70000000000005,2.249,1.421,0.629,0.887,0.663,0.364,0.082
349.8,2.26,1.43,0.633,0.887,0.663,0.364,0.083
349.90000000000003,2.265,1.434,0.635,0.887,0.663,0.364,0.083
350.0,2.267,1.436,0.635,0.886,0.663,0.364,0.082
350.1,2.237,1.411,0.626,0.886,0.662,0.364,0.083
350.20000000000005,2.225,1.401,0.622,0.887,0.663,0.364,0.083
350.3,2.251,1.423,0.63,0.886,0.663,0.363,0.083
350.40000000000003,2.261,1.431,0.633,0.887,0.663,0.363,0.083
350.5,2.265,1.435,0.635,0.886,0.663,0.363,0.082
350.6,2.236,1.411,0.625,0.887,0.663,0.364,0.082
350.70000000000005,2.256,1.426,0.631,0.887,0.663,0.364,0.082
350.8,2.232,1.407,0.624,0.886,0.663,0.364,0.083
350.90000000000003,2.254,1.425,0.631,0.886,0.662,0.364,0.082
351.0,2.232,1.407,0.624,0.886,0.662,0.364,0.082
351.1,2.223,1.4,0.621,0.886,0.663,0.364,0.082
351.20000000000005,2.25,1.422,0.63,0.886,0.662,0.364,0.083
351.3,2.23,1.406,0.623,0.887,0.663,0.364,0.082
351.40000000000003,2.253,1.424,0.631,0.887,0.663,0.364,0.083
351.5,2.231,1.407,0.624,0.886,0.663,0.364,0.083
351.6,2.254,1.425,0.631,0.887,0.663,0.364,0.082
351.70000000000005,2.232,1.407,0.624,0.886,0.663,0.364,0.082
351.8,2.116,1.333,0.591,0.841,0.629,0.345,0.078
351.90000000000003,2.023,1.274,0.565,0.805,0.602,0.331,0.075
352.0,1.949,1.227,0.545,0.776,0.581,0.319,0.072
352.1,1.89,1.19,0.528,0.753,0.563,0.309,0.07
352.20000000000005,1.842,1.16,0.515,0.735,0.549,0.302,0.068
352.3,1.805,1.136,0.504,0.72,0.538,0.296,0.067
352.40000000000003,1.775,1.117,0.496,0.708,0.53,0.291,0.066
352.5,1.75,1.102,0.489,0.699,0.523,0.287,0.065
352.6,1.739,1.096,0.486,0.691,0.517,0.284,0.064
352.70000000000005,1.722,1.085,0.481,0.685,0.512,0.281,0.064
352.8,1.731,1.095,0.485,0.68,0.509,0.279,0.063
352.90000000000003,1.716,1.084,0.48,0.676,0.506,0.278,0.063
353.0,1.704,1.075,0.477,0.673,0.504,0.276,0.062
353.1,1.694,1.069,0.474,0.671,0.502,0.275,0.062
353.20000000000005,1.686,1.063,0.471,0.669,0.5,0.274,0.062
353.3,1.664,1.046,0.465,0.667,0.499,0.274,0.061
353.40000000000003,1.64,1.027,0.457,0.665,0.498,0.273,0.061
353.5,1.612,1.005,0.449,0.663,0.497,0.271,0.06
353.6,1.583,0.982,0.439,0.66,0.497,0.27,0.06
353.70000000000005,1.56,0.963,0.432,0.658,0.496,0.268,0.059
353.8,1.541,0.948,0.426,0.654,0.496,0.267,0.058
353.90000000000003,1.526,0.936,0.422,0.651,0.495,0.265,0.058
354.0,1.514,0.927,0.418,0.648,0.495,0.263,0.058
354.1,1.505,0.919,0.415,0.644,0.495,0.261,0.058
354.20000000000005,1.497,0.913,0.413,0.642,0.494,0.259,0.057
354.3,1.491,0.908,0.411,0.639,0.494,0.257,0.057
354.40000000000003,1.479,0.899,0.407,0.637,0.494,0.255,0.057
354.5,1.462,0.885,0.402,0.635,0.494,0.253,0.057
354.6,1.463,0.886,0.402,0.634,0.494,0.252,0.057
354.70000000000005,1.464,0.887,0.402,0.632,0.494,0.25,0.057
354.8,1.464,0.887,0.402,0.63,0.494,0.248,0.056
354.90000000000003,1.465,0.888,0.403,0.629,0.494,0.247,0.056
355.0,1.465,0.888,0.403,0.628,0.493,0.245,0.056
355.1,1.466,0.888,0.403,0.627,0.493,0.243,0.056
355.20000000000005,1.466,0.888,0.403,0.626,0.493,0.242,0.056
355.3,1.459,0.883,0.401,0.625,0.493,0.24,0.055
355.40000000000003,1.46,0.884,0.401,0.624,0.493,0.239,0.055
355.5,1.454,0.879,0.399,0.622,0.493,0.237,0.055
355.6,1.449,0.875,0.398,0.621,0.493,0.235,0.055
355.70000000000005,1.453,0.878,0.399,0.62,0.493,0.234,0.055
355.8,1.456,0.88,0.4,0.619,0.493,0.232,0.055
355.90000000000003,1.451,0.876,0.398,0.618,0.493,0.231,0.055
356.0,1.446,0.873,0.397,0.617,0.493,0.23,0.055
356.1,1.443,0.87,0.396,0.616,0.492,0.228,0.055
356.20000000000005,1.44,0.868,0.395,0.616,0.492,0.227,0.055
356.3,1.438,0.867,0.394,0.615,0.492,0.226,0.055
356.40000000000003,1.437,0.865,0.394,0.614,0.492,0.224,0.055
356.5,1.435,0.864,0.393,0.614,0.492,0.223,0.055
356.6,1.442,0.869,0.395,0.613,0.492,0.222,0.055
356.70000000000005,1.439,0.867,0.395,0.612,0.492,0.221,0.055
356.8,1.445,0.872,0.396,0.612,0.492,0.219,0.055
356.90000000000003,1.442,0.87,0.395,0.611,0.492,0.218,0.054
357.0,1.44,0.868,0.395,0.61,0.492,0.217,0.054
357.1,1.445,0.872,0.396,0.609,0.492,0.216,0.054
357.20000000000005,1.449,0.875,0.398,0.608,0.492,0.215,0.054
357.3,1.453,0.878,0.399,0.607,0.491,0.213,0.054
357.40000000000003,1.456,0.88,0.4,0.606,0.491,0.212,0.054
357.5,1.458,0.882,0.4,0.606,0.491,0.211,0.054
357.6,1.46,0.884,0.401,0.605,0.491,0.21,0.054
357.70000000000005,1.461,0.885,0.401,0.604,0.491,0.209,0.054
357.8,1.462,0.886,0.402,0.604,0.491,0.208,0.054
357.90000000000003,1.463,0.886,0.402,0.603,0.491,0.207,0.054
358.0,1.464,0.887,0.402,0.603,0.491,0.206,0.054
358.1,1.465,0.887,0.402,0.603,0.491,0.205,0.054
358.20000000000005,1.465,0.888,0.403,0.602,0.491,0.204,0.055
358.3,1.465,0.888,0.403,0.602,0.491,0.203,0.055
358.40000000000003,1.466,0.888,0.403,0.602,0.491,0.202,0.055
358.5,1.466,0.888,0.403,0.601,0.491,0.201,0.055
358.6,1.466,0.889,0.403,0.601,0.491,0.2,0.055
358.70000000000005,1.466,0.889,0.403,0.6,0.491,0.199,0.055
358.8,1.459,0.883,0.401,0.6,0.491,0.198,0.055
358.90000000000003,1.461,0.884,0.401,0.599,0.49,0.197,0.055
359.0,1.462,0.885,0.402,0.599,0.49,0.196,0.055
359.1,1.463,0.886,0.402,0.598,0.49,0.196,0.055
359.20000000000005,1.486,0.905,0.409,0.597,0.49,0.195,0.055
359.3,1.482,0.902,0.408,0.597,0.49,0.194,0.055
359.40000000000003,1.479,0.899,0.407,0.596,0.49,0.193,0.055
359.5,1.477,0.897,0.406,0.596,0.49,0.192,0.055
359.6,1.475,0.896,0.406,0.596,0.49,0.191,0.055
359.70000000000005,1.473,0.894,0.405,0.595,0.49,0.191,0.055
359.8,1.472,0.893,0.405,0.595,0.49,0.19,0.055
359.90000000000003,1.471,0.892,0.404,0.595,0.49,0.189,0.055
360.0,1.47,0.892,0.404,0.594,0.49,0.188,0.055
360.1,1.469,0.891,0.404,0.594,0.49,0.187,0.055
360.20000000000005,1.469,0.891,0.404,0.594,0.489,0.187,0.055
360.3,1.476,0.896,0.406,0.594,0.489,0.186,0.055
360.40000000000003,1.474,0.895,0.405,0.593,0.489,0.185,0.055
360.5,1.473,0.894,0.405,0.593,0.489,0.185,0.055
360.6,1.472,0.893,0.405,0.593,0.489,0.184,0.055
360.70000000000005,1.486,0.904,0.409,0.593,0.489,0.184,0.055
360.8,1.482,0.901,0.408,0.593,0.489,0.183,0.055
360.90000000000003,1.486,0.905,0.409,0.593,0.489,0.183,0.055
361.0,1.49,0.908,0.41,0.593,0.489,0.182,0.055
361.1,1.493,0.91,0.411,0.592,0.489,0.181,0.055
361.20000000000005,1.495,0.912,0.412,0.592,0.489,0.181,0.055
361.3,1.497,0.913,0.413,0.592,0.489,0.18,0.055
361.40000000000003,1.491,0.908,0.411,0.592,0.488,0.179,0.055
361.5,1.493,0.91,0.411,0.592,0.488,0.179,0.055
361.6,1.496,0.912,0.412,0.592,0.488,0.178,0.055
361.70000000000005,1.497,0.913,0.413,0.592,0.488,0.178,0.055
361.8,1.499,0.914,0.413,0.592,0.488,0.178,0.055
361.90000000000003,1.507,0.921,0.416,0.592,0.488,0.177,0.055
362.0,1.507,0.921,0.416,0.592,0.488,0.177,0.055
362.1,1.506,0.92,0.415,0.593,0.488,0.176,0.055
362.20000000000005,1.498,0.914,0.413,0.593,0.488,0.176,0.055
362.3,1.499,0.915,0.413,0.593,0.488,0.175,0.055
362.40000000000003,1.5,0.916,0.414,0.593,0.488,0.175,0.055
362.5,1.501,0.916,0.414,0.593,0.488,0.175,0.056
362.6,1.502,0.917,0.414,0.593,0.488,0.174,0.056
362.70000000000005,1.502,0.917,0.414,0.593,0.488,0.174,0.056
362.8,1.502,0.918,0.414,0.592,0.488,0.173,0.056
362.90000000000003,1.503,0.918,0.414,0.592,0.488,0.173,0.055
363.0,1.503,0.918,0.414,0.592,0.488,0.172,0.056
363.1,1.503,0.918,0.415,0.592,0.487,0.172,0.055
363.20000000000005,1.503,0.918,0.415,0.592,0.487,0.172,0.055
363.3,1.504,0.918,0.415,0.592,0.487,0.171,0.056
363.40000000000003,1.511,0.924,0.417,0.592,0.487,0.171,0.055
363.5,1.51,0.923,0.417,0.592,0.488,0.17,0.056
363.6,1.516,0.928,0.419,0.592,0.487,0.17,0.056
363.70000000000005,1.514,0.926,0.418,0.592,0.487,0.17,0.056
363.8,1.512,0.925,0.417,0.592,0.487,0.169,0.056
363.90000000000003,1.51,0.924,0.417,0.592,0.487,0.169,0.056
364.0,1.509,0.923,0.416,0.591,0.488,0.168,0.056
364.1,1.508,0.922,0.416,0.591,0.487,0.168,0.056
364.20000000000005,1.507,0.921,0.416,0.591,0.487,0.167,0.056
364.3,1.507,0.921,0.416,0.591,0.487,0.167,0.056
364.40000000000003,1.506,0.92,0.415,0.591,0.487,0.167,0.056
364.5,1.506,0.92,0.415,0.591,0.487,0.166,0.056
364.6,1.513,0.926,0.418,0.591,0.487,0.166,0.056
364.70000000000005,1.511,0.924,0.417,0.591,0.487,0.166,0.056
364.8,1.51,0.923,0.417,0.59,0.487,0.165,0.056
364.90000000000003,1.516,0.928,0.419,0.59,0.487,0.165,0.056
365.0,1.521,0.932,0.42,0.59,0.487,0.165,0.056
365.1,1.518,0.93,0.419,0.59,0.487,0.164,0.056
365.20000000000005,1.515,0.928,0.418,0.59,0.487,0.164,0.056
365.3,1.52,0.932,0.42,0.59,0.487,0.164,0.056
365.40000000000003,1.524,0.935,0.421,0.59,0.487,0.163,0.056
365.5,1.528,0.938,0.422,0.59,0.487,0.163,0.056
365.6,1.531,0.94,0.423,0.59,0.487,0.163,0.056
365.70000000000005,1.525,0.936,0.421,0.59,0.487,0.163,0.056
365.8,1.521,0.932,0.42,0.591,0.487,0.162,0.056
365.90000000000003,1.525,0.936,0.421,0.591,0.487,0.162,0.056
366.0,1.521,0.932,0.42,0.591,0.487,0.162,0.056
366.1,1.517,0.93,0.419,0.59,0.487,0.161,0.056
366.20000000000005,1.522,0.933,0.421,0.59,0.487,0.161,0.056
366.3,1.526,0.936,0.422,0.59,0.486,0.161,0.056
366.40000000000003,1.529,0.939,0.423,0.59,0.486,0.16,0.056
366.5,1.554,0.959,0.431,0.59,0.487,0.16,0.056
366.6,1.552,0.957,0.43,0.59,0.486,0.16,0.056
366.70000000000005,1.542,0.95,0.427,0.59,0.486,0.16,0.056
366.8,1.542,0.949,0.427,0.59,0.486,0.159,0.056
366.90000000000003,1.542,0.949,0.427,0.59,0.486,0.159,0.056
367.0,1.542,0.949,0.427,0.59,0.486,0.159,0.056
367.1,1.542,0.949,0.427,0.59,0.486,0.159,0.057
367.20000000000005,1.542,0.949,0.427,0.59,0.486,0.159,0.057
367.3,1.542,0.949,0.427,0.591,0.486,0.158,0.056
367.40000000000003,1.541,0.949,0.427,0.591,0.486,0.158,0.057
367.5,1.541,0.949,0.427,0.591,0.486,0.158,0.057
367.6,1.541,0.949,0.427,0.59,0.486,0.158,0.057
367.70000000000005,1.541,0.949,0.427,0.591,0.486,0.157,0.057
367.8,1.534,0.943,0.424,0.591,0.485,0.157,0.057
367.90000000000003,1.535,0.944,0.425,0.591,0.486,0.157,0.057
368.0,1.537,0.945,0.425,0.591,0.485,0.157,0.057
368.1,1.538,0.946,0.425,0.591,0.485,0.156,0.057
368.20000000000005,1.538,0.946,0.426,0.591,0.485,0.156,0.057
368.3,1.539,0.947,0.426,0.591,0.485,0.156,0.057
368.40000000000003,1.539,0.947,0.426,0.591,0.485,0.156,0.057
368.5,1.54,0.947,0.426,0.591,0.485,0.156,0.057
368.6,1.548,0.954,0.428,0.591,0.485,0.155,0.057
368.70000000000005,1.546,0.953,0.428,0.591,0.485,0.155,0.057
368.8,1.545,0.952,0.428,0.591,0.485,0.155,0.057
368.90000000000003,1.545,0.951,0.427,0.592,0.485,0.155,0.057
369.0,1.544,0.951,0.427,0.592,0.485,0.155,0.057
369.1,1.543,0.95,0.427,0.593,0.485,0.155,0.057
369.20000000000005,1.551,0.956,0.429,0.593,0.485,0.155,0.057
369.3,1.549,0.955,0.429,0.593,0.485,0.154,0.056
369.40000000000003,1.562,0.966,0.433,0.593,0.485,0.154,0.056
369.5,1.558,0.962,0.432,0.592,0.485,0.154,0.056
369.6,1.562,0.966,0.433,0.592,0.485,0.154,0.056
369.70000000000005,1.558,0.962,0.432,0.592,0.485,0.154,0.057
369.8,1.555,0.96,0.431,0.592,0.485,0.153,0.057
369.90000000000003,1.552,0.957,0.43,0.592,0.485,0.153,0.057
370.0,1.55,0.956,0.429,0.592,0.485,0.153,0.057
370.1,1.548,0.954,0.429,0.591,0.485,0.153,0.057
370.20000000000005,1.547,0.953,0.428,0.591,0.485,0.153,0.057
370.3,1.553,0.958,0.43,0.591,0.485,0.153,0.057
370.40000000000003,1.551,0.956,0.429,0.591,0.484,0.153,0.057
370.5,1.549,0.955,0.429,0.591,0.484,0.152,0.057
370.6,1.547,0.954,0.428,0.591,0.484,0.152,0.057
370.70000000000005,1.546,0.953,0.428,0.591,0.485,0.152,0.057
370.8,1.545,0.952,0.428,0.59,0.485,0.152,0.057
370.90000000000003,1.544,0.951,0.427,0.59,0.485,0.152,0.057
371.0,1.544,0.951,0.427,0.59,0.485,0.151,0.057
371.1,1.543,0.95,0.427,0.59,0.485,0.151,0.057
371.20000000000005,1.543,0.95,0.427,0.59,0.484,0.151,0.057
371.3,1.543,0.95,0.427,0.59,0.484,0.151,0.057
371.40000000000003,1.55,0.956,0.429,0.59,0.484,0.151,0.057
371.5,1.556,0.96,0.431,0.59,0.484,0.15,0.057
371.6,1.56,0.964,0.432,0.589,0.484,0.15,0.057
371.70000000000005,1.557,0.961,0.431,0.589,0.484,0.15,0.057
371.8,1.561,0.965,0.433,0.589,0.484,0.15,0.057
371.90000000000003,1.565,0.967,0.434,0.589,0.484,0.15,0.057
372.0,1.56,0.964,0.432,0.589,0.484,0.15,0.057
372.1,1.556,0.961,0.431,0.589,0.484,0.15,0.057
372.20000000000005,1.553,0.958,0.43,0.589,0.484,0.149,0.057
372.3,1.558,0.962,0.432,0.589,0.484,0.149,0.057
372.40000000000003,1.562,0.966,0.433,0.589,0.484,0.149,0.057
372.5,1.566,0.968,0.434,0.589,0.484,0.149,0.057
372.6,1.568,0.971,0.435,0.589,0.483,0.149,0.057
372.70000000000005,1.57,0.972,0.436,0.589,0.483,0.148,0.056
372.8,1.565,0.968,0.434,0.588,0.483,0.148,0.056
372.90000000000003,1.567,0.97,0.435,0.588,0.483,0.148,0.056
373.0,1.57,0.972,0.435,0.588,0.483,0.148,0.056
373.1,1.564,0.967,0.434,0.588,0.483,0.148,0.056
373.20000000000005,1.567,0.969,0.435,0.587,0.483,0.148,0.056
373.3,1.562,0.965,0.433,0.587,0.483,0.148,0.056
373.40000000000003,1.565,0.968,0.434,0.587,0.483,0.147,0.056
373.5,1.568,0.97,0.435,0.587,0.482,0.147,0.056
373.6,1.57,0.972,0.436,0.587,0.483,0.147,0.056
373.70000000000005,1.572,0.973,0.436,0.587,0.483,0.147,0.056
373.8,1.573,0.975,0.437,0.587,0.483,0.147,0.056
373.90000000000003,1.574,0.975,0.437,0.587,0.482,0.147,0.057
374.0,1.575,0.976,0.437,0.588,0.482,0.147,0.057
374.1,1.576,0.977,0.437,0.588,0.482,0.147,0.057
374.20000000000005,1.577,0.977,0.438,0.588,0.482,0.147,0.057
374.3,1.577,0.978,0.438,0.588,0.482,0.147,0.057
374.40000000000003,1.577,0.978,0.438,0.587,0.482,0.146,0.056
374.5,1.578,0.978,0.438,0.587,0.482,0.146,0.057
374.6,1.578,0.978,0.438,0.587,0.482,0.146,0.057
374.70000000000005,1.578,0.978,0.438,0.587,0.482,0.146,0.057
374.8,1.578,0.979,0.438,0.587,0.482,0.146,0.057
374.90000000000003,1.578,0.979,0.438,0.587,0.482,0.146,0.057
375.0,1.578,0.979,0.438,0.587,0.482,0.145,0.057
375.1,1.579,0.979,0.438,0.587,0.482,0.145,0.057
375.20000000000005,1.579,0.979,0.438,0.587,0.482,0.145,0.057
375.3,1.579,0.979,0.438,0.587,0.482,0.145,0.057
375.40000000000003,1.579,0.979,0.438,0.587,0.482,0.145,0.057
375.5,1.579,0.979,0.438,0.587,0.482,0.145,0.057
375.6,1.579,0.979,0.438,0.587,0.482,0.144,0.057
375.70000000000005,1.579,0.979,0.438,0.587,0.482,0.144,0.057
375.8,1.579,0.979,0.438,0.587,0.482,0.144,0.057
375.90000000000003,1.579,0.979,0.438,0.587,0.482,0.144,0.057
376.0,1.579,0.979,0.438,0.587,0.482,0.144,0.057
376.1,1.579,0.979,0.438,0.587,0.482,0.144,0.057
376.20000000000005,1.579,0.979,0.438,0.587,0.482,0.144,0.057
376.3,1.579,0.979,0.438,0.586,0.482,0.144,0.057
376.40000000000003,1.586,0.985,0.441,0.586,0.482,0.144,0.057
376.5,1.585,0.984,0.44,0.586,0.482,0.144,0.057
376.6,1.584,0.983,0.44,0.586,0.481,0.143,0.057
376.70000000000005,1.583,0.982,0.439,0.586,0.481,0.143,0.057
376.8,1.582,0.982,0.439,0.586,0.481,0.143,0.057
376.90000000000003,1.581,0.981,0.439,0.586,0.481,0.143,0.057
377.0,1.581,0.981,0.439,0.586,0.481,0.143,0.057
377.1,1.58,0.98,0.439,0.586,0.481,0.143,0.057
377.20000000000005,1.58,0.98,0.439,0.586,0.481,0.142,0.057
377.3,1.58,0.98,0.439,0.586,0.481,0.142,0.057
377.40000000000003,1.58,0.98,0.439,0.586,0.481,0.142,0.057
377.5,1.587,0.986,0.441,0.586,0.481,0.142,0.057
377.6,1.585,0.984,0.44,0.586,0.481,0.142,0.057
377.70000000000005,1.592,0.989,0.442,0.586,0.481,0.142,0.057
377.8,1.589,0.987,0.441,0.586,0.481,0.142,0.057
377.90000000000003,1.587,0.986,0.441,0.586,0.481,0.142,0.057
378.0,1.585,0.984,0.44,0.586,0.481,0.142,0.057
378.1,1.592,0.989,0.442,0.586,0.481,0.141,0.057
378.20000000000005,1.589,0.987,0.441,0.586,0.481,0.141,0.057
378.3,1.587,0.986,0.441,0.586,0.481,0.141,0.057
378.40000000000003,1.585,0.984,0.44,0.586,0.481,0.141,0.057
378.5,1.584,0.983,0.44,0.586,0.481,0.141,0.057
378.6,1.583,0.982,0.44,0.586,0.481,0.141,0.057
378.70000000000005,1.575,0.976,0.437,0.586,0.481,0.141,0.057
378.8,1.591,0.989,0.442,0.586,0.481,0.141,0.057
378.90000000000003,1.611,1.006,0.448,0.586,0.481,0.141,0.057
379.0,1.605,1,0.446,0.586,0.481,0.141,0.057
379.1,1.6,0.996,0.445,0.586,0.481,0.141,0.057
379.20000000000005,1.595,0.993,0.443,0.586,0.481,0.141,0.057
379.3,1.592,0.99,0.442,0.586,0.481,0.14,0.057
379.40000000000003,1.589,0.988,0.442,0.587,0.481,0.14,0.057
379.5,1.595,0.992,0.443,0.587,0.481,0.14,0.057
379.6,1.599,0.996,0.445,0.587,0.481,0.14,0.057
379.70000000000005,1.603,0.998,0.446,0.587,0.481,0.14,0.057
379.8,1.598,0.995,0.444,0.587,0.481,0.14,0.057
379.90000000000003,1.594,0.991,0.443,0.588,0.48,0.14,0.057
380.0,1.591,0.989,0.442,0.588,0.48,0.14,0.057
380.1,1.604,0.999,0.446,0.588,0.48,0.14,0.057
380.20000000000005,1.599,0.995,0.445,0.588,0.48,0.14,0.057
380.3,1.61,1.004,0.448,0.588,0.48,0.14,0.057
380.40000000000003,1.611,1.005,0.449,0.588,0.48,0.14,0.057
380.5,1.605,1,0.446,0.588,0.48,0.139,0.057
380.6,1.6,0.996,0.445,0.588,0.48,0.139,0.057
380.70000000000005,1.603,0.999,0.446,0.588,0.48,0.139,0.057
380.8,1.598,0.995,0.444,0.588,0.48,0.139,0.057
380.90000000000003,1.594,0.992,0.443,0.588,0.48,0.139,0.057
381.0,1.907,1.184,0.53,0.708,0.578,0.167,0.069
381.1,2.032,1.261,0.564,0.756,0.616,0.178,0.073
381.20000000000005,2.113,1.316,0.588,0.776,0.632,0.182,0.075
381.3,2.145,1.338,0.597,0.783,0.638,0.184,0.076
381.40000000000003,2.127,1.322,0.591,0.787,0.641,0.185,0.077
381.5,2.151,1.341,0.598,0.79,0.641,0.186,0.078
381.6,2.13,1.323,0.592,0.793,0.642,0.187,0.078
381.70000000000005,2.152,1.341,0.599,0.795,0.642,0.188,0.078
381.8,2.16,1.348,0.601,0.799,0.642,0.189,0.077
381.90000000000003,2.134,1.326,0.593,0.801,0.642,0.189,0.078
382.0,2.153,1.342,0.599,0.803,0.642,0.19,0.077
382.1,2.161,1.349,0.602,0.807,0.643,0.191,0.077
382.20000000000005,2.134,1.327,0.593,0.81,0.643,0.192,0.076
382.3,2.123,1.318,0.59,0.812,0.643,0.193,0.076
382.40000000000003,2.149,1.339,0.598,0.815,0.643,0.194,0.076
382.5,2.159,1.347,0.601,0.816,0.643,0.195,0.076
382.6,2.133,1.326,0.593,0.818,0.643,0.196,0.075
382.70000000000005,2.153,1.342,0.599,0.819,0.643,0.197,0.075
382.8,2.161,1.349,0.602,0.82,0.643,0.197,0.075
382.90000000000003,2.164,1.351,0.603,0.822,0.644,0.198,0.075
383.0,2.165,1.352,0.603,0.824,0.644,0.199,0.075
383.1,2.136,1.328,0.594,0.825,0.644,0.199,0.075
383.20000000000005,2.124,1.318,0.59,0.825,0.643,0.2,0.075
383.3,2.149,1.339,0.598,0.827,0.644,0.201,0.075
383.40000000000003,2.129,1.323,0.591,0.83,0.643,0.201,0.074
383.5,2.151,1.341,0.599,0.831,0.643,0.202,0.075
383.6,2.13,1.323,0.592,0.832,0.643,0.203,0.074
383.70000000000005,2.031,1.244,0.561,0.832,0.644,0.203,0.074
383.8,2.082,1.285,0.577,0.832,0.644,0.204,0.075
383.90000000000003,2.102,1.301,0.583,0.833,0.644,0.204,0.074
384.0,2.11,1.308,0.586,0.833,0.644,0.205,0.074
384.1,2.114,1.31,0.587,0.834,0.644,0.206,0.074
384.20000000000005,2.145,1.336,0.597,0.835,0.644,0.206,0.074
384.3,2.158,1.346,0.601,0.836,0.643,0.207,0.074
384.40000000000003,2.163,1.35,0.602,0.836,0.644,0.208,0.074
384.5,2.165,1.352,0.603,0.837,0.643,0.208,0.075
384.6,2.166,1.353,0.603,0.837,0.644,0.209,0.074
384.70000000000005,2.166,1.353,0.603,0.837,0.644,0.209,0.073
384.8,2.166,1.353,0.603,0.838,0.643,0.21,0.074
384.90000000000003,2.166,1.353,0.603,0.837,0.643,0.21,0.073
385.0,2.166,1.353,0.603,0.837,0.642,0.21,0.073
385.1,2.197,1.378,0.613,0.838,0.643,0.211,0.072
385.20000000000005,2.178,1.363,0.607,0.838,0.643,0.212,0.072
385.3,2.171,1.357,0.605,0.84,0.642,0.212,0.072
385.40000000000003,2.168,1.355,0.604,0.841,0.643,0.213,0.073
385.5,2.167,1.354,0.603,0.843,0.644,0.214,0.072
385.6,2.167,1.353,0.603,0.844,0.644,0.215,0.073
385.70000000000005,2.166,1.353,0.603,0.844,0.644,0.216,0.072
385.8,2.166,1.353,0.603,0.845,0.643,0.216,0.073
385.90000000000003,2.136,1.328,0.594,0.844,0.643,0.217,0.073
386.0,2.154,1.343,0.599,0.847,0.644,0.218,0.073
386.1,2.161,1.349,0.602,0.848,0.644,0.219,0.073
386.20000000000005,2.164,1.351,0.603,0.849,0.644,0.22,0.073
386.3,2.165,1.352,0.603,0.849,0.644,0.221,0.073
386.40000000000003,2.136,1.328,0.594,0.85,0.644,0.221,0.073
386.5,2.154,1.343,0.599,0.851,0.645,0.222,0.073
386.6,2.161,1.349,0.602,0.851,0.644,0.223,0.074
386.70000000000005,2.164,1.351,0.603,0.852,0.644,0.224,0.074
386.8,2.165,1.352,0.603,0.853,0.645,0.225,0.073
386.90000000000003,2.166,1.353,0.603,0.853,0.645,0.226,0.074
387.0,2.166,1.353,0.603,0.853,0.644,0.226,0.074
387.1,2.166,1.353,0.603,0.854,0.645,0.227,0.073
387.20000000000005,2.197,1.378,0.613,0.854,0.644,0.228,0.073
387.3,2.178,1.363,0.607,0.855,0.644,0.229,0.074
387.40000000000003,2.171,1.357,0.605,0.855,0.644,0.229,0.073
387.5,2.168,1.355,0.604,0.855,0.644,0.23,0.073
387.6,2.198,1.379,0.613,0.856,0.645,0.231,0.074
387.70000000000005,2.209,1.388,0.617,0.856,0.644,0.232,0.074
387.8,2.183,1.367,0.609,0.856,0.644,0.233,0.074
387.90000000000003,2.173,1.359,0.605,0.857,0.645,0.233,0.074
388.0,2.169,1.355,0.604,0.857,0.644,0.234,0.074
388.1,2.167,1.354,0.604,0.857,0.645,0.235,0.074
388.20000000000005,2.167,1.353,0.603,0.858,0.644,0.236,0.074
388.3,2.166,1.353,0.603,0.857,0.645,0.236,0.073
388.40000000000003,2.166,1.353,0.603,0.858,0.644,0.237,0.074
388.5,2.166,1.353,0.603,0.857,0.644,0.238,0.074
388.6,2.166,1.353,0.603,0.858,0.645,0.239,0.074
388.70000000000005,2.166,1.353,0.603,0.858,0.644,0.24,0.074
388.8,2.197,1.378,0.613,0.859,0.644,0.24,0.074
388.90000000000003,2.178,1.363,0.607,0.859,0.644,0.241,0.074
389.0,2.171,1.357,0.605,0.859,0.644,0.242,0.074
389.1,2.168,1.355,0.604,0.859,0.644,0.243,0.074
389.20000000000005,2.167,1.354,0.603,0.859,0.644,0.244,0.075
389.3,2.167,1.353,0.603,0.859,0.644,0.244,0.075
389.40000000000003,2.197,1.378,0.613,0.86,0.644,0.245,0.075
389.5,2.178,1.363,0.607,0.86,0.645,0.246,0.075
389.6,2.202,1.382,0.614,0.86,0.645,0.246,0.075
389.70000000000005,2.18,1.365,0.608,0.861,0.644,0.247,0.074
389.8,2.202,1.383,0.615,0.861,0.644,0.248,0.075
389.90000000000003,2.181,1.365,0.608,0.86,0.644,0.249,0.075
390.0,2.172,1.358,0.605,0.861,0.644,0.249,0.075
390.1,2.199,1.38,0.614,0.86,0.644,0.25,0.075
390.20000000000005,2.179,1.364,0.607,0.861,0.644,0.251,0.075
390.3,2.171,1.357,0.605,0.861,0.645,0.252,0.075
390.40000000000003,2.168,1.355,0.604,0.861,0.645,0.252,0.075
390.5,2.228,1.404,0.623,0.86,0.644,0.253,0.075
390.6,2.222,1.398,0.621,0.86,0.644,0.253,0.075
390.70000000000005,2.219,1.396,0.62,0.86,0.644,0.255,0.075
390.8,2.218,1.395,0.62,0.861,0.645,0.255,0.076
390.90000000000003,2.217,1.395,0.619,0.86,0.644,0.256,0.076
391.0,2.217,1.395,0.619,0.861,0.644,0.257,0.076
391.1,2.217,1.395,0.619,0.861,0.644,0.257,0.075
391.20000000000005,2.217,1.395,0.619,0.861,0.644,0.258,0.076
391.3,2.217,1.395,0.619,0.86,0.643,0.258,0.075
391.40000000000003,2.217,1.395,0.619,0.859,0.644,0.258,0.075
391.5,2.217,1.395,0.619,0.859,0.644,0.259,0.075
391.6,2.217,1.395,0.619,0.86,0.645,0.26,0.075
391.70000000000005,2.217,1.395,0.619,0.86,0.644,0.261,0.075
391.8,2.217,1.395,0.619,0.86,0.644,0.261,0.075
391.90000000000003,2.217,1.395,0.619,0.859,0.644,0.261,0.075
392.0,2.217,1.395,0.619,0.859,0.644,0.262,0.074
392.1,2.217,1.395,0.619,0.859,0.643,0.262,0.075
392.20000000000005,2.217,1.395,0.619,0.859,0.643,0.263,0.074
392.3,2.248,1.42,0.629,0.859,0.644,0.264,0.075
392.40000000000003,2.229,1.405,0.623,0.86,0.643,0.265,0.075
392.5,2.222,1.399,0.621,0.86,0.644,0.265,0.075
392.6,2.25,1.422,0.63,0.86,0.644,0.266,0.075
392.70000000000005,2.23,1.405,0.623,0.859,0.643,0.266,0.075
392.8,2.222,1.399,0.621,0.86,0.644,0.267,0.075
392.90000000000003,2.219,1.396,0.62,0.859,0.644,0.267,0.075
393.0,2.218,1.395,0.62,0.859,0.643,0.268,0.075
393.1,2.217,1.395,0.619,0.858,0.643,0.269,0.075
393.20000000000005,2.217,1.395,0.619,0.858,0.643,0.269,0.074
393.3,2.217,1.395,0.619,0.857,0.643,0.268,0.074
393.40000000000003,2.217,1.395,0.619,0.858,0.644,0.269,0.074
393.5,2.217,1.395,0.619,0.858,0.644,0.27,0.075
393.6,2.217,1.395,0.619,0.859,0.644,0.27,0.075
393.70000000000005,2.217,1.395,0.619,0.858,0.644,0.271,0.075
393.8,2.217,1.395,0.619,0.859,0.644,0.272,0.075
393.90000000000003,2.217,1.395,0.619,0.859,0.644,0.273,0.075
394.0,2.217,1.395,0.619,0.859,0.643,0.274,0.076
394.1,2.217,1.395,0.619,0.859,0.643,0.274,0.076
394.20000000000005,2.217,1.395,0.619,0.86,0.644,0.275,0.076
394.3,2.217,1.395,0.619,0.86,0.643,0.275,0.075
394.40000000000003,2.217,1.395,0.619,0.861,0.644,0.276,0.075
394.5,2.217,1.395,0.619,0.861,0.643,0.276,0.076
394.6,2.248,1.42,0.629,0.861,0.643,0.277,0.075
394.70000000000005,2.26,1.43,0.633,0.861,0.643,0.277,0.075
394.8,2.265,1.434,0.634,0.86,0.644,0.278,0.075
394.90000000000003,2.267,1.436,0.635,0.861,0.643,0.278,0.076
395.0,2.268,1.436,0.635,0.86,0.643,0.279,0.076
395.1,2.268,1.437,0.635,0.861,0.644,0.28,0.076
395.20000000000005,2.237,1.412,0.626,0.863,0.644,0.281,0.077
395.3,2.256,1.427,0.632,0.864,0.645,0.281,0.077
395.40000000000003,2.263,1.433,0.634,0.864,0.645,0.282,0.076
395.5,2.236,1.41,0.625,0.864,0.644,0.282,0.077
395.6,2.255,1.426,0.631,0.864,0.644,0.283,0.077
395.70000000000005,2.263,1.433,0.634,0.864,0.644,0.284,0.077
395.8,2.266,1.435,0.635,0.863,0.644,0.284,0.077
395.90000000000003,2.267,1.436,0.635,0.862,0.644,0.284,0.076
396.0,2.268,1.437,0.635,0.861,0.643,0.284,0.076
396.1,2.299,1.462,0.645,0.86,0.643,0.284,0.076
396.20000000000005,2.281,1.447,0.639,0.861,0.642,0.284,0.076
396.3,2.273,1.441,0.637,0.861,0.643,0.285,0.076
396.40000000000003,2.27,1.439,0.636,0.862,0.644,0.286,0.076
396.5,2.269,1.438,0.636,0.862,0.643,0.287,0.077
396.6,2.269,1.437,0.636,0.861,0.643,0.288,0.076
396.70000000000005,2.299,1.463,0.645,0.861,0.644,0.288,0.077
396.8,2.311,1.473,0.649,0.863,0.643,0.289,0.076
396.90000000000003,2.316,1.477,0.651,0.864,0.644,0.291,0.077
397.0,2.287,1.453,0.642,0.865,0.644,0.292,0.077
397.1,2.307,1.469,0.648,0.864,0.643,0.292,0.077
397.20000000000005,2.314,1.475,0.65,0.864,0.643,0.293,0.077
397.3,2.318,1.478,0.651,0.864,0.644,0.293,0.077
397.40000000000003,2.319,1.479,0.652,0.864,0.644,0.294,0.077
397.5,2.319,1.479,0.652,0.864,0.644,0.294,0.077
397.6,2.289,1.454,0.642,0.864,0.644,0.295,0.078
397.70000000000005,2.307,1.469,0.648,0.865,0.644,0.296,0.078
397.8,2.315,1.476,0.65,0.865,0.644,0.297,0.078
397.90000000000003,2.318,1.478,0.651,0.866,0.644,0.298,0.079
398.0,2.35,1.505,0.661,0.866,0.644,0.299,0.079
398.1,2.332,1.49,0.656,0.866,0.645,0.299,0.078
398.20000000000005,2.324,1.484,0.653,0.866,0.644,0.3,0.079
398.3,2.322,1.481,0.652,0.866,0.644,0.301,0.079
398.40000000000003,2.32,1.48,0.652,0.866,0.644,0.301,0.079
398.5,2.258,1.429,0.632,0.866,0.644,0.302,0.079
398.6,2.326,1.485,0.654,0.866,0.645,0.303,0.079
398.70000000000005,2.353,1.508,0.663,0.866,0.644,0.304,0.08
398.8,2.395,1.543,0.676,0.866,0.644,0.304,0.08
398.90000000000003,2.381,1.531,0.671,0.868,0.645,0.307,0.081
399.0,2.375,1.526,0.67,0.87,0.645,0.308,0.081
399.1,2.499,1.631,0.709,0.87,0.646,0.309,0.082
399.20000000000005,2.422,1.566,0.685,0.871,0.645,0.309,0.082
399.3,2.392,1.54,0.675,0.872,0.645,0.31,0.082
399.40000000000003,2.379,1.53,0.671,0.872,0.646,0.311,0.083
399.5,2.375,1.526,0.669,0.873,0.646,0.312,0.083
399.6,2.404,1.55,0.679,0.873,0.646,0.312,0.083
399.70000000000005,2.416,1.56,0.682,0.873,0.646,0.313,0.083
399.8,2.42,1.564,0.684,0.873,0.646,0.314,0.084
399.90000000000003,2.422,1.566,0.685,0.873,0.646,0.315,0.084
400.0,2.423,1.566,0.685,0.873,0.646,0.316,0.084
400.1,2.423,1.567,0.685,0.873,0.646,0.316,0.084
400.20000000000005,2.423,1.567,0.685,0.873,0.645,0.317,0.084
400.3,2.455,1.593,0.695,0.874,0.646,0.317,0.084
400.40000000000003,2.436,1.577,0.689,0.873,0.645,0.318,0.084
400.5,2.428,1.571,0.687,0.874,0.646,0.319,0.084
400.6,2.425,1.568,0.686,0.874,0.645,0.32,0.084
400.70000000000005,2.424,1.567,0.685,0.873,0.646,0.32,0.084
400.8,2.424,1.567,0.685,0.874,0.646,0.321,0.085
400.90000000000003,2.455,1.593,0.695,0.874,0.645,0.321,0.084
401.0,2.436,1.577,0.689,0.874,0.645,0.322,0.085
401.1,2.428,1.571,0.687,0.874,0.645,0.322,0.085
401.20000000000005,2.457,1.595,0.696,0.874,0.646,0.323,0.085
401.3,2.468,1.605,0.699,0.874,0.646,0.324,0.085
401.40000000000003,2.473,1.608,0.701,0.874,0.646,0.324,0.085
401.5,2.474,1.61,0.701,0.875,0.646,0.325,0.085
401.6,2.538,1.665,0.722,0.874,0.646,0.325,0.085
401.70000000000005,2.501,1.633,0.71,0.874,0.646,0.326,0.085
401.8,2.486,1.62,0.705,0.874,0.646,0.327,0.085
401.90000000000003,2.48,1.614,0.703,0.874,0.646,0.327,0.086
402.0,2.477,1.612,0.702,0.875,0.646,0.328,0.086
402.1,2.476,1.612,0.702,0.875,0.646,0.329,0.085
402.20000000000005,2.476,1.611,0.702,0.875,0.646,0.329,0.085
402.3,2.476,1.611,0.702,0.876,0.645,0.33,0.086
402.40000000000003,2.476,1.611,0.702,0.875,0.646,0.33,0.086
402.5,2.476,1.611,0.702,0.875,0.646,0.331,0.086
402.6,2.476,1.611,0.702,0.874,0.645,0.332,0.087
402.70000000000005,2.476,1.611,0.702,0.875,0.646,0.332,0.087
402.8,2.476,1.611,0.702,0.875,0.645,0.333,0.086
402.90000000000003,2.476,1.611,0.702,0.876,0.646,0.333,0.086
403.0,2.507,1.638,0.712,0.875,0.645,0.334,0.086
403.1,2.52,1.649,0.716,0.876,0.646,0.334,0.086
403.20000000000005,2.493,1.626,0.707,0.876,0.646,0.335,0.086
403.3,2.483,1.617,0.704,0.876,0.645,0.335,0.086
403.40000000000003,2.478,1.613,0.703,0.876,0.645,0.336,0.087
403.5,2.477,1.612,0.702,0.876,0.645,0.337,0.087
403.6,2.476,1.611,0.702,0.876,0.646,0.337,0.087
403.70000000000005,2.476,1.611,0.702,0.876,0.645,0.338,0.087
403.8,2.476,1.611,0.702,0.876,0.646,0.338,0.087
403.90000000000003,2.476,1.611,0.702,0.876,0.645,0.339,0.087
404.0,2.507,1.638,0.712,0.876,0.646,0.34,0.087
404.1,2.488,1.622,0.706,0.877,0.646,0.34,0.087
404.20000000000005,2.512,1.642,0.713,0.877,0.645,0.341,0.087
404.3,2.522,1.65,0.717,0.877,0.645,0.341,0.087
404.40000000000003,2.526,1.654,0.718,0.877,0.645,0.342,0.087
404.5,2.496,1.628,0.708,0.876,0.645,0.342,0.087
404.6,2.515,1.645,0.714,0.877,0.646,0.342,0.087
404.70000000000005,2.523,1.651,0.717,0.876,0.645,0.343,0.087
404.8,2.494,1.627,0.708,0.876,0.645,0.343,0.087
404.90000000000003,2.483,1.618,0.704,0.877,0.646,0.344,0.087
405.0,2.51,1.641,0.713,0.877,0.646,0.345,0.087
405.1,2.489,1.623,0.706,0.877,0.646,0.345,0.087
405.20000000000005,2.481,1.616,0.703,0.876,0.645,0.345,0.088
405.3,2.509,1.64,0.713,0.877,0.646,0.346,0.088
405.40000000000003,2.521,1.649,0.716,0.877,0.645,0.346,0.088
405.5,2.525,1.653,0.718,0.877,0.646,0.347,0.088
405.6,2.527,1.655,0.718,0.877,0.645,0.347,0.088
405.70000000000005,2.528,1.655,0.718,0.877,0.645,0.348,0.088
405.8,2.528,1.656,0.719,0.877,0.646,0.348,0.088
405.90000000000003,2.528,1.656,0.719,0.877,0.646,0.349,0.088
406.0,2.528,1.656,0.719,0.877,0.645,0.349,0.088
406.1,2.528,1.656,0.719,0.877,0.645,0.35,0.087
406.20000000000005,2.56,1.683,0.729,0.877,0.646,0.35,0.088
406.3,2.541,1.667,0.723,0.878,0.645,0.351,0.089
406.40000000000003,2.533,1.66,0.72,0.877,0.645,0.352,0.088
406.5,2.562,1.685,0.729,0.877,0.646,0.352,0.088
406.6,2.542,1.667,0.723,0.877,0.646,0.352,0.088
406.70000000000005,2.533,1.661,0.72,0.878,0.646,0.353,0.088
406.8,2.562,1.685,0.73,0.877,0.646,0.353,0.088
406.90000000000003,2.542,1.668,0.723,0.877,0.645,0.353,0.088
407.0,2.533,1.661,0.72,0.878,0.645,0.354,0.088
407.1,2.562,1.685,0.73,0.878,0.645,0.355,0.088
407.20000000000005,2.573,1.695,0.733,0.877,0.645,0.355,0.088
407.3,2.578,1.699,0.735,0.877,0.645,0.356,0.088
407.40000000000003,2.58,1.7,0.735,0.878,0.645,0.356,0.088
407.5,2.58,1.701,0.735,0.877,0.646,0.356,0.088
407.6,2.549,1.674,0.725,0.877,0.646,0.357,0.088
407.70000000000005,2.568,1.69,0.732,0.877,0.645,0.357,0.088
407.8,2.544,1.67,0.724,0.878,0.645,0.357,0.088
407.90000000000003,2.534,1.661,0.721,0.878,0.645,0.358,0.088
408.0,2.562,1.685,0.73,0.878,0.646,0.357,0.088
408.1,2.573,1.695,0.733,0.878,0.645,0.358,0.088
408.20000000000005,2.578,1.699,0.735,0.878,0.646,0.358,0.088
408.3,2.548,1.673,0.725,0.878,0.646,0.359,0.088
408.40000000000003,2.536,1.663,0.721,0.878,0.646,0.36,0.088
408.5,2.563,1.686,0.73,0.878,0.646,0.361,0.089
408.6,2.542,1.668,0.723,0.878,0.646,0.361,0.089
408.70000000000005,2.502,1.634,0.71,0.878,0.646,0.361,0.089
408.8,2.518,1.647,0.715,0.878,0.646,0.361,0.088
408.90000000000003,2.524,1.652,0.717,0.878,0.645,0.362,0.089
409.0,2.558,1.682,0.728,0.878,0.645,0.362,0.089
409.1,2.54,1.666,0.722,0.878,0.646,0.362,0.089
409.20000000000005,2.565,1.687,0.73,0.879,0.646,0.363,0.089
409.3,2.574,1.696,0.734,0.878,0.645,0.363,0.089
409.40000000000003,2.578,1.699,0.735,0.878,0.646,0.363,0.089
409.5,2.548,1.673,0.725,0.878,0.645,0.364,0.089
409.6,2.568,1.69,0.731,0.878,0.645,0.364,0.088
409.70000000000005,2.544,1.67,0.724,0.879,0.646,0.364,0.089
409.8,2.566,1.689,0.731,0.878,0.645,0.365,0.089
409.90000000000003,2.575,1.696,0.734,0.878,0.646,0.365,0.089
410.0,2.547,1.672,0.725,0.878,0.645,0.365,0.089
410.1,2.567,1.69,0.731,0.878,0.645,0.366,0.089
410.20000000000005,2.575,1.697,0.734,0.879,0.646,0.366,0.088
410.3,2.579,1.699,0.735,0.878,0.646,0.366,0.089
410.40000000000003,2.58,1.701,0.735,0.878,0.646,0.366,0.089
410.5,2.581,1.701,0.736,0.879,0.645,0.367,0.089
410.6,2.581,1.701,0.736,0.879,0.646,0.367,0.089
410.70000000000005,2.581,1.701,0.736,0.878,0.645,0.367,0.089
410.8,2.581,1.701,0.736,0.879,0.646,0.367,0.089
410.90000000000003,2.581,1.701,0.736,0.879,0.645,0.368,0.089
411.0,2.613,1.729,0.746,0.88,0.645,0.369,0.089
411.1,2.594,1.712,0.74,0.879,0.645,0.369,0.089
411.20000000000005,2.586,1.706,0.737,0.88,0.645,0.369,0.089
411.3,2.583,1.703,0.736,0.879,0.646,0.369,0.089
411.40000000000003,2.582,1.702,0.736,0.879,0.645,0.37,0.089
411.5,2.581,1.702,0.736,0.879,0.645,0.37,0.089
411.6,2.549,1.674,0.725,0.88,0.646,0.371,0.089
411.70000000000005,2.6,1.718,0.742,0.879,0.646,0.371,0.089
411.8,2.589,1.708,0.738,0.879,0.646,0.372,0.089
411.90000000000003,2.584,1.704,0.737,0.878,0.645,0.372,0.089
412.0,2.582,1.702,0.736,0.879,0.646,0.372,0.089
412.1,2.613,1.729,0.746,0.88,0.646,0.372,0.089
412.20000000000005,2.626,1.74,0.75,0.88,0.645,0.372,0.089
412.3,2.631,1.744,0.752,0.88,0.645,0.372,0.089
412.40000000000003,2.633,1.746,0.752,0.88,0.645,0.373,0.089
412.5,2.602,1.719,0.742,0.879,0.645,0.372,0.089
412.6,2.589,1.708,0.738,0.88,0.646,0.373,0.089
412.70000000000005,2.552,1.677,0.726,0.88,0.646,0.373,0.089
412.8,2.57,1.692,0.732,0.879,0.645,0.374,0.089
412.90000000000003,2.576,1.697,0.734,0.879,0.645,0.374,0.089
413.0,2.579,1.7,0.735,0.88,0.646,0.374,0.089
413.1,2.612,1.728,0.746,0.88,0.646,0.375,0.089
413.20000000000005,2.593,1.712,0.74,0.88,0.646,0.375,0.089
413.3,2.586,1.706,0.737,0.88,0.646,0.375,0.09
413.40000000000003,2.583,1.703,0.736,0.88,0.645,0.375,0.09
413.5,2.582,1.702,0.736,0.881,0.646,0.376,0.09
413.6,2.55,1.674,0.726,0.88,0.646,0.376,0.09
413.70000000000005,2.568,1.69,0.732,0.88,0.646,0.377,0.089
413.8,2.576,1.697,0.734,0.881,0.646,0.377,0.09
413.90000000000003,2.579,1.7,0.735,0.881,0.645,0.377,0.09
414.0,2.58,1.701,0.735,0.88,0.646,0.377,0.09
414.1,2.581,1.701,0.736,0.88,0.645,0.377,0.09
414.20000000000005,2.581,1.701,0.736,0.88,0.645,0.378,0.09
414.3,2.581,1.701,0.736,0.88,0.646,0.378,0.089
414.40000000000003,2.613,1.729,0.746,0.88,0.646,0.378,0.09
414.5,2.594,1.712,0.74,0.88,0.646,0.378,0.089
414.6,2.618,1.733,0.748,0.88,0.645,0.379,0.09
414.70000000000005,2.596,1.714,0.74,0.88,0.646,0.378,0.09
414.8,2.619,1.734,0.748,0.88,0.646,0.379,0.089
414.90000000000003,2.596,1.714,0.741,0.88,0.645,0.379,0.09
415.0,2.587,1.706,0.738,0.88,0.646,0.38,0.09
415.1,2.615,1.731,0.747,0.881,0.646,0.38,0.09
415.20000000000005,2.626,1.741,0.75,0.881,0.646,0.38,0.09
415.3,2.599,1.717,0.742,0.88,0.646,0.381,0.09
415.40000000000003,2.588,1.708,0.738,0.88,0.646,0.38,0.09
415.5,2.584,1.704,0.737,0.881,0.646,0.381,0.09
415.6,2.582,1.702,0.736,0.88,0.646,0.381,0.09
415.70000000000005,2.581,1.702,0.736,0.881,0.646,0.381,0.089
415.8,2.581,1.701,0.736,0.881,0.645,0.381,0.089
415.90000000000003,2.581,1.701,0.736,0.88,0.646,0.382,0.09
416.0,2.581,1.701,0.736,0.88,0.646,0.382,0.09
416.1,2.581,1.701,0.736,0.88,0.646,0.383,0.089
416.20000000000005,2.581,1.701,0.736,0.881,0.646,0.383,0.089
416.3,2.613,1.729,0.746,0.88,0.646,0.384,0.09
416.40000000000003,2.625,1.74,0.75,0.881,0.646,0.384,0.09
416.5,2.631,1.744,0.752,0.881,0.646,0.384,0.09
416.6,2.601,1.718,0.742,0.881,0.646,0.384,0.09
416.70000000000005,2.621,1.736,0.749,0.881,0.645,0.384,0.09
416.8,2.597,1.715,0.741,0.881,0.646,0.384,0.09
416.90000000000003,2.587,1.707,0.738,0.881,0.646,0.384,0.09
417.0,2.583,1.703,0.736,0.881,0.646,0.385,0.09
417.1,2.582,1.702,0.736,0.881,0.646,0.385,0.09
417.20000000000005,2.581,1.702,0.736,0.882,0.646,0.385,0.09
417.3,2.581,1.701,0.736,0.881,0.646,0.385,0.09
417.40000000000003,2.581,1.701,0.736,0.881,0.646,0.385,0.09
417.5,2.581,1.701,0.736,0.881,0.646,0.386,0.09
417.6,2.581,1.701,0.736,0.881,0.646,0.386,0.09
417.70000000000005,2.645,1.757,0.756,0.881,0.646,0.386,0.09
417.8,2.606,1.723,0.744,0.881,0.646,0.386,0.09
417.90000000000003,2.591,1.71,0.739,0.881,0.646,0.386,0.09
418.0,2.585,1.705,0.737,0.881,0.646,0.386,0.09
418.1,2.582,1.703,0.736,0.881,0.646,0.386,0.09
418.20000000000005,2.582,1.702,0.736,0.881,0.646,0.387,0.09
418.3,2.581,1.701,0.736,0.881,0.646,0.388,0.09
418.40000000000003,2.581,1.701,0.736,0.881,0.646,0.388,0.09
418.5,2.581,1.701,0.736,0.881,0.646,0.388,0.09
418.6,2.581,1.701,0.736,0.882,0.646,0.388,0.09
418.70000000000005,2.581,1.701,0.736,0.881,0.646,0.388,0.091
418.8,2.581,1.701,0.736,0.881,0.646,0.388,0.09
418.90000000000003,2.581,1.701,0.736,0.881,0.646,0.389,0.089
419.0,2.581,1.701,0.736,0.88,0.646,0.388,0.09
419.1,2.581,1.701,0.736,0.88,0.646,0.388,0.089
419.20000000000005,2.613,1.729,0.746,0.881,0.646,0.389,0.09
419.3,2.594,1.712,0.74,0.881,0.646,0.389,0.09
419.40000000000003,2.65,1.761,0.758,0.881,0.645,0.389,0.09
419.5,2.64,1.753,0.755,0.88,0.646,0.389,0.09
419.6,2.605,1.722,0.743,0.881,0.646,0.389,0.09
419.70000000000005,2.59,1.709,0.739,0.881,0.646,0.389,0.09
419.8,2.585,1.705,0.737,0.881,0.646,0.389,0.09
419.90000000000003,2.582,1.703,0.736,0.881,0.646,0.389,0.09
420.0,2.581,1.702,0.736,0.881,0.646,0.39,0.09
420.1,2.613,1.729,0.746,0.881,0.646,0.39,0.09
420.20000000000005,2.594,1.712,0.74,0.881,0.646,0.39,0.09
420.3,2.618,1.733,0.748,0.881,0.646,0.39,0.09
420.40000000000003,2.596,1.714,0.74,0.881,0.646,0.39,0.089
420.5,2.587,1.706,0.738,0.881,0.646,0.39,0.089
420.6,2.583,1.703,0.736,0.881,0.646,0.391,0.09
420.70000000000005,2.582,1.702,0.736,0.881,0.646,0.39,0.09
420.8,2.581,1.702,0.736,0.881,0.646,0.391,0.09
420.90000000000003,2.581,1.701,0.736,0.881,0.646,0.391,0.09
421.0,2.581,1.701,0.736,0.881,0.646,0.391,0.09
421.1,2.613,1.729,0.746,0.881,0.646,0.39,0.09
421.20000000000005,2.625,1.74,0.75,0.881,0.646,0.391,0.09
421.3,2.599,1.717,0.741,0.881,0.646,0.391,0.09
421.40000000000003,2.62,1.735,0.748,0.881,0.646,0.39,0.09
421.5,2.596,1.715,0.741,0.881,0.646,0.391,0.09
421.6,2.587,1.707,0.738,0.881,0.646,0.391,0.09
421.70000000000005,2.583,1.703,0.736,0.881,0.646,0.391,0.09
421.8,2.582,1.702,0.736,0.881,0.646,0.391,0.09
421.90000000000003,2.581,1.702,0.736,0.881,0.646,0.392,0.089
422.0,2.581,1.701,0.736,0.881,0.646,0.392,0.09
422.1,2.581,1.701,0.736,0.882,0.646,0.392,0.089
422.20000000000005,2.581,1.701,0.736,0.881,0.647,0.392,0.09
422.3,2.581,1.701,0.736,0.881,0.646,0.392,0.09
422.40000000000003,2.613,1.729,0.746,0.882,0.646,0.393,0.09
422.5,2.625,1.74,0.75,0.882,0.646,0.393,0.09
422.6,2.599,1.717,0.741,0.882,0.646,0.393,0.09
422.70000000000005,2.588,1.707,0.738,0.881,0.646,0.393,0.09
422.8,2.584,1.704,0.737,0.881,0.645,0.393,0.09
422.90000000000003,2.614,1.73,0.746,0.881,0.646,0.393,0.09
423.0,2.594,1.713,0.74,0.881,0.645,0.393,0.09
423.1,2.586,1.706,0.737,0.881,0.646,0.394,0.09
423.20000000000005,2.583,1.703,0.736,0.881,0.646,0.394,0.09
423.3,2.582,1.702,0.736,0.881,0.646,0.394,0.09
423.40000000000003,2.581,1.702,0.736,0.882,0.646,0.394,0.09
423.5,2.581,1.701,0.736,0.881,0.646,0.394,0.09
423.6,2.613,1.729,0.746,0.881,0.646,0.394,0.09
423.70000000000005,2.594,1.712,0.74,0.882,0.646,0.394,0.09
423.8,2.618,1.733,0.748,0.882,0.646,0.394,0.09
423.90000000000003,2.596,1.714,0.74,0.881,0.646,0.394,0.09
424.0,2.587,1.706,0.738,0.882,0.646,0.394,0.09
424.1,2.583,1.703,0.736,0.882,0.646,0.395,0.09
424.20000000000005,2.614,1.73,0.746,0.881,0.646,0.395,0.09
424.3,2.594,1.713,0.74,0.882,0.646,0.396,0.09
424.40000000000003,2.618,1.733,0.748,0.881,0.646,0.396,0.089
424.5,2.596,1.714,0.74,0.882,0.646,0.396,0.09
424.6,2.587,1.706,0.738,0.882,0.646,0.396,0.09
424.70000000000005,2.583,1.703,0.736,0.881,0.646,0.396,0.09
424.8,2.582,1.702,0.736,0.881,0.646,0.396,0.09
424.90000000000003,2.581,1.702,0.736,0.882,0.646,0.396,0.09
425.0,2.581,1.701,0.736,0.882,0.646,0.396,0.09
425.1,2.581,1.701,0.736,0.881,0.646,0.397,0.09
425.20000000000005,2.613,1.729,0.746,0.882,0.646,0.397,0.09
425.3,2.625,1.74,0.75,0.882,0.647,0.396,0.09
425.40000000000003,2.599,1.717,0.741,0.882,0.646,0.396,0.09
425.5,2.62,1.735,0.748,0.882,0.647,0.397,0.09
425.6,2.596,1.715,0.741,0.882,0.646,0.396,0.09
425.70000000000005,2.619,1.734,0.748,0.882,0.647,0.396,0.09
425.8,2.628,1.742,0.751,0.882,0.646,0.397,0.09
425.90000000000003,2.6,1.718,0.742,0.882,0.647,0.396,0.09
426.0,2.588,1.708,0.738,0.882,0.646,0.397,0.09
426.1,2.584,1.704,0.737,0.881,0.647,0.396,0.09
426.20000000000005,2.614,1.73,0.746,0.882,0.646,0.397,0.09
426.3,2.626,1.74,0.75,0.882,0.647,0.397,0.09
426.40000000000003,2.599,1.717,0.741,0.882,0.646,0.397,0.09
426.5,2.588,1.707,0.738,0.882,0.647,0.397,0.09
426.6,2.616,1.731,0.747,0.882,0.646,0.398,0.09
426.70000000000005,2.595,1.713,0.74,0.882,0.646,0.397,0.09
426.8,2.618,1.734,0.748,0.882,0.646,0.398,0.09
426.90000000000003,2.596,1.714,0.74,0.883,0.647,0.398,0.09
427.0,2.555,1.679,0.727,0.882,0.646,0.397,0.09
427.1,2.571,1.692,0.732,0.882,0.646,0.398,0.09
427.20000000000005,2.577,1.698,0.734,0.881,0.646,0.398,0.09
427.3,2.579,1.7,0.735,0.882,0.647,0.398,0.09
427.40000000000003,2.58,1.701,0.735,0.882,0.647,0.398,0.09
427.5,2.581,1.701,0.736,0.881,0.646,0.398,0.09
427.6,2.581,1.701,0.736,0.882,0.646,0.398,0.09
427.70000000000005,2.613,1.729,0.746,0.881,0.646,0.398,0.09
427.8,2.594,1.712,0.74,0.881,0.646,0.399,0.09
427.90000000000003,2.618,1.733,0.748,0.881,0.647,0.398,0.089
428.0,2.596,1.714,0.74,0.882,0.647,0.399,0.09
428.1,2.587,1.706,0.738,0.882,0.647,0.399,0.09
428.20000000000005,2.615,1.731,0.747,0.882,0.646,0.398,0.09
428.3,2.595,1.713,0.74,0.882,0.646,0.399,0.09
428.40000000000003,2.586,1.706,0.737,0.882,0.646,0.399,0.09
428.5,2.583,1.703,0.736,0.882,0.646,0.4,0.089
428.6,2.582,1.702,0.736,0.882,0.647,0.4,0.09
428.70000000000005,2.581,1.702,0.736,0.882,0.647,0.399,0.09
428.8,2.581,1.701,0.736,0.882,0.646,0.399,0.09
428.90000000000003,2.581,1.701,0.736,0.882,0.646,0.4,0.091
429.0,2.581,1.701,0.736,0.882,0.646,0.4,0.091
429.1,2.581,1.701,0.736,0.881,0.646,0.4,0.09
429.20000000000005,2.613,1.729,0.746,0.882,0.647,0.399,0.09
429.3,2.625,1.74,0.75,0.882,0.646,0.399,0.09
429.40000000000003,2.599,1.717,0.741,0.882,0.646,0.4,0.09
429.5,2.62,1.735,0.748,0.882,0.646,0.4,0.09
429.6,2.628,1.742,0.751,0.882,0.646,0.401,0.09
429.70000000000005,2.632,1.745,0.752,0.881,0.647,0.4,0.09
429.8,2.601,1.719,0.742,0.882,0.646,0.4,0.09
429.90000000000003,2.589,1.708,0.738,0.882,0.647,0.4,0.09
430.0,2.584,1.704,0.737,0.882,0.646,0.4,0.09
430.1,2.582,1.702,0.736,0.882,0.646,0.401,0.09
430.20000000000005,2.581,1.702,0.736,0.882,0.646,0.401,0.09
430.3,2.581,1.701,0.736,0.882,0.646,0.401,0.09
430.40000000000003,2.581,1.701,0.736,0.882,0.647,0.401,0.09
430.5,2.581,1.701,0.736,0.882,0.647,0.401,0.09
430.6,2.581,1.701,0.736,0.882,0.646,0.401,0.09
430.70000000000005,2.581,1.701,0.736,0.882,0.647,0.401,0.09
430.8,2.581,1.701,0.736,0.882,0.647,0.402,0.089
430.90000000000003,2.581,1.701,0.736,0.882,0.646,0.401,0.09
431.0,2.581,1.701,0.736,0.882,0.647,0.401,0.09
431.1,2.581,1.701,0.736,0.881,0.646,0.402,0.09
431.20000000000005,2.581,1.701,0.736,0.882,0.647,0.401,0.09
431.3,2.613,1.729,0.746,0.882,0.647,0.402,0.09
431.40000000000003,2.594,1.712,0.74,0.882,0.647,0.402,0.09
431.5,2.618,1.733,0.748,0.882,0.646,0.402,0.09
431.6,2.596,1.714,0.74,0.882,0.646,0.402,0.09
431.70000000000005,2.619,1.734,0.748,0.882,0.646,0.402,0.089
431.8,2.596,1.714,0.741,0.882,0.647,0.402,0.09
431.90000000000003,2.587,1.706,0.738,0.882,0.646,0.402,0.09
432.0,2.583,1.703,0.736,0.882,0.647,0.402,0.09
432.1,2.582,1.702,0.736,0.882,0.646,0.402,0.09
432.20000000000005,2.581,1.702,0.736,0.881,0.646,0.402,0.09
432.3,2.581,1.701,0.736,0.882,0.646,0.402,0.09
432.40000000000003,2.581,1.701,0.736,0.882,0.647,0.402,0.09
432.5,2.581,1.701,0.736,0.882,0.647,0.402,0.09
432.6,2.581,1.701,0.736,0.882,0.646,0.402,0.09
432.70000000000005,2.581,1.701,0.736,0.882,0.646,0.402,0.09
432.8,2.581,1.701,0.736,0.881,0.646,0.402,0.09
432.90000000000003,2.581,1.701,0.736,0.882,0.646,0.403,0.09
433.0,2.581,1.701,0.736,0.882,0.646,0.403,0.09
433.1,2.549,1.674,0.725,0.882,0.647,0.402,0.09
433.20000000000005,2.568,1.69,0.732,0.882,0.647,0.403,0.09
433.3,2.576,1.697,0.734,0.882,0.646,0.403,0.09
433.40000000000003,2.579,1.7,0.735,0.882,0.646,0.403,0.089
433.5,2.58,1.701,0.735,0.882,0.646,0.402,0.089
433.6,2.581,1.701,0.736,0.882,0.646,0.403,0.09
433.70000000000005,2.581,1.701,0.736,0.882,0.646,0.404,0.09
433.8,2.581,1.701,0.736,0.881,0.646,0.403,0.09
433.90000000000003,2.581,1.701,0.736,0.882,0.647,0.403,0.09
434.0,2.613,1.729,0.746,0.882,0.646,0.403,0.09
434.1,2.594,1.712,0.74,0.882,0.647,0.403,0.09
434.20000000000005,2.586,1.706,0.737,0.881,0.646,0.404,0.09
434.3,2.583,1.703,0.736,0.881,0.646,0.404,0.089
434.40000000000003,2.582,1.702,0.736,0.882,0.646,0.404,0.09
434.5,2.581,1.702,0.736,0.882,0.647,0.404,0.09
434.6,2.581,1.701,0.736,0.882,0.646,0.404,0.09
434.70000000000005,2.581,1.701,0.736,0.881,0.646,0.404,0.09
434.8,2.581,1.701,0.736,0.881,0.646,0.404,0.09
434.90000000000003,2.581,1.701,0.736,0.881,0.646,0.404,0.09
435.0,2.581,1.701,0.736,0.882,0.647,0.404,0.09
435.1,2.581,1.701,0.736,0.882,0.646,0.404,0.09
435.20000000000005,2.581,1.701,0.736,0.881,0.646,0.404,0.09
435.3,2.581,1.701,0.736,0.882,0.647,0.404,0.09
435.40000000000003,2.581,1.701,0.736,0.881,0.647,0.404,0.09
435.5,2.581,1.701,0.736,0.882,0.646,0.404,0.09
435.6,2.581,1.701,0.736,0.882,0.647,0.404,0.09
435.70000000000005,2.581,1.701,0.736,0.882,0.647,0.404,0.09
435.8,2.549,1.674,0.725,0.882,0.646,0.404,0.09
435.90000000000003,2.568,1.69,0.732,0.882,0.646,0.404,0.089
436.0,2.576,1.697,0.734,0.882,0.646,0.404,0.09
436.1,2.579,1.7,0.735,0.882,0.647,0.404,0.089
436.20000000000005,2.58,1.701,0.735,0.882,0.647,0.404,0.09
436.3,2.581,1.701,0.736,0.882,0.646,0.404,0.09
436.40000000000003,2.581,1.701,0.736,0.882,0.647,0.404,0.09
436.5,2.581,1.701,0.736,0.882,0.647,0.404,0.09
436.6,2.549,1.674,0.725,0.882,0.647,0.404,0.089
436.70000000000005,2.568,1.69,0.732,0.882,0.647,0.404,0.09
436.8,2.576,1.697,0.734,0.882,0.647,0.405,0.089
436.90000000000003,2.579,1.7,0.735,0.882,0.646,0.404,0.089
437.0,2.58,1.701,0.735,0.882,0.646,0.404,0.09
437.1,2.581,1.701,0.736,0.882,0.647,0.404,0.09
437.20000000000005,2.581,1.701,0.736,0.881,0.646,0.405,0.09
437.3,2.581,1.701,0.736,0.882,0.647,0.404,0.09
437.40000000000003,2.581,1.701,0.736,0.882,0.647,0.404,0.09
437.5,2.549,1.674,0.725,0.882,0.647,0.404,0.09
437.6,2.568,1.69,0.732,0.882,0.647,0.404,0.089
437.70000000000005,2.576,1.697,0.734,0.882,0.647,0.404,0.089
437.8,2.579,1.7,0.735,0.882,0.647,0.404,0.089
437.90000000000003,2.612,1.728,0.746,0.882,0.646,0.404,0.09
438.0,2.593,1.712,0.74,0.882,0.647,0.405,0.09
438.1,2.618,1.733,0.748,0.882,0.647,0.405,0.09
438.20000000000005,2.596,1.714,0.74,0.882,0.646,0.404,0.089
438.3,2.587,1.706,0.738,0.883,0.646,0.404,0.089
438.40000000000003,2.615,1.731,0.747,0.882,0.646,0.404,0.089
438.5,2.595,1.713,0.74,0.881,0.646,0.404,0.09
438.6,2.586,1.706,0.737,0.882,0.647,0.404,0.09
438.70000000000005,2.583,1.703,0.736,0.882,0.647,0.405,0.089
438.8,2.55,1.675,0.726,0.882,0.647,0.404,0.089
438.90000000000003,2.537,1.663,0.721,0.881,0.647,0.404,0.089
439.0,2.563,1.686,0.73,0.882,0.647,0.405,0.09
439.1,2.542,1.668,0.723,0.882,0.647,0.404,0.089
439.20000000000005,2.565,1.688,0.731,0.882,0.647,0.404,0.089
439.3,2.543,1.669,0.723,0.882,0.647,0.404,0.09
439.40000000000003,2.534,1.661,0.721,0.882,0.647,0.404,0.089
439.5,2.53,1.658,0.719,0.881,0.647,0.404,0.089
439.6,2.561,1.684,0.729,0.882,0.647,0.404,0.09
439.70000000000005,2.573,1.694,0.733,0.883,0.646,0.405,0.089
439.8,2.578,1.698,0.735,0.882,0.646,0.404,0.09
439.90000000000003,2.58,1.7,0.735,0.882,0.646,0.404,0.089
440.0,2.58,1.701,0.735,0.882,0.647,0.405,0.089
440.1,2.581,1.701,0.736,0.883,0.647,0.405,0.089
440.20000000000005,2.581,1.701,0.736,0.882,0.647,0.405,0.089
440.3,2.581,1.701,0.736,0.882,0.647,0.405,0.089
440.40000000000003,2.549,1.674,0.725,0.882,0.646,0.405,0.089
440.5,2.537,1.663,0.721,0.883,0.646,0.405,0.089
440.6,2.563,1.686,0.73,0.882,0.646,0.405,0.089
440.70000000000005,2.542,1.668,0.723,0.882,0.647,0.405,0.089
440.8,2.534,1.661,0.72,0.882,0.647,0.405,0.089
440.90000000000003,2.53,1.658,0.719,0.883,0.647,0.405,0.089
441.0,2.529,1.657,0.719,0.882,0.647,0.404,0.09
441.1,2.528,1.656,0.719,0.882,0.647,0.405,0.089
441.20000000000005,2.56,1.683,0.729,0.882,0.647,0.405,0.089
441.3,2.604,1.722,0.743,0.882,0.647,0.405,0.089
441.40000000000003,2.59,1.709,0.739,0.883,0.647,0.405,0.089
441.5,2.553,1.677,0.727,0.882,0.647,0.405,0.089
441.6,2.538,1.664,0.722,0.882,0.647,0.405,0.089
441.70000000000005,2.532,1.659,0.72,0.882,0.647,0.405,0.09
441.8,2.561,1.684,0.729,0.882,0.647,0.405,0.089
441.90000000000003,2.573,1.695,0.733,0.883,0.647,0.405,0.09
442.0,2.546,1.671,0.724,0.882,0.647,0.405,0.089
442.1,2.567,1.689,0.731,0.882,0.647,0.406,0.09
442.20000000000005,2.575,1.696,0.734,0.882,0.646,0.405,0.09
442.3,2.579,1.699,0.735,0.882,0.647,0.405,0.089
442.40000000000003,2.58,1.7,0.735,0.882,0.646,0.405,0.089
442.5,2.549,1.674,0.725,0.883,0.647,0.405,0.089
442.6,2.568,1.69,0.732,0.883,0.647,0.405,0.089
442.70000000000005,2.544,1.67,0.724,0.882,0.646,0.405,0.09
442.8,2.534,1.661,0.721,0.882,0.647,0.405,0.089
442.90000000000003,2.531,1.658,0.719,0.882,0.647,0.405,0.089
443.0,2.561,1.684,0.729,0.882,0.647,0.405,0.089
443.1,2.541,1.667,0.723,0.882,0.647,0.405,0.09
443.20000000000005,2.533,1.66,0.72,0.882,0.647,0.405,0.09
443.3,2.53,1.658,0.719,0.882,0.647,0.406,0.089
443.40000000000003,2.529,1.657,0.719,0.882,0.647,0.406,0.09
443.5,2.56,1.683,0.729,0.882,0.646,0.406,0.09
443.6,2.573,1.694,0.733,0.882,0.647,0.405,0.089
443.70000000000005,2.546,1.671,0.724,0.882,0.647,0.406,0.09
443.8,2.535,1.662,0.721,0.882,0.647,0.405,0.089
443.90000000000003,2.531,1.658,0.72,0.882,0.647,0.406,0.089
444.0,2.529,1.657,0.719,0.882,0.646,0.406,0.089
444.1,2.529,1.656,0.719,0.882,0.647,0.405,0.089
444.20000000000005,2.528,1.656,0.719,0.882,0.647,0.406,0.089
444.3,2.56,1.683,0.729,0.882,0.647,0.406,0.089
444.40000000000003,2.572,1.694,0.733,0.882,0.647,0.406,0.089
444.5,2.546,1.671,0.724,0.881,0.646,0.406,0.089
444.6,2.535,1.662,0.721,0.882,0.647,0.405,0.09
444.70000000000005,2.531,1.658,0.72,0.882,0.647,0.406,0.089
444.8,2.529,1.657,0.719,0.882,0.647,0.405,0.09
444.90000000000003,2.529,1.656,0.719,0.882,0.647,0.406,0.089
445.0,2.528,1.656,0.719,0.882,0.647,0.405,0.09
445.1,2.56,1.683,0.729,0.883,0.647,0.406,0.089
445.20000000000005,2.541,1.667,0.723,0.882,0.646,0.406,0.089
445.3,2.533,1.66,0.72,0.882,0.646,0.406,0.089
445.40000000000003,2.562,1.685,0.729,0.882,0.647,0.406,0.089
445.5,2.542,1.667,0.723,0.882,0.647,0.406,0.089
445.6,2.533,1.661,0.72,0.883,0.646,0.406,0.09
445.70000000000005,2.53,1.658,0.719,0.882,0.646,0.405,0.089
445.8,2.529,1.657,0.719,0.882,0.647,0.406,0.089
445.90000000000003,2.528,1.656,0.719,0.883,0.647,0.406,0.089
446.0,2.528,1.656,0.719,0.882,0.647,0.406,0.088
446.1,2.528,1.656,0.719,0.882,0.646,0.406,0.089
446.20000000000005,2.56,1.683,0.729,0.882,0.647,0.406,0.089
446.3,2.541,1.667,0.723,0.882,0.647,0.406,0.089
446.40000000000003,2.533,1.66,0.72,0.882,0.647,0.405,0.089
446.5,2.53,1.658,0.719,0.882,0.647,0.406,0.089
446.6,2.529,1.657,0.719,0.882,0.647,0.406,0.089
446.70000000000005,2.528,1.656,0.719,0.882,0.647,0.405,0.089
446.8,2.528,1.656,0.719,0.882,0.647,0.406,0.089
446.90000000000003,2.528,1.656,0.719,0.882,0.647,0.406,0.089
447.0,2.528,1.656,0.719,0.882,0.647,0.406,0.089
447.1,2.56,1.683,0.729,0.882,0.647,0.406,0.089
447.20000000000005,2.541,1.667,0.723,0.882,0.647,0.406,0.089
447.3,2.533,1.66,0.72,0.882,0.648,0.406,0.089
447.40000000000003,2.53,1.658,0.719,0.882,0.647,0.406,0.089
447.5,2.401,1.573,0.682,0.837,0.614,0.385,0.085
447.6,2.297,1.505,0.653,0.801,0.588,0.369,0.081
447.70000000000005,2.215,1.451,0.63,0.772,0.566,0.356,0.078
447.8,2.149,1.408,0.611,0.749,0.55,0.345,0.076
447.90000000000003,2.088,1.366,0.593,0.731,0.536,0.337,0.074
448.0,2.048,1.34,0.582,0.717,0.526,0.33,0.072
448.1,2.007,1.312,0.57,0.705,0.517,0.324,0.071
448.20000000000005,1.975,1.29,0.561,0.695,0.51,0.32,0.07
448.3,1.95,1.273,0.553,0.688,0.505,0.316,0.069
448.40000000000003,1.929,1.258,0.547,0.682,0.5,0.314,0.068
448.5,1.905,1.241,0.54,0.677,0.497,0.311,0.068
448.6,1.885,1.226,0.534,0.673,0.494,0.309,0.067
448.70000000000005,1.862,1.208,0.527,0.67,0.492,0.308,0.067
448.8,1.851,1.2,0.524,0.668,0.49,0.306,0.067
448.90000000000003,1.843,1.194,0.521,0.666,0.489,0.305,0.066
449.0,1.836,1.189,0.519,0.664,0.488,0.304,0.066
449.1,1.83,1.185,0.518,0.663,0.487,0.303,0.066
449.20000000000005,1.826,1.182,0.516,0.661,0.486,0.302,0.066
449.3,1.822,1.179,0.515,0.66,0.485,0.301,0.065
449.40000000000003,1.82,1.177,0.514,0.66,0.485,0.301,0.065
449.5,1.817,1.176,0.514,0.659,0.485,0.3,0.065
449.6,1.816,1.174,0.513,0.659,0.484,0.299,0.065
449.70000000000005,1.814,1.173,0.513,0.659,0.484,0.299,0.065
449.8,1.813,1.173,0.513,0.658,0.484,0.299,0.065
449.90000000000003,1.812,1.172,0.512,0.658,0.484,0.298,0.065
450.0,1.804,1.165,0.51,0.658,0.484,0.298,0.065
450.1,1.797,1.159,0.507,0.658,0.484,0.298,0.065
450.20000000000005,1.791,1.155,0.506,0.657,0.484,0.297,0.065
450.3,1.787,1.151,0.504,0.657,0.484,0.297,0.064
450.40000000000003,1.783,1.148,0.503,0.657,0.484,0.297,0.064
450.5,1.781,1.146,0.502,0.657,0.484,0.297,0.064
450.6,1.778,1.144,0.502,0.657,0.484,0.297,0.064
450.70000000000005,1.777,1.142,0.501,0.657,0.484,0.296,0.064
450.8,1.775,1.141,0.501,0.657,0.484,0.296,0.064
450.90000000000003,1.774,1.14,0.5,0.657,0.484,0.296,0.064
451.0,1.773,1.14,0.5,0.657,0.484,0.296,0.064
451.1,1.773,1.139,0.5,0.657,0.484,0.296,0.064
451.20000000000005,1.772,1.138,0.499,0.657,0.484,0.295,0.064
451.3,1.771,1.138,0.499,0.656,0.484,0.295,0.064
451.40000000000003,1.763,1.131,0.497,0.656,0.484,0.295,0.064
451.5,1.757,1.126,0.495,0.656,0.483,0.294,0.064
451.6,1.752,1.121,0.493,0.656,0.484,0.294,0.064
451.70000000000005,1.74,1.112,0.489,0.656,0.484,0.293,0.064
451.8,1.73,1.104,0.486,0.656,0.484,0.293,0.064
451.90000000000003,1.723,1.097,0.484,0.656,0.484,0.292,0.063
452.0,1.717,1.092,0.482,0.656,0.484,0.292,0.063
452.1,1.712,1.088,0.48,0.656,0.484,0.292,0.063
452.20000000000005,1.708,1.085,0.479,0.655,0.484,0.292,0.063
452.3,1.705,1.083,0.478,0.655,0.484,0.291,0.063
452.40000000000003,1.695,1.074,0.475,0.655,0.484,0.291,0.063
452.5,1.694,1.074,0.475,0.655,0.484,0.29,0.063
452.6,1.694,1.074,0.475,0.655,0.484,0.29,0.063
452.70000000000005,1.686,1.067,0.472,0.655,0.484,0.289,0.063
452.8,1.687,1.068,0.473,0.655,0.484,0.289,0.062
452.90000000000003,1.681,1.063,0.47,0.655,0.484,0.288,0.062
453.0,1.676,1.058,0.469,0.654,0.484,0.287,0.062
453.1,1.671,1.055,0.467,0.654,0.484,0.286,0.062
453.20000000000005,1.668,1.052,0.466,0.654,0.484,0.286,0.062
453.3,1.665,1.05,0.466,0.654,0.484,0.285,0.062
453.40000000000003,1.663,1.048,0.465,0.654,0.484,0.284,0.062
453.5,1.661,1.046,0.464,0.653,0.484,0.284,0.062
453.6,1.66,1.045,0.464,0.653,0.484,0.283,0.062
453.70000000000005,1.659,1.044,0.464,0.653,0.484,0.283,0.062
453.8,1.658,1.044,0.463,0.653,0.484,0.282,0.061
453.90000000000003,1.657,1.043,0.463,0.653,0.484,0.281,0.061
454.0,1.657,1.043,0.463,0.653,0.484,0.28,0.061
454.1,1.664,1.049,0.465,0.652,0.484,0.28,0.061
454.20000000000005,1.654,1.041,0.462,0.652,0.484,0.279,0.061
454.3,1.647,1.035,0.46,0.652,0.484,0.279,0.061
454.40000000000003,1.641,1.03,0.458,0.652,0.484,0.278,0.061
454.5,1.636,1.026,0.456,0.652,0.484,0.277,0.061
454.6,1.632,1.022,0.455,0.652,0.484,0.277,0.061
454.70000000000005,1.621,1.014,0.452,0.651,0.484,0.276,0.06
454.8,1.62,1.013,0.451,0.651,0.484,0.275,0.06
454.90000000000003,1.62,1.012,0.451,0.651,0.484,0.274,0.06
455.0,1.619,1.012,0.451,0.651,0.484,0.274,0.06
455.1,1.611,1.005,0.448,0.651,0.484,0.273,0.06
455.20000000000005,1.62,1.012,0.451,0.65,0.484,0.273,0.06
455.3,1.619,1.012,0.451,0.65,0.484,0.272,0.06
455.40000000000003,1.611,1.005,0.448,0.65,0.484,0.271,0.06
455.5,1.605,1,0.446,0.65,0.484,0.271,0.06
455.6,1.607,1.002,0.447,0.65,0.484,0.27,0.06
455.70000000000005,1.601,0.997,0.445,0.65,0.484,0.27,0.06
455.8,1.597,0.994,0.444,0.649,0.484,0.269,0.06
455.90000000000003,1.593,0.991,0.443,0.649,0.484,0.269,0.06
456.0,1.59,0.988,0.442,0.649,0.484,0.268,0.059
456.1,1.596,0.993,0.444,0.649,0.484,0.268,0.06
456.20000000000005,1.592,0.99,0.442,0.649,0.484,0.268,0.06
456.3,1.59,0.988,0.442,0.649,0.484,0.267,0.059
456.40000000000003,1.58,0.98,0.439,0.649,0.484,0.267,0.059
456.5,1.58,0.98,0.439,0.649,0.484,0.267,0.059
456.6,1.579,0.98,0.438,0.649,0.484,0.266,0.059
456.70000000000005,1.579,0.979,0.438,0.649,0.484,0.266,0.059
456.8,1.579,0.979,0.438,0.649,0.484,0.265,0.059
456.90000000000003,1.579,0.979,0.438,0.649,0.484,0.265,0.059
457.0,1.579,0.979,0.438,0.648,0.484,0.264,0.059
457.1,1.579,0.979,0.438,0.648,0.484,0.264,0.059
457.20000000000005,1.579,0.979,0.438,0.648,0.484,0.263,0.059
457.3,1.571,0.973,0.436,0.648,0.484,0.263,0.059
457.40000000000003,1.573,0.974,0.436,0.648,0.484,0.263,0.059
457.5,1.574,0.975,0.437,0.648,0.484,0.262,0.059
457.6,1.575,0.976,0.437,0.648,0.484,0.262,0.059
457.70000000000005,1.568,0.97,0.435,0.648,0.484,0.261,0.059
457.8,1.563,0.966,0.433,0.648,0.484,0.261,0.059
457.90000000000003,1.559,0.963,0.432,0.648,0.484,0.26,0.059
458.0,1.555,0.96,0.431,0.648,0.484,0.26,0.059
458.1,1.56,0.964,0.432,0.648,0.484,0.259,0.059
458.20000000000005,1.556,0.961,0.431,0.648,0.484,0.259,0.059
458.3,1.553,0.958,0.43,0.648,0.484,0.258,0.059
458.40000000000003,1.551,0.956,0.429,0.648,0.484,0.258,0.059
458.5,1.549,0.955,0.429,0.647,0.484,0.257,0.059
458.6,1.547,0.954,0.428,0.647,0.484,0.257,0.058
458.70000000000005,1.546,0.953,0.428,0.647,0.484,0.256,0.058
458.8,1.545,0.952,0.428,0.647,0.484,0.256,0.058
458.90000000000003,1.544,0.951,0.427,0.647,0.484,0.255,0.058
459.0,1.544,0.951,0.427,0.647,0.484,0.255,0.058
459.1,1.543,0.95,0.427,0.646,0.484,0.254,0.058
459.20000000000005,1.543,0.95,0.427,0.646,0.484,0.254,0.058
459.3,1.513,0.926,0.418,0.646,0.484,0.253,0.058
459.40000000000003,1.519,0.931,0.419,0.646,0.484,0.253,0.058
459.5,1.523,0.934,0.421,0.646,0.484,0.252,0.058
459.6,1.527,0.937,0.422,0.645,0.484,0.252,0.058
459.70000000000005,1.53,0.939,0.423,0.645,0.484,0.251,0.058
459.8,1.532,0.941,0.424,0.645,0.484,0.251,0.058
459.90000000000003,1.534,0.943,0.424,0.645,0.484,0.25,0.058
460.0,1.528,0.938,0.422,0.645,0.484,0.25,0.058
460.1,1.531,0.94,0.423,0.645,0.484,0.249,0.058
460.20000000000005,1.54,0.948,0.426,0.645,0.484,0.249,0.058
460.3,1.541,0.948,0.426,0.645,0.484,0.248,0.058
460.40000000000003,1.541,0.948,0.426,0.645,0.484,0.248,0.058
460.5,1.541,0.948,0.426,0.645,0.484,0.247,0.057
460.6,1.541,0.948,0.426,0.645,0.484,0.247,0.057
460.70000000000005,1.541,0.948,0.426,0.645,0.484,0.247,0.057
460.8,1.541,0.948,0.426,0.645,0.484,0.246,0.057
460.90000000000003,1.541,0.949,0.426,0.645,0.484,0.246,0.057
461.0,1.541,0.949,0.426,0.644,0.484,0.245,0.057
461.1,1.541,0.949,0.426,0.644,0.484,0.245,0.057
461.20000000000005,1.541,0.949,0.426,0.644,0.484,0.244,0.057
461.3,1.541,0.949,0.426,0.643,0.484,0.244,0.057
461.40000000000003,1.541,0.949,0.426,0.643,0.484,0.243,0.057
461.5,1.534,0.943,0.424,0.643,0.484,0.243,0.057
461.6,1.528,0.938,0.422,0.643,0.484,0.242,0.057
461.70000000000005,1.523,0.934,0.421,0.643,0.484,0.242,0.057
461.8,1.527,0.937,0.422,0.642,0.484,0.241,0.057
461.90000000000003,1.522,0.933,0.42,0.642,0.484,0.241,0.057
462.0,1.518,0.93,0.419,0.642,0.484,0.241,0.057
462.1,1.516,0.928,0.418,0.642,0.484,0.24,0.057
462.20000000000005,1.513,0.926,0.418,0.642,0.484,0.24,0.057
462.3,1.511,0.925,0.417,0.641,0.484,0.239,0.057
462.40000000000003,1.54,0.948,0.426,0.641,0.484,0.239,0.057
462.5,1.533,0.942,0.424,0.641,0.484,0.238,0.057
462.6,1.527,0.937,0.422,0.641,0.484,0.238,0.057
462.70000000000005,1.522,0.934,0.421,0.641,0.484,0.238,0.057
462.8,1.519,0.931,0.419,0.641,0.484,0.237,0.057
462.90000000000003,1.516,0.928,0.418,0.641,0.484,0.237,0.057
463.0,1.513,0.926,0.418,0.641,0.484,0.237,0.057
463.1,1.512,0.925,0.417,0.641,0.485,0.236,0.057
463.20000000000005,1.51,0.924,0.417,0.641,0.484,0.236,0.057
463.3,1.509,0.923,0.416,0.641,0.484,0.235,0.057
463.40000000000003,1.508,0.922,0.416,0.641,0.484,0.235,0.057
463.5,1.507,0.921,0.416,0.641,0.484,0.235,0.057
463.6,1.506,0.921,0.416,0.641,0.484,0.234,0.057
463.70000000000005,1.506,0.92,0.415,0.641,0.484,0.234,0.057
463.8,1.506,0.92,0.415,0.641,0.484,0.234,0.057
463.90000000000003,1.513,0.926,0.418,0.641,0.484,0.234,0.057
464.0,1.511,0.924,0.417,0.641,0.484,0.233,0.057
464.1,1.51,0.923,0.417,0.641,0.484,0.233,0.057
464.20000000000005,1.508,0.922,0.416,0.641,0.484,0.233,0.057
464.3,1.508,0.922,0.416,0.641,0.484,0.233,0.057
464.40000000000003,1.507,0.921,0.416,0.641,0.484,0.233,0.057
464.5,1.506,0.921,0.416,0.641,0.484,0.232,0.057
464.6,1.506,0.92,0.415,0.641,0.484,0.232,0.057
464.70000000000005,1.505,0.92,0.415,0.641,0.484,0.232,0.057
464.8,1.505,0.92,0.415,0.641,0.484,0.232,0.057
464.90000000000003,1.505,0.92,0.415,0.641,0.484,0.231,0.057
465.0,1.505,0.919,0.415,0.641,0.484,0.231,0.057
465.1,1.505,0.919,0.415,0.641,0.484,0.231,0.057
465.20000000000005,1.512,0.925,0.417,0.641,0.484,0.231,0.057
465.3,1.51,0.924,0.417,0.641,0.484,0.231,0.057
465.40000000000003,1.509,0.923,0.416,0.641,0.484,0.23,0.056
465.5,1.508,0.922,0.416,0.641,0.484,0.23,0.056
465.6,1.507,0.921,0.416,0.641,0.484,0.23,0.056
465.70000000000005,1.507,0.921,0.416,0.641,0.484,0.23,0.056
465.8,1.506,0.92,0.415,0.641,0.484,0.229,0.057
465.90000000000003,1.506,0.92,0.415,0.641,0.484,0.229,0.057
466.0,1.505,0.92,0.415,0.641,0.484,0.229,0.057
466.1,1.505,0.92,0.415,0.641,0.484,0.228,0.057
466.20000000000005,1.505,0.919,0.415,0.641,0.484,0.228,0.057
466.3,1.505,0.919,0.415,0.641,0.484,0.228,0.057
466.40000000000003,1.505,0.919,0.415,0.641,0.484,0.228,0.057
466.5,1.504,0.919,0.415,0.64,0.484,0.227,0.057
466.6,1.504,0.919,0.415,0.64,0.484,0.227,0.057
466.70000000000005,1.504,0.919,0.415,0.64,0.484,0.227,0.057
466.8,1.504,0.919,0.415,0.64,0.484,0.226,0.057
466.90000000000003,1.504,0.919,0.415,0.64,0.484,0.226,0.057
467.0,1.504,0.919,0.415,0.64,0.484,0.226,0.056
467.1,1.504,0.919,0.415,0.64,0.484,0.226,0.056
467.20000000000005,1.504,0.919,0.415,0.64,0.484,0.225,0.056
467.3,1.504,0.919,0.415,0.64,0.484,0.225,0.056
467.40000000000003,1.504,0.919,0.415,0.64,0.484,0.225,0.057
467.5,1.504,0.919,0.415,0.64,0.484,0.225,0.057
467.6,1.497,0.913,0.412,0.64,0.484,0.225,0.057
467.70000000000005,1.498,0.914,0.413,0.64,0.484,0.225,0.056
467.8,1.499,0.915,0.413,0.64,0.484,0.224,0.056
467.90000000000003,1.5,0.916,0.414,0.64,0.484,0.224,0.056
468.0,1.501,0.916,0.414,0.64,0.484,0.224,0.056
468.1,1.502,0.917,0.414,0.64,0.484,0.224,0.056
468.20000000000005,1.502,0.917,0.414,0.64,0.484,0.223,0.056
468.3,1.502,0.918,0.414,0.64,0.484,0.223,0.057
468.40000000000003,1.503,0.918,0.414,0.64,0.484,0.223,0.057
468.5,1.503,0.918,0.414,0.64,0.484,0.223,0.056
468.6,1.503,0.918,0.415,0.64,0.484,0.223,0.056
468.70000000000005,1.503,0.918,0.415,0.64,0.484,0.223,0.056
468.8,1.504,0.918,0.415,0.64,0.484,0.222,0.056
468.90000000000003,1.511,0.924,0.417,0.64,0.484,0.222,0.056
469.0,1.51,0.923,0.417,0.64,0.484,0.222,0.056
469.1,1.494,0.911,0.412,0.64,0.484,0.222,0.056
469.20000000000005,1.496,0.912,0.412,0.64,0.484,0.222,0.056
469.3,1.497,0.914,0.413,0.64,0.484,0.222,0.056
469.40000000000003,1.499,0.915,0.413,0.64,0.484,0.221,0.056
469.5,1.492,0.91,0.411,0.64,0.484,0.221,0.056
469.6,1.495,0.911,0.412,0.64,0.484,0.221,0.056
469.70000000000005,1.497,0.913,0.412,0.64,0.484,0.221,0.056
469.8,1.491,0.908,0.411,0.64,0.484,0.221,0.056
469.90000000000003,1.493,0.91,0.411,0.64,0.484,0.221,0.056
470.0,1.495,0.912,0.412,0.64,0.484,0.22,0.056
470.1,1.49,0.907,0.41,0.64,0.484,0.22,0.056
470.20000000000005,1.493,0.91,0.411,0.64,0.484,0.22,0.056
470.3,1.495,0.912,0.412,0.64,0.484,0.22,0.056
470.40000000000003,1.497,0.913,0.413,0.64,0.484,0.22,0.056
470.5,1.498,0.914,0.413,0.64,0.484,0.22,0.056
470.6,1.499,0.915,0.413,0.64,0.484,0.219,0.056
470.70000000000005,1.5,0.916,0.414,0.64,0.484,0.219,0.056
470.8,1.501,0.916,0.414,0.64,0.484,0.219,0.056
470.90000000000003,1.502,0.917,0.414,0.639,0.484,0.219,0.056
471.0,1.502,0.917,0.414,0.64,0.484,0.219,0.056
471.1,1.502,0.918,0.414,0.64,0.484,0.219,0.056
471.20000000000005,1.503,0.918,0.414,0.64,0.484,0.219,0.056
471.3,1.503,0.918,0.414,0.639,0.484,0.219,0.056
471.40000000000003,1.503,0.918,0.415,0.639,0.484,0.219,0.056
471.5,1.503,0.918,0.415,0.639,0.484,0.218,0.056
471.6,1.504,0.918,0.415,0.639,0.484,0.218,0.056
471.70000000000005,1.504,0.918,0.415,0.639,0.484,0.218,0.056
471.8,1.504,0.919,0.415,0.639,0.484,0.218,0.056
471.90000000000003,1.504,0.919,0.415,0.639,0.484,0.217,0.056
472.0,1.504,0.919,0.415,0.639,0.484,0.217,0.056
472.1,1.504,0.919,0.415,0.638,0.484,0.217,0.056
472.20000000000005,1.504,0.919,0.415,0.638,0.484,0.217,0.056
472.3,1.496,0.913,0.412,0.638,0.484,0.217,0.056
472.40000000000003,1.491,0.908,0.411,0.638,0.484,0.216,0.056
472.5,1.486,0.904,0.409,0.638,0.484,0.216,0.056
472.6,1.482,0.901,0.408,0.638,0.484,0.216,0.056
472.70000000000005,1.486,0.905,0.409,0.638,0.484,0.216,0.056
472.8,1.482,0.902,0.408,0.638,0.484,0.216,0.056
472.90000000000003,1.487,0.905,0.409,0.638,0.484,0.215,0.056
473.0,1.483,0.902,0.408,0.638,0.484,0.215,0.056
473.1,1.48,0.899,0.407,0.638,0.484,0.215,0.056
473.20000000000005,1.485,0.903,0.409,0.638,0.484,0.215,0.056
473.3,1.488,0.906,0.41,0.638,0.484,0.215,0.056
473.40000000000003,1.492,0.909,0.411,0.638,0.484,0.214,0.056
473.5,1.494,0.911,0.412,0.638,0.484,0.214,0.056
473.6,1.496,0.912,0.412,0.638,0.484,0.214,0.056
473.70000000000005,1.49,0.908,0.41,0.638,0.484,0.214,0.056
473.8,1.493,0.91,0.411,0.638,0.484,0.214,0.056
473.90000000000003,1.495,0.912,0.412,0.638,0.484,0.214,0.056
474.0,1.497,0.913,0.413,0.638,0.484,0.214,0.056
474.1,1.506,0.92,0.415,0.638,0.484,0.214,0.056
474.20000000000005,1.506,0.92,0.415,0.638,0.484,0.213,0.056
474.3,1.505,0.92,0.415,0.638,0.484,0.213,0.056
474.40000000000003,1.505,0.92,0.415,0.638,0.484,0.213,0.056
474.5,1.505,0.919,0.415,0.638,0.484,0.213,0.056
474.6,1.505,0.919,0.415,0.638,0.484,0.213,0.056
474.70000000000005,1.504,0.919,0.415,0.638,0.484,0.213,0.056
474.8,1.504,0.919,0.415,0.638,0.484,0.212,0.056
474.90000000000003,1.504,0.919,0.415,0.638,0.484,0.212,0.056
475.0,1.504,0.919,0.415,0.638,0.484,0.212,0.056
475.1,1.504,0.919,0.415,0.637,0.484,0.212,0.056
475.20000000000005,1.504,0.919,0.415,0.637,0.484,0.211,0.056
475.3,1.504,0.919,0.415,0.637,0.484,0.211,0.056
475.40000000000003,1.504,0.919,0.415,0.637,0.484,0.211,0.056
475.5,1.504,0.919,0.415,0.637,0.484,0.211,0.056
475.6,1.504,0.919,0.415,0.637,0.484,0.21,0.056
475.70000000000005,1.504,0.919,0.415,0.637,0.484,0.21,0.056
475.8,1.504,0.919,0.415,0.637,0.484,0.21,0.056
475.90000000000003,1.512,0.925,0.417,0.637,0.484,0.21,0.056
476.0,1.51,0.924,0.417,0.637,0.484,0.21,0.056
476.1,1.509,0.923,0.416,0.637,0.484,0.21,0.056
476.20000000000005,1.508,0.922,0.416,0.637,0.484,0.209,0.056
476.3,1.507,0.921,0.416,0.637,0.484,0.209,0.056
476.40000000000003,1.506,0.921,0.416,0.637,0.484,0.209,0.056
476.5,1.506,0.92,0.415,0.637,0.484,0.209,0.056
476.6,1.506,0.92,0.415,0.637,0.484,0.209,0.056
476.70000000000005,1.505,0.92,0.415,0.637,0.484,0.209,0.056
476.8,1.475,0.896,0.406,0.637,0.484,0.209,0.056
476.90000000000003,1.481,0.901,0.408,0.637,0.484,0.209,0.056
477.0,1.486,0.904,0.409,0.637,0.484,0.209,0.056
477.1,1.489,0.907,0.41,0.638,0.484,0.209,0.056
477.20000000000005,1.492,0.91,0.411,0.638,0.484,0.209,0.056
477.3,1.495,0.911,0.412,0.638,0.484,0.209,0.056
477.40000000000003,1.497,0.913,0.412,0.638,0.484,0.209,0.056
477.5,1.808,1.104,0.498,0.768,0.583,0.252,0.067
477.6,1.932,1.18,0.533,0.82,0.622,0.268,0.072
477.70000000000005,1.982,1.211,0.547,0.841,0.638,0.275,0.074
477.8,2.002,1.223,0.552,0.849,0.644,0.277,0.075
477.90000000000003,2.01,1.228,0.554,0.852,0.647,0.277,0.075
478.0,2.013,1.23,0.555,0.853,0.648,0.278,0.075
478.1,2.015,1.231,0.556,0.854,0.649,0.278,0.075
478.20000000000005,2.015,1.231,0.556,0.855,0.649,0.278,0.075
478.3,2.015,1.231,0.556,0.855,0.648,0.278,0.076
478.40000000000003,2.015,1.231,0.556,0.854,0.648,0.278,0.076
478.5,2.045,1.255,0.565,0.854,0.648,0.277,0.075
478.6,2.027,1.241,0.56,0.854,0.648,0.278,0.075
478.70000000000005,2.02,1.235,0.557,0.854,0.649,0.277,0.076
478.8,2.017,1.233,0.556,0.854,0.649,0.277,0.076
478.90000000000003,2.016,1.232,0.556,0.854,0.648,0.277,0.076
479.0,2.076,1.28,0.575,0.854,0.649,0.277,0.075
479.1,2.04,1.251,0.563,0.854,0.649,0.277,0.076
479.20000000000005,1.995,1.215,0.55,0.854,0.648,0.276,0.076
479.3,2.007,1.225,0.553,0.854,0.648,0.276,0.076
479.40000000000003,2.012,1.229,0.555,0.853,0.648,0.276,0.075
479.5,2.014,1.23,0.555,0.854,0.649,0.276,0.076
479.6,2.015,1.231,0.556,0.854,0.649,0.276,0.076
479.70000000000005,2.015,1.231,0.556,0.853,0.648,0.276,0.076
479.8,2.015,1.231,0.556,0.853,0.648,0.276,0.076
479.90000000000003,2.015,1.231,0.556,0.853,0.649,0.276,0.075
480.0,2.015,1.231,0.556,0.854,0.649,0.276,0.075
480.1,2.015,1.231,0.556,0.853,0.649,0.275,0.075
480.20000000000005,2.015,1.231,0.556,0.854,0.649,0.276,0.075
480.3,2.015,1.231,0.556,0.854,0.648,0.276,0.076
480.40000000000003,2.015,1.231,0.556,0.854,0.648,0.276,0.075
480.5,2.015,1.231,0.556,0.854,0.649,0.276,0.076
480.6,2.015,1.231,0.556,0.854,0.649,0.275,0.075
480.70000000000005,2.015,1.231,0.556,0.854,0.649,0.276,0.076
480.8,2.015,1.231,0.556,0.854,0.649,0.275,0.076
480.90000000000003,2.015,1.231,0.556,0.855,0.649,0.276,0.075
481.0,2.015,1.231,0.556,0.854,0.649,0.275,0.076
481.1,2.015,1.231,0.556,0.855,0.648,0.275,0.075
481.20000000000005,2.015,1.231,0.556,0.855,0.649,0.276,0.075
481.3,2.015,1.231,0.556,0.854,0.649,0.275,0.076
481.40000000000003,2.015,1.231,0.556,0.855,0.649,0.275,0.076
481.5,2.015,1.231,0.556,0.854,0.648,0.274,0.076
481.6,2.015,1.231,0.556,0.855,0.649,0.274,0.076
481.70000000000005,2.015,1.231,0.556,0.855,0.649,0.274,0.076
481.8,2.015,1.231,0.556,0.855,0.649,0.274,0.076
481.90000000000003,2.015,1.231,0.556,0.855,0.648,0.274,0.076
482.0,2.015,1.231,0.556,0.855,0.649,0.275,0.076
482.1,2.015,1.231,0.556,0.856,0.649,0.274,0.076
482.20000000000005,2.045,1.255,0.565,0.855,0.649,0.274,0.076
482.3,2.027,1.241,0.56,0.856,0.648,0.274,0.076
482.40000000000003,2.02,1.235,0.557,0.855,0.649,0.274,0.076
482.5,2.017,1.233,0.556,0.856,0.649,0.274,0.076
482.6,2.016,1.232,0.556,0.856,0.649,0.274,0.076
482.70000000000005,2.016,1.231,0.556,0.856,0.649,0.274,0.076
482.8,2.015,1.231,0.556,0.856,0.649,0.274,0.076
482.90000000000003,2.015,1.231,0.556,0.855,0.648,0.274,0.077
483.0,2.015,1.231,0.556,0.856,0.649,0.274,0.076
483.1,2.015,1.231,0.556,0.857,0.649,0.274,0.076
483.20000000000005,2.015,1.231,0.556,0.857,0.649,0.274,0.076
483.3,2.015,1.231,0.556,0.857,0.649,0.274,0.076
483.40000000000003,2.015,1.231,0.556,0.857,0.649,0.274,0.076
483.5,2.045,1.255,0.565,0.857,0.649,0.274,0.076
483.6,2.027,1.241,0.56,0.857,0.649,0.274,0.076
483.70000000000005,2.02,1.235,0.557,0.857,0.649,0.274,0.076
