Time,CO (MCS),Ethanol (MCS),VOC (MCS),NO2 (GM),Ethanol (GM),VOC (GM),CO (GM)
0.0,2.279,1.446,0.639,0.9,0.729,0.359,0.034
0.25,2.299,1.462,0.645,0.901,0.729,0.358,0.034
0.5,2.306,1.469,0.648,0.899,0.73,0.357,0.034
0.75,2.309,1.471,0.649,0.899,0.729,0.356,0.035
1.0,2.311,1.472,0.649,0.898,0.728,0.356,0.034
1.25,2.311,1.473,0.649,0.898,0.729,0.356,0.034
1.5,2.311,1.473,0.649,0.899,0.729,0.355,0.034
1.75,2.343,1.5,0.659,0.899,0.73,0.354,0.035
2.0,2.292,1.457,0.643,0.9,0.73,0.354,0.034
2.25,2.304,1.467,0.647,0.899,0.729,0.353,0.034
2.5,2.308,1.47,0.648,0.898,0.729,0.353,0.035
2.75,2.31,1.472,0.649,0.898,0.73,0.352,0.034
3.0,2.279,1.446,0.639,0.898,0.729,0.353,0.035
3.25,2.298,1.462,0.645,0.898,0.73,0.352,0.034
3.5,2.306,1.469,0.648,0.899,0.73,0.353,0.034
3.75,2.309,1.471,0.649,0.899,0.73,0.353,0.034
4.0,2.311,1.472,0.649,0.898,0.729,0.352,0.035
4.25,2.311,1.473,0.649,0.898,0.73,0.352,0.035
4.5,2.279,1.446,0.639,0.899,0.73,0.352,0.034
4.75,2.299,1.462,0.645,0.899,0.729,0.353,0.035
5.0,2.306,1.469,0.648,0.9,0.728,0.353,0.035
5.25,2.278,1.445,0.638,0.901,0.729,0.354,0.034
5.5,2.266,1.435,0.635,0.901,0.73,0.355,0.034
5.75,2.293,1.458,0.643,0.902,0.73,0.356,0.035
6.0,2.272,1.44,0.637,0.903,0.73,0.357,0.034
6.25,2.264,1.433,0.634,0.903,0.729,0.358,0.035
6.5,2.261,1.431,0.633,0.904,0.729,0.358,0.035
6.75,2.259,1.43,0.633,0.905,0.73,0.36,0.034
7.0,2.259,1.429,0.632,0.904,0.729,0.36,0.035
7.25,2.227,1.403,0.622,0.905,0.728,0.361,0.036
7.5,2.214,1.392,0.618,0.907,0.729,0.361,0.035
7.75,2.209,1.388,0.617,0.906,0.729,0.363,0.035
8.0,2.176,1.361,0.606,0.906,0.729,0.364,0.035
8.25,2.194,1.375,0.612,0.908,0.73,0.364,0.034
8.5,2.201,1.381,0.614,0.908,0.73,0.364,0.035
8.75,2.204,1.384,0.615,0.907,0.73,0.365,0.035
9.0,2.205,1.385,0.615,0.908,0.73,0.365,0.035
9.25,2.174,1.359,0.606,0.909,0.73,0.366,0.034
9.5,2.162,1.349,0.602,0.909,0.731,0.366,0.035
9.75,2.157,1.345,0.6,0.909,0.73,0.366,0.035
10.0,2.155,1.344,0.6,0.909,0.73,0.367,0.035
10.25,2.154,1.343,0.599,0.909,0.73,0.366,0.035
10.5,2.153,1.343,0.599,0.909,0.73,0.366,0.035
10.75,2.122,1.317,0.589,0.908,0.731,0.367,0.035
11.0,2.109,1.307,0.585,0.907,0.731,0.367,0.035
11.25,2.136,1.328,0.594,0.908,0.731,0.367,0.035
11.5,2.115,1.311,0.587,0.908,0.73,0.368,0.035
11.75,2.107,1.305,0.584,0.909,0.731,0.367,0.034
12.0,2.135,1.327,0.593,0.91,0.731,0.368,0.034
12.25,2.115,1.311,0.587,0.909,0.731,0.367,0.035
12.5,2.106,1.304,0.584,0.908,0.73,0.368,0.034
12.75,2.103,1.302,0.583,0.908,0.73,0.368,0.035
13.0,2.102,1.301,0.583,0.909,0.73,0.369,0.035
13.25,2.101,1.3,0.583,0.909,0.73,0.368,0.035
13.5,2.101,1.3,0.583,0.908,0.729,0.369,0.035
13.75,2.101,1.3,0.583,0.908,0.73,0.368,0.035
14.0,2.101,1.3,0.583,0.908,0.73,0.368,0.035
14.25,2.101,1.3,0.583,0.909,0.731,0.367,0.035
14.5,2.101,1.3,0.583,0.91,0.731,0.368,0.035
14.75,2.101,1.3,0.583,0.909,0.731,0.369,0.035
15.0,2.101,1.3,0.583,0.909,0.731,0.37,0.035
15.25,2.101,1.3,0.583,0.909,0.732,0.369,0.035
15.5,2.101,1.3,0.583,0.909,0.731,0.37,0.035
15.75,2.101,1.3,0.583,0.908,0.731,0.37,0.035
16.0,2.07,1.275,0.573,0.908,0.73,0.369,0.035
16.25,2.089,1.29,0.579,0.908,0.73,0.369,0.035
16.5,2.096,1.296,0.581,0.909,0.732,0.37,0.034
16.75,2.099,1.298,0.582,0.907,0.731,0.369,0.035
17.0,2.1,1.299,0.582,0.906,0.731,0.369,0.036
17.25,2.07,1.275,0.573,0.907,0.731,0.37,0.035
17.5,2.089,1.29,0.579,0.908,0.73,0.37,0.035
17.75,2.096,1.296,0.581,0.907,0.73,0.37,0.035
18.0,2.099,1.298,0.582,0.908,0.731,0.37,0.035
18.25,2.1,1.299,0.582,0.907,0.731,0.37,0.035
18.5,2.101,1.3,0.583,0.907,0.731,0.371,0.035
18.75,2.07,1.275,0.573,0.907,0.731,0.37,0.035
19.0,2.089,1.29,0.579,0.907,0.73,0.37,0.035
19.25,2.096,1.296,0.581,0.906,0.73,0.37,0.035
19.5,2.099,1.298,0.582,0.906,0.73,0.37,0.035
19.75,2.069,1.274,0.573,0.906,0.73,0.37,0.035
20.0,2.057,1.265,0.569,0.906,0.73,0.37,0.034
20.25,2.052,1.261,0.567,0.906,0.731,0.37,0.035
20.5,2.051,1.259,0.567,0.907,0.731,0.37,0.034
20.75,2.05,1.259,0.567,0.906,0.731,0.37,0.034
21.0,2.049,1.258,0.566,0.908,0.731,0.37,0.035
21.25,2.049,1.258,0.566,0.907,0.731,0.371,0.034
21.5,2.049,1.258,0.566,0.907,0.73,0.372,0.034
21.75,2.049,1.258,0.566,0.906,0.729,0.371,0.035
22.0,2.049,1.258,0.566,0.905,0.73,0.371,0.035
22.25,2.049,1.258,0.566,0.906,0.73,0.37,0.035
22.5,2.049,1.258,0.566,0.906,0.729,0.371,0.035
22.75,2.049,1.258,0.566,0.906,0.73,0.37,0.035
23.0,2.018,1.234,0.557,0.906,0.729,0.371,0.035
23.25,2.037,1.248,0.563,0.905,0.73,0.371,0.035
23.5,2.044,1.254,0.565,0.906,0.73,0.372,0.034
23.75,2.047,1.257,0.566,0.906,0.729,0.372,0.035
24.0,2.048,1.258,0.566,0.906,0.729,0.372,0.035
24.25,2.08,1.283,0.576,0.907,0.729,0.372,0.035
24.5,2.062,1.268,0.57,0.906,0.73,0.372,0.035
24.75,2.054,1.262,0.568,0.907,0.73,0.372,0.035
25.0,2.051,1.26,0.567,0.906,0.73,0.372,0.035
25.25,2.05,1.259,0.567,0.906,0.73,0.372,0.035
25.5,2.05,1.259,0.567,0.906,0.729,0.373,0.035
25.75,2.049,1.258,0.566,0.905,0.73,0.372,0.036
26.0,2.049,1.258,0.566,0.906,0.731,0.373,0.035
26.25,2.049,1.258,0.566,0.906,0.73,0.372,0.035
26.5,2.08,1.283,0.576,0.906,0.73,0.372,0.035
26.75,2.062,1.268,0.57,0.906,0.73,0.373,0.035
27.0,2.054,1.262,0.568,0.907,0.73,0.373,0.035
27.25,2.051,1.26,0.567,0.907,0.731,0.373,0.035
27.5,2.05,1.259,0.567,0.908,0.73,0.374,0.035
27.75,2.05,1.259,0.567,0.907,0.731,0.374,0.035
28.0,2.018,1.234,0.557,0.906,0.731,0.374,0.035
28.25,2.037,1.248,0.563,0.906,0.73,0.373,0.035
28.5,2.013,1.23,0.555,0.905,0.73,0.373,0.035
28.75,2.035,1.247,0.562,0.906,0.73,0.373,0.035
29.0,2.044,1.254,0.565,0.906,0.731,0.374,0.035
29.25,2.016,1.232,0.556,0.907,0.73,0.374,0.035
29.5,2.036,1.248,0.562,0.908,0.73,0.374,0.035
29.75,2.013,1.229,0.555,0.907,0.731,0.374,0.035
30.0,2.004,1.222,0.552,0.907,0.731,0.374,0.035
30.25,2,1.219,0.551,0.907,0.732,0.374,0.035
30.5,1.968,1.193,0.541,0.907,0.731,0.374,0.035
30.75,2.017,1.232,0.556,0.906,0.73,0.374,0.035
31.0,2.005,1.223,0.553,0.906,0.731,0.375,0.035
31.25,2.032,1.244,0.561,0.906,0.73,0.375,0.035
31.5,2.011,1.228,0.555,0.907,0.731,0.374,0.035
31.75,2.034,1.246,0.562,0.907,0.731,0.375,0.036
32.0,2.043,1.253,0.565,0.908,0.731,0.375,0.035
32.25,2.047,1.256,0.566,0.907,0.732,0.375,0.036
32.5,2.048,1.258,0.566,0.906,0.731,0.376,0.036
32.75,2.049,1.258,0.566,0.906,0.73,0.376,0.036
33.0,2.018,1.233,0.557,0.907,0.731,0.377,0.036
33.25,2.006,1.224,0.553,0.908,0.732,0.377,0.035
33.5,1.97,1.195,0.542,0.908,0.731,0.377,0.035
33.75,2.018,1.233,0.557,0.907,0.73,0.376,0.035
34.0,2.006,1.224,0.553,0.908,0.731,0.377,0.035
34.25,2.001,1.22,0.551,0.907,0.732,0.377,0.035
34.5,1.999,1.218,0.551,0.907,0.731,0.377,0.035
34.75,1.998,1.218,0.55,0.908,0.731,0.378,0.035
35.0,1.998,1.217,0.55,0.908,0.732,0.377,0.035
35.25,2.029,1.242,0.56,0.909,0.732,0.377,0.034
35.5,2.041,1.252,0.564,0.908,0.731,0.378,0.035
35.75,2.046,1.256,0.565,0.908,0.731,0.377,0.034
36.0,2.173,1.36,0.606,0.908,0.731,0.377,0.035
36.25,2.068,1.274,0.572,0.907,0.731,0.378,0.035
36.5,2.026,1.24,0.559,0.907,0.731,0.378,0.035
36.75,2.04,1.251,0.564,0.908,0.731,0.379,0.035
37.0,2.046,1.255,0.565,0.908,0.732,0.378,0.035
37.25,2.048,1.257,0.566,0.908,0.732,0.379,0.035
37.5,2.049,1.258,0.566,0.908,0.732,0.379,0.035
37.75,1.987,1.209,0.547,0.908,0.732,0.378,0.035
38.0,2.025,1.239,0.559,0.909,0.732,0.379,0.035
38.25,2.039,1.25,0.563,0.909,0.733,0.38,0.035
38.5,2.045,1.255,0.565,0.909,0.732,0.38,0.035
38.75,2.017,1.232,0.556,0.909,0.731,0.38,0.035
39.0,2.005,1.223,0.553,0.909,0.732,0.38,0.034
39.25,2.001,1.22,0.551,0.908,0.732,0.38,0.035
39.5,2.219,1.398,0.62,0.908,0.732,0.38,0.035
39.75,2.086,1.29,0.578,0.908,0.732,0.38,0.035
40.0,2.033,1.246,0.562,0.908,0.732,0.38,0.034
40.25,2.012,1.229,0.555,0.909,0.732,0.38,0.035
40.5,2.003,1.222,0.552,0.908,0.733,0.38,0.035
40.75,2,1.219,0.551,0.908,0.733,0.38,0.035
41.0,1.999,1.218,0.551,0.908,0.733,0.38,0.034
41.25,1.998,1.217,0.55,0.909,0.732,0.38,0.035
41.5,1.998,1.217,0.55,0.908,0.732,0.381,0.035
41.75,1.998,1.217,0.55,0.909,0.733,0.381,0.035
42.0,1.998,1.217,0.55,0.909,0.732,0.381,0.035
42.25,1.998,1.217,0.55,0.909,0.733,0.381,0.035
42.5,1.998,1.217,0.55,0.908,0.732,0.381,0.035
42.75,1.998,1.217,0.55,0.908,0.732,0.381,0.035
43.0,1.998,1.217,0.55,0.909,0.731,0.381,0.035
43.25,1.998,1.217,0.55,0.908,0.732,0.381,0.035
43.5,1.998,1.217,0.55,0.909,0.732,0.381,0.035
43.75,1.998,1.217,0.55,0.908,0.733,0.381,0.035
44.0,1.998,1.217,0.55,0.908,0.732,0.381,0.035
44.25,1.998,1.217,0.55,0.909,0.733,0.382,0.035
44.5,1.998,1.217,0.55,0.909,0.732,0.381,0.035
44.75,1.998,1.217,0.55,0.909,0.733,0.381,0.035
45.0,1.998,1.217,0.55,0.909,0.733,0.382,0.035
45.25,1.998,1.217,0.55,0.909,0.733,0.383,0.036
45.5,1.998,1.217,0.55,0.909,0.733,0.384,0.035
45.75,1.998,1.217,0.55,0.909,0.733,0.384,0.035
46.0,2.029,1.242,0.56,0.909,0.733,0.384,0.035
46.25,2.01,1.227,0.554,0.91,0.733,0.384,0.036
46.5,2.003,1.221,0.552,0.909,0.733,0.383,0.035
46.75,2,1.219,0.551,0.909,0.733,0.384,0.035
47.0,1.999,1.218,0.551,0.909,0.732,0.384,0.035
47.25,1.998,1.217,0.55,0.908,0.733,0.384,0.035
47.5,1.998,1.217,0.55,0.909,0.733,0.385,0.034
47.75,1.998,1.217,0.55,0.909,0.733,0.385,0.034
48.0,1.998,1.217,0.55,0.909,0.733,0.385,0.034
48.25,1.998,1.217,0.55,0.91,0.733,0.384,0.035
48.5,1.998,1.217,0.55,0.909,0.733,0.385,0.035
48.75,1.998,1.217,0.55,0.91,0.733,0.385,0.035
49.0,1.998,1.217,0.55,0.909,0.733,0.385,0.035
49.25,1.998,1.217,0.55,0.909,0.733,0.385,0.035
49.5,1.998,1.217,0.55,0.909,0.733,0.385,0.035
49.75,1.998,1.217,0.55,0.909,0.733,0.385,0.035
50.0,1.998,1.217,0.55,0.91,0.734,0.386,0.035
50.25,1.998,1.217,0.55,0.909,0.733,0.386,0.035
50.5,1.998,1.217,0.55,0.909,0.733,0.385,0.035
50.75,1.998,1.217,0.55,0.909,0.733,0.385,0.035
51.0,1.998,1.217,0.55,0.91,0.733,0.386,0.034
51.25,1.998,1.217,0.55,0.91,0.734,0.386,0.035
51.5,1.998,1.217,0.55,0.909,0.733,0.386,0.035
51.75,2.029,1.242,0.56,0.909,0.733,0.386,0.036
52.0,2.01,1.227,0.554,0.909,0.733,0.387,0.036
52.25,2.003,1.221,0.552,0.909,0.733,0.386,0.035
52.5,2,1.219,0.551,0.91,0.733,0.386,0.035
52.75,1.999,1.218,0.551,0.909,0.733,0.387,0.036
53.0,1.998,1.217,0.55,0.909,0.733,0.387,0.035
53.25,1.998,1.217,0.55,0.909,0.734,0.386,0.035
53.5,1.998,1.217,0.55,0.909,0.733,0.386,0.035
53.75,1.998,1.217,0.55,0.909,0.733,0.386,0.035
54.0,1.998,1.217,0.55,0.91,0.733,0.386,0.035
54.25,2.25,1.424,0.63,0.91,0.734,0.387,0.035
54.5,2.099,1.3,0.582,0.911,0.735,0.388,0.035
54.75,2.038,1.25,0.563,0.911,0.736,0.388,0.035
55.0,1.983,1.206,0.546,0.912,0.736,0.388,0.035
55.25,2.023,1.237,0.558,0.911,0.736,0.388,0.035
55.5,2.008,1.225,0.553,0.911,0.736,0.389,0.035
55.75,2.002,1.22,0.552,0.91,0.735,0.388,0.035
56.0,1.999,1.218,0.551,0.91,0.736,0.388,0.036
56.25,1.998,1.218,0.551,0.91,0.735,0.388,0.035
56.5,1.998,1.217,0.55,0.91,0.735,0.389,0.035
56.75,1.998,1.217,0.55,0.91,0.736,0.389,0.035
57.0,1.967,1.193,0.541,0.91,0.736,0.388,0.035
57.25,1.985,1.207,0.546,0.909,0.736,0.388,0.035
57.5,1.993,1.213,0.549,0.909,0.735,0.388,0.035
57.75,1.996,1.216,0.55,0.91,0.736,0.388,0.035
58.0,1.936,1.168,0.531,0.909,0.735,0.389,0.035
58.25,1.973,1.197,0.543,0.91,0.736,0.388,0.034
58.5,1.988,1.209,0.547,0.909,0.736,0.389,0.034
58.75,1.994,1.214,0.549,0.91,0.735,0.389,0.035
59.0,1.996,1.216,0.55,0.91,0.736,0.388,0.035
59.25,1.966,1.192,0.541,0.911,0.736,0.389,0.034
59.5,1.985,1.207,0.546,0.91,0.735,0.389,0.035
59.75,1.962,1.189,0.539,0.911,0.736,0.389,0.035
60.0,1.953,1.181,0.536,0.911,0.736,0.389,0.035
60.25,1.98,1.203,0.545,0.91,0.736,0.389,0.035
60.5,2.053,1.261,0.568,0.911,0.736,0.39,0.035
60.75,2.02,1.235,0.557,0.91,0.736,0.389,0.035
61.0,1.976,1.2,0.543,0.911,0.736,0.389,0.035
61.25,1.958,1.186,0.538,0.91,0.736,0.389,0.035
61.5,1.982,1.205,0.545,0.911,0.736,0.39,0.035
61.75,1.991,1.212,0.548,0.911,0.736,0.39,0.035
62.0,1.995,1.215,0.55,0.91,0.736,0.39,0.035
62.25,1.966,1.192,0.54,0.911,0.736,0.389,0.035
62.5,1.985,1.207,0.546,0.911,0.736,0.39,0.034
62.75,1.931,1.165,0.53,0.911,0.736,0.39,0.035
63.0,1.971,1.196,0.542,0.911,0.736,0.39,0.035
63.25,1.956,1.184,0.537,0.912,0.736,0.39,0.035
63.5,1.95,1.18,0.536,0.911,0.737,0.39,0.035
63.75,1.979,1.202,0.544,0.911,0.735,0.39,0.035
64.0,1.99,1.211,0.548,0.91,0.736,0.39,0.034
64.25,1.995,1.215,0.549,0.91,0.736,0.39,0.035
64.5,1.997,1.216,0.55,0.91,0.736,0.389,0.036
64.75,1.997,1.217,0.55,0.91,0.735,0.39,0.035
65.0,1.967,1.193,0.541,0.91,0.736,0.389,0.035
65.25,1.985,1.207,0.546,0.911,0.736,0.39,0.036
65.5,1.962,1.189,0.539,0.91,0.736,0.39,0.036
65.75,1.983,1.206,0.546,0.91,0.735,0.39,0.035
66.0,1.961,1.188,0.539,0.91,0.735,0.391,0.035
66.25,1.952,1.181,0.536,0.91,0.736,0.39,0.035
66.5,1.949,1.178,0.535,0.911,0.736,0.39,0.035
66.75,1.947,1.177,0.535,0.91,0.736,0.39,0.035
67.0,1.978,1.201,0.544,0.91,0.736,0.39,0.035
67.25,1.959,1.186,0.538,0.91,0.736,0.39,0.034
67.5,1.952,1.18,0.536,0.911,0.736,0.391,0.035
67.75,1.949,1.178,0.535,0.91,0.736,0.39,0.035
68.0,1.947,1.177,0.535,0.91,0.736,0.39,0.035
68.25,1.947,1.177,0.534,0.91,0.736,0.39,0.035
68.5,1.977,1.201,0.544,0.909,0.736,0.39,0.035
68.75,1.959,1.186,0.538,0.909,0.736,0.39,0.035
69.0,1.951,1.18,0.536,0.909,0.735,0.39,0.035
69.25,1.949,1.178,0.535,0.91,0.736,0.39,0.035
69.5,1.917,1.153,0.525,0.91,0.736,0.391,0.035
69.75,1.935,1.167,0.531,0.91,0.736,0.391,0.034
70.0,1.942,1.173,0.533,0.91,0.736,0.391,0.035
70.25,1.945,1.175,0.534,0.91,0.736,0.391,0.035
70.5,1.915,1.152,0.525,0.911,0.737,0.391,0.036
70.75,1.934,1.167,0.53,0.911,0.737,0.391,0.035
71.0,1.85,1.101,0.505,0.91,0.737,0.391,0.035
71.25,1.908,1.146,0.522,0.911,0.737,0.391,0.036
71.5,1.962,1.189,0.539,0.911,0.737,0.391,0.036
71.75,1.953,1.181,0.536,0.91,0.737,0.391,0.035
72.0,1.949,1.178,0.535,0.91,0.736,0.391,0.035
72.25,1.978,1.202,0.544,0.911,0.737,0.392,0.035
72.5,1.959,1.187,0.538,0.91,0.736,0.391,0.035
72.75,2.044,1.255,0.565,0.91,0.736,0.39,0.035
73.0,1.986,1.208,0.547,0.91,0.736,0.391,0.035
73.25,1.962,1.189,0.539,0.911,0.737,0.391,0.035
73.5,1.953,1.181,0.536,0.91,0.736,0.391,0.036
73.75,1.98,1.203,0.545,0.91,0.736,0.391,0.035
74.0,1.96,1.187,0.539,0.911,0.737,0.392,0.035
74.25,1.952,1.181,0.536,0.911,0.736,0.391,0.036
74.5,1.979,1.203,0.545,0.911,0.737,0.392,0.035
74.75,1.96,1.187,0.538,0.91,0.737,0.392,0.036
75.0,1.952,1.181,0.536,0.91,0.737,0.392,0.035
75.25,1.949,1.178,0.535,0.911,0.737,0.392,0.035
75.5,1.947,1.177,0.535,0.911,0.737,0.393,0.036
75.75,1.947,1.177,0.534,0.912,0.736,0.393,0.035
76.0,1.947,1.177,0.534,0.911,0.737,0.393,0.035
76.25,1.947,1.176,0.534,0.911,0.737,0.392,0.035
76.5,1.947,1.176,0.534,0.912,0.738,0.393,0.035
76.75,1.947,1.176,0.534,0.911,0.737,0.392,0.035
77.0,1.947,1.176,0.534,0.911,0.737,0.393,0.036
77.25,1.947,1.176,0.534,0.911,0.737,0.392,0.036
77.5,1.947,1.176,0.534,0.91,0.736,0.392,0.035
77.75,1.947,1.176,0.534,0.911,0.737,0.393,0.036
78.0,1.947,1.176,0.534,0.912,0.738,0.394,0.035
78.25,1.947,1.176,0.534,0.913,0.739,0.394,0.035
78.5,1.947,1.176,0.534,0.913,0.738,0.394,0.035
78.75,1.947,1.176,0.534,0.913,0.738,0.394,0.036
79.0,1.947,1.176,0.534,0.913,0.739,0.394,0.036
79.25,1.947,1.176,0.534,0.913,0.739,0.394,0.035
79.5,1.947,1.176,0.534,0.914,0.739,0.394,0.035
79.75,1.977,1.201,0.544,0.913,0.738,0.393,0.036
80.0,1.959,1.186,0.538,0.913,0.739,0.394,0.035
80.25,1.951,1.18,0.536,0.914,0.738,0.394,0.035
80.5,1.949,1.178,0.535,0.913,0.738,0.393,0.035
80.75,1.947,1.177,0.535,0.914,0.738,0.394,0.036
81.0,1.947,1.177,0.534,0.913,0.738,0.393,0.036
81.25,1.947,1.177,0.534,0.913,0.739,0.394,0.035
81.5,1.947,1.176,0.534,0.914,0.74,0.394,0.035
81.75,1.947,1.176,0.534,0.913,0.739,0.394,0.035
82.0,1.947,1.176,0.534,0.913,0.738,0.394,0.035
82.25,1.947,1.176,0.534,0.913,0.738,0.393,0.035
82.5,1.947,1.176,0.534,0.914,0.739,0.394,0.035
82.75,1.947,1.176,0.534,0.913,0.739,0.394,0.035
83.0,1.977,1.201,0.544,0.913,0.739,0.394,0.036
83.25,1.959,1.186,0.538,0.913,0.739,0.394,0.036
83.5,1.951,1.18,0.536,0.913,0.739,0.394,0.035
83.75,1.949,1.178,0.535,0.912,0.739,0.394,0.035
84.0,1.947,1.177,0.535,0.913,0.74,0.394,0.036
84.25,1.947,1.177,0.534,0.913,0.74,0.394,0.036
84.5,1.947,1.177,0.534,0.913,0.739,0.394,0.035
84.75,1.947,1.176,0.534,0.913,0.739,0.393,0.035
85.0,1.947,1.176,0.534,0.913,0.738,0.394,0.035
85.25,1.947,1.176,0.534,0.912,0.739,0.393,0.035
85.5,1.977,1.201,0.544,0.913,0.739,0.394,0.035
85.75,1.959,1.186,0.538,0.912,0.74,0.394,0.035
86.0,1.951,1.18,0.536,0.913,0.739,0.394,0.035
86.25,1.979,1.202,0.545,0.914,0.74,0.394,0.035
86.5,1.96,1.187,0.538,0.914,0.74,0.394,0.036
86.75,1.952,1.181,0.536,0.914,0.74,0.394,0.035
87.0,1.949,1.178,0.535,0.915,0.74,0.395,0.035
87.25,1.947,1.177,0.535,0.914,0.741,0.395,0.036
87.5,1.947,1.177,0.534,0.914,0.74,0.395,0.035
87.75,1.947,1.177,0.534,0.914,0.74,0.395,0.035
88.0,1.947,1.176,0.534,0.914,0.74,0.396,0.035
88.25,1.947,1.176,0.534,0.914,0.74,0.396,0.036
88.5,1.947,1.176,0.534,0.915,0.74,0.396,0.035
88.75,1.947,1.176,0.534,0.914,0.741,0.396,0.035
89.0,1.947,1.176,0.534,0.914,0.741,0.395,0.035
89.25,1.947,1.176,0.534,0.914,0.74,0.396,0.036
89.5,1.947,1.176,0.534,0.914,0.74,0.395,0.035
89.75,1.947,1.176,0.534,0.914,0.74,0.394,0.035
90.0,1.947,1.176,0.534,0.914,0.741,0.394,0.036
90.25,1.916,1.152,0.525,0.914,0.741,0.395,0.035
90.5,1.934,1.167,0.531,0.915,0.74,0.394,0.035
90.75,1.942,1.173,0.533,0.914,0.74,0.395,0.035
91.0,1.945,1.175,0.534,0.914,0.741,0.395,0.035
91.25,1.946,1.176,0.534,0.914,0.74,0.395,0.035
91.5,1.946,1.176,0.534,0.915,0.74,0.395,0.035
91.75,1.946,1.176,0.534,0.915,0.74,0.396,0.036
92.0,1.946,1.176,0.534,0.914,0.741,0.395,0.035
92.25,1.947,1.176,0.534,0.914,0.74,0.394,0.036
92.5,1.947,1.176,0.534,0.914,0.741,0.395,0.035
92.75,1.947,1.176,0.534,0.914,0.741,0.394,0.036
93.0,1.947,1.176,0.534,0.915,0.741,0.394,0.035
93.25,1.947,1.176,0.534,0.915,0.741,0.395,0.035
93.5,1.916,1.152,0.525,0.914,0.741,0.394,0.036
93.75,1.904,1.143,0.521,0.913,0.741,0.394,0.035
94.0,1.929,1.163,0.529,0.914,0.741,0.395,0.036
94.25,1.94,1.171,0.532,0.915,0.741,0.394,0.035
94.5,1.944,1.174,0.534,0.915,0.742,0.395,0.035
94.75,1.945,1.176,0.534,0.914,0.741,0.395,0.035
95.0,1.946,1.176,0.534,0.914,0.741,0.394,0.035
95.25,1.946,1.176,0.534,0.913,0.74,0.394,0.035
95.5,1.946,1.176,0.534,0.914,0.74,0.394,0.035
95.75,1.886,1.129,0.515,0.914,0.74,0.395,0.035
96.0,1.922,1.157,0.527,0.914,0.741,0.395,0.035
96.25,1.937,1.169,0.531,0.915,0.741,0.396,0.035
96.5,1.943,1.173,0.533,0.914,0.741,0.395,0.036
96.75,1.945,1.175,0.534,0.914,0.741,0.396,0.035
97.0,1.915,1.152,0.525,0.915,0.741,0.395,0.035
97.25,1.904,1.143,0.521,0.914,0.742,0.395,0.035
97.5,1.899,1.139,0.52,0.914,0.741,0.396,0.035
97.75,1.927,1.161,0.528,0.914,0.742,0.396,0.035
98.0,1.939,1.17,0.532,0.915,0.742,0.396,0.035
98.25,1.943,1.174,0.533,0.915,0.741,0.396,0.036
98.5,1.915,1.151,0.524,0.916,0.742,0.396,0.035
98.75,1.903,1.142,0.521,0.917,0.742,0.396,0.035
99.0,1.899,1.139,0.519,0.916,0.742,0.396,0.035
99.25,1.897,1.137,0.519,0.915,0.741,0.396,0.035
99.5,1.927,1.161,0.528,0.915,0.741,0.395,0.035
99.75,1.908,1.146,0.522,0.915,0.741,0.396,0.035
100.0,1.931,1.164,0.53,0.915,0.741,0.396,0.035
100.25,1.91,1.148,0.523,0.915,0.741,0.396,0.035
100.5,1.932,1.165,0.53,0.915,0.742,0.396,0.035
100.75,1.941,1.172,0.533,0.915,0.742,0.396,0.035
101.0,1.944,1.175,0.534,0.916,0.742,0.396,0.036
101.25,1.946,1.176,0.534,0.915,0.741,0.396,0.035
101.5,1.916,1.152,0.525,0.915,0.742,0.397,0.036
101.75,1.934,1.167,0.531,0.915,0.742,0.396,0.035
102.0,1.942,1.173,0.533,0.916,0.741,0.396,0.035
102.25,1.914,1.151,0.524,0.915,0.742,0.396,0.035
102.5,1.934,1.166,0.53,0.916,0.742,0.397,0.035
102.75,1.88,1.125,0.514,0.916,0.742,0.396,0.035
103.0,1.89,1.132,0.517,0.916,0.742,0.396,0.035
103.25,1.893,1.134,0.518,0.917,0.741,0.396,0.035
103.5,1.895,1.136,0.518,0.917,0.742,0.396,0.035
103.75,1.895,1.136,0.518,0.916,0.742,0.397,0.035
104.0,1.865,1.113,0.509,0.915,0.742,0.396,0.036
104.25,1.883,1.127,0.515,0.916,0.742,0.396,0.035
104.5,1.921,1.157,0.527,0.915,0.742,0.396,0.035
104.75,1.906,1.144,0.522,0.916,0.742,0.396,0.035
105.0,1.9,1.14,0.52,0.916,0.741,0.396,0.035
105.25,1.928,1.162,0.529,0.916,0.741,0.396,0.035
105.5,2.032,1.245,0.561,0.915,0.741,0.396,0.035
105.75,1.95,1.18,0.536,0.914,0.741,0.396,0.035
106.0,1.917,1.154,0.525,0.915,0.742,0.396,0.035
106.25,1.904,1.143,0.521,0.914,0.742,0.396,0.036
106.5,1.899,1.139,0.52,0.915,0.742,0.396,0.035
106.75,1.897,1.137,0.519,0.915,0.742,0.396,0.035
107.0,1.927,1.161,0.528,0.915,0.742,0.396,0.035
107.25,1.908,1.146,0.522,0.915,0.742,0.396,0.035
107.5,1.901,1.14,0.52,0.916,0.743,0.396,0.035
107.75,1.928,1.162,0.529,0.915,0.742,0.396,0.035
108.0,1.909,1.147,0.523,0.915,0.741,0.396,0.035
108.25,1.931,1.165,0.53,0.916,0.741,0.396,0.035
108.5,1.94,1.172,0.532,0.915,0.741,0.396,0.035
108.75,1.944,1.175,0.534,0.914,0.742,0.396,0.035
109.0,1.946,1.176,0.534,0.915,0.742,0.396,0.035
109.25,1.916,1.152,0.525,0.915,0.742,0.396,0.035
109.5,1.934,1.167,0.531,0.915,0.742,0.396,0.035
109.75,1.942,1.173,0.533,0.915,0.742,0.396,0.036
110.0,1.914,1.151,0.524,0.916,0.743,0.397,0.035
110.25,1.934,1.166,0.53,0.916,0.743,0.396,0.035
110.5,1.911,1.148,0.523,0.916,0.742,0.396,0.035
110.75,1.902,1.141,0.52,0.917,0.742,0.396,0.035
111.0,1.929,1.162,0.529,0.917,0.743,0.396,0.035
111.25,1.909,1.147,0.523,0.916,0.743,0.397,0.035
111.5,1.931,1.165,0.53,0.916,0.743,0.397,0.035
111.75,1.94,1.172,0.532,0.915,0.742,0.396,0.036
112.0,1.944,1.175,0.534,0.916,0.743,0.396,0.035
112.25,1.915,1.152,0.525,0.915,0.742,0.397,0.035
112.5,1.903,1.142,0.521,0.915,0.742,0.396,0.035
112.75,1.899,1.139,0.52,0.916,0.743,0.396,0.035
113.0,1.927,1.161,0.528,0.916,0.743,0.396,0.035
113.25,1.908,1.146,0.522,0.917,0.743,0.396,0.035
113.5,1.931,1.164,0.53,0.917,0.743,0.397,0.035
113.75,1.91,1.148,0.523,0.916,0.743,0.396,0.035
114.0,1.901,1.141,0.52,0.916,0.743,0.396,0.036
114.25,1.898,1.138,0.519,0.916,0.742,0.396,0.035
114.5,1.897,1.137,0.519,0.916,0.743,0.396,0.035
114.75,1.896,1.137,0.519,0.917,0.744,0.396,0.035
115.0,1.926,1.161,0.528,0.916,0.744,0.396,0.035
115.25,1.908,1.146,0.522,0.917,0.744,0.396,0.036
115.5,1.901,1.14,0.52,0.916,0.745,0.396,0.035
115.75,1.928,1.162,0.529,0.916,0.744,0.396,0.035
116.0,1.909,1.147,0.523,0.916,0.745,0.396,0.035
116.25,1.931,1.165,0.53,0.915,0.744,0.396,0.035
116.5,1.91,1.148,0.523,0.915,0.745,0.396,0.035
116.75,1.901,1.141,0.52,0.916,0.744,0.396,0.035
117.0,1.959,1.187,0.538,0.916,0.745,0.396,0.035
117.25,1.952,1.181,0.536,0.916,0.744,0.396,0.035
117.5,1.918,1.154,0.526,0.917,0.744,0.396,0.035
117.75,1.905,1.143,0.521,0.916,0.745,0.396,0.035
118.0,1.899,1.139,0.52,0.916,0.744,0.396,0.035
118.25,1.897,1.138,0.519,0.916,0.744,0.396,0.035
118.5,1.896,1.137,0.519,0.917,0.745,0.396,0.035
118.75,1.896,1.137,0.519,0.916,0.744,0.396,0.035
119.0,1.896,1.136,0.519,0.916,0.744,0.396,0.035
119.25,1.896,1.136,0.519,0.916,0.743,0.396,0.035
119.5,1.896,1.136,0.519,0.917,0.744,0.396,0.035
119.75,1.896,1.136,0.519,0.917,0.744,0.396,0.035
120.0,1.896,1.136,0.519,0.917,0.743,0.396,0.035
120.25,1.896,1.136,0.519,0.916,0.744,0.396,0.035
120.5,1.896,1.136,0.519,0.916,0.745,0.396,0.035
120.75,1.896,1.136,0.519,0.917,0.745,0.396,0.036
121.0,1.896,1.136,0.519,0.917,0.746,0.396,0.035
121.25,1.926,1.16,0.528,0.916,0.745,0.396,0.035
121.5,1.908,1.146,0.522,0.916,0.745,0.396,0.035
121.75,1.87,1.117,0.511,0.917,0.745,0.396,0.035
122.0,1.885,1.128,0.515,0.917,0.745,0.396,0.035
122.25,1.892,1.133,0.517,0.917,0.745,0.396,0.035
122.5,1.894,1.135,0.518,0.917,0.745,0.396,0.036
122.75,1.926,1.16,0.528,0.917,0.744,0.396,0.035
123.0,1.908,1.146,0.522,0.917,0.745,0.396,0.036
123.25,1.9,1.14,0.52,0.917,0.745,0.396,0.036
123.5,1.898,1.138,0.519,0.916,0.745,0.396,0.036
123.75,1.896,1.137,0.519,0.916,0.746,0.396,0.035
124.0,1.896,1.137,0.519,0.917,0.745,0.396,0.035
124.25,1.896,1.136,0.519,0.917,0.746,0.396,0.035
124.5,1.896,1.136,0.519,0.917,0.745,0.396,0.035
124.75,1.865,1.113,0.509,0.917,0.745,0.396,0.035
125.0,1.883,1.127,0.515,0.917,0.745,0.396,0.035
125.25,1.891,1.133,0.517,0.917,0.746,0.396,0.036
125.5,1.894,1.135,0.518,0.917,0.745,0.396,0.035
125.75,1.895,1.136,0.518,0.917,0.745,0.396,0.035
126.0,1.895,1.136,0.518,0.917,0.745,0.395,0.035
126.25,1.895,1.136,0.519,0.916,0.745,0.395,0.036
126.5,1.896,1.136,0.519,0.917,0.745,0.396,0.036
126.75,1.896,1.136,0.519,0.917,0.746,0.396,0.036
127.0,1.896,1.136,0.519,0.917,0.746,0.396,0.035
127.25,1.896,1.136,0.519,0.917,0.745,0.396,0.035
127.5,1.896,1.136,0.519,0.917,0.745,0.395,0.035
127.75,1.896,1.136,0.519,0.916,0.745,0.395,0.035
128.0,1.865,1.113,0.509,0.915,0.746,0.396,0.036
128.25,1.883,1.127,0.515,0.916,0.745,0.395,0.036
128.5,1.891,1.133,0.517,0.915,0.745,0.395,0.036
128.75,1.894,1.135,0.518,0.916,0.746,0.396,0.035
129.0,1.895,1.136,0.518,0.917,0.746,0.395,0.035
129.25,1.926,1.16,0.528,0.917,0.745,0.395,0.035
129.5,1.908,1.146,0.522,0.917,0.746,0.394,0.035
129.75,1.9,1.14,0.52,0.917,0.746,0.395,0.035
130.0,1.898,1.138,0.519,0.916,0.745,0.396,0.035
130.25,1.896,1.137,0.519,0.917,0.746,0.396,0.035
130.5,1.896,1.137,0.519,0.916,0.745,0.395,0.035
130.75,1.896,1.136,0.519,0.916,0.745,0.395,0.035
131.0,1.896,1.136,0.519,0.915,0.746,0.396,0.035
131.25,1.896,1.136,0.519,0.916,0.746,0.395,0.035
131.5,1.896,1.136,0.519,0.916,0.746,0.394,0.036
131.75,1.896,1.136,0.519,0.915,0.746,0.394,0.036
132.0,1.865,1.113,0.509,0.916,0.747,0.395,0.035
132.25,1.883,1.127,0.515,0.917,0.746,0.395,0.035
132.5,1.891,1.133,0.517,0.917,0.746,0.395,0.036
132.75,1.894,1.135,0.518,0.917,0.746,0.396,0.035
133.0,1.925,1.16,0.528,0.917,0.746,0.396,0.035
133.25,1.938,1.17,0.532,0.917,0.746,0.396,0.035
133.5,1.913,1.15,0.524,0.917,0.746,0.396,0.035
133.75,1.902,1.142,0.521,0.917,0.747,0.396,0.036
134.0,1.898,1.139,0.519,0.917,0.746,0.396,0.035
134.25,1.897,1.137,0.519,0.917,0.747,0.395,0.035
134.5,1.896,1.137,0.519,0.917,0.746,0.396,0.035
134.75,1.865,1.113,0.509,0.917,0.746,0.395,0.035
135.0,1.884,1.127,0.515,0.916,0.746,0.396,0.035
135.25,1.86,1.109,0.508,0.917,0.747,0.396,0.035
135.5,1.882,1.125,0.514,0.916,0.746,0.396,0.035
135.75,1.89,1.132,0.517,0.917,0.747,0.396,0.035
136.0,1.924,1.159,0.527,0.918,0.746,0.396,0.035
136.25,1.877,1.122,0.513,0.918,0.746,0.395,0.035
136.5,1.888,1.13,0.516,0.918,0.746,0.395,0.034
136.75,1.893,1.134,0.518,0.917,0.747,0.395,0.035
137.0,1.894,1.135,0.518,0.917,0.746,0.395,0.035
137.25,1.895,1.136,0.518,0.917,0.746,0.396,0.035
137.5,1.895,1.136,0.518,0.918,0.747,0.395,0.036
137.75,1.896,1.136,0.519,0.917,0.748,0.395,0.035
138.0,1.896,1.136,0.519,0.917,0.747,0.396,0.035
138.25,1.865,1.113,0.509,0.916,0.747,0.395,0.035
138.5,1.883,1.127,0.515,0.917,0.747,0.396,0.035
138.75,1.891,1.133,0.517,0.917,0.746,0.396,0.035
139.0,1.894,1.135,0.518,0.917,0.747,0.396,0.035
139.25,1.895,1.136,0.518,0.917,0.747,0.395,0.036
139.5,1.895,1.136,0.518,0.916,0.748,0.396,0.035
139.75,1.895,1.136,0.519,0.917,0.748,0.395,0.035
140.0,1.896,1.136,0.519,0.918,0.747,0.395,0.035
140.25,1.865,1.113,0.509,0.917,0.746,0.396,0.035
140.5,1.883,1.127,0.515,0.917,0.747,0.395,0.035
140.75,1.891,1.133,0.517,0.916,0.746,0.396,0.035
141.0,1.894,1.135,0.518,0.917,0.746,0.396,0.036
141.25,1.895,1.136,0.518,0.918,0.747,0.396,0.035
141.5,1.895,1.136,0.518,0.918,0.747,0.396,0.036
141.75,1.895,1.136,0.519,0.917,0.748,0.396,0.035
142.0,1.896,1.136,0.519,0.917,0.747,0.395,0.036
142.25,1.896,1.136,0.519,0.917,0.747,0.396,0.036
142.5,1.896,1.136,0.519,0.918,0.746,0.395,0.035
142.75,1.865,1.113,0.509,0.918,0.747,0.396,0.035
143.0,1.883,1.127,0.515,0.918,0.748,0.395,0.036
143.25,1.891,1.133,0.517,0.917,0.747,0.395,0.035
143.5,1.894,1.135,0.518,0.918,0.747,0.396,0.036
143.75,1.895,1.136,0.518,0.917,0.748,0.395,0.036
144.0,1.926,1.16,0.528,0.917,0.748,0.395,0.035
144.25,1.908,1.146,0.522,0.917,0.747,0.395,0.035
144.5,1.9,1.14,0.52,0.917,0.747,0.395,0.036
144.75,1.898,1.138,0.519,0.917,0.748,0.396,0.035
145.0,1.896,1.137,0.519,0.917,0.747,0.395,0.035
145.25,1.866,1.113,0.509,0.918,0.747,0.395,0.035
145.5,1.853,1.103,0.505,0.917,0.748,0.394,0.035
145.75,1.879,1.123,0.513,0.918,0.748,0.394,0.036
146.0,1.889,1.131,0.516,0.917,0.748,0.394,0.036
146.25,1.893,1.134,0.518,0.917,0.748,0.395,0.035
146.5,1.895,1.136,0.518,0.917,0.748,0.394,0.036
146.75,1.895,1.136,0.518,0.917,0.748,0.395,0.036
147.0,1.895,1.136,0.518,0.917,0.748,0.394,0.036
147.25,1.896,1.136,0.519,0.917,0.747,0.394,0.036
147.5,1.896,1.136,0.519,0.917,0.748,0.394,0.036
147.75,1.896,1.136,0.519,0.917,0.748,0.394,0.035
148.0,1.896,1.136,0.519,0.918,0.749,0.395,0.036
148.25,1.835,1.089,0.5,0.917,0.749,0.395,0.036
148.5,1.871,1.118,0.511,0.918,0.749,0.395,0.035
148.75,1.856,1.105,0.506,0.917,0.749,0.394,0.036
149.0,1.88,1.124,0.514,0.918,0.749,0.394,0.036
149.25,1.859,1.108,0.507,0.917,0.749,0.393,0.036
149.5,1.881,1.125,0.514,0.918,0.748,0.394,0.036
149.75,1.859,1.108,0.507,0.918,0.749,0.394,0.036
150.0,1.881,1.125,0.514,0.917,0.749,0.394,0.036
150.25,1.859,1.108,0.507,0.917,0.748,0.394,0.035
150.5,1.881,1.125,0.514,0.917,0.748,0.393,0.036
150.75,1.859,1.108,0.507,0.916,0.748,0.393,0.035
151.0,1.851,1.101,0.505,0.917,0.749,0.394,0.035
151.25,2.127,1.324,0.591,0.917,0.749,0.394,0.036
151.5,1.988,1.212,0.548,0.917,0.749,0.394,0.036
151.75,1.902,1.143,0.521,0.917,0.748,0.394,0.035
152.0,1.898,1.139,0.519,0.918,0.749,0.394,0.035
152.25,1.866,1.114,0.51,0.917,0.749,0.393,0.035
152.5,1.884,1.127,0.515,0.917,0.75,0.394,0.036
152.75,1.891,1.133,0.517,0.917,0.749,0.394,0.035
153.0,1.894,1.135,0.518,0.918,0.749,0.394,0.036
153.25,1.895,1.136,0.518,0.917,0.749,0.394,0.036
153.5,1.865,1.112,0.509,0.917,0.749,0.394,0.035
153.75,1.853,1.103,0.505,0.918,0.75,0.394,0.036
154.0,1.848,1.099,0.504,0.918,0.75,0.395,0.036
154.25,1.846,1.098,0.503,0.918,0.749,0.394,0.036
154.5,1.876,1.121,0.512,0.918,0.749,0.394,0.036
154.75,1.888,1.13,0.516,0.918,0.75,0.394,0.035
155.0,1.862,1.11,0.508,0.918,0.749,0.394,0.036
155.25,1.822,1.079,0.496,0.917,0.749,0.394,0.036
155.5,1.866,1.113,0.509,0.918,0.749,0.394,0.036
155.75,1.884,1.127,0.515,0.918,0.75,0.395,0.036
156.0,1.861,1.109,0.508,0.917,0.75,0.394,0.036
156.25,1.763,1.051,0.481,0.871,0.711,0.374,0.034
156.5,1.693,1.01,0.462,0.834,0.681,0.358,0.033
156.75,1.637,0.977,0.447,0.804,0.656,0.345,0.031
157.0,1.585,0.945,0.433,0.78,0.637,0.335,0.03
157.25,1.551,0.926,0.423,0.761,0.621,0.327,0.03
157.5,1.516,0.904,0.414,0.745,0.608,0.32,0.029
157.75,1.488,0.887,0.406,0.733,0.598,0.315,0.029
158.0,1.473,0.879,0.402,0.724,0.591,0.311,0.028
158.25,1.461,0.873,0.399,0.716,0.584,0.307,0.028
158.5,1.444,0.862,0.394,0.71,0.579,0.305,0.028
158.75,1.431,0.853,0.391,0.705,0.575,0.303,0.027
159.0,1.428,0.852,0.39,0.701,0.572,0.301,0.027
159.25,1.425,0.851,0.389,0.698,0.569,0.299,0.027
159.5,1.415,0.845,0.386,0.695,0.567,0.298,0.027
159.75,1.415,0.845,0.387,0.693,0.566,0.297,0.027
160.0,1.423,0.852,0.389,0.691,0.564,0.296,0.027
160.25,1.421,0.851,0.389,0.69,0.563,0.295,0.027
160.5,1.42,0.851,0.388,0.689,0.562,0.294,0.027
160.75,1.419,0.85,0.388,0.688,0.562,0.294,0.027
161.0,1.418,0.85,0.388,0.687,0.561,0.293,0.027
161.25,1.417,0.849,0.388,0.686,0.561,0.293,0.027
161.5,1.417,0.849,0.387,0.686,0.56,0.292,0.027
161.75,1.416,0.849,0.387,0.685,0.56,0.292,0.027
162.0,1.416,0.849,0.387,0.685,0.56,0.291,0.027
162.25,1.416,0.849,0.387,0.685,0.56,0.291,0.027
162.5,1.415,0.848,0.387,0.684,0.56,0.29,0.027
162.75,1.423,0.854,0.39,0.684,0.56,0.29,0.027
163.0,1.421,0.853,0.389,0.683,0.559,0.289,0.027
163.25,1.428,0.858,0.391,0.683,0.559,0.288,0.027
163.5,1.433,0.862,0.393,0.683,0.559,0.287,0.027
163.75,1.429,0.859,0.391,0.683,0.559,0.287,0.027
164.0,1.426,0.857,0.391,0.682,0.56,0.286,0.027
164.25,1.424,0.855,0.39,0.682,0.559,0.285,0.026
164.5,1.422,0.854,0.389,0.682,0.559,0.284,0.026
164.75,1.42,0.853,0.389,0.681,0.559,0.284,0.026
165.0,1.427,0.858,0.391,0.681,0.559,0.283,0.026
165.25,1.432,0.862,0.392,0.681,0.559,0.282,0.026
165.5,1.436,0.865,0.394,0.68,0.559,0.281,0.026
165.75,1.44,0.868,0.395,0.68,0.559,0.28,0.026
166.0,1.427,0.858,0.391,0.679,0.559,0.279,0.026
166.25,1.432,0.862,0.392,0.679,0.559,0.278,0.027
166.5,1.436,0.865,0.394,0.679,0.559,0.278,0.026
166.75,1.44,0.868,0.395,0.679,0.56,0.277,0.026
167.0,1.442,0.87,0.396,0.678,0.559,0.276,0.026
167.25,1.452,0.877,0.399,0.678,0.559,0.275,0.026
167.5,1.452,0.878,0.399,0.678,0.559,0.274,0.027
167.75,1.452,0.878,0.399,0.677,0.559,0.273,0.026
168.0,1.46,0.884,0.401,0.677,0.56,0.272,0.027
168.25,1.458,0.883,0.401,0.677,0.56,0.271,0.027
168.5,1.457,0.882,0.4,0.677,0.56,0.27,0.026
168.75,1.464,0.887,0.402,0.676,0.56,0.269,0.027
169.0,1.469,0.891,0.404,0.676,0.56,0.268,0.026
169.25,1.474,0.895,0.405,0.676,0.56,0.268,0.026
169.5,1.477,0.897,0.406,0.676,0.56,0.267,0.026
169.75,1.48,0.9,0.407,0.676,0.56,0.266,0.026
170.0,1.482,0.901,0.408,0.675,0.56,0.265,0.026
170.25,1.484,0.903,0.409,0.675,0.56,0.265,0.026
170.5,1.485,0.904,0.409,0.675,0.56,0.264,0.026
170.75,1.494,0.911,0.412,0.675,0.56,0.263,0.026
171.0,1.493,0.91,0.412,0.675,0.56,0.262,0.026
171.25,1.493,0.91,0.411,0.674,0.56,0.261,0.026
171.5,1.493,0.91,0.411,0.674,0.56,0.261,0.026
171.75,1.492,0.909,0.411,0.674,0.56,0.26,0.026
172.0,1.5,0.915,0.413,0.674,0.56,0.259,0.027
172.25,1.506,0.92,0.415,0.674,0.56,0.259,0.026
172.5,1.51,0.924,0.417,0.673,0.559,0.258,0.026
172.75,1.514,0.927,0.418,0.673,0.559,0.257,0.026
173.0,1.517,0.929,0.419,0.673,0.559,0.257,0.026
173.25,1.52,0.931,0.42,0.673,0.559,0.256,0.026
173.5,1.522,0.933,0.42,0.673,0.559,0.256,0.026
173.75,1.531,0.94,0.423,0.672,0.559,0.255,0.026
174.0,1.523,0.934,0.421,0.672,0.559,0.255,0.026
174.25,1.524,0.935,0.421,0.672,0.559,0.255,0.026
174.5,1.525,0.936,0.421,0.672,0.559,0.255,0.026
174.75,1.518,0.93,0.419,0.672,0.56,0.254,0.026
175.0,1.513,0.926,0.418,0.672,0.559,0.254,0.026
175.25,1.508,0.922,0.416,0.672,0.559,0.253,0.026
175.5,1.505,0.919,0.415,0.672,0.559,0.253,0.026
175.75,1.51,0.923,0.417,0.672,0.56,0.252,0.026
176.0,1.506,0.92,0.415,0.672,0.559,0.252,0.026
176.25,1.511,0.924,0.417,0.672,0.559,0.251,0.026
176.5,1.507,0.921,0.416,0.672,0.559,0.251,0.026
176.75,1.511,0.925,0.417,0.671,0.559,0.25,0.026
177.0,1.507,0.921,0.416,0.671,0.559,0.25,0.026
177.25,1.512,0.925,0.417,0.671,0.559,0.25,0.026
177.5,1.523,0.934,0.421,0.671,0.559,0.249,0.026
177.75,1.524,0.935,0.421,0.671,0.559,0.249,0.026
178.0,1.525,0.936,0.421,0.671,0.559,0.248,0.026
178.25,1.518,0.93,0.419,0.67,0.559,0.248,0.026
178.5,1.544,0.951,0.427,0.67,0.559,0.247,0.026
178.75,1.541,0.949,0.426,0.67,0.559,0.247,0.026
179.0,1.539,0.947,0.426,0.67,0.559,0.246,0.026
179.25,1.537,0.945,0.425,0.67,0.559,0.246,0.026
179.5,1.535,0.944,0.425,0.67,0.559,0.245,0.026
179.75,1.534,0.943,0.424,0.67,0.559,0.245,0.026
180.0,1.533,0.942,0.424,0.669,0.559,0.244,0.026
180.25,1.54,0.948,0.426,0.669,0.559,0.244,0.026
180.5,1.538,0.946,0.425,0.669,0.559,0.244,0.026
180.75,1.536,0.945,0.425,0.669,0.559,0.243,0.026
181.0,1.543,0.95,0.427,0.669,0.559,0.243,0.026
181.25,1.54,0.948,0.426,0.669,0.559,0.242,0.026
181.5,1.538,0.946,0.425,0.669,0.559,0.242,0.026
181.75,1.536,0.945,0.425,0.669,0.559,0.242,0.026
182.0,1.535,0.943,0.424,0.669,0.559,0.241,0.026
182.25,1.541,0.949,0.427,0.669,0.559,0.241,0.026
182.5,1.539,0.947,0.426,0.669,0.559,0.24,0.026
182.75,1.537,0.945,0.425,0.669,0.559,0.24,0.026
183.0,1.543,0.95,0.427,0.669,0.559,0.24,0.026
183.25,1.548,0.954,0.429,0.669,0.559,0.24,0.026
183.5,1.552,0.957,0.43,0.669,0.559,0.239,0.026
183.75,1.548,0.954,0.428,0.669,0.559,0.239,0.026
184.0,1.544,0.951,0.427,0.669,0.559,0.239,0.026
184.25,1.549,0.955,0.429,0.669,0.559,0.239,0.026
184.5,1.553,0.958,0.43,0.669,0.559,0.239,0.026
184.75,1.556,0.96,0.431,0.669,0.559,0.239,0.026
185.0,1.558,0.962,0.432,0.669,0.559,0.238,0.026
185.25,1.568,0.97,0.435,0.669,0.559,0.238,0.026
185.5,1.568,0.97,0.435,0.669,0.559,0.238,0.026
185.75,1.568,0.97,0.435,0.669,0.559,0.238,0.026
186.0,1.568,0.97,0.435,0.669,0.559,0.238,0.026
186.25,1.568,0.97,0.435,0.669,0.559,0.237,0.026
186.5,1.568,0.97,0.435,0.669,0.559,0.237,0.026
186.75,1.568,0.97,0.435,0.669,0.559,0.237,0.026
187.0,1.568,0.97,0.435,0.668,0.559,0.236,0.026
187.25,1.568,0.97,0.435,0.668,0.559,0.236,0.026
187.5,1.568,0.97,0.435,0.667,0.559,0.235,0.026
187.75,1.568,0.97,0.435,0.667,0.559,0.235,0.026
188.0,1.56,0.964,0.432,0.666,0.559,0.235,0.026
188.25,1.562,0.965,0.433,0.666,0.559,0.235,0.026
188.5,1.555,0.96,0.431,0.666,0.559,0.234,0.026
188.75,1.55,0.956,0.429,0.666,0.559,0.234,0.026
189.0,1.554,0.959,0.43,0.666,0.559,0.233,0.026
189.25,1.549,0.955,0.429,0.666,0.559,0.233,0.026
189.5,1.545,0.952,0.428,0.666,0.559,0.233,0.026
189.75,1.55,0.955,0.429,0.666,0.559,0.232,0.026
190.0,1.553,0.958,0.43,0.667,0.559,0.232,0.026
190.25,1.556,0.961,0.431,0.666,0.559,0.232,0.026
190.5,1.559,0.963,0.432,0.666,0.559,0.232,0.026
190.75,1.56,0.964,0.432,0.666,0.559,0.231,0.026
191.0,1.562,0.965,0.433,0.666,0.559,0.231,0.026
191.25,1.555,0.96,0.431,0.667,0.559,0.231,0.026
191.5,1.558,0.962,0.432,0.667,0.559,0.231,0.026
191.75,1.56,0.964,0.432,0.666,0.559,0.231,0.026
192.0,1.562,0.965,0.433,0.666,0.559,0.23,0.026
192.25,1.563,0.966,0.433,0.666,0.559,0.23,0.026
192.5,1.564,0.967,0.434,0.666,0.559,0.23,0.026
192.75,1.565,0.968,0.434,0.667,0.559,0.23,0.026
193.0,1.542,0.95,0.427,0.667,0.559,0.23,0.026
193.25,1.547,0.954,0.428,0.667,0.559,0.23,0.026
193.5,1.552,0.957,0.43,0.667,0.559,0.229,0.026
193.75,1.555,0.96,0.431,0.668,0.559,0.229,0.027
194.0,1.557,0.962,0.432,0.668,0.559,0.229,0.026
194.25,1.56,0.963,0.432,0.668,0.559,0.229,0.026
194.5,1.561,0.965,0.433,0.668,0.559,0.229,0.026
194.75,1.563,0.966,0.433,0.668,0.559,0.229,0.026
195.0,1.564,0.967,0.434,0.668,0.559,0.229,0.026
195.25,1.565,0.967,0.434,0.668,0.559,0.229,0.026
195.5,1.557,0.962,0.432,0.668,0.559,0.229,0.026
195.75,1.575,0.976,0.437,0.668,0.559,0.228,0.026
196.0,1.574,0.975,0.437,0.667,0.559,0.228,0.026
196.25,1.58,0.98,0.439,0.668,0.559,0.228,0.026
196.5,1.578,0.978,0.438,0.667,0.559,0.228,0.026
196.75,1.576,0.977,0.437,0.668,0.559,0.228,0.026
197.0,1.574,0.975,0.437,0.668,0.559,0.228,0.026
197.25,1.573,0.974,0.436,0.668,0.559,0.228,0.026
197.5,1.572,0.974,0.436,0.668,0.559,0.228,0.026
197.75,1.571,0.973,0.436,0.667,0.559,0.228,0.026
198.0,1.571,0.972,0.436,0.668,0.559,0.228,0.026
198.25,1.578,0.978,0.438,0.668,0.559,0.227,0.027
198.5,1.576,0.977,0.437,0.668,0.559,0.227,0.027
198.75,1.574,0.975,0.437,0.667,0.559,0.227,0.027
199.0,1.573,0.974,0.436,0.668,0.559,0.227,0.027
199.25,1.572,0.973,0.436,0.667,0.559,0.227,0.026
199.5,1.571,0.973,0.436,0.667,0.559,0.227,0.026
199.75,1.571,0.972,0.436,0.667,0.558,0.227,0.026
200.0,1.578,0.978,0.438,0.667,0.559,0.227,0.027
200.25,1.576,0.977,0.437,0.667,0.559,0.226,0.026
200.5,1.574,0.975,0.437,0.667,0.559,0.226,0.027
200.75,1.573,0.974,0.436,0.667,0.558,0.226,0.027
201.0,1.557,0.961,0.431,0.667,0.559,0.226,0.027
201.25,1.559,0.963,0.432,0.667,0.559,0.226,0.027
201.5,1.553,0.958,0.43,0.667,0.559,0.226,0.027
201.75,1.556,0.961,0.431,0.667,0.559,0.226,0.027
202.0,1.558,0.962,0.432,0.667,0.559,0.226,0.026
202.25,1.56,0.964,0.432,0.667,0.559,0.226,0.027
202.5,1.562,0.965,0.433,0.667,0.559,0.226,0.027
202.75,1.579,0.979,0.438,0.666,0.559,0.226,0.026
203.0,1.577,0.977,0.438,0.666,0.559,0.226,0.027
203.25,1.583,0.982,0.439,0.666,0.559,0.225,0.026
203.5,1.588,0.986,0.441,0.666,0.559,0.225,0.026
203.75,1.584,0.983,0.44,0.666,0.559,0.225,0.026
204.0,1.58,0.98,0.439,0.666,0.559,0.225,0.026
204.25,1.578,0.978,0.438,0.667,0.559,0.225,0.026
204.5,1.576,0.977,0.437,0.667,0.559,0.225,0.026
204.75,1.574,0.975,0.437,0.667,0.559,0.225,0.026
205.0,1.573,0.974,0.436,0.666,0.559,0.225,0.027
205.25,1.572,0.974,0.436,0.666,0.559,0.224,0.026
205.5,1.571,0.973,0.436,0.666,0.559,0.224,0.027
205.75,1.571,0.972,0.436,0.666,0.559,0.224,0.027
206.0,1.57,0.972,0.436,0.666,0.559,0.224,0.026
206.25,1.562,0.965,0.433,0.666,0.559,0.224,0.026
206.5,1.563,0.966,0.433,0.666,0.558,0.224,0.027
206.75,1.564,0.967,0.434,0.666,0.559,0.224,0.027
207.0,1.573,0.974,0.436,0.666,0.559,0.224,0.026
207.25,1.58,0.98,0.438,0.665,0.559,0.224,0.027
207.5,1.585,0.984,0.44,0.665,0.558,0.224,0.026
207.75,1.589,0.988,0.442,0.665,0.559,0.224,0.027
208.0,1.585,0.984,0.44,0.665,0.559,0.224,0.026
208.25,1.59,0.988,0.442,0.665,0.559,0.223,0.027
208.5,1.585,0.984,0.44,0.665,0.559,0.223,0.027
208.75,1.59,0.988,0.442,0.665,0.559,0.223,0.027
209.0,1.593,0.991,0.443,0.665,0.559,0.223,0.027
209.25,1.588,0.986,0.441,0.665,0.559,0.223,0.027
209.5,1.584,0.983,0.44,0.665,0.559,0.223,0.026
209.75,1.581,0.981,0.439,0.665,0.559,0.223,0.027
210.0,1.586,0.985,0.441,0.665,0.559,0.223,0.026
210.25,1.582,0.982,0.439,0.665,0.559,0.223,0.027
210.5,1.595,0.992,0.443,0.665,0.559,0.222,0.027
210.75,1.59,0.988,0.442,0.665,0.559,0.222,0.027
211.0,1.593,0.991,0.443,0.665,0.559,0.222,0.027
211.25,1.588,0.987,0.441,0.665,0.559,0.222,0.027
211.5,1.592,0.99,0.442,0.665,0.559,0.222,0.027
211.75,1.587,0.986,0.441,0.665,0.559,0.222,0.027
212.0,1.591,0.989,0.442,0.664,0.559,0.222,0.027
212.25,1.594,0.992,0.443,0.664,0.559,0.222,0.027
212.5,1.597,0.994,0.444,0.664,0.559,0.221,0.027
212.75,1.599,0.995,0.445,0.664,0.559,0.221,0.027
213.0,1.6,0.997,0.445,0.664,0.559,0.221,0.027
213.25,1.594,0.991,0.443,0.664,0.559,0.221,0.027
213.5,1.597,0.993,0.444,0.664,0.559,0.221,0.026
213.75,1.599,0.995,0.444,0.664,0.559,0.221,0.027
214.0,1.6,0.996,0.445,0.664,0.559,0.22,0.026
214.25,1.602,0.998,0.445,0.663,0.559,0.22,0.027
214.5,1.603,0.998,0.446,0.663,0.559,0.22,0.027
214.75,1.604,0.999,0.446,0.663,0.559,0.22,0.027
215.0,1.596,0.993,0.444,0.663,0.559,0.22,0.027
215.25,1.598,0.995,0.444,0.663,0.559,0.219,0.026
215.5,1.608,1.003,0.447,0.663,0.559,0.219,0.027
215.75,1.608,1.003,0.447,0.663,0.559,0.219,0.027
216.0,1.608,1.002,0.447,0.663,0.559,0.219,0.027
216.25,1.615,1.009,0.45,0.663,0.559,0.219,0.026
216.5,1.614,1.007,0.449,0.663,0.559,0.219,0.027
216.75,1.612,1.006,0.449,0.662,0.559,0.218,0.027
217.0,1.611,1.005,0.448,0.662,0.559,0.218,0.027
217.25,1.61,1.005,0.448,0.662,0.559,0.218,0.027
217.5,1.61,1.004,0.448,0.662,0.559,0.218,0.027
217.75,1.609,1.004,0.448,0.662,0.559,0.218,0.026
218.0,1.609,1.003,0.448,0.662,0.559,0.217,0.026
218.25,1.608,1.003,0.448,0.662,0.559,0.217,0.027
218.5,1.6,0.996,0.445,0.662,0.559,0.217,0.026
218.75,1.594,0.991,0.443,0.662,0.559,0.217,0.027
219.0,1.589,0.987,0.441,0.662,0.559,0.217,0.027
219.25,1.584,0.984,0.44,0.662,0.559,0.216,0.026
219.5,1.581,0.981,0.439,0.662,0.559,0.216,0.026
219.75,1.578,0.979,0.438,0.662,0.559,0.216,0.026
220.0,1.584,0.983,0.44,0.662,0.559,0.216,0.026
220.25,1.597,0.994,0.444,0.663,0.559,0.216,0.027
220.5,1.599,0.995,0.445,0.663,0.559,0.216,0.026
220.75,1.6,0.997,0.445,0.663,0.559,0.216,0.026
221.0,1.602,0.998,0.445,0.663,0.559,0.216,0.026
221.25,1.603,0.998,0.446,0.663,0.559,0.216,0.027
221.5,1.604,0.999,0.446,0.663,0.559,0.216,0.027
221.75,1.596,0.993,0.444,0.663,0.559,0.215,0.027
222.0,1.599,0.995,0.444,0.663,0.559,0.215,0.026
222.25,1.608,1.003,0.447,0.663,0.559,0.215,0.027
222.5,1.608,1.003,0.447,0.663,0.559,0.215,0.027
222.75,1.608,1.002,0.447,0.663,0.559,0.215,0.027
223.0,1.607,1.002,0.447,0.663,0.559,0.215,0.027
223.25,1.615,1.009,0.45,0.663,0.559,0.215,0.027
223.5,1.614,1.007,0.449,0.663,0.559,0.215,0.027
223.75,1.612,1.006,0.449,0.664,0.559,0.215,0.027
224.0,1.611,1.005,0.448,0.663,0.559,0.215,0.027
224.25,1.61,1.005,0.448,0.664,0.559,0.215,0.027
224.5,1.61,1.004,0.448,0.664,0.559,0.214,0.027
224.75,1.609,1.004,0.448,0.664,0.559,0.214,0.027
225.0,1.609,1.003,0.448,0.664,0.559,0.214,0.027
225.25,1.608,1.003,0.448,0.663,0.559,0.214,0.027
225.5,1.608,1.003,0.447,0.663,0.559,0.214,0.027
225.75,1.608,1.003,0.447,0.663,0.559,0.214,0.027
226.0,1.608,1.002,0.447,0.664,0.559,0.214,0.027
226.25,1.607,1.002,0.447,0.664,0.559,0.214,0.027
226.5,1.607,1.002,0.447,0.664,0.559,0.214,0.027
226.75,1.615,1.009,0.45,0.664,0.559,0.214,0.027
227.0,1.613,1.007,0.449,0.664,0.559,0.214,0.027
227.25,1.604,1,0.446,0.663,0.559,0.214,0.027
227.5,1.637,1.026,0.457,0.664,0.559,0.214,0.027
227.75,1.638,1.028,0.457,0.663,0.559,0.214,0.027
228.0,1.64,1.029,0.458,0.663,0.559,0.214,0.027
228.25,1.633,1.024,0.455,0.663,0.559,0.214,0.027
228.5,1.636,1.026,0.456,0.663,0.559,0.214,0.027
228.75,1.638,1.027,0.457,0.663,0.559,0.213,0.027
229.0,1.632,1.022,0.455,0.663,0.559,0.213,0.027
229.25,1.635,1.025,0.456,0.663,0.559,0.213,0.026
229.5,1.637,1.026,0.457,0.663,0.559,0.213,0.027
229.75,1.639,1.028,0.457,0.663,0.559,0.213,0.027
230.0,1.64,1.029,0.458,0.663,0.559,0.213,0.027
230.25,1.641,1.03,0.458,0.663,0.559,0.213,0.027
230.5,1.634,1.024,0.456,0.663,0.559,0.213,0.027
230.75,1.629,1.02,0.454,0.663,0.559,0.213,0.027
231.0,1.624,1.016,0.453,0.663,0.559,0.213,0.027
231.25,1.973,1.238,0.55,0.798,0.673,0.256,0.032
231.5,2.113,1.326,0.59,0.853,0.719,0.274,0.034
231.75,2.168,1.362,0.605,0.875,0.737,0.281,0.035
232.0,2.191,1.376,0.611,0.884,0.744,0.284,0.036
232.25,2.168,1.356,0.604,0.887,0.746,0.285,0.035
232.5,2.191,1.374,0.611,0.888,0.748,0.286,0.035
232.75,2.168,1.355,0.604,0.889,0.749,0.286,0.035
233.0,2.191,1.373,0.611,0.889,0.749,0.285,0.036
233.25,2.2,1.38,0.614,0.89,0.749,0.286,0.036
233.5,2.172,1.358,0.605,0.89,0.749,0.286,0.035
233.75,2.161,1.349,0.601,0.889,0.748,0.285,0.036
234.0,2.156,1.345,0.6,0.89,0.749,0.285,0.036
234.25,2.186,1.369,0.609,0.89,0.749,0.286,0.036
234.5,2.166,1.353,0.603,0.891,0.749,0.286,0.036
234.75,2.158,1.347,0.601,0.89,0.748,0.285,0.036
235.0,2.155,1.344,0.6,0.891,0.749,0.285,0.035
235.25,2.154,1.343,0.599,0.891,0.749,0.286,0.035
235.5,2.154,1.343,0.599,0.894,0.749,0.286,0.036
235.75,2.153,1.343,0.599,0.895,0.75,0.286,0.035
236.0,2.153,1.342,0.599,0.896,0.749,0.286,0.036
236.25,2.185,1.368,0.609,0.896,0.749,0.286,0.036
236.5,2.197,1.378,0.613,0.896,0.749,0.287,0.036
236.75,2.171,1.357,0.605,0.896,0.749,0.287,0.036
237.0,2.192,1.374,0.611,0.896,0.749,0.287,0.036
237.25,2.169,1.355,0.604,0.896,0.75,0.288,0.036
237.5,2.191,1.373,0.611,0.896,0.749,0.288,0.036
237.75,2.168,1.355,0.604,0.897,0.749,0.289,0.036
238.0,2.159,1.347,0.601,0.898,0.749,0.288,0.036
238.25,2.187,1.37,0.61,0.898,0.749,0.289,0.036
238.5,2.198,1.379,0.613,0.897,0.749,0.288,0.036
238.75,2.171,1.357,0.605,0.897,0.749,0.289,0.035
239.0,2.192,1.374,0.611,0.898,0.75,0.289,0.036
239.25,2.169,1.355,0.604,0.898,0.749,0.29,0.036
239.5,2.159,1.347,0.601,0.899,0.749,0.29,0.036
239.75,2.156,1.344,0.6,0.899,0.75,0.291,0.036
240.0,2.154,1.343,0.599,0.9,0.749,0.292,0.036
240.25,2.154,1.343,0.599,0.9,0.749,0.292,0.036
240.5,2.185,1.368,0.609,0.901,0.75,0.293,0.036
240.75,2.166,1.353,0.603,0.901,0.749,0.294,0.036
241.0,2.158,1.347,0.601,0.902,0.75,0.294,0.035
241.25,2.155,1.344,0.6,0.902,0.75,0.294,0.036
241.5,2.154,1.343,0.599,0.902,0.75,0.294,0.036
241.75,2.154,1.343,0.599,0.903,0.749,0.295,0.036
242.0,2.122,1.317,0.589,0.902,0.75,0.295,0.036
242.25,2.141,1.332,0.595,0.902,0.749,0.295,0.036
242.5,2.148,1.338,0.598,0.903,0.75,0.296,0.036
242.75,2.12,1.315,0.589,0.903,0.75,0.296,0.036
243.0,2.109,1.306,0.585,0.904,0.75,0.296,0.035
243.25,2.104,1.303,0.584,0.903,0.749,0.297,0.036
243.5,2.102,1.301,0.583,0.904,0.749,0.297,0.036
243.75,2.102,1.3,0.583,0.904,0.749,0.298,0.036
244.0,2.101,1.3,0.583,0.905,0.75,0.298,0.035
244.25,2.101,1.3,0.583,0.904,0.75,0.298,0.036
244.5,2.101,1.3,0.583,0.904,0.749,0.298,0.036
244.75,2.101,1.3,0.583,0.905,0.749,0.298,0.036
245.0,2.101,1.3,0.583,0.904,0.75,0.299,0.036
245.25,2.101,1.3,0.583,0.905,0.75,0.3,0.036
245.5,2.07,1.275,0.573,0.905,0.751,0.3,0.036
245.75,2.058,1.265,0.569,0.905,0.75,0.3,0.036
246.0,2.115,1.311,0.587,0.905,0.749,0.3,0.036
246.25,2.076,1.28,0.575,0.904,0.749,0.3,0.036
246.5,2.091,1.292,0.579,0.905,0.75,0.3,0.036
246.75,2.097,1.297,0.581,0.904,0.75,0.301,0.035
247.0,2.068,1.274,0.572,0.904,0.749,0.301,0.036
247.25,2.088,1.29,0.579,0.904,0.75,0.3,0.036
247.5,2.096,1.296,0.581,0.904,0.749,0.301,0.036
247.75,2.099,1.298,0.582,0.903,0.75,0.301,0.035
248.0,2.1,1.299,0.582,0.903,0.749,0.301,0.036
248.25,2.101,1.3,0.583,0.904,0.75,0.302,0.035
248.5,2.101,1.3,0.583,0.905,0.749,0.301,0.036
248.75,2.07,1.275,0.573,0.905,0.75,0.302,0.035
249.0,2.058,1.265,0.569,0.905,0.75,0.301,0.035
249.25,2.084,1.286,0.577,0.904,0.75,0.301,0.036
249.5,2.094,1.294,0.581,0.905,0.751,0.302,0.035
249.75,2.067,1.273,0.572,0.904,0.75,0.302,0.036
250.0,2.056,1.264,0.569,0.904,0.751,0.302,0.036
250.25,2.052,1.261,0.567,0.905,0.75,0.302,0.036
250.5,2.082,1.284,0.577,0.904,0.75,0.302,0.036
250.75,2.093,1.294,0.58,0.905,0.75,0.302,0.036
251.0,2.067,1.272,0.572,0.905,0.75,0.302,0.036
251.25,2.056,1.264,0.569,0.906,0.751,0.303,0.036
251.5,2.052,1.261,0.567,0.905,0.751,0.302,0.036
251.75,2.05,1.259,0.567,0.905,0.751,0.302,0.035
252.0,2.05,1.259,0.567,0.906,0.75,0.303,0.036
252.25,2.049,1.258,0.566,0.905,0.75,0.302,0.036
252.5,2.049,1.258,0.566,0.905,0.75,0.303,0.036
252.75,2.049,1.258,0.566,0.905,0.751,0.303,0.036
253.0,2.049,1.258,0.566,0.905,0.751,0.303,0.036
253.25,2.049,1.258,0.566,0.905,0.751,0.302,0.036
253.5,2.049,1.258,0.566,0.904,0.751,0.303,0.036
253.75,2.049,1.258,0.566,0.905,0.75,0.303,0.036
254.0,2.049,1.258,0.566,0.905,0.751,0.303,0.036
254.25,2.049,1.258,0.566,0.905,0.752,0.303,0.036
254.5,2.049,1.258,0.566,0.906,0.751,0.303,0.036
254.75,2.049,1.258,0.566,0.906,0.752,0.303,0.036
255.0,2.018,1.234,0.557,0.905,0.751,0.303,0.036
255.25,2.037,1.248,0.563,0.906,0.751,0.303,0.036
255.5,2.044,1.254,0.565,0.905,0.751,0.304,0.036
255.75,2.047,1.257,0.566,0.905,0.751,0.303,0.036
256.0,2.048,1.258,0.566,0.906,0.751,0.303,0.036
256.25,2.049,1.258,0.566,0.906,0.752,0.304,0.036
256.5,2.018,1.233,0.557,0.907,0.751,0.303,0.036
256.75,2.037,1.248,0.563,0.906,0.752,0.303,0.035
257.0,2.044,1.254,0.565,0.906,0.751,0.304,0.036
257.25,2.078,1.282,0.576,0.906,0.751,0.304,0.036
257.5,2.061,1.268,0.57,0.905,0.752,0.303,0.036
257.75,2.054,1.262,0.568,0.905,0.752,0.304,0.035
258.0,2.051,1.26,0.567,0.904,0.751,0.304,0.036
258.25,2.05,1.259,0.567,0.905,0.752,0.303,0.036
258.5,2.05,1.259,0.567,0.904,0.751,0.304,0.036
258.75,2.049,1.258,0.566,0.905,0.751,0.304,0.036
259.0,2.049,1.258,0.566,0.904,0.75,0.303,0.036
259.25,2.049,1.258,0.566,0.904,0.751,0.303,0.036
259.5,2.018,1.234,0.557,0.905,0.751,0.303,0.035
259.75,2.037,1.248,0.563,0.905,0.751,0.304,0.036
260.0,2.075,1.279,0.575,0.904,0.751,0.303,0.036
260.25,2.029,1.242,0.56,0.904,0.751,0.303,0.036
260.5,2.041,1.252,0.564,0.905,0.75,0.303,0.036
260.75,2.046,1.256,0.565,0.905,0.75,0.304,0.036
261.0,2.079,1.282,0.576,0.905,0.751,0.303,0.036
261.25,2.061,1.268,0.57,0.905,0.752,0.304,0.036
261.5,2.054,1.262,0.568,0.904,0.751,0.303,0.036
261.75,2.02,1.235,0.557,0.904,0.751,0.303,0.035
262.0,2.038,1.249,0.563,0.905,0.751,0.303,0.035
262.25,2.045,1.255,0.565,0.904,0.752,0.303,0.036
262.5,2.047,1.257,0.566,0.905,0.751,0.303,0.036
262.75,2.049,1.258,0.566,0.905,0.75,0.303,0.036
263.0,2.049,1.258,0.566,0.904,0.75,0.303,0.036
263.25,2.049,1.258,0.566,0.905,0.75,0.303,0.036
263.5,2.049,1.258,0.566,0.905,0.75,0.303,0.036
263.75,2.049,1.258,0.566,0.903,0.751,0.304,0.035
264.0,2.049,1.258,0.566,0.904,0.751,0.303,0.036
264.25,2.049,1.258,0.566,0.904,0.75,0.303,0.036
264.5,2.049,1.258,0.566,0.903,0.75,0.303,0.036
264.75,2.049,1.258,0.566,0.904,0.751,0.303,0.036
265.0,2.049,1.258,0.566,0.905,0.75,0.303,0.036
265.25,2.049,1.258,0.566,0.904,0.751,0.302,0.036
265.5,2.049,1.258,0.566,0.904,0.751,0.303,0.036
265.75,2.049,1.258,0.566,0.904,0.751,0.303,0.036
266.0,2.049,1.258,0.566,0.905,0.75,0.303,0.036
266.25,2.049,1.258,0.566,0.905,0.751,0.302,0.036
266.5,2.049,1.258,0.566,0.905,0.751,0.302,0.036
266.75,2.049,1.258,0.566,0.903,0.75,0.303,0.035
267.0,2.049,1.258,0.566,0.903,0.75,0.302,0.036
267.25,2.018,1.234,0.557,0.902,0.75,0.302,0.036
267.5,2.006,1.224,0.553,0.903,0.75,0.302,0.036
267.75,2.032,1.244,0.561,0.904,0.75,0.302,0.036
268.0,2.011,1.228,0.555,0.904,0.751,0.302,0.036
268.25,2.003,1.221,0.552,0.905,0.751,0.302,0.036
268.5,2,1.219,0.551,0.904,0.751,0.302,0.036
268.75,2.03,1.243,0.56,0.903,0.751,0.302,0.035
269.0,2.01,1.227,0.554,0.903,0.751,0.302,0.036
269.25,2.003,1.221,0.552,0.902,0.75,0.302,0.036
269.5,2.062,1.269,0.57,0.903,0.751,0.302,0.036
269.75,2.023,1.238,0.558,0.902,0.75,0.302,0.036
270.0,2.008,1.225,0.554,0.902,0.751,0.302,0.036
270.25,2.002,1.22,0.552,0.902,0.75,0.302,0.035
270.5,1.999,1.218,0.551,0.903,0.75,0.302,0.036
270.75,1.998,1.218,0.551,0.903,0.751,0.303,0.036
271.0,2.029,1.242,0.56,0.902,0.75,0.302,0.037
271.25,2.01,1.227,0.554,0.903,0.75,0.302,0.036
271.5,2.003,1.221,0.552,0.903,0.751,0.302,0.036
271.75,2,1.219,0.551,0.903,0.75,0.302,0.035
272.0,1.999,1.218,0.551,0.903,0.751,0.302,0.036
272.25,1.998,1.217,0.55,0.903,0.751,0.302,0.036
272.5,1.998,1.217,0.55,0.904,0.751,0.301,0.036
272.75,1.998,1.217,0.55,0.903,0.752,0.302,0.036
273.0,1.998,1.217,0.55,0.902,0.751,0.302,0.036
273.25,1.998,1.217,0.55,0.902,0.75,0.302,0.036
273.5,1.998,1.217,0.55,0.903,0.752,0.301,0.036
273.75,1.998,1.217,0.55,0.903,0.752,0.301,0.036
274.0,1.998,1.217,0.55,0.902,0.751,0.301,0.035
274.25,1.998,1.217,0.55,0.902,0.75,0.301,0.036
274.5,2.029,1.242,0.56,0.902,0.752,0.301,0.035
274.75,2.01,1.227,0.554,0.903,0.751,0.301,0.036
275.0,2.003,1.221,0.552,0.903,0.752,0.301,0.036
275.25,2,1.219,0.551,0.902,0.751,0.301,0.036
275.5,1.999,1.218,0.551,0.903,0.751,0.301,0.035
275.75,2.029,1.242,0.56,0.903,0.752,0.301,0.035
276.0,2.01,1.227,0.554,0.903,0.752,0.301,0.035
276.25,2.003,1.221,0.552,0.902,0.751,0.301,0.036
276.5,2,1.219,0.551,0.902,0.751,0.301,0.036
276.75,2.029,1.242,0.56,0.901,0.75,0.301,0.035
277.0,2.01,1.227,0.554,0.902,0.751,0.301,0.035
277.25,2.034,1.246,0.562,0.903,0.751,0.301,0.035
277.5,2.043,1.253,0.564,0.903,0.751,0.302,0.036
277.75,2.016,1.232,0.556,0.902,0.75,0.301,0.035
278.0,2.005,1.223,0.553,0.903,0.752,0.301,0.036
278.25,2.032,1.244,0.561,0.903,0.751,0.301,0.036
278.5,2.011,1.228,0.555,0.903,0.752,0.301,0.036
278.75,2.034,1.246,0.562,0.902,0.751,0.301,0.035
279.0,2.012,1.229,0.555,0.903,0.751,0.301,0.035
279.25,2.034,1.246,0.562,0.903,0.751,0.3,0.035
279.5,2.043,1.254,0.565,0.902,0.75,0.3,0.036
279.75,2.047,1.256,0.566,0.903,0.751,0.301,0.036
280.0,2.017,1.233,0.556,0.903,0.75,0.301,0.035
280.25,2.006,1.223,0.553,0.902,0.751,0.301,0.036
280.5,2.032,1.244,0.561,0.903,0.751,0.3,0.036
280.75,2.042,1.253,0.564,0.903,0.751,0.3,0.036
281.0,2.016,1.231,0.556,0.902,0.751,0.3,0.036
281.25,2.036,1.248,0.562,0.903,0.751,0.3,0.036
281.5,2.013,1.229,0.555,0.902,0.752,0.3,0.036
281.75,2.004,1.222,0.552,0.902,0.751,0.301,0.036
282.0,2.031,1.244,0.561,0.902,0.752,0.3,0.036
282.25,2.042,1.252,0.564,0.902,0.751,0.3,0.036
282.5,2.046,1.256,0.566,0.903,0.752,0.3,0.035
282.75,2.017,1.233,0.556,0.902,0.751,0.3,0.036
283.0,2.036,1.248,0.562,0.903,0.751,0.3,0.036
283.25,2.044,1.254,0.565,0.902,0.751,0.3,0.035
283.5,2.016,1.232,0.556,0.903,0.752,0.3,0.035
283.75,2.005,1.223,0.553,0.902,0.752,0.3,0.036
284.0,2.001,1.219,0.551,0.903,0.751,0.3,0.036
284.25,1.999,1.218,0.551,0.902,0.752,0.3,0.036
284.5,1.998,1.217,0.55,0.902,0.753,0.3,0.036
284.75,1.998,1.217,0.55,0.902,0.752,0.3,0.035
285.0,1.998,1.217,0.55,0.902,0.752,0.3,0.036
285.25,2.029,1.242,0.56,0.902,0.751,0.3,0.035
285.5,2.01,1.227,0.554,0.902,0.751,0.3,0.036
285.75,2.003,1.221,0.552,0.901,0.75,0.299,0.035
286.0,2,1.219,0.551,0.902,0.751,0.299,0.036
286.25,1.999,1.218,0.551,0.902,0.75,0.299,0.035
286.5,1.998,1.217,0.55,0.901,0.751,0.3,0.035
286.75,1.998,1.217,0.55,0.902,0.752,0.3,0.035
287.0,1.998,1.217,0.55,0.901,0.751,0.299,0.036
287.25,1.998,1.217,0.55,0.901,0.752,0.3,0.036
287.5,1.967,1.193,0.541,0.902,0.752,0.299,0.036
287.75,2.016,1.232,0.556,0.901,0.752,0.299,0.036
288.0,2.005,1.223,0.553,0.902,0.751,0.3,0.036
288.25,2.001,1.219,0.551,0.901,0.751,0.299,0.036
288.5,2.03,1.243,0.56,0.901,0.751,0.299,0.036
288.75,2.011,1.227,0.554,0.902,0.751,0.3,0.036
289.0,2.003,1.221,0.552,0.902,0.751,0.299,0.036
289.25,2,1.219,0.551,0.902,0.751,0.298,0.036
289.5,2.029,1.242,0.56,0.901,0.751,0.298,0.036
289.75,2.104,1.302,0.584,0.901,0.752,0.299,0.036
290.0,2.04,1.251,0.564,0.9,0.751,0.298,0.036
290.25,2.015,1.231,0.556,0.901,0.75,0.298,0.036
290.5,2.005,1.223,0.552,0.901,0.75,0.298,0.036
290.75,2,1.219,0.551,0.901,0.751,0.299,0.036
291.0,2.03,1.243,0.56,0.901,0.751,0.298,0.036
291.25,2.041,1.252,0.564,0.901,0.751,0.298,0.036
291.5,2.046,1.256,0.565,0.901,0.75,0.298,0.036
291.75,2.048,1.257,0.566,0.901,0.751,0.298,0.036
292.0,2.049,1.258,0.566,0.901,0.751,0.298,0.036
292.25,2.018,1.233,0.557,0.902,0.751,0.299,0.036
292.5,2.037,1.248,0.563,0.902,0.752,0.298,0.036
292.75,2.044,1.254,0.565,0.901,0.752,0.298,0.035
293.0,2.047,1.257,0.566,0.902,0.752,0.298,0.036
293.25,2.018,1.233,0.557,0.902,0.752,0.298,0.036
293.5,2.006,1.223,0.553,0.901,0.753,0.298,0.036
293.75,2.032,1.244,0.561,0.902,0.752,0.298,0.036
294.0,2.042,1.253,0.564,0.901,0.753,0.298,0.036
294.25,2.016,1.231,0.556,0.901,0.751,0.298,0.035
294.5,2.036,1.248,0.562,0.901,0.752,0.297,0.036
294.75,2.044,1.254,0.565,0.901,0.752,0.298,0.036
295.0,2.016,1.232,0.556,0.901,0.751,0.297,0.036
295.25,2.005,1.223,0.553,0.901,0.751,0.297,0.036
295.5,2.001,1.219,0.551,0.902,0.752,0.297,0.036
295.75,1.999,1.218,0.551,0.901,0.752,0.297,0.036
296.0,1.998,1.217,0.55,0.9,0.751,0.298,0.036
296.25,1.998,1.217,0.55,0.901,0.752,0.298,0.036
296.5,1.967,1.193,0.541,0.902,0.752,0.298,0.036
296.75,1.985,1.207,0.546,0.902,0.751,0.298,0.036
297.0,2.086,1.288,0.578,0.901,0.752,0.297,0.036
297.25,2.033,1.246,0.561,0.902,0.752,0.297,0.036
297.5,2.012,1.229,0.555,0.902,0.753,0.297,0.036
297.75,2.003,1.222,0.552,0.902,0.753,0.297,0.036
298.0,2,1.219,0.551,0.901,0.753,0.298,0.036
298.25,1.999,1.218,0.551,0.901,0.752,0.298,0.036
298.5,1.998,1.217,0.55,0.902,0.752,0.297,0.036
298.75,1.998,1.217,0.55,0.902,0.753,0.297,0.036
299.0,1.998,1.217,0.55,0.901,0.753,0.297,0.036
299.25,1.998,1.217,0.55,0.901,0.752,0.297,0.036
299.5,1.998,1.217,0.55,0.902,0.753,0.297,0.036
299.75,1.998,1.217,0.55,0.902,0.752,0.297,0.035
300.0,1.998,1.217,0.55,0.901,0.752,0.297,0.036
300.25,1.998,1.217,0.55,0.902,0.753,0.297,0.036
300.5,1.998,1.217,0.55,0.901,0.752,0.296,0.035
300.75,1.998,1.217,0.55,0.901,0.751,0.297,0.036
301.0,1.998,1.217,0.55,0.901,0.752,0.296,0.035
301.25,1.998,1.217,0.55,0.901,0.751,0.296,0.036
301.5,2.029,1.242,0.56,0.9,0.751,0.297,0.035
301.75,2.041,1.252,0.564,0.901,0.751,0.296,0.036
302.0,2.015,1.231,0.556,0.901,0.752,0.297,0.036
302.25,2.005,1.223,0.552,0.901,0.752,0.296,0.036
302.5,2.001,1.219,0.551,0.901,0.752,0.296,0.036
302.75,2.03,1.243,0.56,0.901,0.752,0.296,0.036
303.0,2.041,1.252,0.564,0.9,0.753,0.296,0.036
303.25,2.046,1.256,0.565,0.9,0.752,0.296,0.036
303.5,2.048,1.257,0.566,0.9,0.752,0.296,0.036
303.75,2.049,1.258,0.566,0.9,0.751,0.296,0.036
304.0,2.018,1.233,0.557,0.901,0.752,0.296,0.036
304.25,2.037,1.248,0.563,0.901,0.752,0.296,0.036
304.5,2.013,1.23,0.555,0.901,0.752,0.295,0.036
304.75,2.035,1.247,0.562,0.9,0.752,0.295,0.036
305.0,2.013,1.229,0.555,0.9,0.751,0.295,0.036
305.25,2.004,1.222,0.552,0.901,0.752,0.296,0.036
305.5,2,1.219,0.551,0.901,0.752,0.295,0.036
305.75,2.03,1.243,0.56,0.9,0.753,0.295,0.036
306.0,2.041,1.252,0.564,0.901,0.752,0.295,0.036
306.25,2.015,1.231,0.556,0.9,0.752,0.295,0.036
306.5,2.005,1.223,0.553,0.9,0.753,0.294,0.036
306.75,2.001,1.219,0.551,0.901,0.752,0.295,0.036
307.0,2.03,1.243,0.56,0.901,0.752,0.295,0.036
307.25,2.011,1.227,0.554,0.9,0.751,0.295,0.036
307.5,2.034,1.246,0.562,0.9,0.752,0.294,0.036
307.75,2.043,1.253,0.564,0.9,0.751,0.294,0.036
308.0,2.047,1.256,0.566,0.899,0.751,0.295,0.036
308.25,2.048,1.258,0.566,0.9,0.751,0.294,0.036
308.5,2.018,1.233,0.557,0.901,0.752,0.295,0.036
308.75,2.037,1.248,0.563,0.901,0.752,0.295,0.036
309.0,2.044,1.254,0.565,0.9,0.751,0.294,0.036
309.25,2.047,1.257,0.566,0.899,0.751,0.294,0.035
309.5,2.048,1.258,0.566,0.899,0.751,0.294,0.036
309.75,2.018,1.233,0.557,0.9,0.751,0.295,0.036
310.0,2.037,1.248,0.563,0.9,0.752,0.294,0.036
310.25,2.044,1.254,0.565,0.901,0.751,0.294,0.036
310.5,2.047,1.257,0.566,0.899,0.75,0.295,0.036
310.75,2.048,1.258,0.566,0.9,0.75,0.294,0.036
311.0,2.049,1.258,0.566,0.9,0.751,0.295,0.036
311.25,2.049,1.258,0.566,0.9,0.752,0.294,0.036
311.5,2.049,1.258,0.566,0.9,0.752,0.294,0.036
311.75,2.049,1.258,0.566,0.899,0.752,0.294,0.036
312.0,2.049,1.258,0.566,0.9,0.753,0.294,0.035
312.25,2.049,1.258,0.566,0.9,0.753,0.294,0.036
312.5,2.049,1.258,0.566,0.899,0.752,0.293,0.036
312.75,2.049,1.258,0.566,0.9,0.752,0.294,0.036
313.0,2.049,1.258,0.566,0.9,0.751,0.294,0.036
313.25,2.049,1.258,0.566,0.9,0.752,0.294,0.035
313.5,2.018,1.234,0.557,0.9,0.752,0.294,0.036
313.75,2.006,1.224,0.553,0.901,0.751,0.293,0.036
314.0,2.032,1.244,0.561,0.9,0.752,0.294,0.036
314.25,2.011,1.228,0.555,0.9,0.751,0.294,0.036
314.5,2.034,1.246,0.562,0.9,0.75,0.294,0.037
314.75,2.043,1.253,0.565,0.899,0.751,0.294,0.036
315.0,2.016,1.232,0.556,0.899,0.751,0.293,0.035
315.25,2.036,1.248,0.562,0.899,0.751,0.294,0.036
315.5,2.044,1.254,0.565,0.9,0.752,0.293,0.036
315.75,2.047,1.257,0.566,0.9,0.751,0.293,0.036
316.0,2.018,1.233,0.556,0.9,0.75,0.293,0.035
316.25,2.006,1.223,0.553,0.9,0.751,0.293,0.036
316.5,2.032,1.244,0.561,0.899,0.751,0.293,0.036
316.75,2.042,1.253,0.564,0.9,0.751,0.294,0.036
317.0,2.046,1.256,0.566,0.899,0.75,0.293,0.036
317.25,2.017,1.233,0.556,0.899,0.751,0.293,0.036
317.5,2.006,1.223,0.553,0.899,0.75,0.293,0.036
317.75,2.032,1.244,0.561,0.899,0.751,0.293,0.036
318.0,2.042,1.253,0.564,0.9,0.751,0.293,0.036
318.25,2.016,1.231,0.556,0.9,0.751,0.293,0.035
318.5,2.005,1.223,0.553,0.9,0.752,0.293,0.036
318.75,2.032,1.244,0.561,0.901,0.751,0.293,0.036
319.0,1.981,1.204,0.545,0.9,0.751,0.293,0.036
319.25,1.991,1.212,0.548,0.9,0.752,0.293,0.036
319.5,1.995,1.215,0.549,0.9,0.752,0.293,0.036
319.75,1.997,1.216,0.55,0.899,0.752,0.292,0.036
320.0,1.997,1.217,0.55,0.899,0.751,0.292,0.036
320.25,1.998,1.217,0.55,0.898,0.751,0.293,0.036
320.5,1.998,1.217,0.55,0.899,0.751,0.293,0.036
320.75,1.998,1.217,0.55,0.9,0.751,0.293,0.036
321.0,1.998,1.217,0.55,0.899,0.752,0.292,0.036
321.25,1.998,1.217,0.55,0.9,0.752,0.292,0.036
321.5,1.998,1.217,0.55,0.899,0.752,0.292,0.036
321.75,2.029,1.242,0.56,0.9,0.752,0.293,0.036
322.0,2.01,1.227,0.554,0.9,0.752,0.292,0.036
322.25,2.003,1.221,0.552,0.899,0.752,0.293,0.036
322.5,2.031,1.243,0.561,0.899,0.752,0.292,0.036
322.75,2.011,1.228,0.554,0.899,0.752,0.292,0.036
323.0,2.034,1.246,0.562,0.898,0.752,0.292,0.036
323.25,2.043,1.253,0.565,0.899,0.752,0.292,0.036
323.5,2.047,1.256,0.566,0.899,0.752,0.292,0.036
323.75,2.048,1.258,0.566,0.899,0.752,0.292,0.036
324.0,2.018,1.233,0.557,0.898,0.751,0.292,0.035
324.25,2.037,1.248,0.563,0.898,0.752,0.292,0.036
324.5,2.013,1.23,0.555,0.898,0.752,0.292,0.036
324.75,2.035,1.247,0.562,0.899,0.752,0.292,0.036
325.0,2.013,1.229,0.555,0.9,0.753,0.292,0.036
325.25,2.035,1.247,0.562,0.9,0.753,0.292,0.036
325.5,2.043,1.254,0.565,0.9,0.752,0.292,0.035
325.75,2.047,1.256,0.566,0.899,0.752,0.292,0.036
326.0,2.017,1.233,0.556,0.898,0.752,0.291,0.036
326.25,2.037,1.248,0.562,0.898,0.752,0.292,0.036
326.5,2.013,1.23,0.555,0.898,0.751,0.292,0.036
326.75,2.004,1.222,0.552,0.898,0.751,0.292,0.036
327.0,2,1.219,0.551,0.898,0.75,0.292,0.036
327.25,1.999,1.218,0.551,0.899,0.751,0.292,0.036
327.5,1.998,1.217,0.55,0.898,0.751,0.291,0.037
327.75,2.029,1.242,0.56,0.898,0.751,0.292,0.036
328.0,2.041,1.252,0.564,0.899,0.751,0.291,0.036
328.25,2.046,1.256,0.565,0.899,0.752,0.291,0.037
328.5,2.048,1.257,0.566,0.898,0.751,0.291,0.036
328.75,2.049,1.258,0.566,0.898,0.751,0.29,0.036
329.0,2.049,1.258,0.566,0.898,0.751,0.29,0.036
329.25,2.049,1.258,0.566,0.898,0.751,0.291,0.036
329.5,2.018,1.234,0.557,0.899,0.752,0.291,0.036
329.75,2.037,1.248,0.563,0.898,0.751,0.291,0.036
330.0,2.044,1.254,0.565,0.897,0.751,0.291,0.036
330.25,2.047,1.257,0.566,0.898,0.751,0.29,0.036
330.5,2.048,1.258,0.566,0.899,0.751,0.29,0.036
330.75,2.049,1.258,0.566,0.898,0.751,0.29,0.036
331.0,2.049,1.258,0.566,0.898,0.752,0.29,0.036
331.25,2.018,1.234,0.557,0.898,0.751,0.29,0.036
331.5,2.037,1.248,0.563,0.898,0.751,0.29,0.036
331.75,2.044,1.254,0.565,0.898,0.752,0.29,0.036
332.0,2.016,1.232,0.556,0.898,0.752,0.29,0.036
332.25,2.036,1.248,0.562,0.898,0.753,0.291,0.036
332.5,2.013,1.229,0.555,0.899,0.752,0.29,0.036
332.75,2.035,1.247,0.562,0.898,0.752,0.29,0.036
333.0,2.013,1.229,0.555,0.898,0.753,0.291,0.036
333.25,2.004,1.222,0.552,0.899,0.752,0.29,0.036
333.5,2,1.219,0.551,0.898,0.751,0.29,0.036
333.75,1.968,1.193,0.541,0.897,0.75,0.29,0.035
334.0,2.017,1.232,0.556,0.898,0.751,0.29,0.036
334.25,2.005,1.223,0.553,0.898,0.751,0.29,0.036
334.5,2.001,1.22,0.551,0.898,0.751,0.29,0.035
334.75,1.968,1.194,0.541,0.898,0.75,0.29,0.036
335.0,1.986,1.208,0.547,0.898,0.751,0.289,0.036
335.25,2.024,1.238,0.559,0.898,0.752,0.289,0.036
335.5,2.008,1.225,0.554,0.899,0.753,0.289,0.036
335.75,2.002,1.22,0.552,0.898,0.752,0.289,0.036
336.0,1.999,1.218,0.551,0.898,0.752,0.29,0.037
336.25,2.029,1.242,0.56,0.898,0.753,0.29,0.036
336.5,2.01,1.227,0.554,0.897,0.752,0.29,0.036
336.75,2.003,1.221,0.552,0.898,0.752,0.29,0.036
337.0,2,1.219,0.551,0.899,0.752,0.289,0.036
337.25,1.999,1.218,0.551,0.898,0.752,0.289,0.036
337.5,1.998,1.217,0.55,0.899,0.753,0.289,0.036
337.75,1.998,1.217,0.55,0.898,0.752,0.289,0.036
338.0,1.998,1.217,0.55,0.898,0.752,0.289,0.036
338.25,1.998,1.217,0.55,0.898,0.753,0.289,0.036
338.5,1.998,1.217,0.55,0.899,0.753,0.289,0.036
338.75,1.998,1.217,0.55,0.898,0.753,0.29,0.037
339.0,1.998,1.217,0.55,0.899,0.754,0.289,0.037
339.25,1.998,1.217,0.55,0.899,0.752,0.289,0.036
339.5,1.998,1.217,0.55,0.899,0.753,0.289,0.036
339.75,1.998,1.217,0.55,0.899,0.753,0.288,0.036
340.0,2.029,1.242,0.56,0.898,0.752,0.289,0.036
340.25,2.01,1.227,0.554,0.898,0.751,0.289,0.036
340.5,2.003,1.221,0.552,0.898,0.752,0.289,0.037
340.75,2,1.219,0.551,0.897,0.751,0.289,0.036
341.0,2.029,1.242,0.56,0.897,0.751,0.289,0.036
341.25,2.01,1.227,0.554,0.898,0.752,0.289,0.036
341.5,2.003,1.221,0.552,0.897,0.752,0.289,0.035
341.75,2,1.219,0.551,0.897,0.752,0.29,0.036
342.0,2.029,1.242,0.56,0.897,0.752,0.289,0.036
342.25,1.949,1.179,0.535,0.898,0.752,0.288,0.036
342.5,1.978,1.202,0.544,0.897,0.751,0.289,0.036
342.75,2.021,1.236,0.558,0.897,0.751,0.289,0.036
343.0,2.007,1.225,0.553,0.898,0.752,0.289,0.037
343.25,2.032,1.245,0.561,0.898,0.752,0.289,0.036
343.5,2.012,1.228,0.555,0.899,0.753,0.289,0.036
343.75,2.003,1.222,0.552,0.898,0.752,0.288,0.036
344.0,2,1.219,0.551,0.898,0.752,0.288,0.037
344.25,2.03,1.243,0.56,0.897,0.752,0.288,0.037
344.5,2.041,1.252,0.564,0.897,0.751,0.288,0.036
344.75,2.046,1.256,0.565,0.898,0.753,0.289,0.036
345.0,2.048,1.257,0.566,0.899,0.752,0.289,0.036
345.25,2.049,1.258,0.566,0.898,0.752,0.288,0.036
345.5,2.049,1.258,0.566,0.897,0.751,0.288,0.036
345.75,2.049,1.258,0.566,0.897,0.751,0.288,0.036
346.0,2.049,1.258,0.566,0.898,0.751,0.288,0.036
346.25,2.049,1.258,0.566,0.898,0.752,0.288,0.036
346.5,2.018,1.234,0.557,0.898,0.752,0.288,0.036
346.75,2.037,1.248,0.563,0.898,0.752,0.288,0.036
347.0,2.044,1.254,0.565,0.897,0.752,0.288,0.036
347.25,2.047,1.257,0.566,0.898,0.752,0.288,0.036
347.5,2.048,1.258,0.566,0.898,0.751,0.287,0.036
347.75,2.049,1.258,0.566,0.898,0.752,0.287,0.036
348.0,2.018,1.233,0.557,0.897,0.751,0.287,0.036
348.25,2.037,1.248,0.563,0.898,0.751,0.287,0.036
348.5,2.013,1.23,0.555,0.897,0.75,0.286,0.036
348.75,2.004,1.222,0.552,0.897,0.751,0.287,0.036
349.0,2,1.219,0.551,0.896,0.751,0.287,0.036
349.25,1.999,1.218,0.551,0.897,0.752,0.287,0.036
349.5,2.029,1.242,0.56,0.898,0.752,0.286,0.037
349.75,2.041,1.252,0.564,0.897,0.751,0.287,0.036
350.0,2.015,1.231,0.556,0.897,0.752,0.287,0.036
350.25,2.036,1.247,0.562,0.898,0.752,0.288,0.036
350.5,2.044,1.254,0.565,0.898,0.753,0.287,0.036
350.75,2.047,1.257,0.566,0.897,0.753,0.288,0.036
351.0,2.048,1.258,0.566,0.898,0.753,0.287,0.036
351.25,2.018,1.233,0.557,0.898,0.752,0.288,0.036
351.5,2.037,1.248,0.563,0.898,0.752,0.287,0.036
351.75,2.013,1.23,0.555,0.898,0.753,0.287,0.036
352.0,2.035,1.247,0.562,0.899,0.753,0.287,0.036
352.25,2.044,1.254,0.565,0.898,0.752,0.286,0.036
352.5,2.047,1.256,0.566,0.898,0.752,0.287,0.036
352.75,2.048,1.258,0.566,0.898,0.752,0.287,0.036
353.0,2.049,1.258,0.566,0.898,0.752,0.287,0.035
353.25,2.049,1.258,0.566,0.898,0.752,0.287,0.036
353.5,2.049,1.258,0.566,0.897,0.751,0.287,0.036
353.75,2.049,1.258,0.566,0.897,0.751,0.286,0.037
354.0,2.049,1.258,0.566,0.897,0.751,0.286,0.036
354.25,2.049,1.258,0.566,0.898,0.752,0.286,0.036
354.5,2.049,1.258,0.566,0.898,0.752,0.286,0.036
354.75,2.049,1.258,0.566,0.897,0.751,0.287,0.036
355.0,2.018,1.234,0.557,0.898,0.752,0.286,0.036
355.25,2.037,1.248,0.563,0.898,0.752,0.287,0.036
355.5,2.044,1.254,0.565,0.897,0.752,0.286,0.036
355.75,2.047,1.257,0.566,0.898,0.751,0.286,0.036
356.0,2.018,1.233,0.557,0.897,0.752,0.286,0.036
356.25,2.037,1.248,0.562,0.897,0.752,0.286,0.036
356.5,2.044,1.254,0.565,0.898,0.752,0.286,0.037
356.75,2.047,1.257,0.566,0.898,0.752,0.286,0.036
357.0,2.048,1.258,0.566,0.898,0.752,0.286,0.036
357.25,2.049,1.258,0.566,0.899,0.752,0.286,0.037
357.5,2.018,1.233,0.557,0.898,0.753,0.286,0.036
357.75,2.037,1.248,0.563,0.897,0.752,0.285,0.036
358.0,2.044,1.254,0.565,0.897,0.752,0.286,0.036
358.25,2.047,1.257,0.566,0.898,0.753,0.286,0.036
358.5,2.018,1.233,0.557,0.898,0.752,0.286,0.036
358.75,2.037,1.248,0.562,0.897,0.753,0.286,0.037
359.0,2.044,1.254,0.565,0.898,0.753,0.286,0.036
359.25,2.047,1.257,0.566,0.898,0.753,0.286,0.036
359.5,2.018,1.233,0.557,0.898,0.753,0.286,0.036
359.75,2.037,1.248,0.562,0.897,0.753,0.286,0.036
360.0,2.044,1.254,0.565,0.899,0.754,0.286,0.037
360.25,2.047,1.257,0.566,0.898,0.753,0.286,0.036
360.5,2.08,1.283,0.576,0.899,0.753,0.287,0.037
360.75,2.03,1.243,0.561,0.899,0.753,0.286,0.036
361.0,2.042,1.252,0.564,0.898,0.753,0.286,0.036
361.25,2.015,1.231,0.556,0.898,0.752,0.286,0.036
361.5,2.036,1.247,0.562,0.898,0.753,0.286,0.037
361.75,2.044,1.254,0.565,0.897,0.753,0.286,0.036
362.0,2.047,1.257,0.566,0.897,0.753,0.286,0.036
362.25,2.048,1.258,0.566,0.897,0.753,0.286,0.037
362.5,2.049,1.258,0.566,0.897,0.753,0.286,0.036
362.75,2.049,1.258,0.566,0.897,0.752,0.286,0.036
363.0,2.049,1.258,0.566,0.897,0.752,0.286,0.036
363.25,2.049,1.258,0.566,0.897,0.753,0.286,0.036
363.5,2.018,1.234,0.557,0.897,0.753,0.285,0.037
363.75,2.006,1.224,0.553,0.898,0.752,0.286,0.036
364.0,1.94,1.171,0.532,0.897,0.752,0.286,0.036
364.25,2.005,1.224,0.553,0.897,0.752,0.285,0.036
364.5,2.032,1.244,0.561,0.897,0.752,0.285,0.036
364.75,2.011,1.228,0.555,0.897,0.753,0.285,0.036
365.0,2.034,1.246,0.562,0.898,0.753,0.286,0.036
365.25,2.043,1.253,0.565,0.897,0.753,0.285,0.036
365.5,2.047,1.256,0.566,0.897,0.753,0.286,0.036
365.75,2.048,1.258,0.566,0.898,0.754,0.285,0.036
366.0,2.018,1.233,0.557,0.897,0.753,0.286,0.036
366.25,2.037,1.248,0.563,0.898,0.753,0.285,0.036
366.5,2.044,1.254,0.565,0.897,0.753,0.285,0.036
366.75,2.047,1.257,0.566,0.897,0.753,0.285,0.036
367.0,2.048,1.258,0.566,0.897,0.753,0.285,0.037
367.25,2.049,1.258,0.566,0.897,0.753,0.285,0.036
367.5,2.049,1.258,0.566,0.897,0.754,0.285,0.036
367.75,2.049,1.258,0.566,0.897,0.753,0.285,0.036
368.0,2.018,1.234,0.557,0.897,0.752,0.284,0.036
368.25,2.037,1.248,0.563,0.898,0.753,0.285,0.036
368.5,2.044,1.254,0.565,0.898,0.753,0.285,0.036
368.75,2.016,1.232,0.556,0.898,0.753,0.285,0.036
369.0,2.036,1.248,0.562,0.897,0.753,0.285,0.036
369.25,2.013,1.229,0.555,0.896,0.752,0.284,0.036
369.5,2.035,1.247,0.562,0.897,0.753,0.285,0.036
369.75,2.043,1.254,0.565,0.897,0.752,0.285,0.036
370.0,2.016,1.232,0.556,0.897,0.753,0.284,0.036
370.25,2.036,1.248,0.562,0.898,0.753,0.285,0.037
370.5,2.044,1.254,0.565,0.898,0.753,0.285,0.036
370.75,2.016,1.232,0.556,0.898,0.753,0.285,0.037
371.0,2.036,1.248,0.562,0.899,0.753,0.284,0.036
371.25,2.044,1.254,0.565,0.898,0.754,0.285,0.036
371.5,2.047,1.257,0.566,0.897,0.753,0.285,0.036
371.75,2.018,1.233,0.557,0.898,0.753,0.285,0.036
372.0,2.037,1.248,0.562,0.898,0.753,0.285,0.036
372.25,2.013,1.23,0.555,0.898,0.753,0.285,0.036
372.5,2.035,1.247,0.562,0.898,0.753,0.284,0.037
372.75,2.013,1.229,0.555,0.898,0.753,0.284,0.036
373.0,2.035,1.247,0.562,0.897,0.752,0.284,0.037
373.25,2.013,1.229,0.555,0.898,0.752,0.284,0.036
373.5,2.004,1.222,0.552,0.898,0.751,0.284,0.036
373.75,2.031,1.244,0.561,0.898,0.752,0.284,0.036
374.0,2.042,1.252,0.564,0.897,0.752,0.284,0.036
374.25,2.015,1.231,0.556,0.897,0.752,0.284,0.036
374.5,2.005,1.223,0.553,0.898,0.752,0.284,0.036
374.75,1.97,1.195,0.542,0.898,0.753,0.285,0.036
375.0,1.987,1.208,0.547,0.898,0.752,0.284,0.036
375.25,1.993,1.214,0.549,0.897,0.752,0.284,0.036
375.5,2.027,1.24,0.559,0.897,0.753,0.284,0.036
375.75,2.04,1.251,0.564,0.897,0.753,0.284,0.036
376.0,2.046,1.255,0.565,0.896,0.753,0.284,0.036
376.25,2.048,1.257,0.566,0.897,0.753,0.284,0.036
376.5,2.049,1.258,0.566,0.897,0.752,0.284,0.037
376.75,2.049,1.258,0.566,0.897,0.751,0.284,0.036
377.0,2.018,1.234,0.557,0.897,0.752,0.284,0.037
377.25,2.006,1.224,0.553,0.897,0.751,0.284,0.037
377.5,2.032,1.244,0.561,0.897,0.751,0.284,0.036
377.75,2.011,1.228,0.555,0.897,0.752,0.283,0.036
378.0,2.034,1.246,0.562,0.896,0.751,0.284,0.036
378.25,2.043,1.253,0.565,0.897,0.752,0.284,0.036
378.5,2.047,1.256,0.566,0.896,0.752,0.284,0.036
378.75,2.017,1.233,0.556,0.897,0.753,0.284,0.036
379.0,2.037,1.248,0.562,0.897,0.752,0.284,0.037
379.25,2.044,1.254,0.565,0.897,0.752,0.284,0.036
379.5,2.047,1.257,0.566,0.897,0.753,0.284,0.036
379.75,2.048,1.258,0.566,0.897,0.752,0.283,0.036
380.0,2.049,1.258,0.566,0.897,0.753,0.284,0.036
380.25,2.049,1.258,0.566,0.897,0.752,0.283,0.037
380.5,2.049,1.258,0.566,0.896,0.752,0.283,0.036
380.75,2.018,1.234,0.557,0.897,0.751,0.283,0.036
381.0,2.037,1.248,0.563,0.897,0.751,0.283,0.036
381.25,2.044,1.254,0.565,0.897,0.752,0.284,0.036
381.5,2.016,1.232,0.556,0.896,0.752,0.283,0.037
381.75,2.036,1.248,0.562,0.897,0.752,0.283,0.036
382.0,2.044,1.254,0.565,0.897,0.751,0.282,0.036
382.25,2.047,1.257,0.566,0.897,0.75,0.283,0.036
382.5,2.048,1.258,0.566,0.896,0.751,0.283,0.037
382.75,2.018,1.233,0.557,0.896,0.751,0.283,0.036
383.0,2.037,1.248,0.563,0.897,0.752,0.283,0.037
383.25,2.044,1.254,0.565,0.896,0.752,0.283,0.037
383.5,2.047,1.257,0.566,0.896,0.753,0.283,0.037
383.75,2.048,1.258,0.566,0.897,0.752,0.282,0.036
384.0,2.049,1.258,0.566,0.896,0.751,0.282,0.037
384.25,2.049,1.258,0.566,0.896,0.751,0.282,0.036
384.5,2.049,1.258,0.566,0.896,0.752,0.282,0.036
384.75,2.049,1.258,0.566,0.896,0.752,0.282,0.036
385.0,2.049,1.258,0.566,0.896,0.751,0.282,0.036
385.25,2.049,1.258,0.566,0.896,0.751,0.282,0.036
385.5,2.049,1.258,0.566,0.897,0.752,0.282,0.036
385.75,2.018,1.234,0.557,0.896,0.751,0.282,0.037
386.0,2.006,1.224,0.553,0.897,0.752,0.282,0.036
386.25,2.001,1.22,0.551,0.896,0.752,0.282,0.036
386.5,2.03,1.243,0.56,0.897,0.752,0.282,0.036
386.75,2.042,1.252,0.564,0.897,0.753,0.282,0.036
387.0,2.046,1.256,0.565,0.897,0.753,0.282,0.037
387.25,2.048,1.257,0.566,0.896,0.753,0.283,0.036
387.5,2.049,1.258,0.566,0.897,0.752,0.282,0.036
387.75,2.049,1.258,0.566,0.896,0.752,0.281,0.036
388.0,2.049,1.258,0.566,0.896,0.753,0.282,0.036
388.25,2.049,1.258,0.566,0.896,0.752,0.282,0.036
388.5,2.049,1.258,0.566,0.897,0.752,0.282,0.037
388.75,2.049,1.258,0.566,0.896,0.753,0.282,0.036
389.0,2.049,1.258,0.566,0.896,0.752,0.282,0.036
389.25,2.049,1.258,0.566,0.896,0.752,0.282,0.036
389.5,2.018,1.234,0.557,0.897,0.752,0.282,0.037
389.75,2.037,1.248,0.563,0.896,0.751,0.281,0.037
390.0,2.013,1.23,0.555,0.896,0.751,0.282,0.036
390.25,2.035,1.247,0.562,0.896,0.75,0.281,0.037
390.5,2.044,1.254,0.565,0.896,0.75,0.281,0.037
390.75,2.047,1.256,0.566,0.897,0.75,0.282,0.037
391.0,2.048,1.258,0.566,0.896,0.751,0.281,0.036
391.25,2.049,1.258,0.566,0.896,0.751,0.281,0.036
391.5,2.049,1.258,0.566,0.897,0.751,0.281,0.036
391.75,2.049,1.258,0.566,0.896,0.751,0.282,0.036
392.0,2.049,1.258,0.566,0.896,0.752,0.281,0.037
392.25,2.049,1.258,0.566,0.896,0.751,0.281,0.037
392.5,2.049,1.258,0.566,0.896,0.75,0.281,0.037
392.75,2.018,1.234,0.557,0.896,0.75,0.281,0.037
393.0,2.037,1.248,0.563,0.896,0.75,0.28,0.036
393.25,2.044,1.254,0.565,0.896,0.75,0.281,0.036
393.5,2.047,1.257,0.566,0.896,0.751,0.281,0.036
393.75,2.048,1.258,0.566,0.896,0.75,0.281,0.037
394.0,2.018,1.233,0.557,0.896,0.751,0.281,0.037
394.25,2.006,1.224,0.553,0.896,0.751,0.281,0.037
394.5,2.032,1.244,0.561,0.896,0.75,0.281,0.037
394.75,2.042,1.253,0.564,0.896,0.75,0.281,0.037
395.0,2.016,1.231,0.556,0.896,0.75,0.281,0.036
395.25,2.005,1.223,0.553,0.896,0.75,0.281,0.036
395.5,2.032,1.244,0.561,0.896,0.751,0.281,0.036
395.75,2.042,1.253,0.564,0.896,0.751,0.281,0.036
396.0,2.046,1.256,0.566,0.896,0.75,0.28,0.036
396.25,2.048,1.257,0.566,0.896,0.75,0.281,0.037
396.5,2.049,1.258,0.566,0.896,0.751,0.281,0.036
396.75,2.018,1.233,0.557,0.896,0.751,0.281,0.036
397.0,2.006,1.224,0.553,0.896,0.752,0.281,0.037
397.25,2.032,1.244,0.561,0.896,0.751,0.28,0.037
397.5,1.931,1.183,0.533,0.85,0.713,0.266,0.035
397.75,1.85,1.134,0.511,0.814,0.682,0.254,0.033
398.0,1.778,1.089,0.491,0.785,0.657,0.245,0.032
398.25,1.728,1.059,0.477,0.761,0.638,0.238,0.031
398.5,1.68,1.028,0.464,0.742,0.622,0.232,0.03
398.75,1.658,1.017,0.458,0.727,0.61,0.227,0.03
399.0,1.624,0.995,0.448,0.716,0.6,0.224,0.029
399.25,1.597,0.977,0.441,0.706,0.592,0.221,0.029
399.5,1.584,0.97,0.437,0.699,0.585,0.218,0.029
399.75,1.573,0.964,0.434,0.693,0.58,0.216,0.028
400.0,1.556,0.952,0.43,0.688,0.576,0.215,0.028
400.25,1.551,0.95,0.428,0.684,0.573,0.214,0.028
400.5,1.547,0.948,0.427,0.681,0.57,0.213,0.028
400.75,1.535,0.94,0.424,0.678,0.568,0.212,0.028
401.0,1.526,0.933,0.421,0.676,0.567,0.211,0.027
401.25,1.519,0.928,0.419,0.675,0.565,0.211,0.027
401.5,1.521,0.93,0.42,0.673,0.564,0.21,0.027
401.75,1.523,0.932,0.42,0.672,0.564,0.21,0.027
402.0,1.524,0.934,0.421,0.671,0.563,0.209,0.027
402.25,1.525,0.935,0.421,0.67,0.563,0.209,0.027
402.5,1.526,0.936,0.422,0.67,0.562,0.209,0.027
402.75,1.527,0.936,0.422,0.669,0.562,0.209,0.027
403.0,1.527,0.937,0.422,0.669,0.561,0.209,0.027
403.25,1.528,0.937,0.422,0.668,0.561,0.208,0.027
403.5,1.528,0.938,0.422,0.668,0.561,0.208,0.027
403.75,1.528,0.938,0.422,0.667,0.561,0.208,0.027
404.0,1.528,0.938,0.422,0.666,0.561,0.208,0.027
404.25,1.521,0.932,0.42,0.666,0.561,0.207,0.027
404.5,1.523,0.934,0.421,0.666,0.561,0.207,0.027
404.75,1.524,0.935,0.421,0.665,0.561,0.207,0.027
405.0,1.525,0.936,0.421,0.665,0.56,0.207,0.027
405.25,1.518,0.93,0.419,0.664,0.56,0.207,0.027
405.5,1.52,0.932,0.42,0.664,0.56,0.206,0.027
405.75,1.522,0.933,0.42,0.664,0.56,0.206,0.027
406.0,1.524,0.934,0.421,0.663,0.56,0.206,0.027
406.25,1.533,0.942,0.424,0.663,0.56,0.206,0.027
406.5,1.532,0.941,0.424,0.663,0.56,0.205,0.027
406.75,1.531,0.941,0.423,0.663,0.56,0.205,0.027
407.0,1.531,0.94,0.423,0.663,0.56,0.205,0.027
407.25,1.531,0.94,0.423,0.662,0.56,0.205,0.027
407.5,1.53,0.94,0.423,0.662,0.56,0.204,0.027
407.75,1.53,0.94,0.423,0.662,0.56,0.204,0.027
408.0,1.53,0.94,0.423,0.661,0.56,0.204,0.027
408.25,1.53,0.939,0.423,0.661,0.56,0.203,0.027
408.5,1.53,0.939,0.423,0.661,0.56,0.203,0.027
408.75,1.537,0.946,0.425,0.661,0.56,0.203,0.027
409.0,1.536,0.944,0.425,0.661,0.56,0.202,0.027
409.25,1.534,0.943,0.424,0.661,0.56,0.202,0.027
409.5,1.533,0.942,0.424,0.661,0.56,0.202,0.027
409.75,1.54,0.948,0.426,0.661,0.56,0.202,0.027
410.0,1.546,0.952,0.428,0.661,0.56,0.202,0.027
410.25,1.543,0.95,0.427,0.661,0.56,0.202,0.027
410.5,1.54,0.948,0.426,0.661,0.56,0.201,0.027
410.75,1.546,0.952,0.428,0.661,0.56,0.201,0.027
411.0,1.542,0.95,0.427,0.661,0.56,0.201,0.027
411.25,1.54,0.947,0.426,0.661,0.56,0.201,0.027
411.5,1.545,0.952,0.428,0.66,0.56,0.201,0.027
411.75,1.55,0.956,0.429,0.66,0.56,0.2,0.027
412.0,1.546,0.952,0.428,0.66,0.56,0.2,0.027
412.25,1.542,0.95,0.427,0.661,0.56,0.2,0.027
412.5,1.548,0.954,0.428,0.661,0.56,0.2,0.027
412.75,1.552,0.957,0.43,0.661,0.56,0.2,0.028
413.0,1.547,0.953,0.428,0.661,0.56,0.2,0.028
413.25,1.551,0.957,0.43,0.66,0.56,0.2,0.028
413.5,1.555,0.96,0.431,0.66,0.56,0.2,0.028
413.75,1.557,0.962,0.432,0.66,0.56,0.2,0.028
414.0,1.552,0.957,0.43,0.66,0.56,0.2,0.027
414.25,1.555,0.96,0.431,0.66,0.56,0.199,0.027
414.5,1.558,0.962,0.432,0.66,0.56,0.199,0.027
414.75,1.56,0.964,0.432,0.66,0.56,0.199,0.028
415.0,1.561,0.965,0.433,0.66,0.56,0.199,0.028
415.25,1.563,0.966,0.433,0.66,0.56,0.199,0.027
415.5,1.572,0.973,0.436,0.66,0.56,0.199,0.027
415.75,1.627,1.019,0.453,0.66,0.56,0.198,0.027
416.0,1.63,1.022,0.455,0.659,0.559,0.197,0.028
416.25,1.618,1.011,0.451,0.658,0.559,0.197,0.027
416.5,1.608,1.003,0.447,0.657,0.559,0.196,0.027
416.75,1.6,0.997,0.445,0.657,0.559,0.196,0.027
417.0,1.601,0.998,0.445,0.656,0.559,0.195,0.027
417.25,1.595,0.992,0.443,0.656,0.559,0.195,0.028
417.5,1.597,0.994,0.444,0.656,0.559,0.194,0.027
417.75,1.591,0.989,0.442,0.656,0.559,0.194,0.027
418.0,1.594,0.992,0.443,0.655,0.559,0.193,0.027
418.25,1.597,0.994,0.444,0.655,0.559,0.193,0.027
418.5,1.599,0.995,0.445,0.655,0.559,0.193,0.027
418.75,1.593,0.99,0.443,0.654,0.559,0.192,0.027
419.0,1.596,0.993,0.444,0.654,0.559,0.192,0.027
419.25,1.598,0.994,0.444,0.654,0.559,0.192,0.027
419.5,1.6,0.996,0.445,0.654,0.559,0.192,0.027
419.75,1.601,0.997,0.445,0.654,0.559,0.192,0.027
420.0,1.602,0.998,0.446,0.653,0.559,0.192,0.027
420.25,1.603,0.999,0.446,0.653,0.559,0.191,0.027
420.5,1.604,0.999,0.446,0.653,0.559,0.191,0.027
420.75,1.605,1,0.446,0.653,0.559,0.191,0.027
421.0,1.605,1,0.447,0.653,0.559,0.19,0.027
421.25,1.605,1.001,0.447,0.652,0.559,0.19,0.027
421.5,1.606,1.001,0.447,0.652,0.559,0.19,0.027
421.75,1.606,1.001,0.447,0.652,0.559,0.189,0.027
422.0,1.606,1.001,0.447,0.652,0.559,0.189,0.027
422.25,1.606,1.001,0.447,0.652,0.559,0.189,0.027
422.5,1.606,1.001,0.447,0.652,0.559,0.189,0.027
422.75,1.607,1.001,0.447,0.652,0.559,0.188,0.027
423.0,1.607,1.002,0.447,0.652,0.559,0.188,0.027
423.25,1.607,1.002,0.447,0.652,0.559,0.188,0.027
423.5,1.607,1.002,0.447,0.652,0.559,0.188,0.027
423.75,1.607,1.002,0.447,0.653,0.559,0.188,0.027
424.0,1.615,1.008,0.45,0.652,0.559,0.188,0.027
424.25,1.613,1.007,0.449,0.652,0.559,0.188,0.027
424.5,1.612,1.006,0.449,0.652,0.559,0.187,0.028
424.75,1.611,1.005,0.448,0.652,0.559,0.187,0.027
425.0,1.61,1.004,0.448,0.652,0.559,0.187,0.027
425.25,1.609,1.004,0.448,0.651,0.559,0.187,0.027
425.5,1.609,1.003,0.448,0.651,0.559,0.186,0.027
425.75,1.616,1.01,0.45,0.65,0.558,0.186,0.028
426.0,1.614,1.008,0.449,0.65,0.558,0.186,0.027
426.25,1.613,1.007,0.449,0.65,0.558,0.185,0.027
426.5,1.604,0.999,0.446,0.649,0.558,0.185,0.027
426.75,1.605,1,0.446,0.649,0.558,0.185,0.027
427.0,1.605,1,0.446,0.648,0.558,0.184,0.027
427.25,1.605,1.001,0.447,0.648,0.558,0.184,0.027
427.5,1.637,1.027,0.457,0.648,0.558,0.184,0.027
427.75,1.623,1.016,0.452,0.648,0.558,0.184,0.027
428.0,1.628,1.019,0.454,0.648,0.558,0.184,0.027
428.25,1.632,1.022,0.455,0.648,0.558,0.184,0.028
428.5,1.627,1.018,0.453,0.648,0.558,0.183,0.027
428.75,1.623,1.015,0.452,0.648,0.558,0.183,0.027
429.0,1.62,1.012,0.451,0.648,0.558,0.183,0.027
429.25,1.617,1.01,0.45,0.648,0.558,0.183,0.027
429.5,1.615,1.008,0.45,0.649,0.558,0.183,0.027
429.75,1.582,0.982,0.439,0.649,0.558,0.183,0.027
430.0,1.587,0.986,0.441,0.649,0.557,0.183,0.027
430.25,1.591,0.989,0.442,0.649,0.557,0.183,0.027
430.5,1.594,0.992,0.443,0.65,0.557,0.183,0.027
430.75,1.597,0.994,0.444,0.649,0.557,0.183,0.027
431.0,1.599,0.995,0.445,0.65,0.557,0.182,0.027
431.25,1.601,0.997,0.445,0.65,0.557,0.182,0.027
431.5,1.602,0.998,0.446,0.65,0.557,0.182,0.027
431.75,1.595,0.992,0.443,0.65,0.557,0.182,0.027
432.0,1.605,1.001,0.447,0.65,0.557,0.182,0.027
432.25,1.613,1.007,0.449,0.65,0.557,0.182,0.027
432.5,1.62,1.013,0.451,0.65,0.557,0.182,0.027
432.75,1.617,1.01,0.45,0.65,0.557,0.182,0.027
433.0,1.615,1.009,0.45,0.65,0.557,0.182,0.027
433.25,1.614,1.007,0.449,0.65,0.557,0.182,0.027
433.5,1.612,1.006,0.449,0.65,0.557,0.182,0.027
433.75,1.611,1.005,0.448,0.65,0.557,0.182,0.027
434.0,1.618,1.011,0.451,0.65,0.557,0.182,0.027
434.25,1.624,1.016,0.452,0.65,0.557,0.182,0.027
434.5,1.628,1.019,0.454,0.65,0.557,0.182,0.027
434.75,1.624,1.016,0.452,0.65,0.557,0.182,0.027
435.0,1.628,1.019,0.454,0.65,0.556,0.182,0.027
435.25,1.624,1.016,0.453,0.65,0.556,0.182,0.027
435.5,1.628,1.019,0.454,0.65,0.556,0.182,0.027
435.75,1.632,1.022,0.455,0.65,0.556,0.182,0.027
436.0,1.635,1.025,0.456,0.65,0.556,0.182,0.027
436.25,1.637,1.027,0.457,0.651,0.557,0.182,0.027
436.5,1.647,1.034,0.46,0.651,0.557,0.182,0.027
436.75,1.647,1.034,0.46,0.651,0.556,0.182,0.027
437.0,1.647,1.034,0.46,0.651,0.556,0.182,0.027
437.25,1.639,1.028,0.457,0.651,0.556,0.182,0.028
437.5,1.632,1.023,0.455,0.651,0.556,0.182,0.028
437.75,1.635,1.025,0.456,0.652,0.557,0.182,0.028
438.0,1.637,1.027,0.457,0.652,0.556,0.182,0.028
438.25,1.639,1.028,0.457,0.651,0.556,0.181,0.028
438.5,1.64,1.029,0.458,0.651,0.556,0.181,0.028
438.75,1.642,1.03,0.458,0.651,0.556,0.181,0.028
439.0,1.642,1.031,0.458,0.65,0.556,0.181,0.028
439.25,1.651,1.038,0.461,0.65,0.557,0.181,0.028
439.5,1.65,1.037,0.461,0.65,0.556,0.181,0.027
439.75,1.649,1.036,0.46,0.65,0.556,0.181,0.028
440.0,1.649,1.036,0.46,0.649,0.556,0.18,0.028
440.25,1.648,1.036,0.46,0.649,0.556,0.18,0.028
440.5,1.648,1.035,0.46,0.648,0.556,0.18,0.028
440.75,1.647,1.035,0.46,0.648,0.556,0.18,0.028
441.0,1.655,1.041,0.462,0.648,0.556,0.179,0.028
441.25,1.653,1.04,0.462,0.648,0.556,0.179,0.028
441.5,1.644,1.032,0.459,0.648,0.556,0.179,0.028
441.75,1.644,1.032,0.459,0.648,0.556,0.179,0.028
442.0,1.645,1.033,0.459,0.648,0.556,0.179,0.028
442.25,1.645,1.033,0.459,0.648,0.556,0.179,0.028
442.5,1.645,1.033,0.459,0.648,0.556,0.178,0.028
442.75,1.645,1.033,0.459,0.648,0.556,0.178,0.028
443.0,1.653,1.04,0.462,0.648,0.556,0.178,0.028
443.25,1.652,1.039,0.461,0.648,0.556,0.178,0.028
443.5,1.651,1.038,0.461,0.648,0.556,0.178,0.028
443.75,1.65,1.037,0.461,0.648,0.555,0.178,0.027
444.0,1.657,1.043,0.463,0.648,0.556,0.178,0.027
444.25,1.655,1.041,0.462,0.648,0.556,0.178,0.028
444.5,1.653,1.04,0.462,0.648,0.556,0.178,0.028
444.75,1.652,1.038,0.461,0.648,0.555,0.178,0.028
445.0,1.65,1.037,0.461,0.648,0.555,0.178,0.028
445.25,1.65,1.037,0.461,0.649,0.556,0.178,0.028
445.5,1.649,1.036,0.46,0.649,0.556,0.178,0.028
445.75,1.648,1.036,0.46,0.648,0.555,0.177,0.028
446.0,1.648,1.035,0.46,0.648,0.555,0.177,0.028
446.25,1.632,1.022,0.455,0.649,0.555,0.177,0.028
446.5,1.651,1.038,0.461,0.649,0.555,0.177,0.028
446.75,1.65,1.037,0.461,0.649,0.555,0.177,0.028
447.0,1.649,1.036,0.46,0.649,0.555,0.177,0.028
447.25,1.648,1.036,0.46,0.648,0.555,0.177,0.028
447.5,1.648,1.035,0.46,0.649,0.555,0.177,0.028
447.75,1.647,1.035,0.46,0.649,0.555,0.177,0.028
448.0,1.639,1.028,0.457,0.649,0.555,0.177,0.028
448.25,1.641,1.029,0.458,0.649,0.555,0.177,0.028
448.5,1.642,1.03,0.458,0.648,0.555,0.177,0.028
448.75,1.643,1.031,0.458,0.648,0.555,0.177,0.028
449.0,1.643,1.032,0.459,0.648,0.555,0.177,0.028
449.25,1.644,1.032,0.459,0.648,0.555,0.177,0.028
449.5,1.644,1.032,0.459,0.648,0.555,0.177,0.028
449.75,1.645,1.033,0.459,0.648,0.555,0.177,0.028
450.0,1.645,1.033,0.459,0.648,0.555,0.177,0.027
450.25,1.645,1.033,0.459,0.648,0.555,0.177,0.027
450.5,1.645,1.033,0.459,0.649,0.555,0.177,0.027
450.75,1.645,1.033,0.459,0.649,0.555,0.177,0.027
451.0,1.646,1.033,0.459,0.649,0.555,0.177,0.027
451.25,1.646,1.034,0.459,0.649,0.555,0.177,0.028
451.5,1.646,1.034,0.459,0.649,0.555,0.177,0.027
451.75,1.654,1.04,0.462,0.649,0.554,0.177,0.027
452.0,1.652,1.039,0.461,0.648,0.554,0.177,0.027
452.25,1.651,1.038,0.461,0.649,0.554,0.177,0.027
452.5,1.65,1.037,0.461,0.649,0.554,0.177,0.027
452.75,1.649,1.036,0.46,0.649,0.554,0.177,0.027
453.0,1.649,1.036,0.46,0.649,0.554,0.177,0.027
453.25,1.656,1.042,0.463,0.649,0.554,0.177,0.027
453.5,1.654,1.04,0.462,0.649,0.554,0.176,0.027
453.75,1.66,1.046,0.464,0.648,0.554,0.176,0.028
454.0,1.665,1.05,0.466,0.648,0.554,0.176,0.028
454.25,1.669,1.053,0.467,0.648,0.554,0.176,0.028
454.5,1.665,1.049,0.465,0.648,0.554,0.176,0.028
454.75,1.669,1.053,0.467,0.648,0.554,0.176,0.028
455.0,1.664,1.049,0.465,0.647,0.554,0.176,0.028
455.25,1.661,1.046,0.464,0.647,0.554,0.176,0.028
455.5,1.666,1.05,0.466,0.647,0.554,0.176,0.028
455.75,1.662,1.047,0.464,0.647,0.554,0.176,0.028
456.0,1.666,1.051,0.466,0.646,0.554,0.175,0.028
456.25,1.654,1.041,0.462,0.646,0.554,0.175,0.028
456.5,1.653,1.039,0.462,0.646,0.553,0.175,0.028
456.75,1.659,1.045,0.464,0.646,0.554,0.175,0.028
457.0,1.665,1.049,0.465,0.646,0.554,0.175,0.028
457.25,1.669,1.053,0.467,0.646,0.554,0.175,0.028
457.5,1.672,1.055,0.468,0.646,0.554,0.175,0.028
457.75,1.675,1.058,0.469,0.645,0.554,0.175,0.028
458.0,1.685,1.066,0.472,0.645,0.553,0.174,0.028
458.25,1.685,1.066,0.472,0.646,0.553,0.174,0.028
458.5,1.685,1.066,0.472,0.646,0.554,0.174,0.028
458.75,1.685,1.066,0.472,0.646,0.553,0.174,0.028
459.0,1.685,1.066,0.472,0.646,0.553,0.174,0.028
459.25,1.685,1.066,0.472,0.646,0.553,0.174,0.028
459.5,1.709,1.086,0.48,0.646,0.553,0.174,0.028
459.75,1.704,1.082,0.478,0.646,0.553,0.174,0.028
460.0,1.701,1.079,0.477,0.646,0.553,0.174,0.028
460.25,1.69,1.07,0.473,0.647,0.553,0.174,0.028
460.5,1.689,1.069,0.473,0.647,0.553,0.174,0.028
460.75,1.712,1.089,0.48,0.647,0.553,0.174,0.028
461.0,1.707,1.084,0.479,0.647,0.553,0.174,0.028
461.25,1.702,1.081,0.477,0.647,0.553,0.174,0.028
461.5,1.699,1.078,0.476,0.647,0.553,0.174,0.028
461.75,1.688,1.069,0.473,0.648,0.553,0.174,0.028
462.0,1.68,1.062,0.47,0.648,0.553,0.174,0.028
462.25,1.665,1.05,0.466,0.648,0.553,0.174,0.028
462.5,1.661,1.047,0.464,0.648,0.553,0.174,0.028
462.75,1.658,1.044,0.463,0.648,0.553,0.174,0.028
463.0,1.664,1.048,0.465,0.648,0.553,0.174,0.028
463.25,1.676,1.059,0.469,0.648,0.553,0.174,0.028
463.5,1.678,1.06,0.47,0.648,0.553,0.175,0.028
463.75,1.679,1.061,0.47,0.648,0.553,0.175,0.028
464.0,1.681,1.062,0.47,0.648,0.553,0.175,0.028
464.25,1.682,1.063,0.471,0.648,0.553,0.175,0.028
464.5,1.682,1.064,0.471,0.648,0.553,0.175,0.028
464.75,1.667,1.051,0.466,0.648,0.553,0.175,0.028
465.0,1.663,1.048,0.465,0.649,0.553,0.175,0.028
465.25,1.667,1.052,0.466,0.649,0.553,0.175,0.028
465.5,1.671,1.054,0.467,0.649,0.553,0.175,0.028
465.75,1.674,1.057,0.468,0.649,0.553,0.175,0.028
466.0,1.676,1.059,0.469,0.649,0.553,0.175,0.028
466.25,1.678,1.06,0.47,0.649,0.553,0.175,0.028
466.5,1.687,1.068,0.473,0.648,0.553,0.175,0.028
466.75,1.687,1.068,0.472,0.648,0.553,0.175,0.028
467.0,1.687,1.067,0.472,0.648,0.553,0.175,0.028
467.25,1.686,1.067,0.472,0.648,0.553,0.175,0.028
467.5,1.678,1.06,0.47,0.648,0.553,0.175,0.028
467.75,1.68,1.062,0.47,0.648,0.553,0.175,0.028
468.0,1.681,1.063,0.47,0.648,0.553,0.175,0.028
468.25,1.682,1.063,0.471,0.648,0.553,0.175,0.028
468.5,1.675,1.057,0.469,0.648,0.553,0.175,0.028
468.75,1.677,1.059,0.469,0.649,0.553,0.175,0.028
469.0,1.678,1.061,0.47,0.649,0.553,0.175,0.028
469.25,2.026,1.282,0.567,0.782,0.666,0.21,0.034
469.5,2.197,1.396,0.616,0.835,0.711,0.225,0.036
469.75,2.234,1.416,0.626,0.857,0.729,0.231,0.037
470.0,2.249,1.424,0.63,0.865,0.736,0.233,0.037
470.25,2.254,1.427,0.631,0.868,0.739,0.233,0.038
470.5,2.257,1.428,0.632,0.869,0.74,0.234,0.037
470.75,2.226,1.402,0.622,0.87,0.741,0.234,0.038
471.0,2.214,1.392,0.618,0.87,0.741,0.235,0.038
471.25,2.209,1.388,0.617,0.871,0.741,0.234,0.038
471.5,2.207,1.386,0.616,0.872,0.741,0.235,0.038
471.75,2.238,1.412,0.626,0.871,0.741,0.235,0.038
472.0,2.25,1.422,0.63,0.871,0.741,0.235,0.037
472.25,2.255,1.426,0.631,0.87,0.74,0.235,0.038
472.5,2.257,1.428,0.632,0.871,0.741,0.236,0.037
472.75,2.258,1.428,0.632,0.871,0.741,0.235,0.038
473.0,2.258,1.429,0.632,0.871,0.74,0.236,0.037
473.25,2.258,1.429,0.632,0.872,0.741,0.236,0.037
473.5,2.258,1.429,0.632,0.873,0.74,0.237,0.038
473.75,2.227,1.403,0.622,0.873,0.741,0.237,0.037
474.0,2.246,1.418,0.628,0.873,0.741,0.236,0.037
474.25,2.222,1.399,0.621,0.875,0.74,0.237,0.038
474.5,2.244,1.417,0.628,0.875,0.74,0.237,0.037
474.75,2.221,1.398,0.62,0.874,0.741,0.237,0.038
475.0,2.212,1.39,0.618,0.875,0.741,0.238,0.038
475.25,2.24,1.413,0.626,0.875,0.742,0.237,0.037
475.5,2.251,1.423,0.63,0.875,0.741,0.238,0.037
475.75,2.255,1.426,0.631,0.876,0.741,0.238,0.037
476.0,2.194,1.376,0.612,0.876,0.741,0.239,0.037
476.25,2.233,1.408,0.624,0.877,0.74,0.239,0.038
476.5,2.248,1.42,0.629,0.877,0.741,0.239,0.037
476.75,2.16,1.348,0.601,0.877,0.741,0.24,0.038
477.0,2.251,1.423,0.63,0.877,0.74,0.24,0.038
477.25,2.287,1.453,0.642,0.878,0.741,0.241,0.037
477.5,2.27,1.438,0.636,0.879,0.741,0.241,0.037
477.75,2.263,1.433,0.634,0.88,0.741,0.242,0.037
478.0,2.26,1.43,0.633,0.881,0.741,0.243,0.037
478.25,2.227,1.403,0.623,0.883,0.742,0.244,0.037
478.5,2.246,1.419,0.628,0.884,0.741,0.244,0.037
478.75,2.253,1.425,0.631,0.884,0.74,0.244,0.037
479.0,2.256,1.427,0.632,0.885,0.741,0.245,0.037
479.25,2.258,1.428,0.632,0.885,0.741,0.245,0.037
479.5,2.226,1.402,0.622,0.885,0.742,0.246,0.037
479.75,2.214,1.392,0.618,0.886,0.741,0.247,0.038
480.0,2.209,1.388,0.617,0.886,0.741,0.247,0.037
480.25,2.207,1.386,0.616,0.887,0.741,0.248,0.037
480.5,2.206,1.386,0.616,0.887,0.742,0.248,0.037
480.75,2.333,1.492,0.656,0.887,0.742,0.249,0.037
481.0,2.257,1.428,0.632,0.888,0.741,0.25,0.037
481.25,2.226,1.402,0.622,0.889,0.741,0.25,0.037
481.5,2.214,1.392,0.618,0.889,0.741,0.25,0.037
481.75,2.177,1.362,0.607,0.889,0.741,0.251,0.037
482.0,2.194,1.376,0.612,0.89,0.742,0.251,0.036
482.25,2.201,1.382,0.614,0.889,0.741,0.252,0.037
482.5,2.204,1.384,0.615,0.89,0.741,0.252,0.037
482.75,2.205,1.385,0.615,0.89,0.741,0.252,0.037
483.0,2.205,1.385,0.616,0.889,0.741,0.253,0.037
483.25,2.206,1.385,0.616,0.89,0.742,0.253,0.037
483.5,2.206,1.385,0.616,0.89,0.741,0.255,0.038
483.75,2.206,1.385,0.616,0.892,0.742,0.255,0.038
484.0,2.206,1.385,0.616,0.892,0.741,0.256,0.038
484.25,2.206,1.385,0.616,0.893,0.742,0.257,0.037
484.5,2.206,1.385,0.616,0.895,0.742,0.257,0.038
484.75,2.174,1.36,0.606,0.893,0.741,0.257,0.037
485.0,2.162,1.349,0.602,0.891,0.741,0.256,0.037
485.25,2.157,1.345,0.6,0.89,0.741,0.257,0.037
485.5,2.155,1.344,0.6,0.89,0.741,0.256,0.036
485.75,2.123,1.317,0.589,0.89,0.741,0.257,0.037
486.0,2.141,1.332,0.595,0.89,0.741,0.257,0.036
486.25,2.148,1.338,0.598,0.89,0.742,0.258,0.037
486.5,2.151,1.341,0.598,0.889,0.741,0.258,0.037
486.75,2.152,1.342,0.599,0.89,0.741,0.258,0.037
487.0,2.184,1.368,0.609,0.89,0.741,0.258,0.038
487.25,2.197,1.378,0.613,0.892,0.742,0.259,0.038
487.5,2.171,1.357,0.605,0.891,0.741,0.259,0.037
487.75,2.16,1.348,0.601,0.891,0.741,0.259,0.038
488.0,2.156,1.345,0.6,0.892,0.741,0.26,0.038
488.25,2.154,1.343,0.599,0.892,0.741,0.26,0.037
488.5,2.122,1.317,0.589,0.895,0.741,0.26,0.038
488.75,2.141,1.332,0.595,0.894,0.741,0.261,0.038
489.0,2.148,1.338,0.598,0.892,0.741,0.261,0.038
489.25,2.151,1.341,0.598,0.894,0.741,0.26,0.038
489.5,2.121,1.316,0.589,0.894,0.741,0.261,0.037
489.75,2.14,1.332,0.595,0.892,0.741,0.26,0.038
490.0,2.117,1.313,0.588,0.893,0.741,0.261,0.037
490.25,2.139,1.331,0.595,0.895,0.742,0.261,0.037
490.5,2.147,1.338,0.597,0.892,0.742,0.261,0.038
490.75,2.151,1.341,0.598,0.892,0.742,0.261,0.037
491.0,2.152,1.342,0.599,0.892,0.742,0.261,0.038
491.25,2.153,1.342,0.599,0.893,0.741,0.262,0.037
491.5,2.153,1.342,0.599,0.893,0.741,0.261,0.038
491.75,2.153,1.342,0.599,0.892,0.742,0.261,0.038
492.0,2.153,1.342,0.599,0.892,0.742,0.261,0.037
492.25,2.122,1.317,0.589,0.891,0.742,0.261,0.038
492.5,2.141,1.332,0.595,0.891,0.741,0.262,0.037
492.75,2.148,1.338,0.598,0.892,0.741,0.261,0.037
493.0,2.151,1.341,0.598,0.892,0.742,0.261,0.037
493.25,2.121,1.316,0.589,0.891,0.742,0.261,0.037
493.5,2.109,1.307,0.585,0.892,0.742,0.262,0.038
493.75,2.104,1.303,0.584,0.89,0.741,0.261,0.037
494.0,2.102,1.301,0.583,0.892,0.742,0.262,0.038
494.25,2.102,1.301,0.583,0.894,0.741,0.262,0.038
494.5,2.101,1.3,0.583,0.893,0.742,0.262,0.037
494.75,2.101,1.3,0.583,0.892,0.742,0.262,0.038
495.0,2.101,1.3,0.583,0.891,0.742,0.262,0.037
495.25,2.101,1.3,0.583,0.892,0.742,0.263,0.038
495.5,2.101,1.3,0.583,0.892,0.742,0.262,0.037
495.75,2.101,1.3,0.583,0.891,0.741,0.262,0.038
496.0,2.101,1.3,0.583,0.891,0.742,0.262,0.037
496.25,2.101,1.3,0.583,0.89,0.742,0.262,0.037
496.5,2.101,1.3,0.583,0.891,0.741,0.262,0.038
496.75,2.101,1.3,0.583,0.891,0.742,0.262,0.038
497.0,2.07,1.275,0.573,0.89,0.742,0.262,0.038
497.25,2.089,1.29,0.579,0.891,0.741,0.262,0.037
497.5,2.096,1.296,0.581,0.89,0.741,0.262,0.038
497.75,2.099,1.298,0.582,0.891,0.742,0.262,0.037
498.0,2.1,1.299,0.582,0.89,0.742,0.262,0.037
498.25,2.101,1.3,0.583,0.89,0.741,0.262,0.037
498.5,2.07,1.275,0.573,0.891,0.741,0.262,0.038
498.75,2.089,1.29,0.579,0.89,0.742,0.262,0.037
499.0,2.096,1.296,0.581,0.89,0.741,0.262,0.037
499.25,2.099,1.298,0.582,0.889,0.742,0.262,0.037
499.5,2.1,1.299,0.582,0.888,0.741,0.263,0.037
499.75,2.101,1.3,0.583,0.887,0.741,0.262,0.036
500.0,2.101,1.3,0.583,0.888,0.741,0.263,0.037
500.25,2.101,1.3,0.583,0.887,0.741,0.262,0.037
500.5,2.101,1.3,0.583,0.887,0.741,0.262,0.037
500.75,2.101,1.3,0.583,0.887,0.741,0.262,0.037
501.0,2.101,1.3,0.583,0.888,0.742,0.262,0.037
501.25,2.101,1.3,0.583,0.887,0.741,0.262,0.038
501.5,2.101,1.3,0.583,0.887,0.741,0.263,0.037
501.75,2.101,1.3,0.583,0.888,0.741,0.262,0.037
502.0,2.101,1.3,0.583,0.888,0.741,0.263,0.037
502.25,2.101,1.3,0.583,0.887,0.741,0.262,0.037
502.5,2.101,1.3,0.583,0.887,0.742,0.262,0.037
502.75,2.07,1.275,0.573,0.887,0.742,0.263,0.037
503.0,2.089,1.29,0.579,0.887,0.741,0.262,0.036
503.25,2.096,1.296,0.581,0.887,0.741,0.262,0.036
503.5,2.099,1.298,0.582,0.887,0.741,0.263,0.037
503.75,2.069,1.274,0.573,0.886,0.741,0.262,0.037
504.0,2.057,1.265,0.569,0.887,0.742,0.262,0.037
504.25,2.084,1.286,0.577,0.886,0.741,0.262,0.037
504.5,2.094,1.294,0.58,0.886,0.741,0.262,0.037
504.75,2.098,1.298,0.582,0.887,0.742,0.262,0.036
505.0,2.069,1.274,0.573,0.887,0.741,0.262,0.036
505.25,2.057,1.265,0.569,0.886,0.741,0.262,0.036
505.5,2.084,1.286,0.577,0.887,0.74,0.262,0.037
505.75,2.094,1.294,0.58,0.887,0.741,0.262,0.037
506.0,2.098,1.298,0.582,0.887,0.741,0.262,0.037
506.25,2.1,1.299,0.582,0.887,0.741,0.262,0.037
506.5,2.07,1.275,0.573,0.886,0.741,0.262,0.037
506.75,2.088,1.29,0.579,0.887,0.741,0.262,0.036
507.0,2.065,1.271,0.571,0.888,0.741,0.262,0.037
507.25,2.056,1.263,0.568,0.887,0.741,0.262,0.037
507.5,2.052,1.26,0.567,0.886,0.741,0.262,0.036
507.75,2.081,1.284,0.577,0.886,0.741,0.262,0.037
508.0,2.093,1.294,0.58,0.888,0.741,0.262,0.037
508.25,2.098,1.298,0.582,0.887,0.742,0.262,0.037
508.5,2.069,1.274,0.573,0.888,0.741,0.262,0.037
508.75,2.026,1.24,0.559,0.887,0.741,0.262,0.037
509.0,2.04,1.251,0.564,0.887,0.741,0.262,0.037
509.25,2.046,1.255,0.565,0.887,0.741,0.262,0.037
509.5,2.048,1.257,0.566,0.886,0.741,0.262,0.037
509.75,2.049,1.258,0.566,0.886,0.741,0.262,0.037
510.0,2.08,1.283,0.576,0.886,0.74,0.262,0.037
510.25,2.093,1.293,0.58,0.886,0.741,0.262,0.037
510.5,2.098,1.297,0.582,0.886,0.741,0.262,0.037
510.75,2.069,1.274,0.573,0.885,0.742,0.262,0.036
511.0,2.088,1.29,0.579,0.886,0.741,0.262,0.037
511.25,2.096,1.296,0.581,0.886,0.741,0.262,0.036
511.5,2.068,1.273,0.572,0.885,0.741,0.262,0.037
511.75,2.088,1.289,0.579,0.885,0.74,0.262,0.037
512.0,2.065,1.271,0.571,0.885,0.741,0.262,0.037
512.25,2.087,1.288,0.578,0.886,0.74,0.262,0.036
512.5,2.064,1.27,0.571,0.886,0.741,0.262,0.037
512.75,2.055,1.263,0.568,0.886,0.741,0.262,0.037
513.0,2.052,1.26,0.567,0.886,0.741,0.262,0.037
513.25,2.05,1.259,0.567,0.885,0.741,0.262,0.037
513.5,2.081,1.284,0.576,0.886,0.741,0.261,0.036
513.75,2.093,1.294,0.58,0.886,0.741,0.262,0.037
514.0,2.098,1.297,0.582,0.885,0.741,0.262,0.037
514.25,2.1,1.299,0.582,0.885,0.741,0.262,0.037
514.5,2.069,1.275,0.573,0.886,0.741,0.262,0.037
514.75,2.088,1.29,0.579,0.885,0.741,0.262,0.037
515.0,2.065,1.271,0.571,0.885,0.74,0.261,0.036
515.25,2.087,1.288,0.578,0.885,0.741,0.262,0.037
515.5,2.064,1.27,0.571,0.885,0.742,0.262,0.036
515.75,2.055,1.263,0.568,0.886,0.741,0.262,0.037
516.0,2.083,1.285,0.577,0.885,0.742,0.262,0.036
516.25,2.063,1.269,0.571,0.885,0.741,0.262,0.037
516.5,2.055,1.263,0.568,0.886,0.741,0.262,0.037
516.75,2.051,1.26,0.567,0.886,0.741,0.262,0.037
517.0,2.05,1.259,0.567,0.885,0.741,0.262,0.037
517.25,2.05,1.259,0.567,0.885,0.741,0.262,0.037
517.5,2.049,1.258,0.566,0.886,0.741,0.262,0.037
517.75,2.049,1.258,0.566,0.885,0.741,0.261,0.037
518.0,2.08,1.283,0.576,0.885,0.741,0.261,0.036
518.25,2.062,1.268,0.57,0.884,0.741,0.261,0.037
518.5,2.054,1.262,0.568,0.885,0.741,0.261,0.037
518.75,2.051,1.26,0.567,0.885,0.74,0.262,0.037
519.0,2.05,1.259,0.567,0.885,0.741,0.261,0.037
519.25,2.05,1.259,0.567,0.885,0.741,0.262,0.037
519.5,2.049,1.258,0.566,0.885,0.74,0.262,0.037
519.75,2.08,1.283,0.576,0.886,0.74,0.262,0.036
520.0,2.062,1.268,0.57,0.886,0.741,0.262,0.037
520.25,2.054,1.262,0.568,0.885,0.741,0.262,0.037
520.5,2.051,1.26,0.567,0.885,0.74,0.262,0.037
520.75,2.05,1.259,0.567,0.885,0.74,0.262,0.037
521.0,2.05,1.259,0.567,0.885,0.741,0.262,0.037
521.25,2.049,1.258,0.566,0.885,0.741,0.261,0.037
521.5,2.08,1.283,0.576,0.885,0.741,0.262,0.036
521.75,2.093,1.293,0.58,0.885,0.741,0.261,0.037
522.0,2.067,1.272,0.572,0.886,0.741,0.262,0.036
522.25,2.056,1.264,0.569,0.885,0.741,0.262,0.037
522.5,2.052,1.261,0.567,0.884,0.741,0.262,0.037
522.75,2.081,1.284,0.577,0.885,0.741,0.261,0.037
523.0,2.093,1.294,0.58,0.885,0.74,0.261,0.037
523.25,2.067,1.272,0.572,0.885,0.741,0.261,0.037
523.5,2.056,1.264,0.569,0.886,0.741,0.261,0.037
523.75,2.052,1.261,0.567,0.885,0.741,0.261,0.037
524.0,2.05,1.259,0.567,0.885,0.741,0.261,0.037
524.25,2.05,1.259,0.567,0.885,0.74,0.261,0.037
524.5,2.049,1.258,0.566,0.886,0.741,0.261,0.038
524.75,2.049,1.258,0.566,0.886,0.741,0.261,0.038
525.0,2.049,1.258,0.566,0.887,0.741,0.262,0.038
525.25,2.049,1.258,0.566,0.888,0.742,0.262,0.037
525.5,2.049,1.258,0.566,0.887,0.741,0.262,0.038
525.75,2.049,1.258,0.566,0.887,0.742,0.261,0.038
526.0,2.049,1.258,0.566,0.886,0.741,0.261,0.037
526.25,2.049,1.258,0.566,0.887,0.742,0.261,0.038
526.5,2.049,1.258,0.566,0.887,0.741,0.262,0.038
526.75,2.049,1.258,0.566,0.888,0.741,0.261,0.038
527.0,2.049,1.258,0.566,0.888,0.741,0.261,0.038
527.25,2.049,1.258,0.566,0.887,0.741,0.261,0.038
527.5,2.049,1.258,0.566,0.887,0.741,0.261,0.038
527.75,2.049,1.258,0.566,0.886,0.741,0.262,0.039
528.0,2.049,1.258,0.566,0.887,0.741,0.261,0.038
528.25,2.049,1.258,0.566,0.886,0.741,0.261,0.037
528.5,2.08,1.283,0.576,0.887,0.741,0.261,0.037
528.75,2.062,1.268,0.57,0.886,0.741,0.261,0.038
529.0,2.023,1.238,0.558,0.886,0.741,0.261,0.037
529.25,2.039,1.25,0.563,0.886,0.741,0.261,0.038
529.5,2.076,1.28,0.575,0.886,0.741,0.261,0.038
529.75,2.06,1.267,0.57,0.887,0.741,0.261,0.037
530.0,2.054,1.262,0.568,0.886,0.741,0.261,0.038
530.25,2.051,1.26,0.567,0.887,0.742,0.261,0.038
530.5,2.081,1.284,0.576,0.886,0.742,0.261,0.038
530.75,2.062,1.269,0.57,0.887,0.742,0.261,0.038
531.0,2.085,1.287,0.578,0.886,0.741,0.261,0.038
531.25,2.064,1.27,0.571,0.887,0.741,0.261,0.038
531.5,2.055,1.263,0.568,0.886,0.741,0.261,0.038
531.75,2.052,1.26,0.567,0.886,0.742,0.26,0.039
532.0,2.05,1.259,0.567,0.887,0.741,0.26,0.038
532.25,2.081,1.284,0.576,0.887,0.741,0.26,0.038
532.5,2.093,1.294,0.58,0.887,0.741,0.261,0.038
532.75,2.067,1.272,0.572,0.886,0.742,0.26,0.038
533.0,2.056,1.264,0.569,0.886,0.741,0.261,0.038
533.25,2.083,1.286,0.577,0.887,0.742,0.26,0.038
533.5,2.094,1.294,0.58,0.887,0.741,0.26,0.038
533.75,2.067,1.273,0.572,0.887,0.741,0.261,0.038
534.0,2.056,1.264,0.569,0.886,0.742,0.26,0.038
534.25,2.052,1.261,0.567,0.887,0.742,0.26,0.038
534.5,2.05,1.259,0.567,0.886,0.741,0.26,0.038
534.75,2.05,1.259,0.567,0.886,0.742,0.26,0.038
535.0,2.049,1.258,0.566,0.886,0.741,0.26,0.038
535.25,2.049,1.258,0.566,0.886,0.741,0.26,0.037
535.5,2.049,1.258,0.566,0.887,0.741,0.26,0.038
535.75,2.08,1.283,0.576,0.886,0.741,0.26,0.038
536.0,2.062,1.268,0.57,0.887,0.741,0.26,0.038
536.25,2.054,1.262,0.568,0.887,0.741,0.26,0.038
536.5,2.051,1.26,0.567,0.886,0.742,0.26,0.038
536.75,2.05,1.259,0.567,0.886,0.742,0.26,0.038
537.0,2.05,1.259,0.567,0.886,0.741,0.26,0.038
537.25,2.049,1.258,0.566,0.887,0.741,0.26,0.038
537.5,2.08,1.283,0.576,0.886,0.741,0.26,0.038
537.75,2.062,1.268,0.57,0.886,0.741,0.26,0.039
538.0,2.054,1.262,0.568,0.886,0.741,0.26,0.039
538.25,2.051,1.26,0.567,0.885,0.741,0.26,0.039
538.5,2.05,1.259,0.567,0.886,0.742,0.26,0.038
538.75,1.988,1.209,0.547,0.886,0.741,0.26,0.038
539.0,2.025,1.239,0.559,0.885,0.741,0.26,0.039
539.25,2.071,1.276,0.573,0.886,0.741,0.26,0.038
539.5,2.058,1.265,0.569,0.886,0.741,0.259,0.038
539.75,2.053,1.261,0.568,0.886,0.741,0.26,0.038
540.0,2.051,1.259,0.567,0.886,0.742,0.259,0.038
540.25,2.05,1.259,0.567,0.887,0.742,0.26,0.038
540.5,2.05,1.258,0.567,0.886,0.741,0.259,0.038
540.75,2.049,1.258,0.566,0.886,0.742,0.259,0.038
541.0,2.049,1.258,0.566,0.885,0.741,0.259,0.038
541.25,2.049,1.258,0.566,0.886,0.741,0.259,0.038
541.5,2.08,1.283,0.576,0.885,0.741,0.258,0.038
541.75,2.093,1.293,0.58,0.885,0.741,0.259,0.038
542.0,2.067,1.272,0.572,0.886,0.741,0.258,0.038
542.25,2.056,1.264,0.569,0.886,0.742,0.259,0.037
542.5,2.052,1.261,0.567,0.885,0.742,0.258,0.038
542.75,2.05,1.259,0.567,0.886,0.742,0.259,0.038
543.0,2.05,1.259,0.567,0.886,0.741,0.259,0.038
543.25,2.049,1.258,0.566,0.885,0.741,0.26,0.038
543.5,2.049,1.258,0.566,0.885,0.741,0.26,0.039
543.75,2.049,1.258,0.566,0.886,0.741,0.259,0.038
544.0,2.049,1.258,0.566,0.886,0.742,0.259,0.038
544.25,2.049,1.258,0.566,0.886,0.742,0.26,0.038
544.5,2.049,1.258,0.566,0.886,0.742,0.259,0.038
544.75,2.049,1.258,0.566,0.887,0.742,0.259,0.038
545.0,2.049,1.258,0.566,0.886,0.742,0.258,0.038
545.25,2.049,1.258,0.566,0.886,0.741,0.259,0.038
545.5,2.049,1.258,0.566,0.887,0.742,0.258,0.038
545.75,2.049,1.258,0.566,0.887,0.741,0.258,0.037
546.0,2.049,1.258,0.566,0.886,0.741,0.258,0.037
546.25,2.049,1.258,0.566,0.886,0.741,0.259,0.038
546.5,2.049,1.258,0.566,0.886,0.742,0.259,0.038
546.75,2.049,1.258,0.566,0.886,0.741,0.258,0.038
547.0,2.049,1.258,0.566,0.885,0.741,0.258,0.037
547.25,2.049,1.258,0.566,0.886,0.741,0.258,0.038
547.5,2.049,1.258,0.566,0.885,0.741,0.258,0.038
547.75,2.049,1.258,0.566,0.886,0.741,0.258,0.038
548.0,2.049,1.258,0.566,0.886,0.742,0.258,0.038
548.25,2.049,1.258,0.566,0.885,0.742,0.259,0.039
548.5,2.049,1.258,0.566,0.885,0.742,0.258,0.038
548.75,2.049,1.258,0.566,0.885,0.741,0.258,0.038
549.0,2.049,1.258,0.566,0.886,0.741,0.258,0.038
549.25,2.08,1.283,0.576,0.885,0.741,0.258,0.038
549.5,2.062,1.268,0.57,0.886,0.741,0.258,0.038
549.75,2.054,1.262,0.568,0.885,0.742,0.258,0.037
550.0,2.051,1.26,0.567,0.886,0.741,0.258,0.038
550.25,2.05,1.259,0.567,0.885,0.741,0.258,0.037
550.5,2.081,1.284,0.576,0.885,0.741,0.258,0.038
550.75,2.093,1.294,0.58,0.884,0.741,0.258,0.038
551.0,2.067,1.272,0.572,0.885,0.741,0.258,0.038
551.25,2.087,1.289,0.578,0.885,0.741,0.258,0.037
551.5,2.065,1.271,0.571,0.885,0.742,0.258,0.037
551.75,2.055,1.263,0.568,0.885,0.741,0.258,0.037
552.0,2.052,1.26,0.567,0.886,0.741,0.258,0.038
552.25,2.019,1.234,0.557,0.886,0.741,0.258,0.038
552.5,2.037,1.249,0.563,0.885,0.741,0.258,0.038
552.75,2.044,1.254,0.565,0.885,0.741,0.258,0.038
553.0,2.047,1.257,0.566,0.885,0.741,0.258,0.039
553.25,2.049,1.258,0.566,0.886,0.741,0.258,0.038
553.5,2.049,1.258,0.566,0.886,0.741,0.258,0.038
553.75,2.049,1.258,0.566,0.885,0.741,0.258,0.037
554.0,2.049,1.258,0.566,0.885,0.741,0.258,0.038
554.25,2.049,1.258,0.566,0.884,0.741,0.257,0.038
554.5,2.08,1.283,0.576,0.884,0.741,0.258,0.037
554.75,2.031,1.244,0.561,0.885,0.741,0.258,0.038
555.0,2.042,1.252,0.564,0.884,0.741,0.258,0.038
555.25,2.046,1.256,0.566,0.885,0.741,0.258,0.038
555.5,2.048,1.257,0.566,0.885,0.741,0.258,0.038
555.75,2.27,1.44,0.636,0.886,0.74,0.258,0.038
556.0,2.138,1.331,0.594,0.885,0.741,0.257,0.038
556.25,2.085,1.287,0.578,0.884,0.741,0.258,0.037
556.5,2.095,1.295,0.581,0.885,0.741,0.257,0.037
556.75,2.067,1.273,0.572,0.886,0.741,0.258,0.038
557.0,2.057,1.264,0.569,0.885,0.741,0.258,0.038
557.25,2.052,1.261,0.567,0.885,0.74,0.258,0.037
557.5,2.05,1.259,0.567,0.885,0.741,0.258,0.038
557.75,2.05,1.259,0.567,0.885,0.741,0.257,0.037
558.0,2.112,1.309,0.586,0.885,0.741,0.257,0.038
558.25,2.074,1.279,0.574,0.885,0.741,0.257,0.038
558.5,2.059,1.266,0.57,0.885,0.741,0.257,0.038
558.75,2.053,1.262,0.568,0.885,0.741,0.257,0.038
559.0,2.051,1.26,0.567,0.885,0.741,0.257,0.038
559.25,2.05,1.259,0.567,0.885,0.741,0.257,0.037
559.5,2.05,1.259,0.567,0.885,0.742,0.257,0.038
559.75,2.049,1.258,0.566,0.885,0.742,0.257,0.037
560.0,2.049,1.258,0.566,0.886,0.741,0.256,0.038
560.25,2.049,1.258,0.566,0.885,0.741,0.257,0.038
560.5,2.049,1.258,0.566,0.885,0.741,0.256,0.037
560.75,2.049,1.258,0.566,0.885,0.741,0.257,0.038
561.0,2.049,1.258,0.566,0.885,0.741,0.257,0.038
561.25,2.049,1.258,0.566,0.884,0.742,0.257,0.037
561.5,2.049,1.258,0.566,0.885,0.741,0.257,0.038
561.75,2.049,1.258,0.566,0.885,0.741,0.257,0.038
562.0,2.049,1.258,0.566,0.885,0.741,0.257,0.038
562.25,2.018,1.234,0.557,0.885,0.74,0.257,0.038
562.5,2.037,1.248,0.563,0.885,0.74,0.256,0.037
562.75,2.044,1.254,0.565,0.885,0.74,0.257,0.038
563.0,2.047,1.257,0.566,0.884,0.741,0.257,0.038
563.25,2.048,1.258,0.566,0.885,0.741,0.257,0.039
563.5,2.049,1.258,0.566,0.885,0.741,0.256,0.038
563.75,2.049,1.258,0.566,0.884,0.741,0.256,0.038
564.0,2.049,1.258,0.566,0.884,0.741,0.256,0.038
564.25,2.049,1.258,0.566,0.884,0.741,0.256,0.038
564.5,2.08,1.283,0.576,0.885,0.74,0.256,0.037
564.75,2.093,1.293,0.58,0.885,0.741,0.257,0.038
565.0,2.067,1.272,0.572,0.884,0.74,0.256,0.039
565.25,2.056,1.264,0.569,0.884,0.74,0.257,0.039
565.5,2.083,1.286,0.577,0.885,0.741,0.257,0.038
565.75,2.063,1.269,0.571,0.884,0.741,0.256,0.038
566.0,2.055,1.263,0.568,0.884,0.74,0.256,0.038
566.25,2.051,1.26,0.567,0.884,0.74,0.257,0.038
566.5,2.05,1.259,0.567,0.884,0.74,0.256,0.039
566.75,2.05,1.259,0.567,0.884,0.739,0.256,0.038
567.0,2.049,1.258,0.566,0.884,0.74,0.257,0.039
567.25,2.08,1.283,0.576,0.884,0.74,0.256,0.038
567.5,2.093,1.293,0.58,0.884,0.741,0.256,0.038
567.75,2.067,1.272,0.572,0.885,0.74,0.256,0.038
568.0,2.087,1.289,0.578,0.885,0.74,0.256,0.038
568.25,2.065,1.271,0.571,0.883,0.739,0.256,0.038
568.5,2.055,1.263,0.568,0.883,0.74,0.256,0.038
568.75,2.052,1.26,0.567,0.884,0.74,0.256,0.037
569.0,2.05,1.259,0.567,0.883,0.74,0.256,0.038
569.25,2.05,1.259,0.567,0.884,0.741,0.256,0.037
569.5,2.049,1.258,0.566,0.884,0.74,0.256,0.038
569.75,2.049,1.258,0.566,0.884,0.74,0.256,0.038
570.0,2.049,1.258,0.566,0.883,0.74,0.256,0.039
570.25,2.049,1.258,0.566,0.884,0.74,0.256,0.038
570.5,2.049,1.258,0.566,0.883,0.74,0.256,0.038
570.75,2.049,1.258,0.566,0.884,0.74,0.256,0.038
571.0,2.049,1.258,0.566,0.883,0.741,0.256,0.038
571.25,2.049,1.258,0.566,0.884,0.74,0.256,0.038
571.5,2.049,1.258,0.566,0.883,0.739,0.256,0.038
571.75,2.049,1.258,0.566,0.883,0.739,0.256,0.038
572.0,2.049,1.258,0.566,0.883,0.74,0.256,0.038
572.25,2.049,1.258,0.566,0.882,0.739,0.256,0.038
572.5,2.049,1.258,0.566,0.882,0.739,0.256,0.038
572.75,2.049,1.258,0.566,0.883,0.74,0.256,0.039
573.0,2.049,1.258,0.566,0.884,0.74,0.256,0.039
573.25,2.049,1.258,0.566,0.883,0.739,0.256,0.039
573.5,2.049,1.258,0.566,0.883,0.739,0.256,0.039
573.75,2.08,1.283,0.576,0.883,0.739,0.256,0.038
574.0,2.062,1.268,0.57,0.882,0.74,0.256,0.038
574.25,2.054,1.262,0.568,0.882,0.739,0.256,0.038
574.5,2.051,1.26,0.567,0.882,0.738,0.256,0.039
574.75,2.05,1.259,0.567,0.883,0.738,0.256,0.038
575.0,2.05,1.259,0.567,0.882,0.739,0.256,0.039
575.25,2.049,1.258,0.566,0.882,0.739,0.256,0.038
575.5,2.049,1.258,0.566,0.883,0.74,0.256,0.038
575.75,2.049,1.258,0.566,0.883,0.74,0.256,0.038
576.0,2.112,1.309,0.586,0.882,0.739,0.256,0.039
576.25,2.074,1.279,0.574,0.882,0.739,0.256,0.039
576.5,2.059,1.266,0.57,0.882,0.738,0.256,0.038
576.75,2.053,1.262,0.568,0.883,0.739,0.255,0.038
577.0,2.051,1.26,0.567,0.883,0.738,0.256,0.038
577.25,2.05,1.259,0.567,0.883,0.738,0.255,0.038
577.5,2.081,1.284,0.576,0.882,0.738,0.254,0.037
577.75,2.062,1.268,0.57,0.882,0.739,0.254,0.038
578.0,2.054,1.262,0.568,0.882,0.738,0.254,0.038
578.25,2.051,1.26,0.567,0.883,0.739,0.254,0.038
578.5,2.05,1.259,0.567,0.882,0.738,0.253,0.038
578.75,2.019,1.234,0.557,0.882,0.738,0.254,0.039
579.0,2.037,1.249,0.563,0.881,0.738,0.254,0.038
579.25,2.044,1.254,0.565,0.882,0.738,0.254,0.038
579.5,2.047,1.257,0.566,0.882,0.739,0.254,0.038
579.75,2.049,1.258,0.566,0.882,0.739,0.254,0.038
580.0,2.049,1.258,0.566,0.883,0.74,0.254,0.038
580.25,2.049,1.258,0.566,0.882,0.739,0.254,0.038
580.5,2.049,1.258,0.566,0.882,0.739,0.253,0.038
580.75,2.049,1.258,0.566,0.882,0.74,0.253,0.038
581.0,2.08,1.283,0.576,0.881,0.739,0.253,0.038
581.25,2.062,1.268,0.57,0.882,0.739,0.253,0.037
581.5,2.054,1.262,0.568,0.882,0.739,0.254,0.038
581.75,2.051,1.26,0.567,0.881,0.738,0.253,0.038
582.0,2.05,1.259,0.567,0.882,0.739,0.254,0.038
582.25,2.05,1.259,0.567,0.882,0.738,0.253,0.038
582.5,2.081,1.283,0.576,0.882,0.738,0.253,0.038
582.75,2.093,1.293,0.58,0.882,0.738,0.253,0.038
583.0,2.161,1.349,0.601,0.883,0.739,0.253,0.039
583.25,2.094,1.294,0.58,0.882,0.739,0.253,0.038
583.5,2.067,1.273,0.572,0.882,0.739,0.253,0.038
583.75,2.056,1.264,0.569,0.881,0.738,0.253,0.038
584.0,2.052,1.261,0.567,0.882,0.739,0.254,0.038
584.25,2.05,1.259,0.567,0.882,0.738,0.253,0.038
584.5,2.05,1.259,0.567,0.883,0.739,0.253,0.038
584.75,2.049,1.258,0.566,0.882,0.738,0.253,0.038
585.0,2.049,1.258,0.566,0.882,0.738,0.253,0.038
585.25,2.049,1.258,0.566,0.882,0.738,0.253,0.038
585.5,2.08,1.283,0.576,0.881,0.738,0.253,0.039
585.75,2.062,1.268,0.57,0.882,0.738,0.253,0.039
586.0,2.054,1.262,0.568,0.882,0.739,0.253,0.039
586.25,2.051,1.26,0.567,0.882,0.738,0.253,0.039
586.5,2.05,1.259,0.567,0.882,0.738,0.254,0.039
586.75,2.05,1.259,0.567,0.882,0.738,0.253,0.038
587.0,2.049,1.258,0.566,0.881,0.738,0.253,0.039
587.25,2.049,1.258,0.566,0.882,0.738,0.253,0.039
587.5,2.049,1.258,0.566,0.882,0.738,0.253,0.039
587.75,2.049,1.258,0.566,0.881,0.738,0.252,0.039
588.0,2.049,1.258,0.566,0.881,0.738,0.252,0.038
588.25,2.049,1.258,0.566,0.882,0.738,0.252,0.038
588.5,2.049,1.258,0.566,0.882,0.738,0.252,0.039
588.75,2.049,1.258,0.566,0.882,0.738,0.253,0.038
589.0,2.049,1.258,0.566,0.882,0.739,0.253,0.039
589.25,2.049,1.258,0.566,0.881,0.738,0.253,0.038
589.5,2.049,1.258,0.566,0.882,0.737,0.253,0.038
589.75,2.049,1.258,0.566,0.882,0.738,0.253,0.038
590.0,2.049,1.258,0.566,0.881,0.739,0.252,0.039
590.25,2.018,1.234,0.557,0.882,0.738,0.253,0.038
590.5,2.037,1.248,0.563,0.881,0.739,0.253,0.038
590.75,2.044,1.254,0.565,0.881,0.738,0.252,0.038
591.0,2.078,1.282,0.576,0.881,0.738,0.252,0.038
591.25,2.061,1.268,0.57,0.881,0.738,0.252,0.039
591.5,2.054,1.262,0.568,0.881,0.738,0.253,0.038
591.75,2.051,1.26,0.567,0.881,0.738,0.252,0.039
592.0,2.05,1.259,0.567,0.881,0.739,0.252,0.039
592.25,2.05,1.259,0.567,0.881,0.738,0.252,0.039
592.5,2.049,1.258,0.566,0.881,0.738,0.252,0.038
592.75,2.049,1.258,0.566,0.882,0.738,0.252,0.038
593.0,2.049,1.258,0.566,0.881,0.737,0.252,0.039
593.25,2.049,1.258,0.566,0.88,0.738,0.252,0.038
593.5,2.049,1.258,0.566,0.881,0.738,0.252,0.038
593.75,2.049,1.258,0.566,0.881,0.738,0.252,0.039
594.0,2.08,1.283,0.576,0.881,0.738,0.252,0.038
594.25,2.062,1.268,0.57,0.881,0.738,0.253,0.039
594.5,2.054,1.262,0.568,0.881,0.739,0.252,0.039
594.75,2.051,1.26,0.567,0.882,0.739,0.252,0.038
595.0,2.05,1.259,0.567,0.881,0.74,0.252,0.038
595.25,2.05,1.259,0.567,0.881,0.739,0.253,0.039
595.5,2.049,1.258,0.566,0.882,0.738,0.252,0.038
595.75,2.049,1.258,0.566,0.881,0.738,0.252,0.039
596.0,2.08,1.283,0.576,0.882,0.738,0.252,0.039
596.25,2.062,1.268,0.57,0.881,0.738,0.252,0.038
596.5,2.054,1.262,0.568,0.881,0.737,0.252,0.039
596.75,2.051,1.26,0.567,0.881,0.738,0.252,0.039
597.0,2.05,1.259,0.567,0.881,0.738,0.252,0.039
597.25,2.05,1.259,0.567,0.881,0.738,0.252,0.039
597.5,2.049,1.258,0.566,0.882,0.738,0.252,0.038
597.75,2.049,1.258,0.566,0.882,0.737,0.252,0.039
598.0,2.049,1.258,0.566,0.881,0.737,0.252,0.039
598.25,2.049,1.258,0.566,0.881,0.738,0.252,0.039
598.5,2.049,1.258,0.566,0.881,0.738,0.252,0.039
598.75,2.049,1.258,0.566,0.881,0.738,0.252,0.039
599.0,2.049,1.258,0.566,0.881,0.738,0.252,0.039
599.25,2.049,1.258,0.566,0.882,0.738,0.252,0.038
599.5,2.049,1.258,0.566,0.881,0.738,0.252,0.039
599.75,2.049,1.258,0.566,0.881,0.738,0.252,0.039
600.0,2.018,1.234,0.557,0.882,0.738,0.252,0.038
600.25,2.037,1.248,0.563,0.881,0.738,0.252,0.039
600.5,2.044,1.254,0.565,0.881,0.738,0.252,0.038
600.75,2.047,1.257,0.566,0.88,0.737,0.252,0.038
601.0,2.048,1.258,0.566,0.881,0.738,0.252,0.039
601.25,2.049,1.258,0.566,0.88,0.738,0.252,0.038
601.5,2.049,1.258,0.566,0.881,0.738,0.252,0.039
601.75,2.049,1.258,0.566,0.882,0.738,0.252,0.039
602.0,2.049,1.258,0.566,0.881,0.738,0.251,0.039
602.25,2.049,1.258,0.566,0.881,0.737,0.251,0.039
602.5,2.049,1.258,0.566,0.88,0.738,0.252,0.039
602.75,2.049,1.258,0.566,0.881,0.738,0.252,0.038
603.0,2.049,1.258,0.566,0.881,0.737,0.252,0.039
603.25,2.049,1.258,0.566,0.881,0.738,0.252,0.038
603.5,2.049,1.258,0.566,0.881,0.738,0.252,0.039
603.75,2.049,1.258,0.566,0.882,0.738,0.252,0.038
604.0,2.049,1.258,0.566,0.881,0.738,0.251,0.039
604.25,2.018,1.234,0.557,0.881,0.737,0.252,0.039
604.5,2.068,1.273,0.572,0.881,0.738,0.251,0.039
604.75,2.057,1.264,0.569,0.88,0.738,0.251,0.038
605.0,2.052,1.261,0.567,0.881,0.738,0.252,0.038
605.25,2.05,1.259,0.567,0.881,0.737,0.251,0.039
605.5,2.05,1.259,0.567,0.88,0.737,0.252,0.039
605.75,2.049,1.258,0.566,0.881,0.737,0.251,0.038
606.0,2.049,1.258,0.566,0.88,0.737,0.251,0.038
606.25,2.049,1.258,0.566,0.881,0.737,0.252,0.038
606.5,2.049,1.258,0.566,0.881,0.738,0.251,0.039
606.75,2.08,1.283,0.576,0.881,0.738,0.251,0.039
607.0,2.062,1.268,0.57,0.881,0.738,0.252,0.039
607.25,2.054,1.262,0.568,0.88,0.737,0.251,0.039
607.5,2.051,1.26,0.567,0.881,0.738,0.251,0.038
607.75,2.05,1.259,0.567,0.881,0.737,0.251,0.038
608.0,2.05,1.259,0.567,0.881,0.738,0.252,0.039
608.25,2.049,1.258,0.566,0.881,0.738,0.251,0.039
608.5,2.08,1.283,0.576,0.881,0.737,0.251,0.039
608.75,2.062,1.268,0.57,0.881,0.738,0.251,0.039
609.0,2.054,1.262,0.568,0.881,0.737,0.25,0.039
609.25,2.051,1.26,0.567,0.881,0.738,0.251,0.039
609.5,2.05,1.259,0.567,0.881,0.738,0.25,0.038
609.75,2.05,1.259,0.567,0.881,0.738,0.25,0.039
610.0,2.049,1.258,0.566,0.88,0.737,0.25,0.038
610.25,2.049,1.258,0.566,0.88,0.737,0.251,0.038
610.5,2.049,1.258,0.566,0.88,0.737,0.251,0.039
610.75,2.049,1.258,0.566,0.879,0.737,0.251,0.038
611.0,2.049,1.258,0.566,0.88,0.738,0.252,0.039
611.25,2.049,1.258,0.566,0.88,0.738,0.252,0.039
611.5,2.049,1.258,0.566,0.881,0.738,0.251,0.039
611.75,2.049,1.258,0.566,0.881,0.737,0.251,0.039
612.0,2.049,1.258,0.566,0.881,0.738,0.25,0.038
612.25,2.049,1.258,0.566,0.881,0.738,0.25,0.039
612.5,2.049,1.258,0.566,0.881,0.738,0.251,0.039
612.75,2.049,1.258,0.566,0.882,0.738,0.25,0.039
613.0,2.018,1.234,0.557,0.881,0.737,0.251,0.039
613.25,2.037,1.248,0.563,0.88,0.737,0.25,0.039
613.5,2.044,1.254,0.565,0.88,0.737,0.25,0.039
613.75,2.047,1.257,0.566,0.879,0.737,0.25,0.039
614.0,2.048,1.258,0.566,0.88,0.737,0.25,0.038
614.25,2.049,1.258,0.566,0.879,0.737,0.25,0.039
614.5,2.049,1.258,0.566,0.879,0.736,0.25,0.038
614.75,2.049,1.258,0.566,0.879,0.737,0.25,0.039
615.0,2.018,1.234,0.557,0.88,0.737,0.25,0.039
615.25,2.037,1.248,0.563,0.879,0.737,0.25,0.039
615.5,2.044,1.254,0.565,0.88,0.737,0.25,0.039
615.75,2.047,1.257,0.566,0.88,0.736,0.25,0.039
616.0,2.048,1.258,0.566,0.88,0.737,0.25,0.039
616.25,2.049,1.258,0.566,0.879,0.737,0.25,0.038
616.5,2.049,1.258,0.566,0.879,0.737,0.25,0.039
616.75,2.049,1.258,0.566,0.88,0.738,0.25,0.039
617.0,2.049,1.258,0.566,0.88,0.737,0.25,0.039
617.25,2.049,1.258,0.566,0.881,0.737,0.25,0.039
617.5,2.049,1.258,0.566,0.88,0.737,0.25,0.038
617.75,2.08,1.283,0.576,0.88,0.738,0.25,0.038
618.0,2.062,1.268,0.57,0.88,0.737,0.25,0.039
618.25,2.054,1.262,0.568,0.881,0.737,0.25,0.039
618.5,2.051,1.26,0.567,0.88,0.737,0.25,0.039
618.75,2.05,1.259,0.567,0.879,0.737,0.25,0.039
619.0,2.05,1.259,0.567,0.88,0.737,0.25,0.039
619.25,2.049,1.258,0.566,0.88,0.737,0.25,0.039
619.5,2.049,1.258,0.566,0.88,0.737,0.25,0.039
619.75,2.049,1.258,0.566,0.88,0.738,0.25,0.039
620.0,2.049,1.258,0.566,0.88,0.737,0.251,0.039
620.25,2.049,1.258,0.566,0.88,0.737,0.25,0.039
620.5,2.049,1.258,0.566,0.879,0.736,0.25,0.038
620.75,2.049,1.258,0.566,0.88,0.737,0.25,0.039
621.0,2.049,1.258,0.566,0.879,0.737,0.25,0.038
621.25,2.049,1.258,0.566,0.88,0.737,0.25,0.039
621.5,2.049,1.258,0.566,0.88,0.737,0.25,0.038
621.75,2.049,1.258,0.566,0.879,0.737,0.25,0.039
622.0,2.049,1.258,0.566,0.879,0.737,0.25,0.039
622.25,2.049,1.258,0.566,0.88,0.738,0.25,0.039
622.5,2.049,1.258,0.566,0.879,0.737,0.25,0.038
622.75,2.049,1.258,0.566,0.88,0.738,0.25,0.039
623.0,2.049,1.258,0.566,0.88,0.737,0.249,0.038
623.25,2.049,1.258,0.566,0.879,0.737,0.25,0.038
623.5,2.049,1.258,0.566,0.879,0.737,0.249,0.039
623.75,2.049,1.258,0.566,0.88,0.738,0.25,0.038
624.0,2.049,1.258,0.566,0.88,0.737,0.25,0.039
624.25,2.08,1.283,0.576,0.881,0.737,0.25,0.039
624.5,2.062,1.268,0.57,0.88,0.737,0.25,0.039
624.75,2.023,1.238,0.558,0.88,0.738,0.249,0.039
625.0,2.039,1.25,0.563,0.881,0.737,0.25,0.038
625.25,2.048,1.257,0.566,0.88,0.736,0.25,0.039
625.5,2.049,1.258,0.566,0.88,0.737,0.249,0.039
625.75,2.045,1.255,0.565,0.879,0.736,0.25,0.039
626.0,2.049,1.258,0.566,0.88,0.737,0.25,0.039
626.25,2.049,1.258,0.566,0.88,0.737,0.249,0.039
626.5,2.049,1.258,0.566,0.881,0.736,0.249,0.039
626.75,2.049,1.258,0.566,0.88,0.736,0.249,0.039
627.0,2.049,1.258,0.566,0.879,0.736,0.25,0.039
627.25,2.049,1.258,0.566,0.879,0.736,0.249,0.04
627.5,2.049,1.258,0.566,0.878,0.736,0.249,0.039
627.75,2.049,1.258,0.566,0.878,0.737,0.249,0.039
628.0,2.049,1.258,0.566,0.878,0.737,0.249,0.039
628.25,2.049,1.258,0.566,0.879,0.736,0.249,0.039
628.5,2.049,1.258,0.566,0.878,0.737,0.249,0.039
628.75,1.957,1.185,0.538,0.879,0.737,0.249,0.039
629.0,2.012,1.229,0.555,0.879,0.737,0.25,0.039
629.25,2.066,1.272,0.572,0.878,0.736,0.249,0.039
629.5,2.087,1.289,0.578,0.879,0.737,0.249,0.039
629.75,2.095,1.296,0.581,0.878,0.737,0.249,0.039
630.0,2.068,1.273,0.572,0.879,0.737,0.249,0.038
630.25,2.057,1.264,0.569,0.879,0.737,0.249,0.039
630.5,2.052,1.261,0.567,0.88,0.736,0.249,0.039
630.75,2.082,1.284,0.577,0.879,0.736,0.249,0.039
631.0,2.093,1.294,0.58,0.88,0.737,0.249,0.038
631.25,2.067,1.273,0.572,0.879,0.736,0.25,0.039
631.5,2.056,1.264,0.569,0.879,0.737,0.25,0.038
631.75,2.052,1.261,0.567,0.879,0.736,0.249,0.039
632.0,2.082,1.284,0.577,0.879,0.737,0.249,0.039
632.25,2.062,1.269,0.57,0.878,0.736,0.249,0.038
632.5,1.955,1.202,0.541,0.834,0.699,0.236,0.036
632.75,1.869,1.149,0.517,0.798,0.669,0.226,0.035
633.0,1.801,1.107,0.498,0.769,0.645,0.218,0.034
633.25,1.746,1.073,0.483,0.746,0.626,0.212,0.033
633.5,1.703,1.046,0.471,0.728,0.61,0.206,0.032
633.75,1.684,1.037,0.466,0.714,0.598,0.202,0.031
634.0,1.653,1.018,0.457,0.702,0.588,0.199,0.031
634.25,1.628,1.002,0.45,0.692,0.581,0.196,0.031
634.5,1.608,0.989,0.445,0.685,0.574,0.194,0.03
634.75,1.592,0.979,0.44,0.679,0.569,0.192,0.03
635.0,1.58,0.971,0.437,0.674,0.565,0.191,0.03
635.25,1.569,0.965,0.434,0.671,0.562,0.19,0.03
635.5,1.569,0.966,0.434,0.667,0.559,0.189,0.029
635.75,1.561,0.96,0.432,0.665,0.557,0.188,0.029
636.0,1.555,0.956,0.43,0.663,0.556,0.188,0.029
636.25,1.55,0.953,0.429,0.661,0.554,0.187,0.029
636.5,1.546,0.95,0.427,0.66,0.554,0.187,0.029
636.75,1.55,0.954,0.429,0.659,0.553,0.187,0.029
637.0,1.546,0.951,0.428,0.658,0.552,0.186,0.029
637.25,1.543,0.949,0.427,0.658,0.552,0.186,0.029
637.5,1.548,0.953,0.428,0.657,0.551,0.186,0.029
637.75,1.544,0.95,0.427,0.657,0.55,0.185,0.029
638.0,1.549,0.954,0.429,0.656,0.55,0.185,0.029
638.25,1.553,0.957,0.43,0.656,0.55,0.185,0.029
638.5,1.556,0.96,0.431,0.656,0.55,0.185,0.029
638.75,1.55,0.956,0.429,0.655,0.55,0.185,0.029
639.0,1.546,0.952,0.428,0.655,0.55,0.185,0.029
639.25,1.543,0.95,0.427,0.655,0.55,0.185,0.029
639.5,1.548,0.954,0.429,0.655,0.55,0.184,0.029
639.75,1.552,0.957,0.43,0.654,0.55,0.184,0.029
640.0,1.555,0.96,0.431,0.654,0.549,0.184,0.029
640.25,1.558,0.962,0.432,0.654,0.55,0.184,0.029
640.5,1.552,0.957,0.43,0.654,0.549,0.184,0.029
640.75,1.547,0.954,0.428,0.654,0.549,0.184,0.029
641.0,1.544,0.951,0.427,0.653,0.55,0.184,0.029
641.25,1.541,0.948,0.426,0.653,0.549,0.184,0.029
641.5,1.546,0.953,0.428,0.653,0.549,0.184,0.029
641.75,1.543,0.95,0.427,0.653,0.55,0.184,0.029
642.0,1.54,0.948,0.426,0.653,0.549,0.184,0.029
642.25,1.546,0.952,0.428,0.653,0.549,0.183,0.029
642.5,1.55,0.956,0.429,0.653,0.549,0.183,0.029
642.75,1.554,0.959,0.43,0.653,0.55,0.183,0.029
643.0,1.549,0.955,0.429,0.653,0.549,0.183,0.029
643.25,1.545,0.952,0.428,0.653,0.55,0.183,0.029
643.5,1.55,0.955,0.429,0.653,0.55,0.183,0.029
643.75,1.553,0.958,0.43,0.653,0.55,0.183,0.029
644.0,1.548,0.954,0.429,0.653,0.55,0.183,0.029
644.25,1.552,0.958,0.43,0.653,0.55,0.183,0.029
644.5,1.563,0.967,0.433,0.653,0.55,0.183,0.029
644.75,1.564,0.967,0.434,0.653,0.55,0.183,0.029
645.0,1.565,0.968,0.434,0.653,0.55,0.183,0.029
645.25,1.566,0.968,0.434,0.652,0.55,0.182,0.029
645.5,1.558,0.962,0.432,0.652,0.55,0.182,0.029
645.75,1.56,0.964,0.432,0.652,0.55,0.182,0.029
646.0,1.562,0.965,0.433,0.652,0.549,0.182,0.029
646.25,1.563,0.966,0.433,0.651,0.55,0.182,0.029
646.5,1.564,0.967,0.434,0.651,0.55,0.182,0.029
646.75,1.565,0.968,0.434,0.651,0.549,0.182,0.029
647.0,1.565,0.968,0.434,0.65,0.549,0.181,0.029
647.25,1.566,0.969,0.434,0.65,0.549,0.181,0.029
647.5,1.566,0.969,0.434,0.65,0.549,0.181,0.029
647.75,1.567,0.969,0.434,0.65,0.549,0.181,0.029
648.0,1.559,0.963,0.432,0.649,0.549,0.18,0.029
648.25,1.561,0.965,0.433,0.649,0.549,0.18,0.029
648.5,1.562,0.966,0.433,0.649,0.55,0.18,0.029
648.75,1.564,0.967,0.433,0.649,0.549,0.18,0.029
649.0,1.564,0.967,0.434,0.649,0.549,0.18,0.029
649.25,1.565,0.968,0.434,0.649,0.55,0.18,0.029
649.5,1.566,0.968,0.434,0.649,0.549,0.179,0.029
649.75,1.566,0.969,0.434,0.648,0.549,0.179,0.029
650.0,1.567,0.969,0.434,0.648,0.549,0.179,0.029
650.25,1.567,0.969,0.434,0.648,0.549,0.179,0.029
650.5,1.567,0.969,0.435,0.648,0.549,0.179,0.029
650.75,1.567,0.97,0.435,0.648,0.549,0.179,0.029
651.0,1.567,0.97,0.435,0.647,0.549,0.178,0.029
651.25,1.568,0.97,0.435,0.647,0.549,0.178,0.03
651.5,1.568,0.97,0.435,0.647,0.549,0.178,0.029
651.75,1.56,0.964,0.432,0.647,0.549,0.178,0.03
652.0,1.562,0.965,0.433,0.647,0.549,0.178,0.03
652.25,1.555,0.96,0.431,0.646,0.549,0.178,0.03
652.5,1.558,0.962,0.432,0.646,0.549,0.177,0.03
652.75,1.568,0.97,0.435,0.646,0.549,0.177,0.03
653.0,1.568,0.97,0.435,0.646,0.549,0.177,0.03
653.25,1.568,0.97,0.435,0.646,0.549,0.177,0.03
653.5,1.568,0.97,0.435,0.645,0.549,0.177,0.029
653.75,1.568,0.97,0.435,0.645,0.549,0.177,0.029
654.0,1.576,0.976,0.437,0.645,0.549,0.177,0.029
654.25,1.582,0.982,0.439,0.645,0.548,0.176,0.029
654.5,1.579,0.979,0.438,0.644,0.548,0.176,0.03
654.75,1.577,0.977,0.438,0.644,0.549,0.176,0.029
655.0,1.575,0.976,0.437,0.644,0.549,0.176,0.03
655.25,1.574,0.975,0.437,0.644,0.549,0.176,0.03
655.5,1.573,0.974,0.436,0.644,0.549,0.176,0.029
655.75,1.579,0.98,0.438,0.644,0.549,0.175,0.03
656.0,1.577,0.978,0.438,0.643,0.549,0.175,0.03
656.25,1.575,0.976,0.437,0.643,0.549,0.175,0.03
656.5,1.574,0.975,0.437,0.643,0.548,0.175,0.03
656.75,1.573,0.974,0.436,0.643,0.548,0.175,0.029
657.0,1.58,0.98,0.438,0.642,0.548,0.175,0.03
657.25,1.577,0.978,0.438,0.642,0.548,0.174,0.03
657.5,1.583,0.983,0.44,0.642,0.548,0.174,0.03
657.75,1.58,0.98,0.439,0.642,0.548,0.174,0.03
658.0,1.578,0.978,0.438,0.642,0.548,0.174,0.03
658.25,1.576,0.977,0.437,0.642,0.548,0.174,0.03
658.5,1.582,0.982,0.439,0.642,0.548,0.174,0.03
658.75,1.579,0.979,0.438,0.642,0.548,0.173,0.03
659.0,1.577,0.977,0.438,0.642,0.548,0.173,0.03
659.25,1.575,0.976,0.437,0.642,0.548,0.173,0.03
659.5,1.582,0.981,0.439,0.642,0.548,0.173,0.03
659.75,1.579,0.979,0.438,0.642,0.548,0.173,0.03
660.0,1.577,0.977,0.438,0.642,0.548,0.173,0.03
660.25,1.575,0.976,0.437,0.642,0.547,0.173,0.03
660.5,1.574,0.975,0.437,0.642,0.548,0.173,0.03
660.75,1.58,0.98,0.439,0.642,0.548,0.172,0.03
661.0,1.578,0.978,0.438,0.642,0.547,0.172,0.03
661.25,1.584,0.983,0.44,0.641,0.547,0.172,0.03
661.5,1.596,0.993,0.444,0.641,0.547,0.172,0.03
661.75,1.591,0.989,0.442,0.641,0.547,0.172,0.03
662.0,1.594,0.991,0.443,0.641,0.547,0.172,0.03
662.25,1.589,0.987,0.441,0.641,0.547,0.172,0.03
662.5,1.592,0.99,0.442,0.641,0.547,0.172,0.03
662.75,1.595,0.992,0.443,0.641,0.547,0.171,0.03
663.0,1.59,0.988,0.442,0.64,0.547,0.171,0.03
663.25,1.585,0.984,0.44,0.64,0.547,0.171,0.03
663.5,1.582,0.982,0.439,0.64,0.547,0.171,0.03
663.75,1.587,0.986,0.441,0.64,0.547,0.171,0.03
664.0,1.591,0.989,0.442,0.64,0.547,0.171,0.03
664.25,1.586,0.985,0.441,0.64,0.547,0.171,0.03
664.5,1.59,0.988,0.442,0.64,0.547,0.171,0.03
664.75,1.586,0.985,0.44,0.639,0.547,0.17,0.03
665.0,1.582,0.982,0.439,0.639,0.547,0.17,0.03
665.25,1.595,0.992,0.443,0.639,0.547,0.17,0.03
665.5,1.597,0.994,0.444,0.639,0.547,0.17,0.03
665.75,1.592,0.989,0.442,0.639,0.547,0.17,0.03
666.0,1.587,0.986,0.441,0.639,0.547,0.17,0.03
666.25,1.591,0.989,0.442,0.639,0.547,0.17,0.03
666.5,1.594,0.991,0.443,0.639,0.547,0.169,0.03
666.75,1.597,0.994,0.444,0.639,0.547,0.169,0.03
667.0,1.599,0.995,0.445,0.639,0.547,0.169,0.03
667.25,1.6,0.997,0.445,0.639,0.547,0.169,0.03
667.5,1.602,0.998,0.445,0.639,0.547,0.169,0.03
667.75,1.595,0.992,0.443,0.639,0.547,0.169,0.03
668.0,1.597,0.994,0.444,0.639,0.547,0.169,0.03
668.25,1.591,0.989,0.442,0.639,0.547,0.169,0.03
668.5,1.595,0.992,0.443,0.639,0.547,0.169,0.03
668.75,1.597,0.994,0.444,0.639,0.547,0.169,0.03
669.0,1.599,0.995,0.445,0.639,0.547,0.169,0.03
669.25,1.593,0.99,0.443,0.64,0.547,0.168,0.03
669.5,1.588,0.986,0.441,0.64,0.547,0.168,0.03
669.75,1.584,0.983,0.44,0.64,0.547,0.168,0.03
670.0,1.581,0.98,0.439,0.64,0.547,0.168,0.03
670.25,1.578,0.978,0.438,0.64,0.547,0.168,0.03
670.5,1.584,0.983,0.44,0.64,0.547,0.168,0.03
670.75,1.589,0.987,0.441,0.64,0.547,0.168,0.03
671.0,1.584,0.984,0.44,0.64,0.547,0.168,0.03
671.25,1.589,0.987,0.441,0.64,0.547,0.168,0.03
671.5,1.585,0.984,0.44,0.64,0.547,0.168,0.03
671.75,1.581,0.981,0.439,0.64,0.547,0.168,0.03
672.0,1.586,0.985,0.441,0.64,0.547,0.168,0.03
672.25,1.583,0.982,0.439,0.64,0.547,0.168,0.03
672.5,1.58,0.98,0.439,0.64,0.547,0.168,0.03
672.75,1.585,0.984,0.44,0.64,0.547,0.168,0.03
673.0,1.59,0.988,0.442,0.64,0.547,0.168,0.03
673.25,1.593,0.991,0.443,0.64,0.547,0.168,0.03
673.5,1.596,0.993,0.444,0.64,0.547,0.167,0.03
673.75,1.598,0.995,0.444,0.64,0.547,0.167,0.03
674.0,1.6,0.996,0.445,0.64,0.547,0.167,0.03
674.25,1.601,0.997,0.445,0.64,0.547,0.167,0.03
674.5,1.595,0.992,0.443,0.64,0.547,0.167,0.03
674.75,1.597,0.994,0.444,0.64,0.546,0.167,0.03
675.0,1.607,1.002,0.447,0.64,0.546,0.167,0.03
675.25,1.599,0.995,0.445,0.64,0.546,0.167,0.03
675.5,1.601,0.997,0.445,0.64,0.546,0.167,0.03
675.75,1.594,0.991,0.443,0.64,0.546,0.167,0.03
676.0,1.589,0.987,0.441,0.64,0.546,0.167,0.03
676.25,1.585,0.984,0.44,0.64,0.546,0.167,0.03
676.5,1.589,0.987,0.442,0.64,0.546,0.167,0.03
676.75,1.585,0.984,0.44,0.641,0.546,0.167,0.03
677.0,1.581,0.981,0.439,0.64,0.546,0.167,0.03
677.25,1.587,0.985,0.441,0.64,0.546,0.167,0.03
677.5,1.583,0.982,0.44,0.641,0.546,0.167,0.03
677.75,1.588,0.986,0.441,0.641,0.546,0.167,0.03
678.0,1.592,0.989,0.442,0.64,0.546,0.167,0.03
678.25,1.587,0.986,0.441,0.64,0.546,0.167,0.03
678.5,1.591,0.989,0.442,0.64,0.546,0.167,0.03
678.75,1.594,0.991,0.443,0.64,0.546,0.167,0.03
679.0,1.589,0.987,0.441,0.64,0.546,0.167,0.03
679.25,1.592,0.99,0.443,0.64,0.546,0.167,0.03
679.5,1.595,0.992,0.443,0.64,0.546,0.167,0.03
679.75,1.59,0.988,0.442,0.64,0.546,0.167,0.03
680.0,1.593,0.991,0.443,0.64,0.546,0.167,0.03
680.25,1.588,0.987,0.441,0.64,0.546,0.167,0.03
680.5,1.584,0.983,0.44,0.64,0.546,0.167,0.03
680.75,1.589,0.987,0.441,0.64,0.546,0.167,0.03
681.0,1.592,0.99,0.443,0.64,0.546,0.167,0.03
681.25,1.587,0.986,0.441,0.64,0.546,0.167,0.03
681.5,1.584,0.983,0.44,0.64,0.546,0.166,0.03
681.75,1.596,0.993,0.444,0.64,0.546,0.166,0.03
682.0,1.59,0.988,0.442,0.64,0.546,0.166,0.03
682.25,1.586,0.985,0.441,0.64,0.545,0.167,0.03
682.5,1.59,0.988,0.442,0.64,0.545,0.167,0.03
682.75,1.586,0.985,0.44,0.64,0.545,0.167,0.03
683.0,1.59,0.988,0.442,0.64,0.545,0.166,0.03
683.25,1.593,0.991,0.443,0.64,0.545,0.166,0.03
683.5,1.596,0.993,0.444,0.64,0.545,0.166,0.03
683.75,1.59,0.988,0.442,0.64,0.545,0.166,0.03
684.0,1.594,0.991,0.443,0.64,0.545,0.166,0.03
684.25,1.596,0.993,0.444,0.64,0.546,0.166,0.03
684.5,1.606,1.001,0.447,0.64,0.546,0.166,0.03
684.75,1.606,1.002,0.447,0.64,0.545,0.166,0.03
685.0,1.607,1.002,0.447,0.64,0.545,0.166,0.03
685.25,1.607,1.002,0.447,0.64,0.545,0.166,0.03
685.5,1.607,1.002,0.447,0.64,0.545,0.166,0.03
685.75,1.607,1.002,0.447,0.64,0.545,0.166,0.03
686.0,1.607,1.002,0.447,0.64,0.546,0.166,0.03
686.25,1.607,1.002,0.447,0.64,0.546,0.166,0.03
686.5,1.607,1.002,0.447,0.64,0.546,0.166,0.03
686.75,1.607,1.002,0.447,0.64,0.546,0.166,0.03
687.0,1.607,1.002,0.447,0.641,0.546,0.166,0.03
687.25,1.599,0.995,0.445,0.64,0.546,0.166,0.03
687.5,1.593,0.99,0.443,0.641,0.546,0.166,0.03
687.75,1.596,0.993,0.444,0.641,0.546,0.166,0.03
688.0,1.598,0.995,0.444,0.641,0.545,0.166,0.03
688.25,1.592,0.99,0.442,0.641,0.545,0.166,0.03
688.5,1.595,0.992,0.443,0.64,0.545,0.166,0.03
688.75,1.597,0.994,0.444,0.64,0.545,0.166,0.03
689.0,1.599,0.996,0.445,0.64,0.545,0.166,0.03
689.25,1.593,0.99,0.443,0.64,0.545,0.166,0.03
689.5,1.596,0.993,0.444,0.64,0.545,0.166,0.03
689.75,1.598,0.995,0.444,0.64,0.545,0.166,0.03
690.0,1.6,0.996,0.445,0.64,0.545,0.166,0.03
690.25,1.601,0.997,0.445,0.64,0.545,0.166,0.03
690.5,1.602,0.998,0.446,0.64,0.545,0.166,0.03
690.75,1.603,0.999,0.446,0.64,0.545,0.166,0.03
691.0,1.604,0.999,0.446,0.64,0.545,0.166,0.03
691.25,1.605,1,0.446,0.639,0.545,0.166,0.03
691.5,1.605,1,0.447,0.639,0.545,0.166,0.03
691.75,1.605,1.001,0.447,0.639,0.545,0.165,0.03
692.0,1.606,1.001,0.447,0.639,0.545,0.165,0.031
692.25,1.606,1.001,0.447,0.639,0.545,0.165,0.031
692.5,1.606,1.001,0.447,0.639,0.545,0.165,0.031
692.75,1.598,0.995,0.444,0.638,0.545,0.165,0.031
693.0,1.592,0.99,0.443,0.638,0.545,0.165,0.031
693.25,1.595,0.992,0.443,0.638,0.545,0.165,0.031
693.5,1.598,0.994,0.444,0.638,0.545,0.165,0.031
693.75,1.599,0.996,0.445,0.638,0.545,0.165,0.031
694.0,1.601,0.997,0.445,0.638,0.545,0.165,0.031
694.25,1.594,0.992,0.443,0.638,0.545,0.165,0.031
694.5,1.597,0.994,0.444,0.638,0.545,0.165,0.031
694.75,1.591,0.989,0.442,0.638,0.545,0.164,0.031
695.0,1.586,0.985,0.441,0.638,0.545,0.164,0.03
695.25,1.591,0.989,0.442,0.638,0.545,0.164,0.03
695.5,1.586,0.985,0.441,0.639,0.545,0.164,0.03
695.75,1.59,0.988,0.442,0.639,0.545,0.164,0.03
696.0,1.586,0.985,0.44,0.639,0.545,0.164,0.03
696.25,1.59,0.988,0.442,0.639,0.545,0.164,0.03
696.5,1.601,0.997,0.445,0.639,0.545,0.164,0.03
696.75,1.602,0.998,0.446,0.639,0.545,0.164,0.03
697.0,1.603,0.999,0.446,0.64,0.545,0.164,0.03
697.25,1.604,0.999,0.446,0.64,0.545,0.164,0.03
697.5,1.605,1,0.446,0.64,0.545,0.164,0.031
697.75,1.605,1,0.447,0.64,0.544,0.164,0.031
698.0,1.605,1.001,0.447,0.64,0.544,0.164,0.031
698.25,1.606,1.001,0.447,0.64,0.544,0.164,0.031
698.5,1.614,1.007,0.449,0.64,0.545,0.164,0.03
698.75,1.62,1.013,0.451,0.64,0.545,0.164,0.03
699.0,1.618,1.011,0.45,0.64,0.544,0.164,0.03
699.25,1.615,1.009,0.45,0.64,0.545,0.164,0.03
699.5,1.614,1.007,0.449,0.64,0.545,0.164,0.03
699.75,1.612,1.006,0.449,0.641,0.545,0.164,0.03
700.0,1.611,1.005,0.448,0.641,0.545,0.164,0.03
700.25,1.61,1.005,0.448,0.641,0.545,0.164,0.03
700.5,1.61,1.004,0.448,0.641,0.545,0.164,0.03
700.75,1.609,1.004,0.448,0.641,0.545,0.164,0.03
701.0,1.609,1.003,0.448,0.641,0.545,0.164,0.03
701.25,1.608,1.003,0.448,0.641,0.545,0.164,0.03
701.5,1.608,1.003,0.447,0.641,0.545,0.164,0.03
701.75,1.608,1.003,0.447,0.641,0.545,0.164,0.031
702.0,1.608,1.002,0.447,0.641,0.545,0.164,0.031
702.25,1.607,1.002,0.447,0.642,0.545,0.164,0.031
702.5,1.607,1.002,0.447,0.642,0.545,0.164,0.031
702.75,1.607,1.002,0.447,0.642,0.545,0.164,0.031
703.0,1.607,1.002,0.447,0.642,0.545,0.164,0.031
703.25,1.607,1.002,0.447,0.642,0.545,0.164,0.03
703.5,2.391,1.597,0.685,0.767,0.654,0.196,0.037
703.75,2.248,1.444,0.634,0.818,0.698,0.209,0.039
704.0,2.191,1.383,0.613,0.838,0.717,0.214,0.04
704.25,2.168,1.359,0.605,0.847,0.723,0.216,0.04
704.5,2.159,1.349,0.601,0.85,0.726,0.216,0.041
704.75,2.156,1.345,0.6,0.851,0.727,0.216,0.04
705.0,2.154,1.343,0.599,0.852,0.728,0.217,0.041
705.25,2.154,1.343,0.599,0.853,0.729,0.217,0.041
705.5,2.185,1.368,0.609,0.853,0.728,0.217,0.04
705.75,2.166,1.353,0.603,0.854,0.727,0.217,0.041
706.0,2.158,1.347,0.601,0.855,0.727,0.218,0.041
706.25,2.155,1.344,0.6,0.856,0.727,0.218,0.041
706.5,2.154,1.343,0.599,0.857,0.728,0.218,0.041
706.75,2.154,1.343,0.599,0.858,0.727,0.218,0.041
707.0,2.153,1.343,0.599,0.859,0.728,0.219,0.04
707.25,2.153,1.342,0.599,0.86,0.728,0.218,0.04
707.5,2.153,1.342,0.599,0.86,0.728,0.219,0.04
707.75,2.153,1.342,0.599,0.861,0.727,0.219,0.041
708.0,2.153,1.342,0.599,0.861,0.728,0.22,0.04
708.25,2.153,1.342,0.599,0.863,0.729,0.22,0.04
708.5,2.153,1.342,0.599,0.864,0.728,0.22,0.04
708.75,2.153,1.342,0.599,0.863,0.728,0.22,0.04
709.0,2.153,1.342,0.599,0.864,0.728,0.22,0.04
709.25,2.153,1.342,0.599,0.865,0.728,0.221,0.041
709.5,2.153,1.342,0.599,0.865,0.728,0.221,0.041
709.75,2.153,1.342,0.599,0.865,0.728,0.221,0.04
710.0,2.153,1.342,0.599,0.864,0.729,0.222,0.04
710.25,2.153,1.342,0.599,0.865,0.729,0.222,0.04
710.5,2.185,1.368,0.609,0.865,0.728,0.222,0.04
710.75,2.166,1.353,0.603,0.866,0.728,0.222,0.04
711.0,2.158,1.347,0.601,0.867,0.728,0.222,0.04
711.25,2.155,1.344,0.6,0.867,0.727,0.223,0.04
711.5,2.154,1.343,0.599,0.867,0.727,0.223,0.04
711.75,2.154,1.343,0.599,0.869,0.727,0.224,0.04
712.0,2.153,1.343,0.599,0.87,0.728,0.225,0.04
712.25,2.153,1.342,0.599,0.87,0.728,0.226,0.04
712.5,2.122,1.317,0.589,0.872,0.729,0.226,0.04
712.75,2.141,1.332,0.595,0.872,0.728,0.226,0.04
713.0,2.148,1.338,0.598,0.873,0.728,0.227,0.04
713.25,2.151,1.341,0.598,0.874,0.729,0.228,0.039
713.5,2.152,1.342,0.599,0.875,0.729,0.228,0.039
713.75,2.153,1.342,0.599,0.875,0.728,0.229,0.039
714.0,2.153,1.342,0.599,0.876,0.727,0.229,0.04
714.25,2.122,1.317,0.589,0.876,0.727,0.23,0.04
714.5,2.109,1.307,0.585,0.877,0.727,0.23,0.039
714.75,2.136,1.328,0.594,0.877,0.728,0.231,0.04
715.0,2.115,1.311,0.587,0.878,0.729,0.231,0.04
715.25,2.138,1.33,0.594,0.879,0.729,0.232,0.04
715.5,2.147,1.337,0.597,0.879,0.729,0.233,0.04
715.75,2.151,1.34,0.598,0.88,0.73,0.233,0.04
716.0,2.152,1.342,0.599,0.88,0.729,0.234,0.04
716.25,2.153,1.342,0.599,0.88,0.729,0.234,0.04
716.5,2.122,1.317,0.589,0.881,0.729,0.235,0.04
716.75,2.109,1.307,0.585,0.881,0.729,0.235,0.039
717.0,2.104,1.303,0.584,0.881,0.73,0.236,0.04
717.25,2.102,1.301,0.583,0.881,0.73,0.236,0.04
717.5,2.102,1.301,0.583,0.881,0.73,0.236,0.04
717.75,2.101,1.3,0.583,0.881,0.729,0.237,0.04
718.0,2.101,1.3,0.583,0.881,0.729,0.236,0.039
718.25,2.101,1.3,0.583,0.88,0.729,0.237,0.039
718.5,2.101,1.3,0.583,0.881,0.729,0.237,0.04
718.75,2.101,1.3,0.583,0.881,0.729,0.237,0.04
719.0,2.101,1.3,0.583,0.882,0.729,0.237,0.04
719.25,2.132,1.325,0.593,0.882,0.729,0.237,0.04
719.5,2.114,1.31,0.587,0.881,0.729,0.238,0.04
719.75,2.075,1.279,0.575,0.881,0.729,0.238,0.039
720.0,2.091,1.292,0.579,0.881,0.729,0.238,0.04
720.25,2.066,1.272,0.572,0.88,0.728,0.239,0.039
720.5,2.087,1.289,0.578,0.881,0.729,0.238,0.04
720.75,2.095,1.296,0.581,0.882,0.728,0.239,0.039
721.0,2.068,1.273,0.572,0.881,0.728,0.239,0.039
721.25,2.088,1.289,0.579,0.881,0.729,0.239,0.039
721.5,2.096,1.296,0.581,0.882,0.729,0.24,0.039
721.75,2.13,1.324,0.592,0.881,0.73,0.24,0.039
722.0,2.113,1.31,0.586,0.881,0.729,0.24,0.04
722.25,2.106,1.304,0.584,0.882,0.729,0.241,0.039
722.5,2.103,1.302,0.583,0.881,0.729,0.241,0.04
722.75,2.071,1.276,0.573,0.881,0.729,0.241,0.039
723.0,2.089,1.29,0.579,0.881,0.729,0.241,0.04
723.25,2.096,1.296,0.581,0.882,0.729,0.241,0.039
723.5,2.099,1.299,0.582,0.881,0.729,0.241,0.039
723.75,2.069,1.274,0.573,0.881,0.729,0.242,0.039
724.0,2.088,1.29,0.579,0.881,0.73,0.242,0.039
724.25,2.065,1.271,0.571,0.881,0.729,0.242,0.039
724.5,2.087,1.288,0.578,0.881,0.729,0.242,0.039
724.75,2.095,1.295,0.581,0.881,0.73,0.242,0.04
725.0,2.099,1.298,0.582,0.882,0.729,0.242,0.039
725.25,2.1,1.299,0.582,0.882,0.729,0.242,0.04
725.5,2.07,1.275,0.573,0.882,0.729,0.242,0.039
725.75,2.089,1.29,0.579,0.881,0.73,0.243,0.039
726.0,2.065,1.271,0.571,0.881,0.729,0.242,0.039
726.25,2.087,1.288,0.578,0.882,0.729,0.243,0.039
726.5,2.064,1.27,0.571,0.881,0.729,0.243,0.039
726.75,2.055,1.263,0.568,0.88,0.729,0.243,0.039
727.0,2.052,1.26,0.567,0.881,0.729,0.243,0.039
727.25,2.05,1.259,0.567,0.881,0.729,0.242,0.039
727.5,2.05,1.259,0.567,0.881,0.729,0.243,0.04
727.75,2.081,1.284,0.576,0.881,0.729,0.243,0.039
728.0,2.062,1.268,0.57,0.881,0.73,0.243,0.039
728.25,2.085,1.287,0.578,0.88,0.729,0.242,0.039
728.5,2.064,1.27,0.571,0.879,0.729,0.243,0.039
728.75,2.055,1.263,0.568,0.88,0.729,0.244,0.04
729.0,2.052,1.26,0.567,0.881,0.729,0.243,0.039
729.25,2.05,1.259,0.567,0.88,0.729,0.244,0.039
729.5,2.05,1.259,0.567,0.881,0.729,0.243,0.039
729.75,2.049,1.258,0.566,0.881,0.729,0.244,0.039
730.0,2.018,1.234,0.557,0.881,0.729,0.244,0.039
730.25,2.037,1.248,0.563,0.88,0.73,0.244,0.039
730.5,2.044,1.254,0.565,0.88,0.729,0.244,0.039
730.75,2.047,1.257,0.566,0.88,0.73,0.244,0.04
731.0,2.111,1.308,0.586,0.88,0.729,0.244,0.039
731.25,2.043,1.254,0.565,0.88,0.729,0.244,0.039
731.5,1.985,1.207,0.546,0.88,0.729,0.244,0.04
731.75,2.024,1.238,0.558,0.88,0.729,0.244,0.039
732.0,2.039,1.25,0.563,0.88,0.73,0.244,0.04
732.25,2.045,1.255,0.565,0.881,0.729,0.244,0.039
732.5,2.048,1.257,0.566,0.881,0.73,0.244,0.039
732.75,2.049,1.258,0.566,0.88,0.729,0.244,0.039
733.0,2.08,1.283,0.576,0.88,0.729,0.244,0.039
733.25,2.062,1.268,0.57,0.88,0.73,0.244,0.039
733.5,2.054,1.262,0.568,0.88,0.729,0.244,0.04
733.75,2.051,1.26,0.567,0.879,0.729,0.244,0.04
734.0,2.05,1.259,0.567,0.88,0.729,0.244,0.039
734.25,2.05,1.259,0.567,0.881,0.729,0.244,0.039
734.5,2.081,1.283,0.576,0.879,0.728,0.244,0.039
734.75,2.062,1.268,0.57,0.88,0.729,0.244,0.039
735.0,2.054,1.262,0.568,0.88,0.729,0.244,0.039
735.25,2.051,1.26,0.567,0.879,0.73,0.244,0.039
735.5,2.05,1.259,0.567,0.88,0.729,0.244,0.039
735.75,2.05,1.259,0.567,0.879,0.728,0.244,0.039
736.0,2.049,1.258,0.566,0.878,0.727,0.244,0.039
736.25,2.018,1.234,0.557,0.878,0.728,0.244,0.039
736.5,2.037,1.248,0.563,0.88,0.729,0.244,0.039
736.75,2.013,1.23,0.555,0.879,0.729,0.244,0.04
737.0,2.035,1.247,0.562,0.879,0.729,0.244,0.039
737.25,2.044,1.254,0.565,0.878,0.729,0.244,0.039
737.5,2.047,1.256,0.566,0.879,0.729,0.244,0.039
737.75,2.017,1.233,0.556,0.88,0.729,0.244,0.039
738.0,2.037,1.248,0.562,0.879,0.729,0.244,0.039
738.25,2.044,1.254,0.565,0.878,0.728,0.244,0.039
738.5,2.016,1.232,0.556,0.878,0.729,0.244,0.039
738.75,2.036,1.248,0.562,0.877,0.728,0.244,0.039
739.0,2.013,1.229,0.555,0.878,0.728,0.244,0.039
739.25,2.004,1.222,0.552,0.878,0.729,0.243,0.039
739.5,2,1.219,0.551,0.879,0.729,0.244,0.039
739.75,2.03,1.243,0.56,0.879,0.729,0.244,0.039
740.0,2.041,1.252,0.564,0.879,0.729,0.244,0.039
740.25,2.046,1.256,0.565,0.878,0.728,0.244,0.039
740.5,2.048,1.257,0.566,0.879,0.729,0.244,0.039
740.75,2.049,1.258,0.566,0.878,0.728,0.244,0.039
741.0,2.049,1.258,0.566,0.878,0.728,0.244,0.039
741.25,2.018,1.234,0.557,0.878,0.729,0.244,0.039
741.5,2.037,1.248,0.563,0.878,0.729,0.244,0.039
741.75,2.013,1.23,0.555,0.877,0.729,0.244,0.039
742.0,2.004,1.222,0.552,0.877,0.729,0.244,0.039
742.25,2.031,1.244,0.561,0.878,0.729,0.244,0.039
742.5,2.042,1.253,0.564,0.878,0.73,0.244,0.039
742.75,2.046,1.256,0.566,0.877,0.729,0.244,0.039
743.0,2.048,1.257,0.566,0.878,0.729,0.244,0.039
743.25,2.018,1.233,0.557,0.878,0.729,0.244,0.039
743.5,1.975,1.199,0.543,0.878,0.729,0.244,0.039
743.75,1.989,1.21,0.547,0.877,0.73,0.244,0.039
744.0,2.025,1.239,0.559,0.878,0.729,0.244,0.039
744.25,2.009,1.226,0.554,0.877,0.729,0.244,0.039
744.5,2.033,1.245,0.561,0.878,0.729,0.244,0.039
744.75,2.012,1.228,0.555,0.879,0.728,0.244,0.039
745.0,2.034,1.246,0.562,0.878,0.729,0.244,0.039
745.25,2.012,1.229,0.555,0.879,0.73,0.244,0.039
745.5,2.004,1.222,0.552,0.879,0.73,0.244,0.039
745.75,2.031,1.244,0.561,0.878,0.729,0.244,0.039
746.0,2.042,1.252,0.564,0.877,0.729,0.244,0.039
746.25,2.046,1.256,0.566,0.878,0.728,0.244,0.039
746.5,2.048,1.257,0.566,0.877,0.728,0.243,0.04
746.75,2.018,1.233,0.557,0.876,0.727,0.244,0.039
747.0,2.037,1.248,0.563,0.877,0.729,0.244,0.039
747.25,2.044,1.254,0.565,0.877,0.73,0.244,0.04
747.5,2.047,1.257,0.566,0.877,0.728,0.244,0.039
747.75,2.048,1.258,0.566,0.877,0.727,0.244,0.039
748.0,2.049,1.258,0.566,0.877,0.728,0.244,0.039
748.25,2.049,1.258,0.566,0.877,0.728,0.243,0.04
748.5,2.049,1.258,0.566,0.876,0.727,0.243,0.039
748.75,2.018,1.234,0.557,0.876,0.728,0.243,0.039
749.0,2.006,1.224,0.553,0.877,0.728,0.243,0.039
749.25,2.032,1.244,0.561,0.877,0.728,0.243,0.039
749.5,2.042,1.253,0.564,0.877,0.729,0.244,0.039
749.75,2.016,1.231,0.556,0.878,0.729,0.243,0.039
750.0,2.005,1.223,0.553,0.877,0.729,0.243,0.039
750.25,2.032,1.244,0.561,0.878,0.728,0.243,0.039
750.5,2.011,1.228,0.555,0.877,0.728,0.243,0.039
750.75,2.003,1.221,0.552,0.877,0.728,0.244,0.039
751.0,2,1.219,0.551,0.877,0.729,0.243,0.038
751.25,1.999,1.218,0.551,0.877,0.729,0.243,0.039
751.5,1.967,1.193,0.541,0.877,0.728,0.243,0.039
751.75,2.017,1.232,0.556,0.877,0.729,0.244,0.039
752.0,2.036,1.248,0.562,0.877,0.728,0.243,0.039
752.25,2.013,1.229,0.555,0.877,0.729,0.243,0.04
752.5,2.004,1.222,0.552,0.877,0.729,0.243,0.039
752.75,2.031,1.244,0.561,0.877,0.729,0.244,0.039
753.0,2.011,1.228,0.554,0.877,0.728,0.243,0.04
753.25,2.003,1.221,0.552,0.877,0.729,0.243,0.039
753.5,2,1.219,0.551,0.877,0.729,0.243,0.039
753.75,2.03,1.243,0.56,0.878,0.729,0.243,0.039
754.0,1.919,1.155,0.526,0.877,0.729,0.243,0.039
754.25,1.966,1.192,0.541,0.877,0.729,0.243,0.039
754.5,1.985,1.207,0.546,0.877,0.729,0.242,0.039
754.75,2.024,1.238,0.558,0.876,0.728,0.243,0.039
755.0,2.039,1.25,0.563,0.877,0.728,0.243,0.039
755.25,2.014,1.23,0.555,0.876,0.727,0.242,0.039
755.5,2.004,1.222,0.552,0.877,0.729,0.243,0.04
755.75,2,1.219,0.551,0.878,0.728,0.242,0.039
756.0,1.999,1.218,0.551,0.877,0.728,0.243,0.039
756.25,2.029,1.242,0.56,0.878,0.728,0.243,0.04
756.5,2.01,1.227,0.554,0.878,0.728,0.242,0.039
756.75,2.003,1.221,0.552,0.878,0.727,0.243,0.039
757.0,2,1.219,0.551,0.877,0.728,0.242,0.039
757.25,1.999,1.218,0.551,0.878,0.727,0.243,0.039
757.5,2.029,1.242,0.56,0.877,0.728,0.243,0.039
757.75,2.041,1.252,0.564,0.877,0.729,0.242,0.039
758.0,2.015,1.231,0.556,0.876,0.728,0.242,0.039
758.25,2.005,1.223,0.552,0.877,0.729,0.242,0.039
758.5,2.001,1.219,0.551,0.877,0.728,0.243,0.039
758.75,1.999,1.218,0.551,0.876,0.728,0.242,0.039
759.0,1.998,1.217,0.55,0.877,0.727,0.242,0.039
759.25,2.029,1.242,0.56,0.877,0.727,0.243,0.04
759.5,2.01,1.227,0.554,0.877,0.728,0.242,0.039
759.75,2.034,1.246,0.562,0.877,0.728,0.243,0.039
760.0,2.012,1.229,0.555,0.877,0.728,0.242,0.039
760.25,2.004,1.222,0.552,0.876,0.727,0.242,0.04
760.5,2.031,1.244,0.561,0.876,0.727,0.242,0.039
760.75,2.011,1.228,0.554,0.877,0.728,0.242,0.039
761.0,2.003,1.221,0.552,0.877,0.728,0.242,0.039
761.25,2,1.219,0.551,0.877,0.727,0.242,0.039
761.5,2.03,1.243,0.56,0.876,0.728,0.242,0.039
761.75,2.01,1.227,0.554,0.877,0.728,0.242,0.039
762.0,2.003,1.221,0.552,0.877,0.727,0.242,0.039
762.25,2,1.219,0.551,0.877,0.728,0.243,0.039
762.5,2.029,1.242,0.56,0.877,0.728,0.242,0.039
762.75,2.01,1.227,0.554,0.876,0.728,0.242,0.039
763.0,2.003,1.221,0.552,0.876,0.727,0.242,0.039
763.25,2,1.219,0.551,0.876,0.727,0.242,0.039
763.5,1.999,1.218,0.551,0.877,0.728,0.243,0.039
763.75,2.029,1.242,0.56,0.877,0.728,0.242,0.04
764.0,2.01,1.227,0.554,0.876,0.728,0.242,0.039
764.25,2.034,1.246,0.562,0.877,0.728,0.242,0.039
764.5,2.043,1.253,0.564,0.876,0.727,0.242,0.04
764.75,2.047,1.256,0.566,0.876,0.727,0.242,0.039
765.0,2.017,1.233,0.556,0.876,0.728,0.242,0.039
765.25,1.914,1.151,0.524,0.876,0.727,0.242,0.039
765.5,1.964,1.191,0.54,0.875,0.727,0.242,0.039
765.75,2.109,1.307,0.585,0.875,0.727,0.242,0.04
766.0,2.042,1.253,0.564,0.874,0.727,0.242,0.039
766.25,2.016,1.232,0.556,0.875,0.727,0.242,0.04
766.5,2.036,1.248,0.562,0.875,0.727,0.242,0.039
766.75,2.044,1.254,0.565,0.876,0.727,0.242,0.039
767.0,2.047,1.257,0.566,0.875,0.727,0.242,0.039
767.25,2.018,1.233,0.556,0.876,0.727,0.241,0.039
767.5,2.006,1.223,0.553,0.875,0.727,0.242,0.038
767.75,2.001,1.22,0.551,0.875,0.726,0.242,0.039
768.0,2.03,1.243,0.56,0.874,0.727,0.241,0.04
768.25,2.073,1.277,0.574,0.874,0.727,0.242,0.04
768.5,2.028,1.241,0.56,0.875,0.727,0.242,0.039
768.75,2.041,1.251,0.564,0.875,0.727,0.241,0.039
769.0,2.046,1.256,0.565,0.876,0.727,0.242,0.039
769.25,2.048,1.257,0.566,0.875,0.727,0.242,0.039
769.5,2.018,1.233,0.557,0.874,0.726,0.242,0.039
769.75,2.006,1.224,0.553,0.875,0.726,0.242,0.039
770.0,2.032,1.244,0.561,0.874,0.727,0.242,0.039
770.25,2.011,1.228,0.555,0.875,0.726,0.241,0.04
770.5,2.003,1.221,0.552,0.874,0.726,0.241,0.04
770.75,1.969,1.194,0.541,0.873,0.726,0.241,0.039
771.0,1.986,1.208,0.547,0.874,0.727,0.242,0.039
771.25,1.993,1.213,0.549,0.874,0.726,0.241,0.039
771.5,1.996,1.216,0.55,0.874,0.725,0.241,0.04
771.75,1.997,1.217,0.55,0.875,0.726,0.242,0.039
772.0,1.997,1.217,0.55,0.874,0.726,0.241,0.039
772.25,2.029,1.242,0.56,0.874,0.726,0.241,0.039
772.5,2.01,1.227,0.554,0.874,0.726,0.242,0.039
772.75,2.003,1.221,0.552,0.874,0.726,0.241,0.04
773.0,2,1.219,0.551,0.874,0.727,0.241,0.039
773.25,1.999,1.218,0.551,0.873,0.726,0.241,0.04
773.5,1.998,1.217,0.55,0.874,0.726,0.241,0.039
773.75,1.998,1.217,0.55,0.874,0.726,0.241,0.04
774.0,2.123,1.318,0.59,0.873,0.726,0.241,0.039
774.25,2.048,1.257,0.566,0.874,0.727,0.241,0.04
774.5,2.018,1.233,0.557,0.873,0.726,0.241,0.039
774.75,2.006,1.224,0.553,0.874,0.726,0.24,0.039
775.0,2.001,1.22,0.551,0.874,0.726,0.241,0.039
775.25,1.999,1.218,0.551,0.875,0.726,0.241,0.039
775.5,1.998,1.218,0.55,0.874,0.726,0.241,0.039
775.75,1.998,1.217,0.55,0.874,0.727,0.241,0.039
776.0,1.998,1.217,0.55,0.875,0.726,0.241,0.04
776.25,1.998,1.217,0.55,0.874,0.727,0.241,0.039
776.5,1.998,1.217,0.55,0.874,0.727,0.241,0.039
776.75,1.998,1.217,0.55,0.874,0.727,0.241,0.039
777.0,1.998,1.217,0.55,0.874,0.726,0.241,0.039
777.25,1.998,1.217,0.55,0.874,0.727,0.241,0.039
777.5,1.998,1.217,0.55,0.874,0.727,0.241,0.04
777.75,1.998,1.217,0.55,0.875,0.727,0.24,0.039
778.0,2.029,1.242,0.56,0.874,0.727,0.241,0.039
778.25,2.01,1.227,0.554,0.875,0.727,0.24,0.039
778.5,2.003,1.221,0.552,0.874,0.727,0.24,0.039
778.75,2,1.219,0.551,0.874,0.726,0.24,0.04
779.0,1.999,1.218,0.551,0.874,0.727,0.239,0.039
779.25,1.998,1.217,0.55,0.874,0.726,0.24,0.039
779.5,1.998,1.217,0.55,0.873,0.726,0.24,0.039
779.75,1.998,1.217,0.55,0.874,0.727,0.24,0.039
780.0,1.998,1.217,0.55,0.874,0.727,0.24,0.039
780.25,2.029,1.242,0.56,0.874,0.726,0.24,0.039
780.5,2.041,1.252,0.564,0.874,0.727,0.24,0.039
780.75,2.015,1.231,0.556,0.874,0.726,0.24,0.039
781.0,2.005,1.223,0.552,0.875,0.726,0.239,0.039
781.25,2.031,1.244,0.561,0.874,0.727,0.24,0.039
781.5,2.011,1.228,0.555,0.874,0.726,0.24,0.039
781.75,2.003,1.221,0.552,0.873,0.726,0.24,0.039
782.0,2,1.219,0.551,0.874,0.726,0.239,0.039
782.25,1.999,1.218,0.551,0.873,0.726,0.239,0.039
782.5,1.998,1.217,0.55,0.874,0.726,0.24,0.039
782.75,1.998,1.217,0.55,0.873,0.725,0.24,0.038
783.0,1.998,1.217,0.55,0.874,0.726,0.24,0.039
783.25,1.998,1.217,0.55,0.874,0.726,0.24,0.04
783.5,1.998,1.217,0.55,0.873,0.726,0.24,0.04
783.75,1.998,1.217,0.55,0.874,0.726,0.24,0.039
784.0,1.998,1.217,0.55,0.873,0.725,0.24,0.039
784.25,2.029,1.242,0.56,0.874,0.725,0.239,0.039
784.5,2.01,1.227,0.554,0.874,0.725,0.239,0.039
784.75,2.003,1.221,0.552,0.874,0.726,0.24,0.039
785.0,2.031,1.243,0.561,0.873,0.725,0.239,0.039
785.25,2.011,1.228,0.554,0.873,0.725,0.24,0.039
785.5,2.003,1.221,0.552,0.874,0.726,0.239,0.039
785.75,2,1.219,0.551,0.873,0.726,0.24,0.039
786.0,1.999,1.218,0.551,0.873,0.727,0.24,0.039
786.25,1.998,1.217,0.55,0.873,0.726,0.24,0.039
786.5,1.998,1.217,0.55,0.873,0.726,0.239,0.039
786.75,1.998,1.217,0.55,0.874,0.727,0.239,0.039
787.0,1.998,1.217,0.55,0.873,0.726,0.239,0.039
787.25,2.029,1.242,0.56,0.874,0.725,0.239,0.039
787.5,2.041,1.252,0.564,0.873,0.726,0.239,0.039
787.75,2.015,1.231,0.556,0.873,0.726,0.24,0.039
788.0,2.005,1.223,0.552,0.873,0.725,0.239,0.039
788.25,2.001,1.219,0.551,0.874,0.725,0.24,0.039
788.5,1.999,1.218,0.551,0.873,0.725,0.239,0.04
788.75,1.998,1.217,0.55,0.873,0.726,0.24,0.039
789.0,2.029,1.242,0.56,0.874,0.726,0.239,0.039
789.25,2.01,1.227,0.554,0.873,0.725,0.239,0.039
789.5,1.911,1.149,0.523,0.873,0.725,0.239,0.039
789.75,1.932,1.165,0.53,0.873,0.726,0.239,0.039
790.0,1.972,1.196,0.542,0.872,0.725,0.238,0.039
790.25,1.987,1.209,0.547,0.873,0.726,0.239,0.04
790.5,1.994,1.214,0.549,0.873,0.725,0.239,0.039
790.75,1.996,1.216,0.55,0.873,0.726,0.238,0.039
791.0,1.997,1.217,0.55,0.873,0.726,0.239,0.039
791.25,1.997,1.217,0.55,0.873,0.726,0.239,0.039
791.5,1.998,1.217,0.55,0.874,0.725,0.239,0.039
791.75,1.998,1.217,0.55,0.873,0.725,0.238,0.039
792.0,1.998,1.217,0.55,0.872,0.725,0.238,0.039
792.25,1.998,1.217,0.55,0.872,0.725,0.239,0.04
792.5,1.998,1.217,0.55,0.871,0.725,0.238,0.039
792.75,1.998,1.217,0.55,0.872,0.725,0.238,0.039
793.0,1.998,1.217,0.55,0.873,0.725,0.239,0.039
793.25,1.998,1.217,0.55,0.872,0.726,0.238,0.04
793.5,2.029,1.242,0.56,0.872,0.725,0.238,0.039
793.75,2.01,1.227,0.554,0.873,0.725,0.238,0.039
794.0,2.034,1.246,0.562,0.873,0.726,0.238,0.039
794.25,2.012,1.229,0.555,0.873,0.726,0.239,0.039
794.5,2.003,1.222,0.552,0.873,0.726,0.238,0.04
794.75,2,1.219,0.551,0.873,0.725,0.238,0.039
795.0,1.999,1.218,0.551,0.873,0.726,0.239,0.039
795.25,1.998,1.217,0.55,0.873,0.726,0.238,0.039
795.5,1.998,1.217,0.55,0.872,0.725,0.238,0.04
795.75,1.998,1.217,0.55,0.872,0.725,0.238,0.039
796.0,1.998,1.217,0.55,0.871,0.725,0.238,0.039
796.25,1.998,1.217,0.55,0.872,0.726,0.238,0.039
796.5,1.998,1.217,0.55,0.872,0.725,0.238,0.039
796.75,2.091,1.292,0.58,0.873,0.725,0.238,0.039
797.0,2.035,1.247,0.562,0.872,0.725,0.238,0.039
797.25,2.013,1.229,0.555,0.872,0.725,0.238,0.039
797.5,2.035,1.247,0.562,0.871,0.724,0.238,0.039
797.75,2.013,1.229,0.555,0.872,0.724,0.238,0.04
798.0,2.004,1.222,0.552,0.871,0.725,0.239,0.039
798.25,2,1.219,0.551,0.872,0.725,0.238,0.04
798.5,1.999,1.218,0.551,0.872,0.725,0.238,0.039
798.75,1.998,1.217,0.55,0.872,0.725,0.238,0.039
799.0,1.998,1.217,0.55,0.872,0.725,0.238,0.039
799.25,1.998,1.217,0.55,0.872,0.726,0.237,0.039
799.5,1.998,1.217,0.55,0.873,0.725,0.238,0.039
799.75,1.998,1.217,0.55,0.874,0.726,0.238,0.04
800.0,1.998,1.217,0.55,0.873,0.725,0.238,0.04
800.25,2.029,1.242,0.56,0.872,0.725,0.238,0.04
800.5,2.01,1.227,0.554,0.872,0.725,0.238,0.039
800.75,2.003,1.221,0.552,0.873,0.725,0.238,0.04
801.0,2,1.219,0.551,0.872,0.725,0.237,0.039
801.25,1.999,1.218,0.551,0.873,0.724,0.238,0.04
801.5,2.029,1.242,0.56,0.873,0.725,0.238,0.039
801.75,2.01,1.227,0.554,0.872,0.725,0.238,0.039
802.0,2.003,1.221,0.552,0.871,0.725,0.238,0.039
802.25,2,1.219,0.551,0.872,0.725,0.238,0.039
802.5,1.999,1.218,0.551,0.872,0.724,0.237,0.038
802.75,1.998,1.217,0.55,0.871,0.725,0.238,0.039
803.0,1.998,1.217,0.55,0.871,0.725,0.238,0.04
803.25,1.998,1.217,0.55,0.871,0.724,0.237,0.039
803.5,1.998,1.217,0.55,0.871,0.724,0.238,0.039
803.75,2.029,1.242,0.56,0.871,0.725,0.237,0.04
804.0,2.01,1.227,0.554,0.871,0.725,0.238,0.039
804.25,2.003,1.221,0.552,0.87,0.725,0.237,0.039
804.5,2,1.219,0.551,0.871,0.725,0.238,0.039
804.75,2.029,1.242,0.56,0.872,0.725,0.238,0.039
805.0,2.01,1.227,0.554,0.871,0.725,0.237,0.039
805.25,2.003,1.221,0.552,0.871,0.725,0.237,0.04
805.5,2,1.219,0.551,0.871,0.724,0.236,0.04
805.75,1.999,1.218,0.551,0.87,0.724,0.237,0.039
806.0,1.998,1.217,0.55,0.87,0.724,0.237,0.039
806.25,1.967,1.193,0.541,0.871,0.725,0.237,0.039
806.5,1.986,1.207,0.547,0.871,0.725,0.237,0.04
806.75,1.993,1.213,0.549,0.871,0.724,0.237,0.039
807.0,1.996,1.216,0.55,0.87,0.724,0.238,0.04
807.25,1.997,1.216,0.55,0.871,0.725,0.237,0.039
807.5,1.997,1.217,0.55,0.871,0.724,0.238,0.04
807.75,1.998,1.217,0.55,0.872,0.725,0.237,0.039
808.0,2.029,1.242,0.56,0.871,0.724,0.237,0.039
808.25,2.01,1.227,0.554,0.871,0.724,0.237,0.04
808.5,2.003,1.221,0.552,0.87,0.724,0.237,0.04
808.75,2,1.219,0.551,0.87,0.723,0.237,0.04
809.0,1.999,1.218,0.551,0.871,0.724,0.236,0.04
809.25,1.998,1.217,0.55,0.871,0.724,0.237,0.039
809.5,1.998,1.217,0.55,0.871,0.725,0.237,0.04
809.75,1.998,1.217,0.55,0.871,0.725,0.237,0.04
810.0,1.998,1.217,0.55,0.87,0.724,0.237,0.039
810.25,1.967,1.193,0.541,0.871,0.724,0.237,0.04
810.5,1.955,1.183,0.537,0.871,0.723,0.238,0.039
810.75,1.981,1.203,0.545,0.871,0.723,0.237,0.039
811.0,1.991,1.212,0.548,0.87,0.724,0.237,0.04
811.25,1.995,1.215,0.549,0.871,0.723,0.236,0.04
811.5,1.997,1.216,0.55,0.871,0.724,0.237,0.039
811.75,1.997,1.217,0.55,0.87,0.724,0.236,0.039
812.0,1.998,1.217,0.55,0.87,0.723,0.237,0.039
812.25,1.998,1.217,0.55,0.87,0.723,0.237,0.039
812.5,1.998,1.217,0.55,0.87,0.724,0.237,0.039
812.75,1.998,1.217,0.55,0.87,0.724,0.237,0.04
813.0,1.998,1.217,0.55,0.87,0.724,0.237,0.039
813.25,1.998,1.217,0.55,0.87,0.724,0.237,0.039
813.5,1.967,1.193,0.541,0.871,0.724,0.237,0.039
813.75,1.985,1.207,0.546,0.87,0.724,0.237,0.038
814.0,2.024,1.238,0.558,0.87,0.725,0.237,0.039
814.25,2.008,1.225,0.554,0.87,0.724,0.237,0.039
814.5,2.002,1.22,0.552,0.87,0.723,0.237,0.04
814.75,1.999,1.218,0.551,0.87,0.724,0.237,0.039
815.0,1.998,1.218,0.551,0.87,0.724,0.237,0.039
815.25,1.998,1.217,0.55,0.87,0.724,0.237,0.04
815.5,1.998,1.217,0.55,0.87,0.723,0.237,0.04
815.75,1.998,1.217,0.55,0.87,0.723,0.236,0.039
816.0,1.967,1.193,0.541,0.871,0.724,0.237,0.039
816.25,1.985,1.207,0.546,0.87,0.723,0.236,0.039
816.5,1.993,1.213,0.549,0.869,0.723,0.237,0.039
816.75,1.996,1.216,0.55,0.87,0.723,0.236,0.039
817.0,1.966,1.192,0.54,0.87,0.722,0.236,0.039
817.25,1.954,1.183,0.537,0.87,0.723,0.237,0.04
817.5,1.98,1.203,0.545,0.87,0.723,0.236,0.039
817.75,1.991,1.212,0.548,0.87,0.723,0.237,0.039
818.0,2.026,1.24,0.559,0.87,0.724,0.237,0.04
818.25,2.009,1.226,0.554,0.871,0.724,0.237,0.039
818.5,2.002,1.221,0.552,0.87,0.723,0.237,0.04
818.75,2,1.219,0.551,0.87,0.723,0.236,0.04
819.0,1.968,1.193,0.541,0.871,0.722,0.237,0.039
819.25,1.986,1.208,0.547,0.87,0.722,0.236,0.04
819.5,1.962,1.189,0.539,0.87,0.723,0.236,0.039
819.75,1.984,1.206,0.546,0.87,0.723,0.237,0.039
820.0,1.992,1.213,0.549,0.87,0.724,0.236,0.039
820.25,1.965,1.191,0.54,0.87,0.724,0.237,0.039
820.5,1.985,1.207,0.546,0.87,0.724,0.236,0.04
820.75,1.992,1.213,0.549,0.871,0.724,0.236,0.04
821.0,1.996,1.215,0.55,0.87,0.723,0.237,0.039
821.25,1.997,1.216,0.55,0.87,0.724,0.236,0.039
821.5,1.997,1.217,0.55,0.87,0.724,0.236,0.04
821.75,1.998,1.217,0.55,0.869,0.723,0.236,0.04
822.0,1.998,1.217,0.55,0.869,0.723,0.236,0.04
822.25,1.998,1.217,0.55,0.87,0.724,0.236,0.04
822.5,1.998,1.217,0.55,0.87,0.723,0.236,0.039
822.75,1.998,1.217,0.55,0.869,0.723,0.236,0.04
823.0,1.998,1.217,0.55,0.87,0.723,0.236,0.04
823.25,1.998,1.217,0.55,0.87,0.723,0.236,0.039
823.5,1.998,1.217,0.55,0.869,0.723,0.236,0.039
823.75,1.998,1.217,0.55,0.87,0.724,0.236,0.039
824.0,1.998,1.217,0.55,0.87,0.723,0.236,0.039
824.25,1.998,1.217,0.55,0.869,0.722,0.236,0.039
824.5,1.998,1.217,0.55,0.869,0.723,0.237,0.04
824.75,1.998,1.217,0.55,0.869,0.724,0.236,0.039
825.0,1.967,1.193,0.541,0.869,0.723,0.236,0.039
825.25,1.985,1.207,0.546,0.869,0.722,0.236,0.04
825.5,1.993,1.213,0.549,0.869,0.723,0.236,0.039
825.75,1.996,1.216,0.55,0.87,0.724,0.236,0.04
826.0,1.997,1.216,0.55,0.87,0.723,0.236,0.04
826.25,1.997,1.217,0.55,0.869,0.723,0.236,0.04
826.5,1.998,1.217,0.55,0.869,0.722,0.236,0.039
826.75,1.998,1.217,0.55,0.869,0.722,0.236,0.039
827.0,1.998,1.217,0.55,0.869,0.721,0.236,0.04
827.25,2.029,1.242,0.56,0.869,0.722,0.236,0.04
827.5,2.01,1.227,0.554,0.869,0.722,0.236,0.04
827.75,2.003,1.221,0.552,0.869,0.723,0.236,0.039
828.0,2,1.219,0.551,0.87,0.723,0.236,0.04
828.25,1.968,1.193,0.541,0.87,0.723,0.236,0.04
828.5,1.986,1.208,0.547,0.87,0.724,0.236,0.04
828.75,1.962,1.189,0.539,0.87,0.723,0.236,0.04
829.0,1.984,1.206,0.546,0.871,0.722,0.236,0.039
829.25,1.961,1.188,0.539,0.87,0.723,0.236,0.039
829.5,1.983,1.206,0.546,0.87,0.722,0.236,0.039
829.75,1.992,1.212,0.549,0.87,0.723,0.236,0.04
830.0,1.995,1.215,0.55,0.869,0.722,0.236,0.04
830.25,1.966,1.192,0.54,0.87,0.723,0.236,0.039
830.5,1.985,1.207,0.546,0.87,0.722,0.236,0.04
830.75,1.962,1.189,0.539,0.869,0.722,0.235,0.04
831.0,1.953,1.181,0.536,0.869,0.723,0.236,0.039
831.25,1.949,1.178,0.535,0.869,0.722,0.236,0.04
831.5,1.948,1.177,0.535,0.869,0.722,0.236,0.04
831.75,1.978,1.201,0.544,0.87,0.723,0.235,0.04
832.0,1.959,1.186,0.538,0.869,0.722,0.236,0.039
832.25,1.982,1.205,0.545,0.869,0.722,0.236,0.04
832.5,1.93,1.164,0.529,0.868,0.722,0.236,0.04
832.75,1.971,1.196,0.542,0.87,0.723,0.236,0.04
833.0,1.987,1.209,0.547,0.871,0.722,0.236,0.04
833.25,1.993,1.214,0.549,0.87,0.723,0.236,0.04
833.5,1.996,1.216,0.55,0.87,0.723,0.236,0.04
833.75,1.997,1.217,0.55,0.87,0.722,0.235,0.04
834.0,1.997,1.217,0.55,0.869,0.723,0.236,0.039
834.25,1.998,1.217,0.55,0.869,0.722,0.236,0.04
834.5,1.998,1.217,0.55,0.869,0.722,0.235,0.04
834.75,1.998,1.217,0.55,0.869,0.723,0.236,0.04
835.0,1.998,1.217,0.55,0.869,0.722,0.235,0.04
835.25,1.998,1.217,0.55,0.869,0.722,0.235,0.04
835.5,1.967,1.193,0.541,0.869,0.722,0.236,0.04
835.75,1.955,1.183,0.537,0.869,0.722,0.236,0.039
836.0,1.981,1.203,0.545,0.869,0.722,0.236,0.04
836.25,2.022,1.236,0.558,0.87,0.723,0.235,0.039
836.5,2.007,1.225,0.553,0.869,0.722,0.235,0.04
836.75,1.971,1.196,0.542,0.868,0.723,0.236,0.039
837.0,1.956,1.184,0.537,0.869,0.723,0.235,0.039
837.25,1.981,1.204,0.545,0.87,0.723,0.235,0.04
837.5,1.96,1.187,0.539,0.87,0.722,0.235,0.04
837.75,2.014,1.23,0.555,0.87,0.723,0.235,0.039
838.0,1.973,1.198,0.543,0.869,0.722,0.235,0.039
838.25,2.113,1.31,0.586,0.869,0.723,0.236,0.04
838.5,2.044,1.254,0.565,0.869,0.722,0.235,0.04
838.75,1.985,1.208,0.547,0.869,0.722,0.235,0.04
839.0,1.962,1.189,0.539,0.869,0.722,0.235,0.039
839.25,1.953,1.181,0.536,0.869,0.723,0.235,0.04
839.5,1.949,1.178,0.535,0.869,0.722,0.235,0.04
839.75,1.978,1.202,0.544,0.869,0.723,0.235,0.039
840.0,1.959,1.187,0.538,0.869,0.722,0.235,0.04
840.25,1.952,1.18,0.536,0.87,0.722,0.236,0.04
840.5,1.949,1.178,0.535,0.869,0.722,0.235,0.039
840.75,1.856,1.106,0.506,0.869,0.722,0.234,0.04
841.0,1.941,1.173,0.533,0.868,0.723,0.235,0.04
841.25,1.975,1.199,0.543,0.869,0.722,0.235,0.04
841.5,1.958,1.186,0.538,0.869,0.722,0.234,0.039
841.75,1.951,1.18,0.536,0.869,0.722,0.235,0.04
842.0,1.948,1.178,0.535,0.868,0.722,0.234,0.039
842.25,1.978,1.201,0.544,0.869,0.723,0.234,0.04
842.5,1.99,1.211,0.548,0.869,0.722,0.235,0.039
842.75,1.995,1.215,0.549,0.869,0.723,0.235,0.039
843.0,1.996,1.216,0.55,0.869,0.722,0.234,0.04
843.25,1.967,1.192,0.541,0.869,0.722,0.235,0.04
843.5,1.985,1.207,0.546,0.869,0.722,0.235,0.039
843.75,1.993,1.213,0.549,0.869,0.722,0.235,0.04
844.0,1.904,1.143,0.521,0.868,0.722,0.234,0.04
844.25,1.93,1.163,0.529,0.868,0.721,0.234,0.039
844.5,1.97,1.196,0.542,0.869,0.722,0.235,0.04
844.75,1.987,1.208,0.547,0.869,0.722,0.234,0.039
845.0,1.963,1.189,0.539,0.868,0.721,0.235,0.039
845.25,1.984,1.206,0.546,0.869,0.721,0.234,0.04
845.5,1.992,1.213,0.549,0.869,0.721,0.234,0.039
845.75,1.996,1.215,0.55,0.869,0.722,0.234,0.04
846.0,1.997,1.216,0.55,0.868,0.722,0.234,0.04
846.25,1.997,1.217,0.55,0.869,0.721,0.234,0.039
846.5,1.998,1.217,0.55,0.868,0.721,0.234,0.04
846.75,1.998,1.217,0.55,0.868,0.721,0.234,0.04
847.0,1.967,1.193,0.541,0.869,0.722,0.234,0.04
847.25,1.955,1.183,0.537,0.869,0.722,0.234,0.04
847.5,1.981,1.203,0.545,0.869,0.722,0.234,0.039
847.75,2.022,1.236,0.558,0.868,0.722,0.234,0.039
848.0,1.977,1.2,0.544,0.868,0.721,0.234,0.039
848.25,1.989,1.21,0.548,0.868,0.721,0.234,0.04
848.5,1.994,1.214,0.549,0.868,0.721,0.234,0.039
848.75,1.966,1.192,0.54,0.868,0.721,0.234,0.04
849.0,1.985,1.207,0.546,0.868,0.722,0.234,0.039
849.25,2.024,1.238,0.558,0.869,0.721,0.234,0.039
849.5,2.008,1.225,0.554,0.868,0.722,0.234,0.039
849.75,1.971,1.196,0.542,0.868,0.722,0.234,0.04
850.0,1.987,1.209,0.547,0.868,0.721,0.234,0.04
850.25,1.994,1.214,0.549,0.868,0.722,0.234,0.04
850.5,1.965,1.191,0.54,0.869,0.722,0.233,0.039
850.75,1.954,1.182,0.537,0.868,0.721,0.233,0.04
851.0,1.98,1.203,0.545,0.869,0.721,0.234,0.039
851.25,1.991,1.212,0.548,0.868,0.721,0.234,0.04
851.5,1.995,1.215,0.549,0.868,0.722,0.234,0.04
851.75,1.966,1.192,0.54,0.869,0.722,0.234,0.039
852.0,1.954,1.183,0.537,0.869,0.721,0.235,0.039
852.25,1.95,1.179,0.535,0.868,0.722,0.234,0.039
852.5,1.979,1.202,0.544,0.868,0.722,0.233,0.039
852.75,1.99,1.211,0.548,0.868,0.721,0.234,0.04
853.0,1.995,1.215,0.549,0.868,0.721,0.233,0.04
853.25,2.027,1.241,0.56,0.868,0.722,0.234,0.039
853.5,1.979,1.202,0.544,0.867,0.722,0.233,0.04
853.75,1.959,1.187,0.538,0.868,0.722,0.234,0.039
854.0,1.952,1.181,0.536,0.869,0.722,0.234,0.039
854.25,1.979,1.202,0.545,0.869,0.722,0.234,0.04
854.5,1.929,1.163,0.529,0.868,0.722,0.234,0.04
854.75,1.94,1.171,0.532,0.868,0.721,0.234,0.04
855.0,1.974,1.199,0.543,0.868,0.721,0.234,0.04
855.25,1.958,1.185,0.538,0.869,0.722,0.234,0.039
855.5,1.951,1.18,0.536,0.868,0.721,0.234,0.039
855.75,1.948,1.178,0.535,0.869,0.722,0.233,0.04
856.0,1.947,1.177,0.535,0.868,0.721,0.234,0.039
856.25,1.947,1.177,0.534,0.869,0.722,0.234,0.039
856.5,1.947,1.177,0.534,0.868,0.722,0.234,0.039
856.75,2.039,1.251,0.563,0.868,0.721,0.233,0.04
857.0,2.014,1.231,0.556,0.869,0.721,0.234,0.04
857.25,2.004,1.222,0.552,0.868,0.721,0.234,0.04
857.5,1.97,1.195,0.542,0.868,0.722,0.234,0.04
857.75,1.956,1.184,0.537,0.869,0.721,0.234,0.04
858.0,1.95,1.179,0.536,0.869,0.721,0.233,0.04
858.25,1.979,1.202,0.544,0.868,0.721,0.234,0.04
858.5,1.959,1.187,0.538,0.868,0.721,0.233,0.04
858.75,1.982,1.205,0.546,0.868,0.72,0.233,0.039
859.0,1.992,1.212,0.548,0.868,0.721,0.233,0.039
859.25,1.995,1.215,0.55,0.868,0.721,0.233,0.039
859.5,1.997,1.216,0.55,0.868,0.722,0.233,0.039
859.75,1.997,1.217,0.55,0.869,0.721,0.233,0.04
860.0,1.967,1.193,0.541,0.868,0.72,0.233,0.039
860.25,1.985,1.207,0.546,0.867,0.721,0.233,0.039
860.5,1.993,1.213,0.549,0.868,0.721,0.233,0.039
860.75,1.996,1.216,0.55,0.868,0.721,0.233,0.039
861.0,1.997,1.216,0.55,0.868,0.721,0.233,0.04
861.25,1.967,1.192,0.541,0.868,0.721,0.233,0.039
861.5,1.985,1.207,0.546,0.868,0.721,0.233,0.04
861.75,1.962,1.189,0.539,0.869,0.722,0.234,0.039
862.0,1.983,1.206,0.546,0.869,0.721,0.233,0.04
862.25,1.961,1.188,0.539,0.868,0.721,0.233,0.04
862.5,1.983,1.206,0.546,0.868,0.722,0.233,0.04
862.75,1.961,1.188,0.539,0.869,0.722,0.233,0.039
863.0,1.952,1.181,0.536,0.869,0.721,0.233,0.04
863.25,1.98,1.203,0.545,0.868,0.722,0.234,0.04
863.5,1.991,1.211,0.548,0.869,0.721,0.233,0.039
863.75,1.964,1.19,0.54,0.869,0.721,0.233,0.04
864.0,1.984,1.206,0.546,0.869,0.721,0.233,0.04
864.25,1.992,1.213,0.549,0.868,0.721,0.234,0.04
864.5,1.965,1.191,0.54,0.868,0.721,0.234,0.039
864.75,1.954,1.182,0.537,0.869,0.721,0.233,0.039
865.0,1.98,1.203,0.545,0.868,0.722,0.233,0.039
865.25,2.022,1.236,0.558,0.868,0.721,0.233,0.04
865.5,1.977,1.2,0.544,0.869,0.721,0.233,0.039
865.75,1.989,1.21,0.548,0.868,0.722,0.233,0.039
866.0,1.994,1.214,0.549,0.869,0.721,0.233,0.04
866.25,1.996,1.216,0.55,0.868,0.721,0.233,0.039
866.5,1.997,1.217,0.55,0.868,0.721,0.233,0.039
866.75,1.998,1.217,0.55,0.868,0.721,0.233,0.039
867.0,1.998,1.217,0.55,0.868,0.721,0.233,0.039
867.25,1.998,1.217,0.55,0.868,0.721,0.233,0.039
867.5,1.967,1.193,0.541,0.868,0.721,0.233,0.04
867.75,1.985,1.207,0.546,0.868,0.721,0.233,0.04
868.0,1.962,1.189,0.539,0.868,0.721,0.233,0.04
868.25,2.014,1.231,0.556,0.868,0.721,0.233,0.04
868.5,2.004,1.222,0.552,0.868,0.721,0.233,0.04
868.75,2,1.219,0.551,0.868,0.721,0.233,0.04
869.0,1.999,1.218,0.551,0.867,0.721,0.233,0.04
869.25,1.998,1.217,0.55,0.868,0.721,0.233,0.04
869.5,1.889,1.149,0.52,0.824,0.684,0.221,0.038
869.75,1.801,1.095,0.496,0.789,0.655,0.212,0.036
870.0,1.739,1.057,0.479,0.76,0.631,0.204,0.035
870.25,1.697,1.033,0.467,0.737,0.612,0.198,0.034
870.5,1.655,1.008,0.456,0.719,0.597,0.193,0.033
870.75,1.622,0.988,0.447,0.704,0.585,0.189,0.032
871.0,1.588,0.966,0.437,0.692,0.576,0.186,0.031
871.25,1.561,0.948,0.429,0.683,0.568,0.184,0.031
871.5,1.547,0.94,0.426,0.676,0.562,0.182,0.031
871.75,1.536,0.934,0.423,0.67,0.557,0.18,0.03
872.0,1.527,0.929,0.42,0.665,0.553,0.179,0.03
872.25,1.512,0.919,0.416,0.662,0.55,0.178,0.03
872.5,1.5,0.91,0.412,0.658,0.548,0.177,0.03
872.75,1.49,0.904,0.41,0.656,0.546,0.176,0.03
873.0,1.483,0.899,0.408,0.654,0.544,0.176,0.03
873.25,1.492,0.907,0.411,0.652,0.543,0.175,0.03
873.5,1.492,0.907,0.411,0.651,0.542,0.175,0.03
873.75,1.492,0.907,0.411,0.65,0.541,0.174,0.029
874.0,1.484,0.901,0.408,0.649,0.54,0.174,0.03
874.25,1.485,0.903,0.409,0.649,0.54,0.174,0.03
874.5,1.479,0.898,0.407,0.648,0.539,0.174,0.03
874.75,1.481,0.9,0.408,0.648,0.539,0.174,0.03
875.0,1.483,0.902,0.408,0.648,0.538,0.174,0.029
875.25,1.477,0.897,0.406,0.647,0.538,0.173,0.029
875.5,1.48,0.899,0.407,0.647,0.538,0.173,0.029
875.75,1.474,0.895,0.405,0.647,0.538,0.173,0.03
876.0,1.47,0.891,0.404,0.647,0.538,0.173,0.029
876.25,1.466,0.889,0.403,0.647,0.538,0.173,0.03
876.5,1.464,0.887,0.402,0.646,0.538,0.173,0.029
876.75,1.469,0.891,0.404,0.646,0.538,0.173,0.029
877.0,1.474,0.894,0.405,0.646,0.538,0.173,0.029
877.25,1.477,0.897,0.406,0.645,0.538,0.172,0.029
877.5,1.472,0.893,0.405,0.645,0.537,0.172,0.03
877.75,1.468,0.89,0.404,0.644,0.537,0.172,0.029
878.0,1.473,0.894,0.405,0.643,0.537,0.172,0.029
878.25,1.476,0.897,0.406,0.643,0.537,0.171,0.029
878.5,1.479,0.899,0.407,0.642,0.537,0.171,0.029
878.75,1.482,0.901,0.408,0.641,0.537,0.171,0.029
879.0,1.483,0.902,0.408,0.641,0.537,0.171,0.029
879.25,1.485,0.904,0.409,0.64,0.536,0.171,0.029
879.5,1.486,0.905,0.409,0.639,0.536,0.17,0.029
879.75,1.487,0.905,0.41,0.639,0.536,0.17,0.029
880.0,1.488,0.906,0.41,0.639,0.536,0.17,0.029
880.25,1.488,0.906,0.41,0.638,0.536,0.17,0.029
880.5,1.489,0.907,0.41,0.638,0.536,0.17,0.029
880.75,1.482,0.901,0.408,0.638,0.536,0.17,0.029
881.0,1.483,0.902,0.408,0.638,0.536,0.169,0.029
881.25,1.485,0.904,0.409,0.637,0.536,0.169,0.029
881.5,1.486,0.905,0.409,0.637,0.536,0.169,0.029
881.75,1.495,0.911,0.412,0.637,0.536,0.169,0.029
882.0,1.494,0.911,0.412,0.637,0.536,0.169,0.029
882.25,1.501,0.917,0.414,0.637,0.536,0.169,0.029
882.5,1.499,0.915,0.413,0.637,0.536,0.169,0.029
882.75,1.505,0.92,0.415,0.636,0.536,0.169,0.029
883.0,1.502,0.917,0.414,0.636,0.536,0.169,0.029
883.25,1.508,0.922,0.416,0.636,0.536,0.168,0.029
883.5,1.52,0.932,0.42,0.636,0.536,0.168,0.029
883.75,1.522,0.933,0.42,0.636,0.536,0.168,0.029
884.0,1.516,0.928,0.418,0.635,0.536,0.168,0.029
884.25,1.518,0.93,0.419,0.635,0.536,0.168,0.029
884.5,1.521,0.932,0.42,0.635,0.536,0.168,0.029
884.75,1.522,0.933,0.421,0.634,0.536,0.167,0.029
885.0,1.524,0.935,0.421,0.634,0.536,0.167,0.029
885.25,1.525,0.935,0.421,0.634,0.536,0.167,0.029
885.5,1.526,0.936,0.422,0.633,0.536,0.167,0.029
885.75,1.526,0.937,0.422,0.633,0.536,0.167,0.029
886.0,1.527,0.937,0.422,0.633,0.536,0.166,0.029
886.25,1.527,0.938,0.422,0.632,0.536,0.166,0.029
886.5,1.528,0.938,0.422,0.632,0.536,0.166,0.029
886.75,1.528,0.938,0.422,0.631,0.536,0.166,0.029
887.0,1.521,0.932,0.42,0.631,0.536,0.166,0.029
887.25,1.522,0.934,0.421,0.631,0.536,0.166,0.029
887.5,1.516,0.928,0.419,0.631,0.536,0.165,0.029
887.75,1.511,0.924,0.417,0.63,0.536,0.165,0.029
888.0,1.515,0.927,0.418,0.63,0.536,0.165,0.029
888.25,1.51,0.924,0.417,0.63,0.536,0.165,0.029
888.5,1.506,0.92,0.415,0.629,0.536,0.165,0.029
888.75,1.503,0.918,0.414,0.629,0.536,0.165,0.03
889.0,1.501,0.916,0.414,0.629,0.536,0.165,0.03
889.25,1.506,0.921,0.416,0.629,0.536,0.165,0.03
889.5,1.503,0.918,0.415,0.629,0.536,0.165,0.03
889.75,1.501,0.916,0.414,0.629,0.536,0.164,0.03
890.0,1.506,0.921,0.416,0.629,0.536,0.164,0.03
890.25,1.511,0.924,0.417,0.629,0.536,0.164,0.03
890.5,1.515,0.927,0.418,0.629,0.536,0.164,0.03
890.75,1.518,0.93,0.419,0.629,0.536,0.164,0.03
891.0,1.52,0.932,0.42,0.629,0.536,0.163,0.03
891.25,1.522,0.933,0.42,0.629,0.536,0.163,0.03
891.5,1.523,0.934,0.421,0.628,0.536,0.163,0.03
891.75,1.525,0.935,0.421,0.628,0.536,0.163,0.03
892.0,1.533,0.942,0.424,0.628,0.536,0.163,0.03
892.25,1.533,0.942,0.424,0.628,0.536,0.163,0.03
892.5,1.532,0.941,0.424,0.628,0.535,0.163,0.03
892.75,1.531,0.941,0.423,0.628,0.535,0.163,0.03
893.0,1.531,0.94,0.423,0.628,0.535,0.163,0.03
893.25,1.531,0.94,0.423,0.627,0.535,0.163,0.03
893.5,1.53,0.94,0.423,0.627,0.535,0.162,0.03
893.75,1.53,0.94,0.423,0.627,0.535,0.162,0.03
894.0,1.53,0.94,0.423,0.626,0.535,0.162,0.03
894.25,1.53,0.939,0.423,0.626,0.535,0.162,0.03
894.5,1.522,0.933,0.42,0.626,0.535,0.162,0.03
894.75,1.523,0.934,0.421,0.626,0.535,0.162,0.03
895.0,1.525,0.935,0.421,0.626,0.535,0.162,0.03
895.25,1.533,0.942,0.424,0.626,0.535,0.162,0.03
895.5,1.54,0.948,0.426,0.626,0.535,0.162,0.03
895.75,1.53,0.94,0.423,0.626,0.535,0.162,0.03
896.0,1.538,0.946,0.425,0.626,0.535,0.161,0.03
896.25,1.536,0.945,0.425,0.627,0.536,0.161,0.03
896.5,1.535,0.944,0.424,0.627,0.536,0.161,0.03
896.75,1.526,0.936,0.422,0.627,0.536,0.161,0.03
897.0,1.527,0.937,0.422,0.627,0.536,0.161,0.03
897.25,1.527,0.937,0.422,0.627,0.536,0.161,0.03
897.5,1.535,0.944,0.425,0.627,0.536,0.161,0.03
897.75,1.534,0.943,0.424,0.627,0.535,0.161,0.03
898.0,1.541,0.948,0.426,0.627,0.535,0.16,0.03
898.25,1.546,0.953,0.428,0.627,0.535,0.16,0.03
898.5,1.543,0.95,0.427,0.627,0.535,0.16,0.03
898.75,1.54,0.948,0.426,0.627,0.535,0.16,0.03
899.0,1.546,0.952,0.428,0.627,0.535,0.16,0.03
899.25,1.55,0.956,0.429,0.627,0.535,0.16,0.03
899.5,1.554,0.959,0.43,0.627,0.535,0.16,0.03
899.75,1.557,0.961,0.431,0.627,0.535,0.16,0.03
900.0,1.551,0.957,0.43,0.627,0.535,0.16,0.031
900.25,1.547,0.953,0.428,0.627,0.535,0.16,0.031
900.5,1.543,0.95,0.427,0.627,0.535,0.16,0.031
900.75,1.54,0.948,0.426,0.627,0.535,0.16,0.031
901.0,1.546,0.952,0.428,0.627,0.535,0.16,0.031
901.25,1.543,0.95,0.427,0.627,0.535,0.16,0.031
901.5,1.548,0.954,0.428,0.627,0.535,0.159,0.031
901.75,1.544,0.951,0.427,0.627,0.535,0.159,0.031
902.0,1.549,0.955,0.429,0.627,0.535,0.159,0.031
902.25,1.545,0.952,0.428,0.627,0.535,0.159,0.031
902.5,1.55,0.955,0.429,0.627,0.535,0.159,0.031
902.75,1.545,0.952,0.428,0.627,0.535,0.159,0.031
903.0,1.55,0.956,0.429,0.627,0.535,0.159,0.031
903.25,1.554,0.959,0.43,0.627,0.535,0.159,0.031
903.5,1.557,0.961,0.431,0.628,0.535,0.159,0.031
903.75,1.551,0.957,0.43,0.628,0.535,0.159,0.031
904.0,1.554,0.959,0.431,0.628,0.535,0.159,0.031
904.25,1.549,0.955,0.429,0.628,0.535,0.159,0.031
904.5,1.553,0.958,0.43,0.628,0.535,0.158,0.031
904.75,1.556,0.961,0.431,0.628,0.535,0.158,0.031
905.0,1.559,0.963,0.432,0.628,0.535,0.158,0.031
905.25,1.56,0.964,0.432,0.628,0.535,0.158,0.031
905.5,1.562,0.965,0.433,0.628,0.535,0.158,0.031
905.75,1.563,0.966,0.433,0.628,0.535,0.158,0.031
906.0,1.564,0.967,0.434,0.628,0.535,0.158,0.031
906.25,1.573,0.974,0.436,0.627,0.535,0.158,0.031
906.5,1.572,0.973,0.436,0.627,0.535,0.158,0.031
906.75,1.571,0.973,0.436,0.627,0.535,0.158,0.031
907.0,1.578,0.979,0.438,0.627,0.535,0.158,0.031
907.25,1.584,0.983,0.44,0.627,0.535,0.158,0.03
907.5,1.581,0.981,0.439,0.627,0.535,0.158,0.03
907.75,1.578,0.979,0.438,0.627,0.535,0.158,0.031
908.0,1.576,0.977,0.437,0.627,0.535,0.157,0.031
908.25,1.575,0.976,0.437,0.627,0.535,0.157,0.031
908.5,1.565,0.968,0.434,0.627,0.535,0.157,0.031
908.75,1.566,0.969,0.434,0.626,0.535,0.157,0.031
909.0,1.574,0.975,0.437,0.626,0.535,0.157,0.031
909.25,1.581,0.981,0.439,0.626,0.535,0.157,0.031
909.5,1.578,0.979,0.438,0.626,0.535,0.157,0.031
909.75,1.576,0.977,0.437,0.626,0.535,0.157,0.031
910.0,1.575,0.976,0.437,0.626,0.535,0.157,0.031
910.25,1.573,0.974,0.436,0.626,0.534,0.157,0.031
910.5,1.572,0.974,0.436,0.626,0.535,0.157,0.031
910.75,1.571,0.973,0.436,0.626,0.535,0.157,0.031
911.0,1.563,0.966,0.433,0.625,0.534,0.157,0.031
911.25,1.564,0.967,0.434,0.626,0.534,0.157,0.031
911.5,1.565,0.968,0.434,0.626,0.534,0.157,0.031
911.75,1.565,0.968,0.434,0.626,0.534,0.157,0.031
912.0,1.566,0.969,0.434,0.625,0.534,0.157,0.031
912.25,1.566,0.969,0.434,0.626,0.534,0.157,0.03
912.5,1.567,0.969,0.434,0.626,0.534,0.157,0.03
912.75,1.567,0.969,0.435,0.626,0.534,0.157,0.031
913.0,1.567,0.97,0.435,0.626,0.534,0.157,0.031
913.25,1.567,0.97,0.435,0.626,0.534,0.156,0.031
913.5,1.567,0.97,0.435,0.625,0.534,0.156,0.031
913.75,1.575,0.976,0.437,0.625,0.534,0.156,0.031
914.0,1.582,0.981,0.439,0.625,0.534,0.156,0.031
914.25,1.579,0.979,0.438,0.625,0.534,0.156,0.031
914.5,1.585,0.984,0.44,0.625,0.534,0.156,0.031
914.75,1.581,0.981,0.439,0.625,0.534,0.156,0.031
915.0,1.579,0.979,0.438,0.625,0.534,0.156,0.031
915.25,1.576,0.977,0.438,0.625,0.533,0.156,0.031
915.5,1.575,0.976,0.437,0.625,0.533,0.156,0.031
915.75,1.573,0.975,0.437,0.625,0.533,0.156,0.031
916.0,1.572,0.974,0.436,0.625,0.533,0.156,0.031
916.25,1.564,0.967,0.433,0.625,0.533,0.156,0.031
916.5,1.565,0.967,0.434,0.625,0.533,0.156,0.031
916.75,1.557,0.962,0.432,0.625,0.533,0.156,0.031
917.0,1.56,0.963,0.432,0.625,0.533,0.156,0.031
917.25,1.553,0.959,0.43,0.625,0.533,0.156,0.031
917.5,1.564,0.967,0.434,0.625,0.534,0.156,0.031
917.75,1.565,0.968,0.434,0.624,0.534,0.156,0.031
918.0,1.566,0.968,0.434,0.624,0.534,0.156,0.031
918.25,1.566,0.969,0.434,0.624,0.534,0.156,0.031
918.5,1.566,0.969,0.434,0.624,0.534,0.156,0.03
918.75,1.559,0.963,0.432,0.624,0.534,0.155,0.03
919.0,1.545,0.952,0.428,0.625,0.534,0.155,0.031
919.25,1.55,0.956,0.429,0.625,0.534,0.156,0.03
919.5,1.546,0.952,0.428,0.625,0.534,0.155,0.03
919.75,1.558,0.962,0.432,0.626,0.534,0.155,0.03
920.0,1.56,0.964,0.432,0.626,0.534,0.156,0.03
920.25,1.562,0.965,0.433,0.626,0.534,0.156,0.03
920.5,1.563,0.966,0.433,0.626,0.534,0.156,0.03
920.75,1.564,0.967,0.434,0.626,0.534,0.155,0.03
921.0,1.565,0.968,0.434,0.626,0.534,0.155,0.031
921.25,1.565,0.968,0.434,0.626,0.534,0.156,0.031
921.5,1.574,0.975,0.437,0.626,0.534,0.155,0.03
921.75,1.58,0.98,0.439,0.625,0.534,0.155,0.03
922.0,1.57,0.972,0.436,0.625,0.534,0.155,0.03
922.25,1.578,0.978,0.438,0.625,0.534,0.155,0.03
922.5,1.576,0.976,0.437,0.625,0.534,0.155,0.03
922.75,1.574,0.975,0.437,0.625,0.534,0.155,0.03
923.0,1.573,0.974,0.436,0.625,0.534,0.155,0.03
923.25,1.572,0.973,0.436,0.625,0.533,0.155,0.03
923.5,1.579,0.979,0.438,0.625,0.533,0.155,0.03
923.75,1.585,0.984,0.44,0.625,0.533,0.155,0.03
924.0,1.581,0.981,0.439,0.625,0.533,0.155,0.03
924.25,1.586,0.985,0.441,0.625,0.533,0.155,0.03
924.5,1.591,0.989,0.442,0.625,0.533,0.155,0.03
924.75,1.586,0.985,0.441,0.625,0.533,0.155,0.03
925.0,1.59,0.988,0.442,0.624,0.533,0.155,0.03
925.25,1.586,0.985,0.44,0.624,0.533,0.155,0.03
925.5,1.582,0.982,0.439,0.624,0.533,0.155,0.03
925.75,1.579,0.979,0.438,0.624,0.533,0.155,0.03
926.0,1.585,0.984,0.44,0.624,0.533,0.155,0.03
926.25,1.581,0.981,0.439,0.625,0.533,0.155,0.03
926.5,1.587,0.985,0.441,0.625,0.533,0.155,0.03
926.75,1.583,0.982,0.44,0.625,0.533,0.155,0.03
927.0,1.588,0.986,0.441,0.626,0.533,0.155,0.03
927.25,1.592,0.989,0.442,0.626,0.533,0.155,0.03
927.5,1.595,0.992,0.443,0.626,0.533,0.155,0.03
927.75,1.589,0.987,0.442,0.626,0.533,0.155,0.03
928.0,1.593,0.99,0.443,0.626,0.533,0.155,0.03
928.25,1.588,0.986,0.441,0.627,0.533,0.155,0.03
928.5,1.592,0.989,0.442,0.627,0.534,0.155,0.03
928.75,1.595,0.992,0.443,0.627,0.534,0.155,0.03
929.0,1.597,0.994,0.444,0.627,0.534,0.155,0.03
929.25,1.591,0.989,0.442,0.627,0.534,0.155,0.03
929.5,1.587,0.985,0.441,0.627,0.534,0.155,0.03
929.75,1.583,0.982,0.44,0.626,0.534,0.155,0.03
930.0,1.588,0.986,0.441,0.626,0.534,0.155,0.03
930.25,1.592,0.989,0.442,0.626,0.534,0.155,0.03
930.5,1.595,0.992,0.443,0.626,0.533,0.155,0.03
930.75,1.597,0.994,0.444,0.626,0.533,0.155,0.03
931.0,1.599,0.995,0.445,0.626,0.533,0.155,0.03
931.25,1.601,0.997,0.445,0.626,0.533,0.155,0.03
931.5,1.602,0.998,0.446,0.625,0.533,0.155,0.03
931.75,1.603,0.999,0.446,0.626,0.533,0.155,0.03
932.0,1.596,0.993,0.444,0.626,0.533,0.155,0.03
932.25,1.598,0.995,0.444,0.626,0.533,0.155,0.03
932.5,1.6,0.996,0.445,0.626,0.533,0.155,0.03
932.75,1.601,0.997,0.445,0.626,0.533,0.155,0.03
933.0,1.61,1.005,0.448,0.626,0.533,0.155,0.03
933.25,1.602,0.998,0.445,0.626,0.533,0.155,0.03
933.5,1.635,1.025,0.456,0.626,0.534,0.155,0.031
933.75,1.629,1.02,0.454,0.626,0.534,0.155,0.031
934.0,1.632,1.023,0.455,0.626,0.534,0.155,0.031
934.25,1.635,1.025,0.456,0.626,0.534,0.155,0.031
934.5,1.637,1.027,0.457,0.626,0.534,0.155,0.031
934.75,1.631,1.022,0.455,0.626,0.534,0.154,0.031
935.0,1.626,1.018,0.453,0.626,0.534,0.154,0.031
935.25,1.622,1.015,0.452,0.626,0.534,0.154,0.031
935.5,1.619,1.012,0.451,0.626,0.534,0.154,0.031
935.75,1.617,1.01,0.45,0.626,0.534,0.154,0.031
936.0,1.607,1.002,0.447,0.626,0.534,0.154,0.031
936.25,1.607,1.002,0.447,0.626,0.533,0.154,0.031
936.5,1.607,1.002,0.447,0.626,0.533,0.154,0.031
936.75,1.615,1.008,0.45,0.626,0.533,0.154,0.031
937.0,1.621,1.013,0.452,0.626,0.533,0.154,0.031
937.25,1.626,1.018,0.453,0.626,0.533,0.154,0.031
937.5,1.63,1.021,0.454,0.625,0.533,0.154,0.031
937.75,1.633,1.023,0.455,0.625,0.533,0.154,0.031
938.0,1.628,1.019,0.454,0.625,0.533,0.154,0.031
938.25,1.624,1.016,0.452,0.625,0.533,0.154,0.031
938.5,1.62,1.013,0.451,0.625,0.533,0.154,0.031
938.75,1.618,1.011,0.45,0.624,0.533,0.154,0.031
939.0,1.615,1.009,0.45,0.624,0.533,0.153,0.031
939.25,1.614,1.007,0.449,0.624,0.533,0.153,0.031
939.5,1.612,1.006,0.449,0.624,0.533,0.153,0.031
939.75,1.611,1.005,0.448,0.623,0.533,0.153,0.031
940.0,1.618,1.011,0.451,0.623,0.533,0.153,0.031
940.25,1.624,1.016,0.452,0.623,0.533,0.153,0.031
940.5,1.628,1.019,0.454,0.623,0.532,0.153,0.031
940.75,1.616,1.009,0.45,0.623,0.533,0.153,0.031
941.0,1.622,1.014,0.452,0.623,0.533,0.153,0.031
941.25,1.627,1.018,0.453,0.622,0.533,0.153,0.031
941.5,1.623,1.015,0.452,0.622,0.532,0.153,0.031
941.75,1.628,1.019,0.454,0.623,0.532,0.153,0.031
942.0,1.623,1.015,0.452,0.623,0.533,0.153,0.031
942.25,1.628,1.019,0.454,0.623,0.532,0.153,0.031
942.5,1.632,1.022,0.455,0.623,0.532,0.153,0.031
942.75,1.627,1.018,0.453,0.623,0.532,0.153,0.031
943.0,1.638,1.028,0.457,0.623,0.533,0.152,0.031
943.25,1.647,1.035,0.46,0.624,0.533,0.152,0.031
943.5,1.647,1.035,0.46,0.624,0.533,0.152,0.031
943.75,2.196,1.381,0.613,0.831,0.708,0.203,0.041
944.0,2.202,1.383,0.615,0.835,0.712,0.203,0.041
944.25,1.982,1.245,0.553,0.751,0.64,0.183,0.037
944.5,1.648,1.035,0.46,0.623,0.533,0.152,0.031
944.75,2.204,1.385,0.615,0.837,0.712,0.204,0.042
945.0,2.111,1.309,0.586,0.837,0.713,0.204,0.042
945.25,2.148,1.355,0.601,0.802,0.684,0.196,0.039
945.5,2.168,1.355,0.604,0.837,0.713,0.204,0.042
945.75,2.191,1.373,0.611,0.837,0.714,0.204,0.041
946.0,2.2,1.38,0.614,0.839,0.713,0.204,0.041
946.25,2.192,1.374,0.611,0.841,0.713,0.205,0.041
946.5,2.172,1.358,0.605,0.84,0.713,0.204,0.041
946.75,2.193,1.375,0.612,0.842,0.713,0.205,0.041
947.0,2.2,1.381,0.614,0.842,0.713,0.205,0.041
947.25,2.2,1.381,0.614,0.841,0.714,0.204,0.041
947.5,2.173,1.359,0.605,0.842,0.713,0.205,0.041
947.75,2.204,1.384,0.615,0.842,0.714,0.205,0.042
948.0,2.183,1.373,0.61,0.822,0.701,0.201,0.04
948.25,2.204,1.384,0.615,0.843,0.714,0.205,0.041
948.5,2.43,1.574,0.687,0.846,0.713,0.206,0.04
948.75,2.327,1.487,0.654,0.848,0.714,0.207,0.04
949.0,2.254,1.426,0.631,0.85,0.714,0.207,0.041
949.25,2.225,1.402,0.622,0.851,0.714,0.208,0.04
949.5,2.213,1.392,0.618,0.852,0.714,0.208,0.041
949.75,2.209,1.388,0.617,0.851,0.714,0.209,0.041
950.0,2.207,1.386,0.616,0.852,0.714,0.209,0.041
950.25,2.206,1.386,0.616,0.852,0.714,0.209,0.041
950.5,2.206,1.385,0.616,0.853,0.714,0.209,0.041
950.75,2.237,1.411,0.626,0.854,0.714,0.21,0.041
951.0,2.218,1.396,0.62,0.856,0.714,0.21,0.041
951.25,2.211,1.39,0.617,0.857,0.714,0.211,0.041
951.5,2.208,1.387,0.616,0.857,0.714,0.211,0.04
951.75,2.206,1.386,0.616,0.859,0.714,0.212,0.041
952.0,2.175,1.36,0.606,0.86,0.713,0.213,0.04
952.25,2.193,1.375,0.612,0.861,0.714,0.213,0.041
952.5,2.201,1.381,0.614,0.861,0.714,0.214,0.04
952.75,2.172,1.358,0.605,0.863,0.714,0.214,0.041
953.0,2.192,1.374,0.611,0.864,0.714,0.214,0.04
953.25,2.169,1.355,0.604,0.864,0.714,0.215,0.04
953.5,2.191,1.373,0.611,0.864,0.713,0.215,0.041
953.75,2.2,1.381,0.614,0.864,0.714,0.216,0.04
954.0,2.203,1.383,0.615,0.865,0.714,0.216,0.041
954.25,2.173,1.359,0.605,0.866,0.714,0.217,0.04
954.5,2.161,1.349,0.602,0.866,0.714,0.217,0.04
954.75,2.156,1.345,0.6,0.866,0.714,0.217,0.04
955.0,2.186,1.369,0.609,0.867,0.714,0.218,0.04
955.25,2.166,1.353,0.603,0.866,0.715,0.218,0.04
955.5,2.158,1.347,0.601,0.867,0.715,0.219,0.04
955.75,2.124,1.319,0.59,0.867,0.714,0.218,0.04
956.0,2.142,1.333,0.595,0.867,0.714,0.219,0.04
956.25,2.149,1.339,0.598,0.868,0.714,0.22,0.04
956.5,2.151,1.341,0.599,0.868,0.714,0.22,0.04
956.75,2.152,1.342,0.599,0.869,0.715,0.221,0.04
957.0,2.153,1.342,0.599,0.868,0.714,0.221,0.04
957.25,2.185,1.368,0.609,0.868,0.714,0.222,0.04
957.5,2.197,1.378,0.613,0.869,0.714,0.221,0.04
957.75,2.202,1.383,0.615,0.869,0.714,0.222,0.04
958.0,2.173,1.358,0.605,0.868,0.714,0.222,0.04
958.25,2.161,1.349,0.602,0.868,0.714,0.222,0.04
958.5,2.156,1.345,0.6,0.869,0.714,0.223,0.04
958.75,2.154,1.343,0.6,0.868,0.714,0.222,0.04
959.0,2.122,1.317,0.589,0.867,0.714,0.222,0.04
959.25,2.141,1.332,0.595,0.866,0.714,0.223,0.039
959.5,2.148,1.338,0.598,0.866,0.713,0.223,0.04
959.75,2.12,1.315,0.589,0.867,0.714,0.224,0.039
960.0,2.14,1.332,0.595,0.868,0.713,0.224,0.039
960.25,2.148,1.338,0.597,0.868,0.714,0.224,0.04
960.5,2.151,1.341,0.598,0.867,0.713,0.225,0.039
960.75,2.152,1.342,0.599,0.866,0.714,0.225,0.04
961.0,2.122,1.317,0.589,0.866,0.714,0.225,0.039
961.25,2.141,1.332,0.595,0.866,0.713,0.225,0.039
961.5,2.148,1.338,0.598,0.867,0.714,0.225,0.039
961.75,2.151,1.341,0.598,0.866,0.713,0.225,0.039
962.0,2.121,1.316,0.589,0.867,0.714,0.226,0.039
962.25,2.14,1.332,0.595,0.866,0.713,0.226,0.038
962.5,2.117,1.313,0.588,0.866,0.713,0.226,0.038
962.75,2.107,1.305,0.585,0.865,0.713,0.226,0.039
963.0,2.104,1.302,0.583,0.866,0.713,0.227,0.038
963.25,2.133,1.326,0.593,0.866,0.713,0.226,0.039
963.5,2.114,1.311,0.587,0.868,0.714,0.227,0.039
963.75,2.138,1.33,0.594,0.868,0.713,0.227,0.038
964.0,2.116,1.312,0.587,0.869,0.714,0.228,0.039
964.25,2.107,1.305,0.585,0.868,0.714,0.228,0.039
964.5,2.135,1.327,0.593,0.868,0.714,0.228,0.039
964.75,2.115,1.311,0.587,0.868,0.713,0.228,0.039
965.0,2.106,1.304,0.584,0.868,0.714,0.227,0.039
965.25,2.135,1.327,0.593,0.868,0.714,0.228,0.04
965.5,2.114,1.311,0.587,0.869,0.714,0.228,0.039
965.75,2.106,1.304,0.584,0.869,0.714,0.228,0.04
966.0,2.103,1.302,0.583,0.868,0.714,0.228,0.04
966.25,2.102,1.301,0.583,0.869,0.714,0.228,0.04
966.5,2.101,1.3,0.583,0.868,0.714,0.228,0.04
966.75,2.101,1.3,0.583,0.868,0.714,0.228,0.04
967.0,2.101,1.3,0.583,0.868,0.714,0.229,0.04
967.25,2.101,1.3,0.583,0.869,0.714,0.228,0.04
967.5,2.101,1.3,0.583,0.868,0.713,0.228,0.04
967.75,2.101,1.3,0.583,0.868,0.713,0.228,0.04
968.0,2.132,1.325,0.593,0.868,0.713,0.229,0.04
968.25,2.114,1.31,0.587,0.868,0.713,0.228,0.04
968.5,2.137,1.33,0.594,0.868,0.713,0.228,0.04
968.75,2.116,1.312,0.587,0.868,0.714,0.229,0.04
969.0,2.107,1.305,0.585,0.868,0.714,0.229,0.04
969.25,2.103,1.302,0.583,0.868,0.714,0.228,0.04
969.5,2.133,1.326,0.593,0.868,0.713,0.229,0.04
969.75,2.114,1.311,0.587,0.868,0.713,0.228,0.04
970.0,2.106,1.304,0.584,0.869,0.713,0.229,0.04
970.25,2.103,1.302,0.583,0.867,0.713,0.228,0.04
970.5,2.102,1.301,0.583,0.868,0.713,0.229,0.04
970.75,2.133,1.326,0.593,0.868,0.713,0.229,0.039
971.0,2.145,1.336,0.597,0.867,0.713,0.229,0.04
971.25,2.119,1.314,0.588,0.867,0.713,0.228,0.04
971.5,2.139,1.331,0.595,0.865,0.714,0.228,0.039
971.75,2.116,1.313,0.588,0.866,0.713,0.229,0.039
972.0,2.107,1.305,0.585,0.866,0.713,0.228,0.04
972.25,2.072,1.277,0.574,0.866,0.712,0.229,0.04
972.5,2.09,1.291,0.579,0.866,0.713,0.229,0.04
972.75,2.097,1.296,0.581,0.866,0.713,0.229,0.04
973.0,2.162,1.35,0.602,0.866,0.713,0.229,0.039
973.25,2.125,1.32,0.59,0.866,0.713,0.229,0.039
973.5,2.111,1.308,0.586,0.866,0.713,0.229,0.04
973.75,2.105,1.303,0.584,0.865,0.712,0.229,0.04
974.0,2.072,1.276,0.573,0.865,0.713,0.228,0.039
974.25,2.089,1.291,0.579,0.864,0.712,0.228,0.039
974.5,2.065,1.271,0.571,0.864,0.712,0.228,0.039
974.75,2.087,1.289,0.578,0.864,0.713,0.228,0.038
975.0,2.095,1.295,0.581,0.864,0.712,0.229,0.039
975.25,2.099,1.298,0.582,0.864,0.712,0.228,0.039
975.5,2.1,1.299,0.582,0.864,0.712,0.229,0.039
975.75,2.07,1.275,0.573,0.864,0.711,0.229,0.039
976.0,2.089,1.29,0.579,0.864,0.712,0.229,0.038
976.25,2.096,1.296,0.581,0.864,0.712,0.228,0.038
976.5,2.068,1.273,0.572,0.864,0.711,0.228,0.038
976.75,2.088,1.289,0.579,0.864,0.712,0.228,0.039
977.0,2.096,1.296,0.581,0.862,0.711,0.229,0.039
977.25,2.068,1.273,0.572,0.863,0.711,0.229,0.039
977.5,2.057,1.264,0.569,0.863,0.711,0.229,0.039
977.75,2.083,1.286,0.577,0.862,0.711,0.229,0.038
978.0,2.094,1.294,0.58,0.862,0.711,0.229,0.038
978.25,2.067,1.273,0.572,0.862,0.711,0.229,0.038
978.5,2.056,1.264,0.569,0.863,0.711,0.229,0.039
978.75,2.052,1.261,0.567,0.864,0.712,0.229,0.038
979.0,2.05,1.259,0.567,0.864,0.711,0.229,0.039
979.25,2.081,1.284,0.576,0.864,0.711,0.229,0.039
979.5,2.062,1.268,0.57,0.864,0.711,0.229,0.039
979.75,2.054,1.262,0.568,0.864,0.711,0.229,0.039
980.0,2.051,1.26,0.567,0.864,0.711,0.229,0.039
980.25,2.05,1.259,0.567,0.862,0.711,0.229,0.039
980.5,2.081,1.284,0.576,0.863,0.711,0.229,0.039
980.75,2.093,1.294,0.58,0.863,0.711,0.229,0.039
981.0,2.067,1.272,0.572,0.862,0.711,0.229,0.039
981.25,2.056,1.264,0.569,0.861,0.71,0.228,0.039
981.5,2.052,1.261,0.567,0.862,0.711,0.229,0.039
981.75,2.05,1.259,0.567,0.861,0.711,0.229,0.039
982.0,2.081,1.284,0.576,0.861,0.711,0.229,0.039
982.25,2.093,1.294,0.58,0.861,0.711,0.23,0.038
982.5,2.098,1.297,0.582,0.861,0.71,0.229,0.038
982.75,2.1,1.299,0.582,0.861,0.711,0.229,0.038
983.0,2.101,1.3,0.583,0.861,0.71,0.229,0.038
983.25,2.101,1.3,0.583,0.861,0.71,0.229,0.039
983.5,2.07,1.275,0.573,0.861,0.71,0.228,0.039
983.75,2.058,1.265,0.569,0.861,0.71,0.229,0.039
984.0,2.053,1.261,0.567,0.862,0.71,0.229,0.038
984.25,2.051,1.259,0.567,0.863,0.711,0.229,0.039
984.5,2.081,1.284,0.576,0.862,0.711,0.229,0.039
984.75,2.093,1.294,0.58,0.861,0.71,0.229,0.039
985.0,2.067,1.272,0.572,0.861,0.711,0.229,0.039
985.25,2.087,1.289,0.578,0.862,0.71,0.229,0.039
985.5,2.065,1.271,0.571,0.862,0.711,0.229,0.038
985.75,2.086,1.288,0.578,0.863,0.71,0.228,0.039
986.0,2.095,1.295,0.581,0.862,0.71,0.228,0.039
986.25,2.099,1.298,0.582,0.861,0.71,0.229,0.039
986.5,2.1,1.299,0.582,0.861,0.711,0.228,0.038
986.75,2.101,1.3,0.583,0.86,0.71,0.229,0.039
987.0,2.101,1.3,0.583,0.86,0.711,0.229,0.039
987.25,2.07,1.275,0.573,0.861,0.71,0.229,0.039
987.5,2.058,1.265,0.569,0.86,0.71,0.229,0.039
987.75,2.084,1.286,0.577,0.86,0.709,0.229,0.039
988.0,2.063,1.269,0.571,0.86,0.71,0.228,0.039
988.25,1.963,1.19,0.539,0.86,0.71,0.228,0.039
988.5,2.015,1.231,0.556,0.861,0.71,0.228,0.039
988.75,2.067,1.272,0.572,0.86,0.71,0.229,0.038
989.0,2.087,1.289,0.578,0.861,0.71,0.229,0.039
989.25,2.064,1.271,0.571,0.86,0.71,0.228,0.039
989.5,2.086,1.288,0.578,0.859,0.71,0.229,0.038
989.75,2.064,1.27,0.571,0.86,0.71,0.228,0.038
990.0,2.086,1.288,0.578,0.86,0.711,0.229,0.038
990.25,2.095,1.295,0.581,0.859,0.71,0.229,0.038
990.5,2.099,1.298,0.582,0.86,0.71,0.228,0.038
990.75,2.069,1.274,0.573,0.859,0.71,0.228,0.038
991.0,2.057,1.265,0.569,0.86,0.709,0.228,0.038
991.25,2.084,1.286,0.577,0.86,0.71,0.228,0.038
991.5,2.094,1.294,0.58,0.86,0.71,0.228,0.038
991.75,2.098,1.298,0.582,0.861,0.711,0.229,0.038
992.0,2.069,1.274,0.573,0.861,0.71,0.228,0.038
992.25,2.088,1.29,0.579,0.862,0.71,0.229,0.039
992.5,2.096,1.296,0.581,0.861,0.71,0.228,0.038
992.75,2.099,1.298,0.582,0.86,0.71,0.229,0.038
993.0,2.1,1.299,0.582,0.86,0.71,0.228,0.038
993.25,2.101,1.3,0.583,0.862,0.709,0.229,0.039
993.5,2.07,1.275,0.573,0.862,0.71,0.229,0.039
993.75,2.058,1.265,0.569,0.863,0.71,0.229,0.038
994.0,2.084,1.286,0.577,0.863,0.71,0.229,0.039
994.25,2.094,1.294,0.581,0.862,0.71,0.228,0.038
994.5,2.098,1.298,0.582,0.861,0.709,0.228,0.038
994.75,2.1,1.299,0.582,0.863,0.709,0.229,0.039
995.0,2.101,1.3,0.583,0.864,0.71,0.229,0.039
995.25,2.101,1.3,0.583,0.865,0.71,0.229,0.04
995.5,2.101,1.3,0.583,0.865,0.71,0.23,0.039
995.75,2.07,1.275,0.573,0.864,0.71,0.229,0.04
996.0,2.089,1.29,0.579,0.864,0.71,0.229,0.039
996.25,2.096,1.296,0.581,0.864,0.711,0.228,0.039
996.5,2.099,1.298,0.582,0.863,0.71,0.229,0.04
996.75,2.1,1.299,0.582,0.862,0.71,0.229,0.04
997.0,2.101,1.3,0.583,0.862,0.71,0.229,0.039
997.25,2.07,1.275,0.573,0.863,0.709,0.228,0.039
997.5,2.058,1.265,0.569,0.862,0.709,0.228,0.038
997.75,2.053,1.261,0.567,0.863,0.71,0.228,0.039
998.0,2.051,1.259,0.567,0.864,0.71,0.228,0.039
998.25,2.081,1.284,0.576,0.864,0.71,0.229,0.04
998.5,2.093,1.294,0.58,0.864,0.709,0.229,0.04
998.75,2.067,1.272,0.572,0.864,0.71,0.228,0.04
999.0,2.056,1.264,0.569,0.863,0.709,0.228,0.039
999.25,2.052,1.261,0.567,0.864,0.71,0.228,0.04
999.5,2.082,1.284,0.577,0.865,0.71,0.228,0.039
999.75,2.093,1.294,0.58,0.864,0.709,0.228,0.039
1000.0,2.067,1.272,0.572,0.863,0.71,0.228,0.039
1000.25,2.056,1.264,0.569,0.864,0.709,0.228,0.04
1000.5,2.052,1.261,0.567,0.864,0.71,0.228,0.039
1000.75,2.05,1.259,0.567,0.864,0.71,0.228,0.04
1001.0,2.05,1.259,0.567,0.864,0.71,0.228,0.04
1001.25,2.049,1.258,0.566,0.864,0.71,0.229,0.039
1001.5,2.08,1.283,0.576,0.864,0.71,0.228,0.04
1001.75,2.093,1.293,0.58,0.864,0.709,0.228,0.04
1002.0,2.067,1.272,0.572,0.864,0.709,0.228,0.04
1002.25,2.087,1.289,0.578,0.864,0.71,0.228,0.04
1002.5,2.065,1.271,0.571,0.864,0.709,0.228,0.04
1002.75,2.086,1.288,0.578,0.863,0.709,0.228,0.04
1003.0,2.064,1.27,0.571,0.862,0.709,0.228,0.04
1003.25,2.055,1.263,0.568,0.862,0.709,0.228,0.039
1003.5,2.052,1.26,0.567,0.863,0.709,0.228,0.039
1003.75,2.081,1.284,0.576,0.864,0.71,0.228,0.04
1004.0,2.062,1.269,0.57,0.864,0.709,0.228,0.04
1004.25,2.054,1.262,0.568,0.862,0.709,0.228,0.04
1004.5,2.082,1.285,0.577,0.862,0.709,0.228,0.039
1004.75,2.063,1.269,0.571,0.862,0.709,0.228,0.04
1005.0,2.086,1.288,0.578,0.863,0.709,0.228,0.039
1005.25,2.095,1.295,0.581,0.863,0.71,0.228,0.04
1005.5,2.068,1.273,0.572,0.864,0.709,0.228,0.04
1005.75,2.057,1.264,0.569,0.862,0.709,0.228,0.04
1006.0,2.052,1.261,0.567,0.861,0.71,0.228,0.04
1006.25,2.05,1.259,0.567,0.862,0.709,0.228,0.04
1006.5,1.958,1.186,0.538,0.863,0.709,0.228,0.04
1006.75,2.044,1.254,0.565,0.864,0.709,0.228,0.04
1007.0,2.078,1.282,0.576,0.863,0.709,0.228,0.04
1007.25,2.061,1.268,0.57,0.863,0.709,0.228,0.04
1007.5,2.085,1.287,0.578,0.862,0.709,0.228,0.04
1007.75,2.002,1.221,0.552,0.862,0.709,0.228,0.04
1008.0,2.061,1.268,0.57,0.863,0.71,0.228,0.04
1008.25,2.054,1.262,0.568,0.864,0.71,0.228,0.04
1008.5,2.082,1.285,0.577,0.864,0.709,0.228,0.039
1008.75,2.063,1.269,0.571,0.864,0.709,0.228,0.039
1009.0,2.086,1.288,0.578,0.864,0.709,0.228,0.039
1009.25,2.064,1.27,0.571,0.863,0.709,0.228,0.04
1009.5,2.086,1.288,0.578,0.864,0.708,0.228,0.04
1009.75,2.064,1.27,0.571,0.864,0.708,0.228,0.04
1010.0,2.086,1.288,0.578,0.864,0.709,0.228,0.039
1010.25,2.064,1.27,0.571,0.864,0.709,0.228,0.039
1010.5,2.055,1.263,0.568,0.863,0.709,0.228,0.04
1010.75,2.083,1.285,0.577,0.862,0.709,0.228,0.04
1011.0,2.094,1.294,0.58,0.861,0.709,0.228,0.039
1011.25,2.098,1.298,0.582,0.862,0.709,0.228,0.039
1011.5,2.069,1.274,0.573,0.862,0.709,0.228,0.04
1011.75,2.088,1.29,0.579,0.862,0.708,0.228,0.039
1012.0,2.096,1.296,0.581,0.862,0.709,0.227,0.04
1012.25,2.099,1.298,0.582,0.862,0.708,0.227,0.039
1012.5,2.1,1.299,0.582,0.862,0.709,0.228,0.039
1012.75,2.101,1.3,0.583,0.862,0.708,0.228,0.039
1013.0,2.07,1.275,0.573,0.861,0.708,0.228,0.04
1013.25,2.058,1.265,0.569,0.861,0.708,0.228,0.04
1013.5,2.084,1.286,0.577,0.861,0.709,0.227,0.04
1013.75,2.063,1.269,0.571,0.86,0.709,0.227,0.039
1014.0,2.055,1.263,0.568,0.86,0.708,0.226,0.039
1014.25,2.145,1.336,0.597,0.859,0.708,0.227,0.039
1014.5,2.088,1.29,0.579,0.86,0.708,0.227,0.038
1014.75,2.096,1.296,0.581,0.86,0.708,0.227,0.038
1015.0,2.099,1.298,0.582,0.859,0.708,0.226,0.039
1015.25,2.069,1.274,0.573,0.86,0.708,0.226,0.039
1015.5,2.057,1.265,0.569,0.859,0.708,0.226,0.038
1015.75,2.084,1.286,0.577,0.859,0.707,0.226,0.038
1016.0,2.063,1.269,0.571,0.859,0.708,0.226,0.039
1016.25,2.086,1.288,0.578,0.859,0.708,0.226,0.039
1016.5,2.095,1.295,0.581,0.858,0.707,0.227,0.039
1016.75,2.068,1.273,0.572,0.858,0.707,0.226,0.038
1017.0,2.057,1.264,0.569,0.857,0.707,0.226,0.038
1017.25,2.052,1.261,0.567,0.858,0.707,0.226,0.039
1017.5,2.082,1.284,0.577,0.858,0.707,0.226,0.039
1017.75,2.093,1.294,0.58,0.857,0.707,0.226,0.038
1018.0,2.129,1.323,0.592,0.858,0.706,0.226,0.038
1018.25,2.112,1.309,0.586,0.857,0.707,0.226,0.038
1018.5,2.106,1.304,0.584,0.858,0.707,0.226,0.038
1018.75,2.103,1.302,0.583,0.858,0.706,0.226,0.038
1019.0,2.071,1.276,0.573,0.857,0.707,0.226,0.038
1019.25,2.058,1.265,0.569,0.857,0.706,0.226,0.038
1019.5,2.084,1.286,0.577,0.858,0.707,0.226,0.039
1019.75,2.094,1.295,0.581,0.858,0.707,0.226,0.039
1020.0,2.067,1.273,0.572,0.858,0.707,0.226,0.038
1020.25,2.026,1.239,0.559,0.857,0.706,0.226,0.039
1020.5,2.04,1.251,0.563,0.857,0.706,0.226,0.038
1020.75,2.045,1.255,0.565,0.857,0.706,0.226,0.039
1021.0,2.048,1.257,0.566,0.856,0.707,0.226,0.038
1021.25,2.049,1.258,0.566,0.856,0.707,0.226,0.038
1021.5,2.049,1.258,0.566,0.857,0.706,0.226,0.038
1021.75,2.049,1.258,0.566,0.857,0.706,0.226,0.038
1022.0,2.08,1.283,0.576,0.857,0.706,0.226,0.038
1022.25,2.093,1.293,0.58,0.858,0.706,0.226,0.038
1022.5,2.067,1.272,0.572,0.857,0.706,0.226,0.038
1022.75,2.056,1.264,0.569,0.858,0.706,0.226,0.038
1023.0,2.052,1.261,0.567,0.858,0.706,0.226,0.038
1023.25,2.05,1.259,0.567,0.857,0.707,0.226,0.039
1023.5,2.081,1.284,0.576,0.858,0.706,0.226,0.038
1023.75,2.062,1.268,0.57,0.858,0.707,0.226,0.039
1024.0,2.054,1.262,0.568,0.859,0.707,0.226,0.038
1024.25,2.082,1.285,0.577,0.858,0.706,0.226,0.038
1024.5,2.063,1.269,0.571,0.858,0.706,0.226,0.038
1024.75,2.055,1.263,0.568,0.859,0.707,0.226,0.039
1025.0,2.083,1.285,0.577,0.858,0.707,0.226,0.038
1025.25,2.063,1.269,0.571,0.858,0.706,0.226,0.039
1025.5,2.086,1.288,0.578,0.858,0.706,0.226,0.038
1025.75,2.064,1.27,0.571,0.858,0.706,0.226,0.039
1026.0,2.055,1.263,0.568,0.858,0.706,0.226,0.038
1026.25,2.052,1.26,0.567,0.858,0.707,0.226,0.039
1026.5,2.05,1.259,0.567,0.858,0.706,0.226,0.039
1026.75,2.081,1.284,0.576,0.858,0.707,0.225,0.038
1027.0,2.093,1.294,0.58,0.857,0.706,0.226,0.038
1027.25,2.098,1.297,0.582,0.858,0.706,0.226,0.038
1027.5,2.1,1.299,0.582,0.858,0.706,0.226,0.038
1027.75,2.069,1.275,0.573,0.857,0.706,0.225,0.038
1028.0,2.057,1.265,0.569,0.857,0.707,0.226,0.039
1028.25,2.053,1.261,0.567,0.857,0.706,0.226,0.038
1028.5,2.02,1.235,0.557,0.857,0.706,0.226,0.038
1028.75,2.069,1.274,0.572,0.857,0.706,0.225,0.038
1029.0,2.057,1.265,0.569,0.858,0.706,0.226,0.038
1029.25,2.052,1.261,0.567,0.857,0.706,0.226,0.039
1029.5,2.082,1.284,0.577,0.857,0.706,0.226,0.039
1029.75,2.062,1.269,0.57,0.857,0.707,0.226,0.038
1030.0,2.054,1.262,0.568,0.857,0.706,0.226,0.038
1030.25,2.082,1.285,0.577,0.857,0.707,0.225,0.038
1030.5,2.063,1.269,0.571,0.857,0.706,0.226,0.039
1030.75,2.055,1.263,0.568,0.857,0.706,0.226,0.038
1031.0,2.051,1.26,0.567,0.858,0.706,0.226,0.038
1031.25,2.05,1.259,0.567,0.858,0.706,0.226,0.038
1031.5,2.05,1.259,0.567,0.858,0.707,0.226,0.038
1031.75,2.049,1.258,0.566,0.857,0.706,0.225,0.038
1032.0,2.049,1.258,0.566,0.858,0.706,0.226,0.038
1032.25,2.049,1.258,0.566,0.858,0.707,0.225,0.038
1032.5,2.049,1.258,0.566,0.858,0.706,0.226,0.038
1032.75,2.049,1.258,0.566,0.858,0.706,0.225,0.039
1033.0,2.049,1.258,0.566,0.857,0.705,0.226,0.038
1033.25,2.049,1.258,0.566,0.857,0.705,0.226,0.038
1033.5,2.018,1.234,0.557,0.857,0.705,0.225,0.039
1033.75,2.006,1.224,0.553,0.857,0.705,0.226,0.039
1034.0,2.032,1.244,0.561,0.857,0.706,0.225,0.038
1034.25,2.073,1.278,0.574,0.857,0.706,0.225,0.039
1034.5,2.059,1.266,0.569,0.856,0.706,0.225,0.038
1034.75,2.053,1.261,0.568,0.857,0.705,0.225,0.039
1035.0,2.051,1.26,0.567,0.858,0.706,0.226,0.038
1035.25,2.05,1.259,0.567,0.857,0.706,0.226,0.038
1035.5,2.05,1.259,0.567,0.857,0.705,0.226,0.039
1035.75,2.049,1.258,0.566,0.857,0.706,0.225,0.039
1036.0,2.049,1.258,0.566,0.857,0.706,0.225,0.038
1036.25,2.049,1.258,0.566,0.857,0.705,0.225,0.039
1036.5,2.049,1.258,0.566,0.857,0.705,0.225,0.038
1036.75,2.049,1.258,0.566,0.858,0.705,0.226,0.039
1037.0,2.049,1.258,0.566,0.857,0.706,0.225,0.038
1037.25,2.049,1.258,0.566,0.857,0.705,0.225,0.039
1037.5,2.049,1.258,0.566,0.857,0.705,0.226,0.039
1037.75,2.049,1.258,0.566,0.857,0.705,0.225,0.038
1038.0,2.049,1.258,0.566,0.857,0.705,0.226,0.039
1038.25,2.049,1.258,0.566,0.858,0.705,0.225,0.039
1038.5,2.049,1.258,0.566,0.857,0.705,0.225,0.039
1038.75,2.049,1.258,0.566,0.858,0.705,0.225,0.039
1039.0,2.049,1.258,0.566,0.858,0.705,0.225,0.039
1039.25,2.049,1.258,0.566,0.857,0.706,0.225,0.039
1039.5,2.049,1.258,0.566,0.857,0.706,0.225,0.039
1039.75,2.049,1.258,0.566,0.857,0.706,0.225,0.038
1040.0,2.049,1.258,0.566,0.856,0.705,0.224,0.039
1040.25,2.049,1.258,0.566,0.857,0.705,0.224,0.039
1040.5,2.049,1.258,0.566,0.856,0.705,0.224,0.039
1040.75,2.049,1.258,0.566,0.856,0.706,0.225,0.039
1041.0,2.08,1.283,0.576,0.857,0.705,0.225,0.038
1041.25,2.062,1.268,0.57,0.857,0.706,0.225,0.039
1041.5,2.054,1.262,0.568,0.858,0.705,0.225,0.039
1041.75,2.051,1.26,0.567,0.857,0.705,0.224,0.039
1042.0,2.05,1.259,0.567,0.857,0.705,0.225,0.04
1042.25,2.05,1.259,0.567,0.857,0.705,0.224,0.039
1042.5,2.049,1.258,0.566,0.857,0.705,0.225,0.039
1042.75,2.049,1.258,0.566,0.857,0.705,0.225,0.038
1043.0,2.049,1.258,0.566,0.857,0.705,0.225,0.039
1043.25,2.049,1.258,0.566,0.856,0.704,0.224,0.039
1043.5,2.049,1.258,0.566,0.856,0.705,0.224,0.038
1043.75,2.049,1.258,0.566,0.857,0.705,0.225,0.039
1044.0,2.049,1.258,0.566,0.857,0.704,0.224,0.039
1044.25,2.049,1.258,0.566,0.857,0.705,0.224,0.039
1044.5,2.08,1.283,0.576,0.857,0.705,0.224,0.039
1044.75,2.062,1.268,0.57,0.857,0.705,0.225,0.038
1045.0,2.085,1.287,0.578,0.856,0.705,0.225,0.039
1045.25,2.064,1.27,0.571,0.857,0.705,0.225,0.039
1045.5,2.055,1.263,0.568,0.857,0.704,0.224,0.039
1045.75,2.052,1.26,0.567,0.856,0.705,0.224,0.038
1046.0,2.05,1.259,0.567,0.857,0.705,0.224,0.038
1046.25,2.081,1.284,0.576,0.856,0.705,0.224,0.039
1046.5,2.093,1.294,0.58,0.857,0.704,0.224,0.039
1046.75,2.098,1.297,0.582,0.856,0.705,0.224,0.039
1047.0,2.1,1.299,0.582,0.857,0.705,0.224,0.038
1047.25,2.101,1.3,0.583,0.857,0.704,0.225,0.039
1047.5,2.101,1.3,0.583,0.857,0.705,0.224,0.039
1047.75,2.07,1.275,0.573,0.856,0.705,0.225,0.039
1048.0,2.058,1.265,0.569,0.857,0.704,0.224,0.039
1048.25,2.084,1.286,0.577,0.857,0.704,0.224,0.039
1048.5,2.063,1.269,0.571,0.857,0.704,0.224,0.039
1048.75,2.055,1.263,0.568,0.857,0.704,0.224,0.038
1049.0,2.051,1.26,0.567,0.857,0.705,0.224,0.039
1049.25,2.05,1.259,0.567,0.857,0.705,0.224,0.039
1049.5,2.05,1.259,0.567,0.856,0.704,0.225,0.038
1049.75,2.049,1.258,0.566,0.856,0.705,0.224,0.039
1050.0,2.049,1.258,0.566,0.856,0.705,0.224,0.039
1050.25,2.049,1.258,0.566,0.856,0.704,0.224,0.04
1050.5,2.049,1.258,0.566,0.856,0.704,0.224,0.039
1050.75,2.049,1.258,0.566,0.856,0.704,0.223,0.039
1051.0,2.049,1.258,0.566,0.855,0.704,0.224,0.039
1051.25,2.049,1.258,0.566,0.854,0.704,0.224,0.039
1051.5,2.049,1.258,0.566,0.854,0.703,0.223,0.039
1051.75,2.049,1.258,0.566,0.854,0.704,0.224,0.039
1052.0,2.018,1.234,0.557,0.855,0.704,0.224,0.039
1052.25,2.037,1.248,0.563,0.855,0.704,0.223,0.039
1052.5,2.044,1.254,0.565,0.855,0.704,0.224,0.038
1052.75,2.047,1.257,0.566,0.855,0.704,0.224,0.039
1053.0,2.018,1.233,0.557,0.856,0.704,0.223,0.038
1053.25,2.006,1.223,0.553,0.855,0.704,0.224,0.039
1053.5,2.001,1.22,0.551,0.855,0.704,0.224,0.038
1053.75,2.03,1.243,0.56,0.854,0.704,0.224,0.039
1054.0,2.042,1.252,0.564,0.855,0.704,0.224,0.038
1054.25,2.046,1.256,0.565,0.855,0.704,0.224,0.038
1054.5,2.048,1.257,0.566,0.854,0.703,0.224,0.039
1054.75,2.049,1.258,0.566,0.854,0.704,0.224,0.038
1055.0,2.049,1.258,0.566,0.854,0.704,0.223,0.038
1055.25,2.049,1.258,0.566,0.854,0.704,0.224,0.038
1055.5,2.049,1.258,0.566,0.854,0.704,0.223,0.038
1055.75,2.049,1.258,0.566,0.854,0.703,0.223,0.039
1056.0,2.049,1.258,0.566,0.855,0.704,0.224,0.038
1056.25,2.049,1.258,0.566,0.855,0.703,0.224,0.039
1056.5,2.049,1.258,0.566,0.855,0.703,0.224,0.039
1056.75,2.049,1.258,0.566,0.854,0.704,0.223,0.038
1057.0,2.018,1.234,0.557,0.854,0.704,0.224,0.039
1057.25,2.037,1.248,0.563,0.854,0.704,0.224,0.038
1057.5,2.044,1.254,0.565,0.855,0.704,0.224,0.038
1057.75,2.016,1.232,0.556,0.855,0.704,0.224,0.038
1058.0,2.067,1.273,0.572,0.855,0.704,0.223,0.038
1058.25,2.026,1.239,0.559,0.854,0.703,0.224,0.038
1058.5,2.04,1.251,0.563,0.854,0.704,0.224,0.038
1058.75,2.015,1.231,0.556,0.855,0.704,0.224,0.038
1059.0,1.974,1.198,0.543,0.855,0.704,0.223,0.039
1059.25,1.988,1.209,0.547,0.855,0.704,0.224,0.039
1059.5,2.025,1.239,0.559,0.855,0.704,0.224,0.038
1059.75,2.009,1.226,0.554,0.854,0.704,0.224,0.039
1060.0,2.033,1.245,0.561,0.855,0.704,0.224,0.038
1060.25,2.012,1.228,0.555,0.854,0.703,0.223,0.038
1060.5,2.003,1.222,0.552,0.855,0.704,0.224,0.038
1060.75,2.031,1.244,0.561,0.854,0.704,0.224,0.038
1061.0,2.042,1.252,0.564,0.854,0.704,0.224,0.039
1061.25,2.046,1.256,0.566,0.854,0.704,0.224,0.038
1061.5,2.048,1.257,0.566,0.855,0.704,0.224,0.038
1061.75,2.049,1.258,0.566,0.854,0.704,0.223,0.038
1062.0,2.049,1.258,0.566,0.854,0.704,0.224,0.039
1062.25,2.049,1.258,0.566,0.854,0.704,0.223,0.039
1062.5,2.018,1.234,0.557,0.854,0.704,0.224,0.038
1062.75,2.037,1.248,0.563,0.854,0.704,0.223,0.038
1063.0,2.013,1.23,0.555,0.855,0.704,0.224,0.038
1063.25,2.035,1.247,0.562,0.855,0.704,0.224,0.038
1063.5,2.013,1.229,0.555,0.855,0.703,0.223,0.038
1063.75,2.004,1.222,0.552,0.854,0.702,0.224,0.038
1064.0,2,1.219,0.551,0.855,0.703,0.224,0.038
1064.25,2.03,1.243,0.56,0.856,0.704,0.223,0.039
1064.5,2.041,1.252,0.564,0.857,0.704,0.223,0.038
1064.75,2.046,1.256,0.565,0.857,0.704,0.224,0.039
1065.0,2.017,1.233,0.556,0.857,0.704,0.224,0.039
1065.25,2.036,1.248,0.562,0.858,0.704,0.223,0.039
1065.5,2.013,1.229,0.555,0.857,0.704,0.224,0.039
1065.75,2.097,1.297,0.582,0.857,0.702,0.224,0.039
1066.0,2.1,1.299,0.582,0.857,0.701,0.224,0.038
1066.25,2.069,1.275,0.573,0.857,0.702,0.224,0.038
1066.5,2.026,1.24,0.559,0.858,0.703,0.224,0.038
1066.75,2.009,1.226,0.554,0.857,0.702,0.223,0.039
1067.0,2.002,1.221,0.552,0.857,0.702,0.224,0.038
1067.25,2,1.219,0.551,0.858,0.703,0.224,0.038
1067.5,2.029,1.242,0.56,0.857,0.704,0.224,0.038
1067.75,2.041,1.252,0.564,0.858,0.702,0.225,0.038
1068.0,2.046,1.256,0.565,0.859,0.703,0.225,0.039
1068.25,2.048,1.257,0.566,0.86,0.704,0.225,0.039
1068.5,2.018,1.233,0.557,0.862,0.704,0.225,0.039
1068.75,2.037,1.248,0.563,0.862,0.703,0.225,0.038
1069.0,2.013,1.23,0.555,0.861,0.704,0.225,0.038
1069.25,2.004,1.222,0.552,0.862,0.704,0.226,0.038
1069.5,2.031,1.244,0.561,0.863,0.703,0.226,0.039
1069.75,2.011,1.228,0.554,0.862,0.702,0.226,0.04
1070.0,2.003,1.221,0.552,0.862,0.703,0.226,0.039
1070.25,2.031,1.244,0.561,0.863,0.704,0.226,0.039
1070.5,2.011,1.228,0.554,0.864,0.704,0.226,0.039
1070.75,2.034,1.246,0.562,0.864,0.704,0.226,0.04
1071.0,2.012,1.229,0.555,0.863,0.704,0.226,0.039
1071.25,2.004,1.222,0.552,0.863,0.704,0.226,0.039
1071.5,2.031,1.244,0.561,0.862,0.704,0.226,0.039
1071.75,2.042,1.252,0.564,0.861,0.702,0.226,0.039
1072.0,2.046,1.256,0.566,0.861,0.703,0.226,0.039
1072.25,2.017,1.233,0.556,0.859,0.702,0.226,0.038
1072.5,2.006,1.223,0.553,0.86,0.703,0.226,0.039
1072.75,2.001,1.22,0.551,0.859,0.702,0.226,0.038
1073.0,1.968,1.194,0.541,0.859,0.703,0.226,0.039
1073.25,1.986,1.208,0.547,0.859,0.701,0.226,0.038
1073.5,1.993,1.213,0.549,0.859,0.701,0.226,0.038
1073.75,1.996,1.216,0.55,0.859,0.701,0.226,0.038
1074.0,1.997,1.216,0.55,0.86,0.701,0.226,0.038
1074.25,1.997,1.217,0.55,0.86,0.701,0.226,0.038
1074.5,2.029,1.242,0.56,0.86,0.703,0.227,0.038
1074.75,2.01,1.227,0.554,0.859,0.704,0.228,0.038
1075.0,2.003,1.221,0.552,0.86,0.704,0.228,0.038
1075.25,2.031,1.243,0.561,0.86,0.702,0.227,0.038
1075.5,2.042,1.252,0.564,0.86,0.701,0.227,0.038
1075.75,2.015,1.231,0.556,0.861,0.702,0.228,0.038
1076.0,2.036,1.247,0.562,0.86,0.702,0.228,0.038
1076.25,2.044,1.254,0.565,0.86,0.703,0.228,0.038
1076.5,2.047,1.257,0.566,0.86,0.702,0.228,0.038
1076.75,2.048,1.258,0.566,0.86,0.703,0.228,0.037
1077.0,2.018,1.233,0.557,0.86,0.702,0.228,0.038
1077.25,2.037,1.248,0.563,0.86,0.702,0.228,0.038
1077.5,2.044,1.254,0.565,0.861,0.701,0.228,0.039
1077.75,2.047,1.257,0.566,0.86,0.703,0.228,0.038
1078.0,2.048,1.258,0.566,0.859,0.702,0.228,0.038
1078.25,2.049,1.258,0.566,0.86,0.702,0.228,0.038
1078.5,2.049,1.258,0.566,0.86,0.701,0.228,0.038
1078.75,2.049,1.258,0.566,0.86,0.701,0.228,0.038
1079.0,2.049,1.258,0.566,0.861,0.701,0.229,0.038
1079.25,2.018,1.234,0.557,0.863,0.703,0.229,0.039
1079.5,2.037,1.248,0.563,0.863,0.704,0.229,0.039
1079.75,2.013,1.23,0.555,0.864,0.704,0.229,0.038
1080.0,2.035,1.247,0.562,0.864,0.704,0.229,0.039
1080.25,2.013,1.229,0.555,0.865,0.704,0.229,0.039
1080.5,2.004,1.222,0.552,0.865,0.703,0.229,0.039
1080.75,2,1.219,0.551,0.864,0.704,0.229,0.038
1081.0,1.999,1.218,0.551,0.865,0.704,0.23,0.039
1081.25,2.029,1.242,0.56,0.864,0.702,0.229,0.039
1081.5,2.041,1.252,0.564,0.864,0.703,0.23,0.04
1081.75,2.046,1.256,0.565,0.864,0.702,0.23,0.039
1082.0,2.048,1.257,0.566,0.865,0.701,0.229,0.04
1082.25,2.049,1.258,0.566,0.864,0.702,0.23,0.039
1082.5,2.08,1.283,0.576,0.864,0.701,0.23,0.039
1082.75,2.093,1.293,0.58,0.864,0.702,0.23,0.039
1083.0,2.067,1.272,0.572,0.865,0.703,0.23,0.039
1083.25,2.056,1.264,0.569,0.865,0.704,0.23,0.039
1083.5,2.052,1.261,0.567,0.865,0.704,0.23,0.039
1083.75,2.05,1.259,0.567,0.865,0.702,0.23,0.039
1084.0,2.05,1.259,0.567,0.865,0.701,0.23,0.039
1084.25,2.049,1.258,0.566,0.865,0.703,0.23,0.04
1084.5,2.049,1.258,0.566,0.864,0.702,0.23,0.039
1084.75,2.049,1.258,0.566,0.865,0.701,0.231,0.039
1085.0,2.049,1.258,0.566,0.866,0.701,0.23,0.04
1085.25,2.018,1.234,0.557,0.866,0.701,0.231,0.039
1085.5,2.006,1.224,0.553,0.865,0.701,0.23,0.039
1085.75,2.001,1.22,0.551,0.864,0.701,0.231,0.038
1086.0,1.999,1.218,0.551,0.864,0.701,0.231,0.039
1086.25,2.029,1.242,0.56,0.864,0.702,0.231,0.039
1086.5,2.01,1.227,0.554,0.864,0.701,0.231,0.038
1086.75,2.003,1.221,0.552,0.865,0.701,0.231,0.039
1087.0,2.031,1.243,0.561,0.865,0.703,0.231,0.038
1087.25,2.011,1.228,0.554,0.864,0.702,0.232,0.039
1087.5,2.003,1.221,0.552,0.864,0.701,0.231,0.038
1087.75,2.031,1.244,0.561,0.865,0.701,0.232,0.039
1088.0,2.042,1.252,0.564,0.864,0.702,0.232,0.038
1088.25,2.015,1.231,0.556,0.865,0.701,0.232,0.038
1088.5,2.005,1.223,0.553,0.865,0.701,0.232,0.038
1088.75,2.031,1.244,0.561,0.863,0.701,0.232,0.039
1089.0,2.042,1.253,0.564,0.864,0.703,0.232,0.038
1089.25,2.046,1.256,0.566,0.864,0.702,0.233,0.038
1089.5,2.017,1.233,0.556,0.865,0.702,0.233,0.039
1089.75,2.006,1.223,0.553,0.866,0.703,0.233,0.038
1090.0,1.97,1.195,0.542,0.867,0.704,0.233,0.039
1090.25,1.987,1.208,0.547,0.866,0.704,0.234,0.038
1090.5,1.993,1.214,0.549,0.867,0.704,0.233,0.039
1090.75,1.996,1.216,0.55,0.867,0.704,0.233,0.039
1091.0,1.997,1.217,0.55,0.868,0.704,0.233,0.039
1091.25,1.997,1.217,0.55,0.868,0.704,0.233,0.039
1091.5,1.998,1.217,0.55,0.867,0.704,0.234,0.039
1091.75,1.998,1.217,0.55,0.866,0.703,0.234,0.04
1092.0,2.029,1.242,0.56,0.867,0.704,0.234,0.04
1092.25,2.01,1.227,0.554,0.867,0.704,0.234,0.039
1092.5,2.003,1.221,0.552,0.867,0.704,0.234,0.039
1092.75,2,1.219,0.551,0.868,0.703,0.235,0.039
1093.0,1.999,1.218,0.551,0.868,0.704,0.234,0.039
1093.25,1.998,1.217,0.55,0.868,0.704,0.235,0.039
1093.5,2.029,1.242,0.56,0.868,0.704,0.235,0.038
1093.75,2.01,1.227,0.554,0.867,0.704,0.236,0.039
1094.0,2.003,1.221,0.552,0.868,0.704,0.235,0.038
1094.25,2,1.219,0.551,0.867,0.702,0.235,0.039
1094.5,1.999,1.218,0.551,0.867,0.702,0.236,0.039
1094.75,2.029,1.242,0.56,0.866,0.702,0.236,0.039
1095.0,1.98,1.203,0.545,0.867,0.701,0.235,0.039
1095.25,1.99,1.211,0.548,0.866,0.701,0.236,0.038
1095.5,1.995,1.215,0.549,0.866,0.701,0.235,0.038
1095.75,1.997,1.216,0.55,0.866,0.701,0.235,0.038
1096.0,1.997,1.217,0.55,0.865,0.701,0.234,0.038
1096.25,2.028,1.242,0.56,0.866,0.701,0.235,0.038
1096.5,2.01,1.227,0.554,0.866,0.701,0.236,0.038
1096.75,2.003,1.221,0.552,0.865,0.701,0.236,0.038
1097.0,2,1.219,0.551,0.866,0.701,0.236,0.038
1097.25,1.999,1.218,0.551,0.866,0.701,0.236,0.038
1097.5,1.998,1.217,0.55,0.866,0.702,0.237,0.038
1097.75,1.967,1.193,0.541,0.866,0.701,0.237,0.038
1098.0,1.986,1.207,0.547,0.866,0.701,0.236,0.038
1098.25,1.962,1.189,0.539,0.866,0.701,0.236,0.038
1098.5,1.984,1.206,0.546,0.865,0.701,0.237,0.038
1098.75,1.961,1.188,0.539,0.865,0.701,0.236,0.038
1099.0,1.952,1.181,0.536,0.865,0.701,0.236,0.038
1099.25,1.949,1.178,0.535,0.864,0.701,0.237,0.038
1099.5,1.947,1.177,0.535,0.865,0.702,0.237,0.038
1099.75,1.978,1.201,0.544,0.865,0.701,0.237,0.038
1100.0,1.959,1.186,0.538,0.865,0.701,0.236,0.037
1100.25,1.952,1.18,0.536,0.864,0.701,0.237,0.038
1100.5,1.979,1.202,0.545,0.864,0.701,0.237,0.038
1100.75,1.96,1.187,0.538,0.865,0.701,0.237,0.038
1101.0,1.952,1.181,0.536,0.865,0.701,0.238,0.038
1101.25,1.949,1.178,0.535,0.865,0.701,0.237,0.038
1101.5,1.947,1.177,0.535,0.865,0.701,0.237,0.037
1101.75,1.947,1.177,0.534,0.865,0.701,0.238,0.038
1102.0,1.947,1.177,0.534,0.864,0.7,0.237,0.038
1102.25,1.947,1.176,0.534,0.865,0.701,0.238,0.038
1102.5,1.977,1.201,0.544,0.865,0.701,0.238,0.038
1102.75,1.99,1.211,0.548,0.864,0.701,0.238,0.038
1103.0,1.964,1.19,0.54,0.865,0.7,0.238,0.037
1103.25,1.953,1.182,0.537,0.865,0.7,0.238,0.038
1103.5,1.949,1.179,0.535,0.865,0.701,0.238,0.037
1103.75,1.948,1.177,0.535,0.865,0.701,0.238,0.037
1104.0,1.947,1.177,0.534,0.864,0.701,0.239,0.037
1104.25,1.977,1.201,0.544,0.865,0.701,0.238,0.038
1104.5,1.959,1.186,0.538,0.864,0.701,0.238,0.038
1104.75,1.921,1.156,0.526,0.864,0.701,0.239,0.038
1105.0,1.936,1.168,0.531,0.864,0.701,0.239,0.038
1105.25,1.973,1.198,0.543,0.865,0.701,0.238,0.038
1105.5,1.957,1.185,0.538,0.864,0.701,0.238,0.038
1105.75,1.951,1.18,0.536,0.864,0.701,0.239,0.038
1106.0,1.948,1.178,0.535,0.864,0.701,0.239,0.037
1106.25,1.947,1.177,0.535,0.864,0.701,0.239,0.037
1106.5,1.947,1.177,0.534,0.865,0.701,0.24,0.038
1106.75,1.947,1.177,0.534,0.865,0.703,0.239,0.038
1107.0,1.947,1.176,0.534,0.865,0.702,0.24,0.038
1107.25,1.947,1.176,0.534,0.865,0.701,0.239,0.038
1107.5,1.947,1.176,0.534,0.865,0.701,0.24,0.038
1107.75,1.947,1.176,0.534,0.865,0.701,0.24,0.038
1108.0,1.947,1.176,0.534,0.865,0.701,0.24,0.038
1108.25,1.916,1.152,0.525,0.865,0.7,0.24,0.038
1108.5,1.823,1.097,0.5,0.821,0.665,0.228,0.036
1108.75,1.741,1.047,0.477,0.786,0.636,0.218,0.034
1109.0,1.675,1.007,0.459,0.758,0.614,0.21,0.033
1109.25,1.623,0.975,0.444,0.735,0.595,0.204,0.032
1109.5,1.581,0.95,0.433,0.717,0.581,0.199,0.031
1109.75,1.555,0.935,0.426,0.703,0.569,0.195,0.031
1110.0,1.527,0.918,0.418,0.691,0.56,0.192,0.03
1110.25,1.504,0.904,0.412,0.682,0.553,0.189,0.03
1110.5,1.486,0.892,0.407,0.675,0.547,0.188,0.029
1110.75,1.472,0.884,0.403,0.669,0.542,0.186,0.029
1111.0,1.46,0.876,0.4,0.664,0.538,0.184,0.029
1111.25,1.459,0.877,0.399,0.66,0.535,0.183,0.029
1111.5,1.45,0.871,0.397,0.657,0.533,0.183,0.029
1111.75,1.443,0.866,0.395,0.655,0.531,0.182,0.028
1112.0,1.445,0.869,0.396,0.653,0.529,0.181,0.028
1112.25,1.439,0.865,0.394,0.651,0.528,0.181,0.028
1112.5,1.434,0.861,0.393,0.65,0.527,0.181,0.028
1112.75,1.438,0.865,0.394,0.649,0.526,0.18,0.028
1113.0,1.464,0.886,0.402,0.649,0.526,0.18,0.028
1113.25,1.462,0.884,0.401,0.648,0.525,0.18,0.028
1113.5,1.46,0.883,0.401,0.648,0.525,0.18,0.028
1113.75,1.458,0.882,0.4,0.647,0.525,0.18,0.028
1114.0,1.457,0.881,0.4,0.647,0.525,0.18,0.028
1114.25,1.456,0.881,0.4,0.646,0.524,0.18,0.028
1114.5,1.456,0.88,0.4,0.646,0.524,0.18,0.028
1114.75,1.455,0.88,0.399,0.645,0.524,0.179,0.028
1115.0,1.455,0.879,0.399,0.645,0.524,0.179,0.028
1115.25,1.454,0.879,0.399,0.645,0.524,0.179,0.028
1115.5,1.454,0.879,0.399,0.645,0.524,0.179,0.028
1115.75,1.454,0.879,0.399,0.644,0.524,0.179,0.028
1116.0,1.461,0.885,0.401,0.644,0.524,0.179,0.028
1116.25,1.459,0.883,0.401,0.643,0.524,0.179,0.028
1116.5,1.466,0.888,0.403,0.642,0.524,0.179,0.028
1116.75,1.471,0.892,0.404,0.642,0.523,0.179,0.028
1117.0,1.475,0.896,0.406,0.642,0.524,0.178,0.028
1117.25,1.47,0.892,0.404,0.641,0.524,0.178,0.028
1117.5,1.467,0.889,0.403,0.641,0.524,0.178,0.028
1117.75,1.456,0.881,0.4,0.64,0.524,0.178,0.028
1118.0,1.456,0.88,0.4,0.639,0.524,0.178,0.028
1118.25,1.455,0.88,0.4,0.639,0.523,0.178,0.028
1118.5,1.455,0.879,0.399,0.638,0.523,0.178,0.028
1118.75,1.454,0.879,0.399,0.637,0.523,0.177,0.028
1119.0,1.454,0.879,0.399,0.637,0.523,0.177,0.028
1119.25,1.454,0.879,0.399,0.636,0.523,0.177,0.028
1119.5,1.453,0.879,0.399,0.636,0.523,0.177,0.028
1119.75,1.453,0.878,0.399,0.636,0.523,0.176,0.028
1120.0,1.453,0.878,0.399,0.635,0.523,0.176,0.028
1120.25,1.461,0.884,0.401,0.635,0.523,0.176,0.028
1120.5,1.467,0.889,0.403,0.634,0.523,0.175,0.028
1120.75,1.472,0.893,0.405,0.633,0.523,0.175,0.028
1121.0,1.475,0.896,0.406,0.633,0.523,0.175,0.028
1121.25,1.479,0.899,0.407,0.632,0.523,0.175,0.028
1121.5,1.481,0.9,0.408,0.632,0.523,0.174,0.029
1121.75,1.483,0.902,0.408,0.632,0.523,0.174,0.029
1122.0,1.485,0.903,0.409,0.631,0.523,0.174,0.029
1122.25,1.478,0.898,0.407,0.631,0.523,0.174,0.029
1122.5,1.488,0.906,0.41,0.631,0.523,0.174,0.029
1122.75,1.489,0.907,0.41,0.631,0.523,0.173,0.029
1123.0,1.497,0.913,0.413,0.63,0.523,0.173,0.029
1123.25,1.504,0.918,0.415,0.63,0.523,0.173,0.029
1123.5,1.501,0.916,0.414,0.63,0.523,0.173,0.029
1123.75,1.507,0.921,0.416,0.63,0.523,0.172,0.029
1124.0,1.511,0.925,0.417,0.63,0.523,0.172,0.029
1124.25,1.515,0.927,0.418,0.63,0.523,0.172,0.029
1124.5,1.518,0.93,0.419,0.629,0.523,0.172,0.029
1124.75,1.52,0.932,0.42,0.629,0.523,0.171,0.029
1125.0,1.522,0.933,0.42,0.629,0.523,0.171,0.029
1125.25,1.523,0.934,0.421,0.628,0.523,0.171,0.029
1125.5,1.517,0.929,0.419,0.628,0.523,0.171,0.029
1125.75,1.512,0.925,0.417,0.628,0.522,0.171,0.029
1126.0,1.515,0.928,0.418,0.628,0.522,0.17,0.029
1126.25,1.518,0.93,0.419,0.628,0.522,0.17,0.029
1126.5,1.52,0.932,0.42,0.628,0.522,0.17,0.029
1126.75,1.522,0.933,0.42,0.627,0.522,0.17,0.029
1127.0,1.516,0.928,0.418,0.628,0.522,0.17,0.029
1127.25,1.526,0.937,0.422,0.627,0.522,0.17,0.029
1127.5,1.527,0.937,0.422,0.627,0.522,0.169,0.029
1127.75,1.527,0.938,0.422,0.627,0.522,0.169,0.029
1128.0,1.528,0.938,0.422,0.627,0.522,0.169,0.029
1128.25,1.528,0.938,0.422,0.627,0.522,0.169,0.029
1128.5,1.528,0.938,0.422,0.626,0.522,0.169,0.029
1128.75,1.529,0.938,0.422,0.626,0.522,0.168,0.029
1129.0,1.529,0.939,0.423,0.626,0.522,0.168,0.029
1129.25,1.529,0.939,0.423,0.626,0.522,0.168,0.029
1129.5,1.537,0.945,0.425,0.625,0.522,0.168,0.029
1129.75,1.543,0.95,0.427,0.625,0.522,0.168,0.029
1130.0,1.548,0.954,0.429,0.625,0.522,0.167,0.029
1130.25,1.537,0.945,0.425,0.625,0.522,0.167,0.029
1130.5,1.559,0.963,0.432,0.625,0.522,0.167,0.029
1130.75,1.553,0.958,0.43,0.625,0.521,0.167,0.029
1131.0,1.548,0.954,0.429,0.625,0.521,0.167,0.029
1131.25,1.544,0.951,0.427,0.625,0.522,0.166,0.029
1131.5,1.541,0.949,0.426,0.625,0.522,0.166,0.029
1131.75,1.547,0.953,0.428,0.625,0.521,0.166,0.029
1132.0,1.551,0.956,0.429,0.625,0.522,0.166,0.029
1132.25,1.547,0.953,0.428,0.625,0.522,0.166,0.029
1132.5,1.543,0.95,0.427,0.625,0.522,0.166,0.029
1132.75,1.54,0.948,0.426,0.625,0.522,0.166,0.029
1133.0,1.538,0.946,0.425,0.625,0.522,0.166,0.029
1133.25,1.544,0.951,0.427,0.625,0.522,0.166,0.029
1133.5,1.549,0.955,0.429,0.624,0.521,0.166,0.029
1133.75,1.545,0.952,0.428,0.624,0.522,0.165,0.029
1134.0,1.55,0.955,0.429,0.625,0.522,0.165,0.029
1134.25,1.546,0.952,0.428,0.624,0.522,0.165,0.029
1134.5,1.542,0.949,0.427,0.624,0.522,0.165,0.029
1134.75,1.547,0.954,0.428,0.624,0.521,0.165,0.029
1135.0,1.552,0.957,0.43,0.624,0.521,0.165,0.029
1135.25,1.547,0.953,0.428,0.624,0.521,0.165,0.029
1135.5,1.544,0.95,0.427,0.624,0.521,0.165,0.029
1135.75,1.548,0.954,0.429,0.624,0.521,0.165,0.029
1136.0,1.552,0.958,0.43,0.624,0.521,0.165,0.029
1136.25,1.556,0.96,0.431,0.624,0.521,0.165,0.029
1136.5,1.55,0.956,0.429,0.624,0.521,0.164,0.029
1136.75,1.554,0.959,0.43,0.624,0.521,0.164,0.029
1137.0,1.557,0.961,0.431,0.624,0.521,0.164,0.029
1137.25,1.559,0.963,0.432,0.624,0.521,0.164,0.029
1137.5,1.561,0.964,0.433,0.624,0.521,0.164,0.029
1137.75,1.57,0.972,0.435,0.624,0.521,0.164,0.029
1138.0,1.57,0.972,0.435,0.624,0.521,0.164,0.029
1138.25,1.562,0.965,0.433,0.624,0.521,0.164,0.029
1138.5,1.563,0.966,0.433,0.623,0.521,0.163,0.029
1138.75,1.556,0.961,0.431,0.623,0.521,0.163,0.029
1139.0,1.558,0.963,0.432,0.623,0.521,0.163,0.029
1139.25,1.56,0.964,0.432,0.623,0.521,0.163,0.029
1139.5,1.562,0.965,0.433,0.623,0.521,0.163,0.029
1139.75,1.563,0.966,0.433,0.623,0.521,0.163,0.029
1140.0,1.564,0.967,0.434,0.623,0.521,0.163,0.029
1140.25,1.565,0.968,0.434,0.623,0.521,0.163,0.029
1140.5,1.566,0.968,0.434,0.623,0.521,0.163,0.029
1140.75,1.566,0.969,0.434,0.623,0.521,0.163,0.029
1141.0,1.559,0.963,0.432,0.623,0.521,0.162,0.029
1141.25,1.561,0.964,0.433,0.623,0.521,0.163,0.029
1141.5,1.562,0.965,0.433,0.623,0.521,0.163,0.029
1141.75,1.571,0.973,0.436,0.623,0.521,0.163,0.029
1142.0,1.57,0.972,0.436,0.623,0.521,0.162,0.029
1142.25,1.57,0.972,0.435,0.623,0.521,0.162,0.029
1142.5,1.562,0.965,0.433,0.623,0.521,0.162,0.029
1142.75,1.563,0.966,0.433,0.623,0.521,0.162,0.029
1143.0,1.564,0.967,0.434,0.623,0.521,0.162,0.029
1143.25,1.565,0.968,0.434,0.623,0.521,0.162,0.029
1143.5,1.565,0.968,0.434,0.623,0.521,0.162,0.03
1143.75,1.566,0.969,0.434,0.623,0.521,0.162,0.029
1144.0,1.574,0.975,0.437,0.623,0.521,0.162,0.029
1144.25,1.573,0.974,0.436,0.623,0.521,0.162,0.029
1144.5,1.572,0.973,0.436,0.623,0.521,0.162,0.029
1144.75,1.571,0.973,0.436,0.623,0.521,0.162,0.029
1145.0,1.571,0.972,0.436,0.623,0.521,0.161,0.029
1145.25,1.57,0.972,0.435,0.623,0.521,0.161,0.029
1145.5,1.57,0.972,0.435,0.623,0.521,0.161,0.029
1145.75,1.569,0.971,0.435,0.623,0.521,0.161,0.029
1146.0,1.569,0.971,0.435,0.623,0.521,0.161,0.029
1146.25,1.569,0.971,0.435,0.623,0.521,0.161,0.029
1146.5,1.569,0.971,0.435,0.623,0.521,0.161,0.029
1146.75,1.569,0.971,0.435,0.623,0.521,0.161,0.029
1147.0,1.568,0.971,0.435,0.622,0.521,0.161,0.029
1147.25,1.576,0.977,0.437,0.622,0.521,0.161,0.029
1147.5,1.582,0.982,0.439,0.622,0.521,0.161,0.029
1147.75,1.587,0.986,0.441,0.622,0.521,0.161,0.029
1148.0,1.615,1.009,0.45,0.622,0.521,0.16,0.029
1148.25,1.613,1.007,0.449,0.622,0.521,0.16,0.029
1148.5,1.604,1,0.446,0.623,0.521,0.16,0.029
1148.75,1.605,1,0.446,0.623,0.521,0.16,0.029
1149.0,1.597,0.994,0.444,0.623,0.521,0.16,0.029
1149.25,1.599,0.996,0.445,0.623,0.521,0.16,0.029
1149.5,1.601,0.997,0.445,0.623,0.52,0.16,0.029
1149.75,1.594,0.992,0.443,0.623,0.521,0.16,0.029
1150.0,1.613,1.007,0.449,0.623,0.52,0.16,0.029
1150.25,1.611,1.006,0.449,0.623,0.52,0.16,0.029
1150.5,1.579,0.98,0.439,0.622,0.52,0.16,0.029
1150.75,1.577,0.978,0.438,0.622,0.52,0.16,0.03
1151.0,1.575,0.976,0.437,0.622,0.52,0.16,0.03
1151.25,1.582,0.982,0.439,0.622,0.52,0.16,0.029
1151.5,1.587,0.986,0.441,0.622,0.52,0.16,0.029
1151.75,1.583,0.983,0.44,0.622,0.52,0.16,0.029
1152.0,1.588,0.986,0.441,0.622,0.52,0.16,0.029
1152.25,1.584,0.983,0.44,0.622,0.52,0.16,0.029
1152.5,1.581,0.981,0.439,0.622,0.52,0.16,0.029
1152.75,1.578,0.978,0.438,0.622,0.52,0.16,0.029
1153.0,1.584,0.983,0.44,0.622,0.52,0.16,0.029
1153.25,1.589,0.987,0.441,0.623,0.52,0.16,0.029
1153.5,1.584,0.984,0.44,0.623,0.52,0.16,0.029
1153.75,1.589,0.987,0.441,0.623,0.52,0.16,0.029
1154.0,1.585,0.984,0.44,0.623,0.52,0.16,0.03
1154.25,1.589,0.987,0.442,0.623,0.52,0.159,0.03
1154.5,1.593,0.99,0.443,0.623,0.52,0.159,0.03
1154.75,1.596,0.993,0.444,0.623,0.52,0.159,0.03
1155.0,1.598,0.994,0.444,0.623,0.52,0.159,0.03
1155.25,1.6,0.996,0.445,0.624,0.52,0.159,0.03
1155.5,1.593,0.991,0.443,0.624,0.52,0.159,0.03
1155.75,1.588,0.987,0.441,0.624,0.52,0.159,0.03
1156.0,1.592,0.99,0.442,0.623,0.52,0.159,0.03
1156.25,1.587,0.986,0.441,0.624,0.52,0.159,0.03
1156.5,1.583,0.983,0.44,0.624,0.52,0.159,0.03
1156.75,1.572,0.974,0.436,0.624,0.52,0.159,0.03
1157.0,1.572,0.973,0.436,0.624,0.52,0.159,0.03
1157.25,1.579,0.979,0.438,0.624,0.52,0.159,0.03
1157.5,1.577,0.977,0.438,0.624,0.52,0.159,0.03
1157.75,1.559,0.963,0.432,0.624,0.52,0.159,0.03
1158.0,1.561,0.965,0.433,0.623,0.52,0.159,0.03
1158.25,1.562,0.966,0.433,0.623,0.52,0.159,0.03
1158.5,1.571,0.973,0.436,0.624,0.52,0.159,0.03
1158.75,1.571,0.972,0.436,0.624,0.52,0.159,0.03
1159.0,1.57,0.972,0.436,0.624,0.52,0.159,0.03
1159.25,1.562,0.965,0.433,0.624,0.52,0.159,0.03
1159.5,1.563,0.966,0.433,0.624,0.52,0.159,0.03
1159.75,1.564,0.967,0.434,0.624,0.52,0.159,0.03
1160.0,1.573,0.974,0.436,0.623,0.52,0.159,0.03
1160.25,1.572,0.973,0.436,0.623,0.52,0.159,0.03
1160.5,1.579,0.979,0.438,0.623,0.52,0.158,0.03
1160.75,1.577,0.977,0.438,0.623,0.519,0.159,0.03
1161.0,1.583,0.982,0.439,0.623,0.52,0.158,0.03
1161.25,1.588,0.986,0.441,0.623,0.519,0.158,0.03
1161.5,1.591,0.989,0.442,0.623,0.52,0.158,0.03
1161.75,1.595,0.992,0.443,0.624,0.52,0.158,0.03
1162.0,1.597,0.994,0.444,0.624,0.52,0.158,0.03
1162.25,1.591,0.989,0.442,0.624,0.52,0.158,0.03
1162.5,1.594,0.992,0.443,0.624,0.52,0.158,0.03
1162.75,1.589,0.987,0.441,0.623,0.52,0.158,0.03
1163.0,1.593,0.99,0.443,0.623,0.519,0.158,0.03
1163.25,1.596,0.993,0.444,0.623,0.52,0.158,0.03
1163.5,1.598,0.994,0.444,0.623,0.52,0.158,0.03
1163.75,1.6,0.996,0.445,0.624,0.52,0.158,0.03
1164.0,1.601,0.997,0.445,0.624,0.52,0.158,0.03
1164.25,1.579,0.979,0.438,0.624,0.52,0.158,0.03
1164.5,1.585,0.984,0.44,0.624,0.52,0.158,0.03
1164.75,1.589,0.987,0.441,0.624,0.52,0.158,0.03
1165.0,1.593,0.99,0.443,0.624,0.52,0.158,0.03
1165.25,1.596,0.993,0.444,0.624,0.52,0.158,0.03
1165.5,1.598,0.994,0.444,0.624,0.52,0.158,0.03
1165.75,1.6,0.996,0.445,0.624,0.52,0.158,0.03
1166.0,1.601,0.997,0.445,0.624,0.52,0.158,0.03
1166.25,1.602,0.998,0.446,0.624,0.52,0.158,0.03
1166.5,1.595,0.992,0.443,0.624,0.52,0.158,0.03
1166.75,1.598,0.994,0.444,0.624,0.52,0.158,0.03
1167.0,1.6,0.996,0.445,0.624,0.52,0.158,0.03
1167.25,1.601,0.997,0.445,0.624,0.519,0.158,0.03
1167.5,1.602,0.998,0.446,0.624,0.52,0.158,0.03
1167.75,1.603,0.999,0.446,0.624,0.52,0.158,0.031
1168.0,1.604,0.999,0.446,0.624,0.52,0.158,0.031
1168.25,1.605,1,0.446,0.624,0.519,0.158,0.03
1168.5,1.605,1,0.446,0.624,0.52,0.158,0.03
1168.75,1.598,0.994,0.444,0.624,0.52,0.158,0.03
1169.0,1.599,0.996,0.445,0.624,0.52,0.158,0.03
1169.25,1.601,0.997,0.445,0.624,0.52,0.158,0.031
1169.5,1.602,0.998,0.446,0.624,0.52,0.158,0.031
1169.75,1.603,0.999,0.446,0.624,0.52,0.158,0.03
1170.0,1.596,0.993,0.444,0.624,0.52,0.158,0.03
1170.25,1.598,0.995,0.444,0.624,0.52,0.158,0.03
1170.5,1.592,0.99,0.442,0.624,0.52,0.158,0.03
1170.75,1.595,0.992,0.443,0.624,0.52,0.158,0.03
1171.0,1.59,0.988,0.442,0.624,0.519,0.158,0.03
1171.25,1.593,0.991,0.443,0.624,0.519,0.158,0.03
1171.5,1.596,0.993,0.444,0.624,0.519,0.158,0.03
1171.75,1.598,0.995,0.444,0.624,0.519,0.157,0.03
1172.0,1.6,0.996,0.445,0.624,0.519,0.157,0.03
1172.25,1.609,1.004,0.448,0.624,0.519,0.157,0.03
1172.5,1.609,1.003,0.448,0.624,0.519,0.157,0.03
1172.75,1.616,1.009,0.45,0.624,0.519,0.157,0.03
1173.0,1.614,1.008,0.449,0.624,0.519,0.157,0.03
1173.25,1.605,1,0.447,0.624,0.519,0.157,0.03
1173.5,1.605,1.001,0.447,0.624,0.519,0.157,0.03
1173.75,1.598,0.995,0.444,0.624,0.519,0.157,0.03
1174.0,1.6,0.996,0.445,0.624,0.519,0.157,0.031
1174.25,1.601,0.997,0.445,0.624,0.519,0.157,0.031
1174.5,1.602,0.998,0.446,0.624,0.519,0.157,0.031
1174.75,1.595,0.992,0.443,0.624,0.519,0.157,0.031
1175.0,1.598,0.994,0.444,0.624,0.519,0.157,0.031
1175.25,1.6,0.996,0.445,0.624,0.519,0.157,0.031
1175.5,1.609,1.003,0.448,0.624,0.519,0.157,0.031
1175.75,1.608,1.003,0.448,0.624,0.519,0.157,0.031
1176.0,1.616,1.009,0.45,0.624,0.519,0.157,0.031
1176.25,1.606,1.001,0.447,0.624,0.519,0.157,0.031
1176.5,1.606,1.002,0.447,0.624,0.519,0.157,0.031
1176.75,1.607,1.002,0.447,0.624,0.519,0.157,0.031
1177.0,1.607,1.002,0.447,0.624,0.519,0.157,0.031
1177.25,1.607,1.002,0.447,0.624,0.519,0.157,0.031
1177.5,1.607,1.002,0.447,0.624,0.519,0.157,0.031
1177.75,1.607,1.002,0.447,0.625,0.52,0.157,0.031
1178.0,1.607,1.002,0.447,0.625,0.519,0.157,0.031
1178.25,1.607,1.002,0.447,0.625,0.519,0.157,0.031
1178.5,1.607,1.002,0.447,0.624,0.519,0.157,0.031
1178.75,1.607,1.002,0.447,0.625,0.519,0.157,0.031
1179.0,1.607,1.002,0.447,0.625,0.519,0.157,0.031
1179.25,1.607,1.002,0.447,0.625,0.519,0.157,0.031
1179.5,1.607,1.002,0.447,0.625,0.519,0.157,0.031
1179.75,1.607,1.002,0.447,0.624,0.519,0.157,0.031
1180.0,1.607,1.002,0.447,0.624,0.519,0.157,0.031
1180.25,1.607,1.002,0.447,0.624,0.519,0.157,0.03
1180.5,1.607,1.002,0.447,0.625,0.519,0.156,0.031
1180.75,1.607,1.002,0.447,0.625,0.519,0.157,0.031
1181.0,1.607,1.002,0.447,0.625,0.519,0.156,0.031
1181.25,1.607,1.002,0.447,0.624,0.519,0.156,0.031
1181.5,1.607,1.002,0.447,0.624,0.519,0.156,0.031
1181.75,1.615,1.008,0.45,0.624,0.519,0.156,0.031
1182.0,1.621,1.013,0.452,0.624,0.519,0.156,0.031
1182.25,1.626,1.017,0.453,0.624,0.519,0.156,0.031
1182.5,1.63,1.021,0.454,0.624,0.519,0.156,0.031
1182.75,1.625,1.017,0.453,0.624,0.519,0.156,0.031
1183.0,1.622,1.014,0.452,0.624,0.519,0.156,0.031
1183.25,1.619,1.011,0.451,0.624,0.519,0.156,0.031
1183.5,1.939,1.21,0.54,0.75,0.624,0.187,0.037
1183.75,2.068,1.289,0.575,0.802,0.667,0.2,0.039
1184.0,2.15,1.347,0.6,0.823,0.684,0.206,0.039
1184.25,2.184,1.37,0.609,0.83,0.69,0.207,0.04
1184.5,2.197,1.379,0.613,0.832,0.692,0.208,0.04
1184.75,2.171,1.357,0.605,0.833,0.694,0.208,0.04
1185.0,2.16,1.348,0.601,0.834,0.694,0.208,0.04
1185.25,2.156,1.345,0.6,0.834,0.693,0.208,0.041
1185.5,2.154,1.343,0.599,0.836,0.694,0.209,0.041
1185.75,2.185,1.369,0.609,0.836,0.694,0.208,0.04
1186.0,2.197,1.379,0.613,0.835,0.695,0.209,0.041
1186.25,2.171,1.357,0.605,0.836,0.695,0.209,0.04
1186.5,2.16,1.348,0.601,0.837,0.695,0.209,0.04
1186.75,2.188,1.37,0.61,0.838,0.694,0.209,0.04
1187.0,2.167,1.354,0.603,0.838,0.695,0.209,0.04
1187.25,2.159,1.347,0.601,0.839,0.694,0.209,0.04
1187.5,2.155,1.344,0.6,0.839,0.694,0.209,0.041
1187.75,2.154,1.343,0.599,0.839,0.694,0.209,0.041
1188.0,2.154,1.343,0.599,0.84,0.694,0.209,0.04
1188.25,2.153,1.343,0.599,0.84,0.695,0.209,0.04
1188.5,2.122,1.317,0.589,0.841,0.694,0.21,0.04
1188.75,2.141,1.332,0.595,0.84,0.694,0.209,0.04
1189.0,2.148,1.338,0.598,0.84,0.695,0.209,0.04
1189.25,2.151,1.341,0.598,0.84,0.694,0.209,0.04
1189.5,2.152,1.342,0.599,0.84,0.694,0.209,0.04
1189.75,2.153,1.342,0.599,0.84,0.694,0.21,0.04
1190.0,2.185,1.368,0.609,0.841,0.694,0.21,0.04
1190.25,2.042,1.253,0.564,0.842,0.694,0.21,0.041
1190.5,2.109,1.307,0.585,0.843,0.695,0.21,0.04
1190.75,2.135,1.328,0.594,0.843,0.694,0.21,0.041
1191.0,2.146,1.337,0.597,0.844,0.695,0.21,0.041
1191.25,2.119,1.315,0.588,0.844,0.694,0.21,0.041
1191.5,2.108,1.306,0.585,0.844,0.695,0.211,0.04
1191.75,2.135,1.328,0.593,0.844,0.695,0.21,0.04
1192.0,2.115,1.311,0.587,0.843,0.694,0.21,0.041
1192.25,2.107,1.305,0.584,0.842,0.694,0.21,0.04
1192.5,2.135,1.327,0.593,0.842,0.694,0.21,0.039
1192.75,2.146,1.336,0.597,0.842,0.694,0.21,0.039
1193.0,2.119,1.315,0.588,0.841,0.695,0.21,0.039
1193.25,2.108,1.306,0.585,0.842,0.694,0.211,0.04
1193.5,2.135,1.328,0.593,0.842,0.694,0.21,0.039
1193.75,2.115,1.311,0.587,0.843,0.694,0.21,0.039
1194.0,2.107,1.305,0.584,0.843,0.694,0.21,0.039
1194.25,2.103,1.302,0.583,0.844,0.694,0.211,0.039
1194.5,2.102,1.301,0.583,0.843,0.694,0.211,0.039
1194.75,2.101,1.3,0.583,0.843,0.694,0.212,0.039
1195.0,2.133,1.326,0.593,0.844,0.694,0.212,0.039
1195.25,2.145,1.336,0.597,0.843,0.694,0.212,0.039
1195.5,2.119,1.314,0.588,0.844,0.694,0.212,0.038
1195.75,2.139,1.331,0.595,0.845,0.693,0.212,0.038
1196.0,2.148,1.338,0.597,0.845,0.694,0.212,0.038
1196.25,2.151,1.341,0.598,0.846,0.695,0.213,0.038
1196.5,2.152,1.342,0.599,0.846,0.695,0.212,0.038
1196.75,2.153,1.342,0.599,0.848,0.695,0.213,0.039
1197.0,2.153,1.342,0.599,0.849,0.695,0.212,0.039
1197.25,2.153,1.342,0.599,0.849,0.695,0.213,0.039
1197.5,2.153,1.342,0.599,0.849,0.695,0.213,0.039
1197.75,2.153,1.342,0.599,0.849,0.694,0.213,0.039
1198.0,2.122,1.317,0.589,0.85,0.694,0.213,0.039
1198.25,2.109,1.307,0.585,0.85,0.694,0.213,0.039
1198.5,2.104,1.303,0.584,0.849,0.694,0.214,0.039
1198.75,2.134,1.327,0.593,0.85,0.694,0.214,0.038
1199.0,2.145,1.336,0.597,0.851,0.694,0.214,0.039
1199.25,2.15,1.34,0.598,0.85,0.695,0.215,0.038
1199.5,2.121,1.316,0.589,0.851,0.694,0.215,0.038
1199.75,2.109,1.306,0.585,0.85,0.695,0.214,0.039
1200.0,2.104,1.303,0.584,0.85,0.694,0.214,0.039
1200.25,2.134,1.327,0.593,0.849,0.694,0.214,0.038
1200.5,2.114,1.311,0.587,0.85,0.694,0.214,0.039
1200.75,2.138,1.33,0.594,0.851,0.694,0.215,0.038
1201.0,2.147,1.337,0.597,0.85,0.695,0.214,0.038
1201.25,2.151,1.34,0.598,0.851,0.695,0.215,0.038
1201.5,2.121,1.316,0.589,0.851,0.694,0.215,0.038
1201.75,2.109,1.307,0.585,0.851,0.695,0.216,0.038
1202.0,2.104,1.303,0.584,0.853,0.695,0.216,0.039
1202.25,2.102,1.301,0.583,0.853,0.695,0.217,0.038
1202.5,2.102,1.301,0.583,0.854,0.695,0.216,0.038
1202.75,2.133,1.326,0.593,0.855,0.695,0.217,0.038
1203.0,2.114,1.31,0.587,0.854,0.695,0.217,0.038
1203.25,2.106,1.304,0.584,0.854,0.694,0.217,0.038
1203.5,2.103,1.302,0.583,0.853,0.695,0.217,0.038
1203.75,2.102,1.301,0.583,0.854,0.695,0.217,0.039
1204.0,2.101,1.3,0.583,0.853,0.695,0.217,0.038
1204.25,2.101,1.3,0.583,0.853,0.695,0.217,0.038
1204.5,2.101,1.3,0.583,0.853,0.694,0.217,0.038
1204.75,2.101,1.3,0.583,0.854,0.695,0.218,0.038
1205.0,2.101,1.3,0.583,0.854,0.695,0.218,0.038
1205.25,2.132,1.325,0.593,0.855,0.695,0.219,0.038
1205.5,2.114,1.31,0.587,0.855,0.695,0.218,0.039
1205.75,2.106,1.304,0.584,0.854,0.694,0.218,0.039
1206.0,2.134,1.327,0.593,0.855,0.694,0.219,0.038
1206.25,2.114,1.311,0.587,0.855,0.695,0.218,0.039
1206.5,2.106,1.304,0.584,0.856,0.695,0.219,0.039
1206.75,2.072,1.277,0.574,0.857,0.695,0.219,0.039
1207.0,2.09,1.291,0.579,0.857,0.695,0.22,0.039
1207.25,2.096,1.296,0.581,0.856,0.694,0.22,0.038
1207.5,2.131,1.324,0.592,0.857,0.695,0.22,0.038
1207.75,2.113,1.31,0.586,0.857,0.696,0.22,0.038
1208.0,2.106,1.304,0.584,0.857,0.695,0.22,0.039
1208.25,2.134,1.327,0.593,0.856,0.695,0.22,0.038
1208.5,2.114,1.311,0.587,0.855,0.694,0.22,0.038
1208.75,2.106,1.304,0.584,0.856,0.694,0.22,0.038
1209.0,2.103,1.302,0.583,0.856,0.695,0.22,0.038
1209.25,2.102,1.301,0.583,0.856,0.695,0.221,0.038
1209.5,2.101,1.3,0.583,0.856,0.695,0.221,0.038
1209.75,2.227,1.404,0.623,0.856,0.695,0.221,0.038
1210.0,2.152,1.342,0.599,0.857,0.694,0.221,0.038
1210.25,2.121,1.317,0.589,0.857,0.695,0.221,0.038
1210.5,2.109,1.307,0.585,0.856,0.695,0.221,0.038
1210.75,2.104,1.303,0.584,0.857,0.694,0.22,0.038
1211.0,2.102,1.301,0.583,0.857,0.694,0.221,0.038
1211.25,2.102,1.301,0.583,0.857,0.695,0.222,0.038
1211.5,2.07,1.275,0.573,0.858,0.694,0.222,0.038
1211.75,2.089,1.29,0.579,0.857,0.695,0.222,0.038
1212.0,2.096,1.296,0.581,0.858,0.695,0.222,0.038
1212.25,2.099,1.298,0.582,0.857,0.694,0.223,0.039
1212.5,2.1,1.299,0.582,0.857,0.694,0.222,0.038
1212.75,2.07,1.275,0.573,0.858,0.696,0.222,0.038
1213.0,2.057,1.265,0.569,0.857,0.694,0.222,0.038
1213.25,2.084,1.286,0.577,0.857,0.695,0.223,0.038
1213.5,2.094,1.294,0.581,0.857,0.694,0.222,0.038
1213.75,2.098,1.298,0.582,0.858,0.695,0.223,0.038
1214.0,2.069,1.274,0.573,0.857,0.695,0.224,0.038
1214.25,2.088,1.29,0.579,0.858,0.695,0.224,0.038
1214.5,2.065,1.271,0.571,0.858,0.695,0.224,0.037
1214.75,2.056,1.263,0.568,0.858,0.696,0.224,0.038
1215.0,2.083,1.285,0.577,0.858,0.695,0.224,0.038
1215.25,2.063,1.269,0.571,0.858,0.695,0.225,0.038
1215.5,2.086,1.288,0.578,0.859,0.695,0.225,0.038
1215.75,2.095,1.295,0.581,0.86,0.696,0.225,0.038
1216.0,2.068,1.273,0.572,0.861,0.695,0.226,0.038
1216.25,2.057,1.264,0.569,0.86,0.695,0.226,0.038
1216.5,2.083,1.286,0.577,0.861,0.696,0.226,0.038
1216.75,2.094,1.294,0.58,0.863,0.696,0.226,0.038
1217.0,2.098,1.298,0.582,0.864,0.697,0.226,0.039
1217.25,2.069,1.274,0.573,0.864,0.697,0.226,0.038
1217.5,2.057,1.265,0.569,0.864,0.696,0.227,0.038
1217.75,2.084,1.286,0.577,0.864,0.697,0.226,0.038
1218.0,2.063,1.269,0.571,0.864,0.697,0.227,0.039
1218.25,2.086,1.288,0.578,0.864,0.697,0.227,0.039
1218.5,2.095,1.295,0.581,0.865,0.697,0.227,0.039
1218.75,2.099,1.298,0.582,0.864,0.697,0.228,0.039
1219.0,2.069,1.274,0.573,0.864,0.698,0.228,0.038
1219.25,2.088,1.29,0.579,0.865,0.697,0.228,0.039
1219.5,2.096,1.296,0.581,0.865,0.697,0.228,0.038
1219.75,2.099,1.298,0.582,0.864,0.697,0.228,0.038
1220.0,2.069,1.274,0.573,0.864,0.697,0.228,0.038
1220.25,2.057,1.265,0.569,0.864,0.697,0.228,0.039
1220.5,2.052,1.261,0.567,0.865,0.697,0.229,0.039
1220.75,2.051,1.259,0.567,0.865,0.697,0.229,0.039
1221.0,2.05,1.259,0.567,0.864,0.697,0.229,0.038
1221.25,2.081,1.284,0.576,0.865,0.697,0.229,0.038
1221.5,2.062,1.268,0.57,0.866,0.698,0.229,0.039
1221.75,2.085,1.287,0.578,0.865,0.696,0.229,0.039
1222.0,2.095,1.295,0.581,0.865,0.697,0.229,0.039
1222.25,2.068,1.273,0.572,0.864,0.697,0.23,0.039
1222.5,2.057,1.264,0.569,0.865,0.698,0.23,0.039
1222.75,2.083,1.286,0.577,0.867,0.698,0.23,0.039
1223.0,2.094,1.294,0.58,0.866,0.697,0.23,0.038
1223.25,2.098,1.298,0.582,0.866,0.697,0.23,0.039
1223.5,2.1,1.299,0.582,0.867,0.697,0.231,0.04
1223.75,2.101,1.3,0.583,0.867,0.698,0.231,0.039
1224.0,2.101,1.3,0.583,0.866,0.698,0.231,0.039
1224.25,2.008,1.226,0.554,0.866,0.697,0.23,0.039
1224.5,2.033,1.245,0.561,0.865,0.697,0.231,0.039
1224.75,2.012,1.228,0.555,0.866,0.697,0.231,0.038
1225.0,2.065,1.271,0.572,0.866,0.697,0.231,0.039
1225.25,2.056,1.264,0.568,0.867,0.697,0.231,0.038
1225.5,2.083,1.285,0.577,0.866,0.697,0.231,0.038
1225.75,2.094,1.294,0.58,0.866,0.697,0.231,0.039
1226.0,1.975,1.2,0.543,0.867,0.697,0.232,0.039
1226.25,2.02,1.235,0.557,0.867,0.697,0.232,0.039
1226.5,2.037,1.249,0.563,0.868,0.697,0.233,0.038
1226.75,2.045,1.255,0.565,0.868,0.698,0.232,0.039
1227.0,2.078,1.282,0.576,0.868,0.698,0.233,0.039
1227.25,2.061,1.268,0.57,0.868,0.698,0.233,0.039
1227.5,2.054,1.262,0.568,0.869,0.697,0.233,0.039
1227.75,2.051,1.26,0.567,0.868,0.697,0.234,0.039
1228.0,2.05,1.259,0.567,0.869,0.698,0.234,0.039
1228.25,2.05,1.259,0.567,0.869,0.698,0.234,0.039
1228.5,2.018,1.234,0.557,0.868,0.699,0.233,0.039
1228.75,2.006,1.224,0.553,0.869,0.698,0.234,0.039
1229.0,2.032,1.244,0.561,0.869,0.699,0.234,0.039
1229.25,2.168,1.355,0.604,0.87,0.698,0.234,0.039
1229.5,2.097,1.297,0.581,0.869,0.698,0.234,0.039
1229.75,2.194,1.376,0.612,0.868,0.698,0.235,0.039
1230.0,2.107,1.305,0.585,0.869,0.698,0.234,0.039
1230.25,2.072,1.277,0.574,0.869,0.699,0.235,0.04
1230.5,2.059,1.266,0.569,0.869,0.699,0.235,0.039
1230.75,2.053,1.261,0.568,0.87,0.698,0.234,0.039
1231.0,2.051,1.26,0.567,0.87,0.698,0.235,0.04
1231.25,2.05,1.259,0.567,0.87,0.698,0.235,0.039
1231.5,2.05,1.259,0.567,0.87,0.697,0.236,0.039
1231.75,2.049,1.258,0.566,0.869,0.697,0.236,0.039
1232.0,2.049,1.258,0.566,0.869,0.697,0.235,0.039
1232.25,2.049,1.258,0.566,0.869,0.698,0.236,0.039
1232.5,2.049,1.258,0.566,0.87,0.698,0.236,0.039
1232.75,2.049,1.258,0.566,0.869,0.698,0.236,0.039
1233.0,2.049,1.258,0.566,0.869,0.698,0.237,0.039
1233.25,2.049,1.258,0.566,0.869,0.697,0.237,0.039
1233.5,2.018,1.234,0.557,0.87,0.698,0.236,0.039
1233.75,2.037,1.248,0.563,0.87,0.698,0.236,0.039
1234.0,2.044,1.254,0.565,0.869,0.697,0.236,0.039
1234.25,2.047,1.257,0.566,0.869,0.697,0.236,0.039
1234.5,2.018,1.233,0.557,0.868,0.697,0.236,0.039
1234.75,2.037,1.248,0.562,0.869,0.697,0.236,0.039
1235.0,2.044,1.254,0.565,0.87,0.698,0.237,0.04
1235.25,2.016,1.232,0.556,0.87,0.698,0.237,0.039
1235.5,2.036,1.248,0.562,0.869,0.698,0.237,0.039
1235.75,2.044,1.254,0.565,0.869,0.698,0.238,0.039
1236.0,2.047,1.257,0.566,0.87,0.698,0.238,0.039
1236.25,2.048,1.258,0.566,0.87,0.699,0.238,0.039
1236.5,2.049,1.258,0.566,0.87,0.698,0.238,0.039
1236.75,2.049,1.258,0.566,0.87,0.699,0.239,0.039
1237.0,2.018,1.234,0.557,0.869,0.698,0.239,0.039
1237.25,2.037,1.248,0.563,0.869,0.698,0.239,0.039
1237.5,2.044,1.254,0.565,0.869,0.698,0.239,0.04
1237.75,2.047,1.257,0.566,0.87,0.699,0.238,0.039
1238.0,2.018,1.233,0.557,0.87,0.697,0.239,0.039
1238.25,2.006,1.223,0.553,0.87,0.697,0.239,0.039
1238.5,2.032,1.244,0.561,0.869,0.698,0.239,0.039
1238.75,2.011,1.228,0.555,0.869,0.697,0.239,0.039
1239.0,2.003,1.221,0.552,0.869,0.697,0.239,0.038
1239.25,2.031,1.244,0.561,0.87,0.697,0.24,0.039
1239.5,2.042,1.252,0.564,0.87,0.698,0.24,0.038
1239.75,2.015,1.231,0.556,0.869,0.698,0.24,0.039
1240.0,2.005,1.223,0.553,0.87,0.698,0.239,0.039
1240.25,2.001,1.219,0.551,0.869,0.698,0.24,0.039
1240.5,1.999,1.218,0.551,0.87,0.698,0.24,0.039
1240.75,2.029,1.242,0.56,0.869,0.699,0.241,0.039
1241.0,2.041,1.252,0.564,0.87,0.698,0.241,0.039
1241.25,2.015,1.231,0.556,0.871,0.699,0.241,0.038
1241.5,2.005,1.223,0.552,0.87,0.698,0.241,0.038
1241.75,2.001,1.219,0.551,0.87,0.699,0.241,0.038
1242.0,1.999,1.218,0.551,0.87,0.698,0.241,0.038
1242.25,1.998,1.217,0.55,0.87,0.698,0.241,0.038
1242.5,1.998,1.217,0.55,0.87,0.699,0.242,0.038
1242.75,1.998,1.217,0.55,0.87,0.698,0.241,0.038
1243.0,1.998,1.217,0.55,0.87,0.698,0.242,0.038
1243.25,1.998,1.217,0.55,0.871,0.698,0.242,0.039
1243.5,1.998,1.217,0.55,0.871,0.698,0.243,0.038
1243.75,1.998,1.217,0.55,0.87,0.698,0.242,0.039
1244.0,1.998,1.217,0.55,0.871,0.698,0.242,0.038
1244.25,1.998,1.217,0.55,0.871,0.699,0.243,0.038
1244.5,1.998,1.217,0.55,0.87,0.699,0.243,0.039
1244.75,2.029,1.242,0.56,0.871,0.699,0.244,0.038
1245.0,2.041,1.252,0.564,0.871,0.698,0.244,0.039
1245.25,2.015,1.231,0.556,0.871,0.699,0.244,0.039
1245.5,2.005,1.223,0.552,0.87,0.699,0.244,0.038
1245.75,2.001,1.219,0.551,0.871,0.699,0.244,0.039
1246.0,1.999,1.218,0.551,0.872,0.699,0.244,0.038
1246.25,1.998,1.217,0.55,0.872,0.698,0.244,0.038
1246.5,1.998,1.217,0.55,0.871,0.699,0.244,0.039
1246.75,1.998,1.217,0.55,0.872,0.699,0.244,0.038
1247.0,1.998,1.217,0.55,0.872,0.699,0.245,0.039
1247.25,1.998,1.217,0.55,0.871,0.699,0.245,0.039
1247.5,2.029,1.242,0.56,0.87,0.699,0.245,0.038
1247.75,2.01,1.227,0.554,0.871,0.7,0.245,0.039
1248.0,2.003,1.221,0.552,0.87,0.699,0.244,0.038
1248.25,2,1.219,0.551,0.869,0.699,0.245,0.038
1248.5,1.999,1.218,0.551,0.87,0.698,0.245,0.037
1248.75,1.998,1.217,0.55,0.87,0.698,0.245,0.038
1249.0,1.998,1.217,0.55,0.869,0.699,0.245,0.038
1249.25,1.998,1.217,0.55,0.869,0.698,0.246,0.038
1249.5,1.998,1.217,0.55,0.87,0.699,0.246,0.038
1249.75,1.998,1.217,0.55,0.87,0.699,0.246,0.039
1250.0,1.998,1.217,0.55,0.872,0.699,0.246,0.038
1250.25,1.998,1.217,0.55,0.872,0.699,0.246,0.038
1250.5,1.998,1.217,0.55,0.871,0.698,0.246,0.038
1250.75,1.998,1.217,0.55,0.871,0.699,0.246,0.038
1251.0,1.998,1.217,0.55,0.872,0.7,0.246,0.038
1251.25,1.998,1.217,0.55,0.872,0.699,0.246,0.038
1251.5,1.998,1.217,0.55,0.872,0.699,0.246,0.038
1251.75,1.998,1.217,0.55,0.871,0.699,0.246,0.038
1252.0,1.936,1.169,0.531,0.872,0.699,0.247,0.038
1252.25,1.973,1.198,0.543,0.871,0.698,0.247,0.038
1252.5,1.957,1.185,0.538,0.871,0.699,0.247,0.038
1252.75,1.982,1.204,0.545,0.871,0.7,0.247,0.038
1253.0,1.991,1.212,0.548,0.871,0.7,0.248,0.038
1253.25,1.995,1.215,0.55,0.871,0.699,0.248,0.038
1253.5,1.997,1.216,0.55,0.871,0.698,0.248,0.038
1253.75,1.967,1.192,0.541,0.87,0.698,0.247,0.037
1254.0,1.985,1.207,0.546,0.87,0.698,0.248,0.038
1254.25,1.993,1.213,0.549,0.87,0.698,0.248,0.038
1254.5,1.965,1.191,0.54,0.869,0.698,0.247,0.038
1254.75,1.954,1.182,0.537,0.87,0.698,0.247,0.038
1255.0,1.949,1.179,0.535,0.87,0.699,0.248,0.037
1255.25,1.978,1.202,0.544,0.871,0.699,0.248,0.038
1255.5,2.021,1.236,0.558,0.87,0.699,0.248,0.038
1255.75,2.007,1.225,0.553,0.871,0.699,0.249,0.039
1256.0,2.001,1.22,0.551,0.871,0.699,0.248,0.038
1256.25,1.999,1.218,0.551,0.871,0.699,0.249,0.038
1256.5,1.998,1.218,0.551,0.871,0.698,0.249,0.038
1256.75,1.998,1.217,0.55,0.87,0.699,0.249,0.038
1257.0,1.998,1.217,0.55,0.872,0.699,0.25,0.038
1257.25,1.967,1.193,0.541,0.871,0.699,0.249,0.038
1257.5,1.985,1.207,0.546,0.872,0.699,0.25,0.037
1257.75,1.993,1.213,0.549,0.873,0.7,0.25,0.038
1258.0,1.996,1.216,0.55,0.872,0.7,0.25,0.038
1258.25,1.997,1.216,0.55,0.872,0.7,0.249,0.038
1258.5,1.967,1.192,0.541,0.873,0.699,0.25,0.038
1258.75,1.955,1.183,0.537,0.872,0.699,0.25,0.037
1259.0,1.98,1.203,0.545,0.872,0.698,0.25,0.038
1259.25,1.96,1.187,0.539,0.872,0.698,0.25,0.037
1259.5,1.983,1.205,0.546,0.871,0.699,0.251,0.037
1259.75,1.992,1.212,0.548,0.872,0.699,0.25,0.038
1260.0,1.965,1.191,0.54,0.872,0.699,0.25,0.038
1260.25,1.985,1.207,0.546,0.872,0.698,0.251,0.037
1260.5,1.992,1.213,0.549,0.873,0.699,0.251,0.038
1260.75,1.996,1.215,0.55,0.872,0.7,0.252,0.038
1261.0,1.966,1.192,0.54,0.873,0.7,0.251,0.038
1261.25,1.954,1.183,0.537,0.871,0.699,0.252,0.038
1261.5,1.98,1.203,0.545,0.872,0.7,0.252,0.038
1261.75,1.991,1.212,0.548,0.873,0.7,0.252,0.037
1262.0,1.995,1.215,0.549,0.872,0.7,0.252,0.037
1262.25,1.997,1.216,0.55,0.873,0.701,0.253,0.037
1262.5,1.906,1.145,0.522,0.873,0.7,0.252,0.038
1262.75,1.961,1.188,0.539,0.872,0.699,0.252,0.038
1263.0,1.983,1.205,0.546,0.873,0.7,0.252,0.038
1263.25,1.961,1.188,0.539,0.872,0.699,0.252,0.037
1263.5,1.983,1.205,0.546,0.872,0.7,0.252,0.038
1263.75,1.992,1.212,0.548,0.872,0.701,0.253,0.037
1264.0,1.995,1.215,0.55,0.872,0.7,0.252,0.038
1264.25,1.997,1.216,0.55,0.871,0.7,0.252,0.038
1264.5,2.028,1.242,0.56,0.872,0.7,0.253,0.037
1264.75,2.041,1.252,0.564,0.873,0.701,0.253,0.038
1265.0,2.015,1.231,0.556,0.872,0.701,0.253,0.038
1265.25,1.974,1.198,0.543,0.873,0.7,0.253,0.037
1265.5,1.957,1.185,0.538,0.873,0.701,0.253,0.038
1265.75,1.951,1.18,0.536,0.873,0.701,0.255,0.038
1266.0,1.979,1.202,0.544,0.873,0.7,0.254,0.038
1266.25,1.99,1.211,0.548,0.873,0.7,0.253,0.037
1266.5,1.995,1.215,0.549,0.873,0.701,0.253,0.037
1266.75,1.997,1.216,0.55,0.873,0.7,0.253,0.037
1267.0,1.997,1.217,0.55,0.873,0.701,0.254,0.037
1267.25,1.998,1.217,0.55,0.873,0.701,0.254,0.037
1267.5,1.998,1.217,0.55,0.872,0.7,0.254,0.038
1267.75,1.967,1.193,0.541,0.873,0.699,0.254,0.038
1268.0,1.985,1.207,0.546,0.873,0.7,0.254,0.038
1268.25,1.993,1.213,0.549,0.873,0.7,0.255,0.038
1268.5,1.965,1.191,0.54,0.873,0.7,0.256,0.038
1268.75,1.985,1.207,0.546,0.873,0.7,0.256,0.038
1269.0,1.993,1.213,0.549,0.874,0.701,0.256,0.038
1269.25,1.996,1.215,0.55,0.873,0.701,0.256,0.037
1269.5,1.966,1.192,0.54,0.873,0.701,0.256,0.037
1269.75,1.954,1.183,0.537,0.874,0.701,0.256,0.038
1270.0,1.95,1.179,0.535,0.873,0.701,0.256,0.037
1270.25,1.948,1.177,0.535,0.873,0.701,0.256,0.037
1270.5,1.947,1.177,0.535,0.874,0.7,0.256,0.038
1270.75,1.947,1.177,0.534,0.873,0.701,0.257,0.038
1271.0,1.947,1.177,0.534,0.873,0.701,0.257,0.038
1271.25,1.916,1.152,0.525,0.873,0.7,0.257,0.037
1271.5,1.934,1.167,0.531,0.872,0.7,0.256,0.038
1271.75,1.942,1.173,0.533,0.873,0.7,0.257,0.038
1272.0,1.945,1.175,0.534,0.873,0.7,0.256,0.038
1272.25,1.946,1.176,0.534,0.874,0.7,0.256,0.038
1272.5,1.946,1.176,0.534,0.873,0.7,0.257,0.038
1272.75,1.946,1.176,0.534,0.874,0.7,0.257,0.038
1273.0,1.946,1.176,0.534,0.873,0.699,0.257,0.038
1273.25,1.947,1.176,0.534,0.874,0.7,0.257,0.038
1273.5,1.947,1.176,0.534,0.874,0.701,0.258,0.037
1273.75,1.947,1.176,0.534,0.874,0.701,0.257,0.038
1274.0,1.947,1.176,0.534,0.873,0.7,0.257,0.037
1274.25,1.947,1.176,0.534,0.874,0.7,0.257,0.037
1274.5,1.947,1.176,0.534,0.874,0.701,0.257,0.037
1274.75,1.947,1.176,0.534,0.873,0.701,0.258,0.037
1275.0,1.947,1.176,0.534,0.874,0.701,0.258,0.037
1275.25,1.947,1.176,0.534,0.874,0.701,0.258,0.037
1275.5,1.947,1.176,0.534,0.874,0.701,0.258,0.037
1275.75,1.916,1.152,0.525,0.873,0.701,0.258,0.038
1276.0,1.934,1.167,0.531,0.875,0.701,0.258,0.037
1276.25,1.911,1.149,0.523,0.874,0.701,0.258,0.038
1276.5,1.902,1.141,0.52,0.874,0.701,0.258,0.038
1276.75,1.898,1.138,0.519,0.873,0.701,0.258,0.038
1277.0,1.927,1.161,0.528,0.873,0.701,0.258,0.037
1277.25,1.939,1.17,0.532,0.873,0.7,0.258,0.038
1277.5,1.913,1.15,0.524,0.872,0.7,0.258,0.037
1277.75,1.903,1.142,0.521,0.873,0.701,0.258,0.038
1278.0,1.929,1.163,0.529,0.873,0.701,0.259,0.038
1278.25,1.939,1.171,0.532,0.874,0.701,0.26,0.038
1278.5,1.913,1.15,0.524,0.874,0.701,0.259,0.037
1278.75,1.903,1.142,0.521,0.874,0.7,0.259,0.038
1279.0,1.929,1.163,0.529,0.873,0.701,0.258,0.037
1279.25,1.94,1.171,0.532,0.874,0.701,0.259,0.038
1279.5,1.913,1.15,0.524,0.874,0.701,0.26,0.038
1279.75,1.903,1.142,0.521,0.875,0.701,0.26,0.038
1280.0,1.929,1.163,0.529,0.875,0.7,0.26,0.038
1280.25,1.909,1.147,0.523,0.875,0.701,0.26,0.037
1280.5,1.901,1.141,0.52,0.875,0.701,0.259,0.037
1280.75,1.898,1.138,0.519,0.874,0.7,0.259,0.037
1281.0,1.896,1.137,0.519,0.875,0.701,0.26,0.037
1281.25,1.896,1.137,0.519,0.875,0.701,0.26,0.038
1281.5,1.896,1.136,0.519,0.875,0.701,0.26,0.037
1281.75,1.896,1.136,0.519,0.874,0.701,0.26,0.037
1282.0,1.896,1.136,0.519,0.874,0.701,0.26,0.038
1282.25,1.896,1.136,0.519,0.874,0.701,0.261,0.037
1282.5,1.896,1.136,0.519,0.874,0.701,0.26,0.037
1282.75,1.896,1.136,0.519,0.873,0.701,0.26,0.037
1283.0,1.865,1.113,0.509,0.874,0.7,0.26,0.038
1283.25,1.883,1.127,0.515,0.874,0.701,0.261,0.037
1283.5,1.86,1.109,0.508,0.874,0.7,0.261,0.038
1283.75,1.882,1.125,0.514,0.874,0.7,0.261,0.037
1284.0,1.89,1.132,0.517,0.873,0.7,0.261,0.038
1284.25,1.893,1.135,0.518,0.874,0.701,0.262,0.037
1284.5,1.895,1.136,0.518,0.873,0.701,0.261,0.037
1284.75,1.895,1.136,0.518,0.875,0.7,0.261,0.037
1285.0,1.895,1.136,0.518,0.876,0.701,0.261,0.037
1285.25,1.896,1.136,0.519,0.875,0.7,0.262,0.037
1285.5,1.896,1.136,0.519,0.876,0.701,0.262,0.038
1285.75,1.896,1.136,0.519,0.875,0.703,0.261,0.037
1286.0,1.896,1.136,0.519,0.875,0.703,0.261,0.038
1286.25,1.896,1.136,0.519,0.876,0.704,0.262,0.037
1286.5,1.926,1.16,0.528,0.876,0.704,0.262,0.037
1286.75,1.908,1.146,0.522,0.876,0.702,0.263,0.038
1287.0,1.901,1.14,0.52,0.876,0.701,0.262,0.037
1287.25,1.898,1.138,0.519,0.876,0.701,0.262,0.037
1287.5,1.896,1.137,0.519,0.875,0.702,0.262,0.037
1287.75,1.896,1.137,0.519,0.874,0.701,0.262,0.037
1288.0,1.896,1.136,0.519,0.875,0.703,0.262,0.037
1288.25,1.896,1.136,0.519,0.876,0.702,0.262,0.037
1288.5,1.865,1.113,0.509,0.876,0.702,0.262,0.038
1288.75,1.883,1.127,0.515,0.876,0.703,0.263,0.037
1289.0,1.891,1.133,0.517,0.876,0.702,0.262,0.037
1289.25,1.863,1.111,0.509,0.876,0.701,0.262,0.037
1289.5,1.852,1.103,0.505,0.877,0.703,0.263,0.037
1289.75,1.848,1.099,0.504,0.875,0.702,0.263,0.037
1290.0,1.846,1.098,0.503,0.876,0.703,0.262,0.037
1290.25,1.845,1.097,0.503,0.876,0.702,0.263,0.037
1290.5,1.876,1.121,0.512,0.877,0.702,0.263,0.037
1290.75,1.888,1.13,0.516,0.877,0.701,0.264,0.037
1291.0,1.862,1.11,0.508,0.877,0.701,0.263,0.038
1291.25,1.852,1.102,0.505,0.876,0.701,0.263,0.038
1291.5,1.878,1.123,0.513,0.877,0.703,0.264,0.037
1291.75,1.858,1.107,0.507,0.877,0.704,0.264,0.038
1292.0,1.881,1.125,0.514,0.877,0.704,0.264,0.038
1292.25,1.89,1.132,0.517,0.876,0.704,0.264,0.037
1292.5,1.893,1.135,0.518,0.877,0.704,0.265,0.037
1292.75,1.895,1.136,0.518,0.876,0.702,0.264,0.037
1293.0,1.895,1.136,0.518,0.876,0.703,0.264,0.037
1293.25,1.865,1.113,0.509,0.877,0.704,0.264,0.037
1293.5,1.853,1.103,0.505,0.877,0.704,0.264,0.038
1293.75,1.848,1.099,0.504,0.878,0.704,0.264,0.037
1294.0,1.846,1.098,0.503,0.877,0.704,0.264,0.037
1294.25,1.876,1.121,0.512,0.876,0.704,0.264,0.038
1294.5,1.888,1.13,0.516,0.876,0.703,0.265,0.037
1294.75,1.862,1.11,0.508,0.877,0.704,0.264,0.037
1295.0,1.852,1.102,0.505,0.877,0.704,0.265,0.037
1295.25,1.818,1.076,0.494,0.877,0.704,0.265,0.037
1295.5,1.804,1.065,0.49,0.877,0.704,0.265,0.037
1295.75,1.798,1.061,0.488,0.877,0.704,0.266,0.037
1296.0,1.796,1.059,0.488,0.877,0.704,0.265,0.037
1296.25,1.795,1.058,0.488,0.876,0.704,0.265,0.036
1296.5,1.795,1.058,0.487,0.876,0.704,0.265,0.037
1296.75,1.795,1.058,0.487,0.877,0.704,0.265,0.037
1297.0,1.825,1.081,0.497,0.877,0.704,0.265,0.038
1297.25,1.837,1.091,0.5,0.877,0.704,0.265,0.037
1297.5,1.812,1.071,0.493,0.878,0.704,0.266,0.037
1297.75,1.832,1.087,0.499,0.878,0.704,0.266,0.037
1298.0,1.84,1.093,0.501,0.878,0.704,0.266,0.037
1298.25,1.843,1.095,0.502,0.877,0.704,0.266,0.037
1298.5,1.754,1.027,0.475,0.878,0.704,0.266,0.037
1298.75,1.809,1.069,0.492,0.877,0.704,0.266,0.037
1299.0,1.8,1.062,0.489,0.878,0.704,0.266,0.037
1299.25,1.827,1.083,0.497,0.878,0.704,0.267,0.036
1299.5,1.808,1.068,0.491,0.877,0.704,0.266,0.037
1299.75,1.83,1.085,0.498,0.877,0.704,0.266,0.037
1300.0,1.839,1.092,0.501,0.878,0.704,0.267,0.037
1300.25,1.843,1.095,0.502,0.878,0.704,0.266,0.037
1300.5,1.844,1.096,0.503,0.88,0.704,0.267,0.037
1300.75,1.845,1.097,0.503,0.879,0.704,0.267,0.037
1301.0,1.845,1.097,0.503,0.879,0.704,0.268,0.038
1301.25,1.845,1.097,0.503,0.881,0.704,0.268,0.038
1301.5,1.937,1.169,0.531,0.88,0.705,0.268,0.038
1301.75,1.882,1.126,0.514,0.88,0.704,0.268,0.039
1302.0,1.86,1.108,0.507,0.881,0.704,0.268,0.038
1302.25,1.851,1.101,0.505,0.879,0.704,0.268,0.038
1302.5,1.847,1.099,0.504,0.88,0.704,0.268,0.038
1302.75,1.846,1.098,0.503,0.88,0.704,0.268,0.038
1303.0,1.845,1.097,0.503,0.881,0.705,0.268,0.038
1303.25,1.845,1.097,0.503,0.881,0.704,0.268,0.039
1303.5,1.845,1.097,0.503,0.882,0.704,0.268,0.038
1303.75,1.845,1.097,0.503,0.882,0.704,0.268,0.038
1304.0,1.845,1.097,0.503,0.882,0.704,0.268,0.038
1304.25,1.845,1.097,0.503,0.882,0.704,0.268,0.038
1304.5,1.845,1.097,0.503,0.881,0.704,0.268,0.038
1304.75,1.845,1.097,0.503,0.882,0.705,0.269,0.039
1305.0,1.815,1.073,0.494,0.882,0.704,0.269,0.038
1305.25,1.803,1.064,0.49,0.882,0.705,0.269,0.038
1305.5,1.828,1.084,0.498,0.883,0.705,0.269,0.039
1305.75,1.899,1.139,0.52,0.882,0.706,0.27,0.039
1306.0,1.897,1.138,0.519,0.883,0.705,0.27,0.038
1306.25,1.866,1.113,0.509,0.883,0.705,0.27,0.038
1306.5,1.853,1.103,0.505,0.883,0.704,0.27,0.038
1306.75,1.848,1.099,0.504,0.883,0.704,0.269,0.039
1307.0,1.846,1.098,0.503,0.882,0.705,0.269,0.038
1307.25,1.846,1.097,0.503,0.883,0.705,0.27,0.038
1307.5,1.845,1.097,0.503,0.883,0.706,0.269,0.038
1307.75,1.845,1.097,0.503,0.884,0.705,0.27,0.039
1308.0,1.845,1.097,0.503,0.884,0.705,0.269,0.038
1308.25,1.845,1.097,0.503,0.883,0.705,0.269,0.038
1308.5,1.845,1.097,0.503,0.882,0.704,0.27,0.038
1308.75,1.845,1.097,0.503,0.882,0.705,0.27,0.039
1309.0,1.845,1.097,0.503,0.883,0.706,0.27,0.038
1309.25,1.845,1.097,0.503,0.883,0.705,0.27,0.038
1309.5,1.845,1.097,0.503,0.884,0.705,0.27,0.038
1309.75,1.845,1.097,0.503,0.884,0.706,0.27,0.038
1310.0,1.845,1.097,0.503,0.884,0.705,0.27,0.038
1310.25,1.845,1.097,0.503,0.883,0.705,0.27,0.038
1310.5,1.845,1.097,0.503,0.884,0.705,0.27,0.038
1310.75,1.845,1.097,0.503,0.883,0.705,0.27,0.038
1311.0,1.845,1.097,0.503,0.883,0.705,0.27,0.038
1311.25,1.845,1.097,0.503,0.882,0.705,0.27,0.039
1311.5,1.845,1.097,0.503,0.883,0.704,0.271,0.038
1311.75,1.875,1.121,0.512,0.882,0.704,0.271,0.039
1312.0,1.797,1.06,0.488,0.883,0.705,0.271,0.039
1312.25,1.826,1.082,0.497,0.883,0.705,0.271,0.039
1312.5,1.837,1.091,0.501,0.883,0.706,0.271,0.039
1312.75,1.842,1.094,0.502,0.883,0.705,0.271,0.038
1313.0,1.844,1.096,0.503,0.884,0.705,0.271,0.039
1313.25,1.875,1.12,0.512,0.884,0.705,0.271,0.038
1313.5,1.857,1.106,0.507,0.885,0.705,0.271,0.038
1313.75,1.85,1.101,0.504,0.884,0.706,0.271,0.039
1314.0,1.847,1.098,0.503,0.883,0.705,0.271,0.038
1314.25,1.816,1.074,0.494,0.883,0.705,0.271,0.039
1314.5,1.803,1.064,0.49,0.882,0.704,0.271,0.038
1314.75,1.768,1.037,0.479,0.882,0.705,0.271,0.039
1315.0,1.754,1.027,0.475,0.883,0.705,0.272,0.039
1315.25,1.778,1.045,0.482,0.883,0.706,0.271,0.039
1315.5,1.788,1.053,0.485,0.884,0.705,0.271,0.039
1315.75,1.792,1.056,0.487,0.883,0.705,0.272,0.038
1316.0,1.794,1.057,0.487,0.883,0.705,0.272,0.038
1316.25,1.824,1.081,0.497,0.884,0.705,0.272,0.038
1316.5,1.837,1.091,0.5,0.883,0.705,0.273,0.038
1316.75,1.812,1.071,0.493,0.884,0.706,0.272,0.038
1317.0,1.771,1.04,0.48,0.883,0.706,0.273,0.039
1317.25,1.785,1.051,0.485,0.884,0.705,0.273,0.038
1317.5,1.821,1.078,0.496,0.883,0.706,0.273,0.038
1317.75,1.805,1.066,0.491,0.883,0.706,0.273,0.039
1318.0,1.799,1.061,0.489,0.883,0.705,0.272,0.038
1318.25,1.796,1.059,0.488,0.884,0.705,0.273,0.039
1318.5,1.795,1.058,0.488,0.885,0.706,0.274,0.038
1318.75,1.825,1.081,0.497,0.885,0.706,0.273,0.038
1319.0,1.807,1.067,0.491,0.885,0.706,0.274,0.039
1319.25,1.8,1.062,0.489,0.884,0.705,0.273,0.039
1319.5,1.797,1.059,0.488,0.884,0.706,0.274,0.038
1319.75,1.826,1.082,0.497,0.885,0.706,0.274,0.039
1320.0,1.837,1.091,0.5,0.885,0.705,0.274,0.039
1320.25,1.812,1.071,0.493,0.886,0.706,0.274,0.038
1320.5,1.802,1.063,0.489,0.885,0.706,0.273,0.039
1320.75,1.797,1.06,0.488,0.886,0.706,0.273,0.039
1321.0,1.796,1.059,0.488,0.886,0.705,0.273,0.039
1321.25,1.795,1.058,0.488,0.885,0.706,0.274,0.038
1321.5,1.795,1.058,0.487,0.884,0.705,0.274,0.039
1321.75,1.825,1.081,0.497,0.884,0.705,0.274,0.039
1322.0,1.807,1.067,0.491,0.885,0.705,0.274,0.039
1322.25,1.8,1.062,0.489,0.885,0.706,0.274,0.038
1322.5,1.797,1.059,0.488,0.885,0.705,0.274,0.038
1322.75,1.795,1.059,0.488,0.884,0.706,0.274,0.038
1323.0,1.795,1.058,0.487,0.885,0.706,0.274,0.039
1323.25,1.795,1.058,0.487,0.885,0.706,0.274,0.039
1323.5,1.795,1.058,0.487,0.885,0.706,0.274,0.039
1323.75,1.825,1.081,0.497,0.886,0.707,0.275,0.038
1324.0,1.837,1.091,0.5,0.885,0.706,0.274,0.038
1324.25,1.842,1.094,0.502,0.885,0.706,0.274,0.038
1324.5,1.844,1.096,0.502,0.885,0.705,0.275,0.039
1324.75,1.814,1.073,0.493,0.884,0.706,0.275,0.038
1325.0,1.803,1.064,0.49,0.885,0.706,0.274,0.038
1325.25,1.798,1.06,0.488,0.884,0.706,0.274,0.038
1325.5,1.796,1.059,0.488,0.885,0.706,0.274,0.038
1325.75,1.795,1.058,0.488,0.885,0.706,0.274,0.038
1326.0,1.825,1.081,0.497,0.885,0.707,0.275,0.038
1326.25,1.807,1.067,0.491,0.885,0.706,0.275,0.038
1326.5,1.83,1.085,0.498,0.886,0.706,0.276,0.038
1326.75,1.839,1.092,0.501,0.885,0.706,0.275,0.038
1327.0,1.843,1.095,0.502,0.885,0.706,0.276,0.038
1327.25,1.814,1.073,0.493,0.886,0.706,0.276,0.039
1327.5,1.802,1.064,0.49,0.886,0.707,0.276,0.038
1327.75,1.768,1.037,0.479,0.886,0.708,0.276,0.038
1328.0,1.784,1.05,0.484,0.885,0.707,0.276,0.038
1328.25,1.79,1.055,0.486,0.884,0.707,0.275,0.037
1328.5,1.793,1.057,0.487,0.883,0.706,0.275,0.037
1328.75,1.794,1.057,0.487,0.884,0.706,0.274,0.037
1329.0,1.794,1.058,0.487,0.883,0.706,0.275,0.038
1329.25,1.795,1.058,0.487,0.883,0.706,0.276,0.038
1329.5,1.795,1.058,0.487,0.883,0.706,0.276,0.038
1329.75,1.795,1.058,0.487,0.882,0.706,0.276,0.038
1330.0,1.795,1.058,0.487,0.883,0.706,0.276,0.038
1330.25,1.795,1.058,0.487,0.882,0.707,0.276,0.037
1330.5,1.795,1.058,0.487,0.882,0.706,0.276,0.038
1330.75,1.795,1.058,0.487,0.882,0.706,0.276,0.038
1331.0,1.825,1.081,0.497,0.882,0.706,0.276,0.037
1331.25,1.807,1.067,0.491,0.882,0.706,0.277,0.037
1331.5,1.8,1.062,0.489,0.882,0.706,0.276,0.037
1331.75,1.797,1.059,0.488,0.882,0.705,0.276,0.037
1332.0,1.795,1.059,0.488,0.882,0.706,0.277,0.037
1332.25,1.795,1.058,0.487,0.882,0.706,0.277,0.037
1332.5,1.795,1.058,0.487,0.882,0.706,0.277,0.037
1332.75,1.855,1.105,0.506,0.881,0.706,0.277,0.037
1333.0,1.73,1.009,0.467,0.881,0.706,0.276,0.038
1333.25,1.799,1.062,0.489,0.882,0.706,0.277,0.038
1333.5,1.796,1.059,0.488,0.882,0.706,0.277,0.037
1333.75,1.795,1.059,0.488,0.882,0.706,0.277,0.037
1334.0,1.795,1.058,0.487,0.882,0.706,0.278,0.037
1334.25,1.795,1.058,0.487,0.882,0.706,0.277,0.037
1334.5,1.795,1.058,0.487,0.882,0.706,0.277,0.037
1334.75,1.795,1.058,0.487,0.882,0.706,0.278,0.038
1335.0,1.795,1.058,0.487,0.882,0.706,0.277,0.038
1335.25,1.795,1.058,0.487,0.883,0.706,0.278,0.037
1335.5,1.795,1.058,0.487,0.883,0.706,0.278,0.037
1335.75,1.795,1.058,0.487,0.884,0.707,0.278,0.037
1336.0,1.765,1.035,0.478,0.884,0.707,0.278,0.038
1336.25,1.783,1.049,0.484,0.883,0.706,0.278,0.037
1336.5,1.79,1.054,0.486,0.882,0.707,0.278,0.037
1336.75,1.793,1.056,0.487,0.882,0.708,0.278,0.037
1337.0,1.824,1.081,0.496,0.883,0.707,0.278,0.037
1337.25,1.806,1.067,0.491,0.883,0.706,0.278,0.037
1337.5,1.799,1.062,0.489,0.884,0.706,0.278,0.037
1337.75,1.797,1.059,0.488,0.883,0.706,0.278,0.037
1338.0,1.826,1.082,0.497,0.884,0.706,0.278,0.037
1338.25,1.807,1.068,0.491,0.884,0.706,0.278,0.037
1338.5,1.8,1.062,0.489,0.884,0.707,0.278,0.037
1338.75,1.797,1.059,0.488,0.883,0.708,0.279,0.037
1339.0,1.766,1.036,0.478,0.882,0.707,0.279,0.036
1339.25,1.783,1.049,0.484,0.883,0.707,0.279,0.037
1339.5,1.76,1.031,0.477,0.883,0.707,0.279,0.036
1339.75,1.781,1.047,0.483,0.883,0.707,0.278,0.037
1340.0,1.789,1.054,0.486,0.883,0.707,0.279,0.037
1340.25,1.792,1.056,0.487,0.884,0.708,0.279,0.037
1340.5,1.794,1.057,0.487,0.883,0.707,0.279,0.037
1340.75,1.764,1.035,0.478,0.884,0.707,0.279,0.037
1341.0,1.753,1.026,0.474,0.883,0.708,0.28,0.037
1341.25,1.778,1.045,0.482,0.884,0.707,0.279,0.037
1341.5,1.788,1.053,0.485,0.884,0.707,0.28,0.038
1341.75,1.792,1.056,0.487,0.884,0.707,0.28,0.037
1342.0,1.794,1.057,0.487,0.884,0.708,0.279,0.037
1342.25,1.764,1.035,0.478,0.884,0.709,0.28,0.037
1342.5,1.783,1.049,0.484,0.883,0.708,0.28,0.037
1342.75,1.76,1.031,0.477,0.883,0.708,0.28,0.036
1343.0,1.781,1.047,0.483,0.884,0.708,0.28,0.037
1343.25,1.789,1.054,0.486,0.883,0.707,0.28,0.038
1343.5,1.762,1.033,0.477,0.884,0.708,0.28,0.038
1343.75,1.782,1.048,0.483,0.884,0.708,0.28,0.037
1344.0,1.79,1.054,0.486,0.885,0.708,0.28,0.037
1344.25,1.793,1.056,0.487,0.884,0.707,0.281,0.036
1344.5,1.794,1.057,0.487,0.884,0.707,0.281,0.037
1344.75,1.825,1.081,0.497,0.885,0.708,0.281,0.036
1345.0,1.807,1.067,0.491,0.885,0.708,0.281,0.037
1345.25,1.83,1.085,0.498,0.884,0.707,0.281,0.037
1345.5,1.809,1.069,0.492,0.885,0.708,0.281,0.036
1345.75,1.83,1.086,0.498,0.884,0.709,0.281,0.037
1346.0,1.809,1.069,0.492,0.885,0.709,0.281,0.037
1346.25,1.8,1.062,0.489,0.884,0.708,0.281,0.037
1346.5,1.797,1.06,0.488,0.883,0.708,0.281,0.037
1346.75,1.796,1.059,0.488,0.884,0.708,0.281,0.037
1347.0,1.795,1.058,0.487,0.884,0.708,0.282,0.037
1347.25,1.765,1.035,0.478,0.884,0.708,0.281,0.037
1347.5,1.783,1.049,0.484,0.885,0.709,0.282,0.037
1347.75,1.79,1.054,0.486,0.884,0.708,0.282,0.037
1348.0,1.763,1.033,0.478,0.884,0.708,0.282,0.036
1348.25,1.782,1.048,0.483,0.885,0.708,0.282,0.037
1348.5,1.79,1.054,0.486,0.885,0.708,0.282,0.037
1348.75,1.793,1.056,0.487,0.884,0.709,0.282,0.037
1349.0,1.794,1.057,0.487,0.885,0.709,0.282,0.037
1349.25,1.794,1.058,0.487,0.884,0.709,0.282,0.036
1349.5,1.795,1.058,0.487,0.884,0.709,0.282,0.037
1349.75,1.795,1.058,0.487,0.885,0.709,0.282,0.036
1350.0,1.795,1.058,0.487,0.885,0.708,0.282,0.037
1350.25,1.795,1.058,0.487,0.885,0.708,0.282,0.037
1350.5,1.795,1.058,0.487,0.884,0.707,0.282,0.037
1350.75,1.795,1.058,0.487,0.884,0.707,0.282,0.037
1351.0,1.795,1.058,0.487,0.884,0.708,0.282,0.037
1351.25,1.795,1.058,0.487,0.884,0.708,0.283,0.036
1351.5,1.795,1.058,0.487,0.885,0.708,0.283,0.036
1351.75,1.795,1.058,0.487,0.885,0.708,0.283,0.036
1352.0,1.795,1.058,0.487,0.884,0.708,0.282,0.037
1352.25,1.765,1.035,0.478,0.885,0.709,0.282,0.037
1352.5,1.783,1.049,0.484,0.885,0.709,0.283,0.037
1352.75,1.79,1.054,0.486,0.885,0.708,0.283,0.037
1353.0,1.793,1.056,0.487,0.885,0.708,0.284,0.037
1353.25,1.794,1.057,0.487,0.884,0.709,0.284,0.036
1353.5,1.794,1.058,0.487,0.884,0.708,0.284,0.037
1353.75,1.795,1.058,0.487,0.884,0.708,0.284,0.038
1354.0,1.795,1.058,0.487,0.885,0.709,0.284,0.037
1354.25,1.795,1.058,0.487,0.885,0.709,0.284,0.038
1354.5,1.795,1.058,0.487,0.885,0.709,0.284,0.037
1354.75,1.795,1.058,0.487,0.884,0.709,0.284,0.037
1355.0,1.795,1.058,0.487,0.884,0.708,0.284,0.038
1355.25,1.765,1.035,0.478,0.885,0.708,0.284,0.037
1355.5,1.783,1.049,0.484,0.885,0.709,0.284,0.037
1355.75,1.76,1.031,0.477,0.885,0.708,0.284,0.038
1356.0,1.781,1.047,0.483,0.885,0.708,0.284,0.037
1356.25,1.789,1.054,0.486,0.884,0.707,0.283,0.037
1356.5,1.792,1.056,0.487,0.885,0.708,0.284,0.037
1356.75,1.794,1.057,0.487,0.885,0.708,0.285,0.037
1357.0,1.764,1.035,0.478,0.885,0.709,0.284,0.037
1357.25,1.753,1.026,0.474,0.884,0.709,0.284,0.037
1357.5,1.778,1.045,0.482,0.885,0.709,0.284,0.037
1357.75,1.758,1.03,0.476,0.884,0.708,0.285,0.037
1358.0,1.75,1.024,0.474,0.885,0.709,0.284,0.037
1358.25,1.747,1.021,0.473,0.885,0.708,0.284,0.037
1358.5,1.776,1.043,0.481,0.885,0.709,0.284,0.037
1358.75,1.757,1.029,0.476,0.885,0.708,0.285,0.037
1359.0,1.75,1.023,0.474,0.885,0.709,0.285,0.036
1359.25,1.747,1.021,0.473,0.885,0.709,0.284,0.037
1359.5,1.746,1.02,0.472,0.885,0.708,0.284,0.038
1359.75,1.775,1.043,0.481,0.885,0.708,0.285,0.037
1360.0,1.787,1.052,0.485,0.885,0.708,0.285,0.037
1360.25,1.762,1.032,0.477,0.885,0.709,0.285,0.037
1360.5,1.751,1.025,0.474,0.885,0.709,0.285,0.037
1360.75,1.747,1.022,0.473,0.885,0.709,0.285,0.037
1361.0,1.746,1.02,0.472,0.885,0.709,0.284,0.037
1361.25,1.715,0.997,0.463,0.885,0.709,0.285,0.037
1361.5,1.703,0.988,0.459,0.885,0.708,0.284,0.037
1361.75,1.698,0.984,0.458,0.885,0.709,0.285,0.036
1362.0,1.696,0.983,0.457,0.885,0.709,0.284,0.037
1362.25,1.696,0.982,0.457,0.885,0.709,0.285,0.037
1362.5,1.725,1.005,0.466,0.885,0.709,0.285,0.037
1362.75,1.797,1.06,0.488,0.885,0.709,0.285,0.037
1363.0,1.736,1.013,0.469,0.885,0.709,0.285,0.038
1363.25,1.711,0.994,0.462,0.885,0.709,0.285,0.037
1363.5,1.702,0.987,0.459,0.885,0.709,0.284,0.037
1363.75,1.727,1.006,0.467,0.886,0.708,0.285,0.036
1364.0,1.738,1.014,0.47,0.885,0.709,0.285,0.037
1364.25,1.742,1.017,0.471,0.885,0.709,0.285,0.037
1364.5,1.714,0.996,0.463,0.885,0.709,0.285,0.037
1364.75,1.732,1.01,0.468,0.885,0.709,0.286,0.036
1365.0,1.74,1.016,0.471,0.884,0.709,0.286,0.036
1365.25,1.743,1.018,0.471,0.884,0.709,0.285,0.037
1365.5,1.744,1.019,0.472,0.885,0.708,0.285,0.037
1365.75,1.744,1.019,0.472,0.884,0.708,0.286,0.037
1366.0,1.745,1.019,0.472,0.884,0.709,0.285,0.037
1366.25,1.745,1.02,0.472,0.884,0.709,0.286,0.037
1366.5,1.715,0.997,0.463,0.885,0.709,0.286,0.037
1366.75,1.733,1.01,0.468,0.885,0.709,0.285,0.037
1367.0,1.74,1.016,0.471,0.886,0.709,0.286,0.036
1367.25,1.803,1.064,0.49,0.886,0.709,0.286,0.037
1367.5,1.768,1.038,0.479,0.885,0.709,0.286,0.037
1367.75,1.754,1.027,0.475,0.885,0.708,0.286,0.037
1368.0,1.748,1.022,0.473,0.885,0.709,0.286,0.037
1368.25,1.716,0.998,0.463,0.885,0.71,0.286,0.037
1368.5,1.733,1.011,0.469,0.886,0.709,0.286,0.036
1368.75,1.74,1.016,0.471,0.886,0.709,0.286,0.037
1369.0,1.654,0.951,0.444,0.887,0.71,0.287,0.037
1369.25,1.708,0.992,0.461,0.887,0.71,0.287,0.037
1369.5,1.73,1.009,0.468,0.886,0.71,0.287,0.036
1369.75,1.739,1.015,0.47,0.886,0.709,0.286,0.037
1370.0,1.742,1.018,0.471,0.886,0.71,0.286,0.037
1370.25,1.744,1.019,0.472,0.886,0.71,0.287,0.036
1370.5,1.744,1.019,0.472,0.886,0.709,0.286,0.037
1370.75,1.745,1.019,0.472,0.886,0.709,0.286,0.036
1371.0,1.745,1.02,0.472,0.886,0.71,0.286,0.037
1371.25,1.745,1.02,0.472,0.886,0.71,0.287,0.037
1371.5,1.745,1.02,0.472,0.885,0.71,0.287,0.037
1371.75,1.745,1.02,0.472,0.886,0.71,0.288,0.037
1372.0,1.745,1.02,0.472,0.886,0.709,0.288,0.037
1372.25,1.745,1.02,0.472,0.886,0.71,0.287,0.037
1372.5,1.745,1.02,0.472,0.886,0.709,0.287,0.037
1372.75,1.745,1.02,0.472,0.886,0.709,0.287,0.037
1373.0,1.745,1.02,0.472,0.887,0.709,0.286,0.037
1373.25,1.745,1.02,0.472,0.886,0.71,0.287,0.037
1373.5,1.745,1.02,0.472,0.886,0.709,0.287,0.037
1373.75,1.745,1.02,0.472,0.886,0.71,0.287,0.037
1374.0,1.745,1.02,0.472,0.887,0.71,0.288,0.037
1374.25,1.745,1.02,0.472,0.886,0.711,0.288,0.037
1374.5,1.715,0.997,0.463,0.886,0.71,0.288,0.037
1374.75,1.733,1.01,0.468,0.886,0.71,0.288,0.037
1375.0,1.71,0.993,0.461,0.886,0.71,0.288,0.037
1375.25,1.731,1.009,0.468,0.886,0.71,0.288,0.037
1375.5,1.739,1.015,0.47,0.887,0.71,0.288,0.037
1375.75,1.743,1.018,0.471,0.887,0.709,0.288,0.037
1376.0,1.744,1.019,0.472,0.887,0.71,0.288,0.037
1376.25,1.744,1.019,0.472,0.886,0.711,0.289,0.038
1376.5,1.745,1.019,0.472,0.886,0.71,0.288,0.037
1376.75,1.745,1.02,0.472,0.887,0.71,0.288,0.036
1377.0,1.745,1.02,0.472,0.887,0.71,0.289,0.037
1377.25,1.745,1.02,0.472,0.887,0.71,0.288,0.037
1377.5,1.745,1.02,0.472,0.887,0.71,0.289,0.037
1377.75,1.715,0.997,0.463,0.887,0.71,0.289,0.037
1378.0,1.733,1.01,0.468,0.887,0.71,0.288,0.037
1378.25,1.71,0.993,0.461,0.886,0.711,0.289,0.037
1378.5,1.731,1.009,0.468,0.886,0.71,0.289,0.037
1378.75,1.709,0.993,0.461,0.886,0.71,0.289,0.037
1379.0,1.731,1.009,0.468,0.887,0.711,0.288,0.037
1379.25,1.709,0.993,0.461,0.887,0.71,0.289,0.037
1379.5,1.731,1.009,0.468,0.886,0.71,0.289,0.038
1379.75,1.739,1.015,0.47,0.887,0.71,0.289,0.037
1380.0,1.742,1.018,0.471,0.886,0.71,0.288,0.037
1380.25,1.744,1.019,0.472,0.886,0.71,0.288,0.037
1380.5,1.744,1.019,0.472,0.886,0.71,0.289,0.037
1380.75,1.715,0.997,0.463,0.886,0.71,0.289,0.036
1381.0,1.733,1.01,0.468,0.887,0.71,0.29,0.037
1381.25,1.71,0.993,0.461,0.886,0.711,0.289,0.037
1381.5,1.701,0.986,0.459,0.886,0.71,0.289,0.036
1381.75,1.697,0.984,0.458,0.887,0.71,0.289,0.037
1382.0,1.726,1.005,0.466,0.888,0.71,0.289,0.036
1382.25,1.737,1.014,0.47,0.887,0.71,0.29,0.036
1382.5,1.742,1.017,0.471,0.886,0.71,0.29,0.037
1382.75,1.714,0.996,0.463,0.887,0.709,0.289,0.037
1383.0,1.703,0.987,0.459,0.886,0.71,0.289,0.037
1383.25,1.698,0.984,0.458,0.886,0.71,0.289,0.036
