Time,CO (MCS),Ethanol (MCS),VOC (MCS),NO2 (GM),Ethanol (GM),VOC (GM),CO (GM)
0.0,2.097,1.297,0.581,0.873,0.653,0.27,0.038
0.1,2.057,1.265,0.569,0.873,0.653,0.27,0.037
0.2,2.041,1.252,0.564,0.873,0.653,0.27,0.038
0.30000000000000004,2.075,1.279,0.575,0.872,0.653,0.271,0.038
0.4,2.048,1.258,0.566,0.873,0.653,0.27,0.038
0.5,2.038,1.249,0.563,0.873,0.653,0.27,0.038
0.6000000000000001,2.033,1.245,0.561,0.873,0.654,0.27,0.037
0.7000000000000001,2.032,1.244,0.561,0.873,0.654,0.27,0.038
0.8,2.031,1.244,0.561,0.874,0.653,0.271,0.038
0.9,2.031,1.243,0.561,0.874,0.653,0.271,0.038
1.0,2.031,1.243,0.561,0.875,0.653,0.272,0.038
1.1,2.03,1.243,0.561,0.875,0.654,0.273,0.038
1.2000000000000002,2.03,1.243,0.561,0.875,0.653,0.272,0.038
1.3,2.03,1.243,0.561,0.876,0.653,0.272,0.038
1.4000000000000001,2.03,1.243,0.561,0.875,0.653,0.272,0.038
1.5,2.03,1.243,0.561,0.876,0.654,0.273,0.038
1.6,2.03,1.243,0.561,0.876,0.653,0.273,0.037
1.7000000000000002,2.03,1.243,0.561,0.876,0.653,0.274,0.037
1.8,1.99,1.211,0.548,0.876,0.653,0.273,0.038
1.9000000000000001,2.055,1.263,0.568,0.877,0.654,0.274,0.038
2.0,2,1.219,0.551,0.877,0.653,0.274,0.038
2.1,2.018,1.234,0.557,0.877,0.653,0.274,0.038
2.2,1.986,1.207,0.547,0.877,0.653,0.275,0.037
2.3000000000000003,2.053,1.261,0.568,0.878,0.653,0.275,0.038
2.4000000000000004,2.039,1.25,0.563,0.878,0.654,0.274,0.038
2.5,2.034,1.246,0.562,0.877,0.653,0.275,0.038
2.6,1.992,1.212,0.548,0.877,0.654,0.275,0.038
2.7,2.015,1.231,0.556,0.877,0.653,0.276,0.038
2.8000000000000003,1.984,1.206,0.546,0.877,0.653,0.275,0.038
2.9000000000000004,2.012,1.228,0.555,0.877,0.653,0.276,0.037
3.0,2.023,1.237,0.558,0.877,0.654,0.276,0.038
3.1,2.068,1.273,0.572,0.878,0.654,0.276,0.038
3.2,2.086,1.288,0.578,0.877,0.653,0.276,0.038
3.3000000000000003,2.012,1.229,0.555,0.877,0.654,0.276,0.038
3.4000000000000004,1.983,1.206,0.546,0.878,0.654,0.276,0.038
3.5,2.012,1.228,0.555,0.877,0.653,0.276,0.038
3.6,1.983,1.205,0.546,0.878,0.653,0.276,0.038
3.7,1.971,1.196,0.542,0.878,0.654,0.277,0.038
3.8000000000000003,2.007,1.224,0.553,0.877,0.653,0.276,0.038
3.9000000000000004,1.981,1.204,0.545,0.878,0.653,0.277,0.038
4.0,1.971,1.196,0.542,0.877,0.654,0.277,0.038
4.1000000000000005,1.966,1.192,0.541,0.878,0.654,0.277,0.038
4.2,1.965,1.191,0.54,0.878,0.654,0.277,0.038
4.3,2.004,1.222,0.552,0.878,0.654,0.277,0.037
4.4,2.06,1.267,0.57,0.879,0.654,0.278,0.038
4.5,2.002,1.221,0.552,0.878,0.654,0.278,0.038
4.6000000000000005,2.1,1.3,0.582,0.878,0.654,0.278,0.037
4.7,2.018,1.234,0.557,0.877,0.654,0.278,0.038
4.800000000000001,1.986,1.208,0.547,0.877,0.655,0.278,0.038
4.9,1.972,1.197,0.542,0.878,0.654,0.278,0.038
5.0,1.967,1.193,0.541,0.878,0.655,0.278,0.038
5.1000000000000005,1.965,1.191,0.54,0.877,0.654,0.278,0.038
5.2,2.004,1.222,0.552,0.878,0.654,0.278,0.038
5.300000000000001,2.02,1.235,0.557,0.877,0.655,0.278,0.038
5.4,1.986,1.208,0.547,0.878,0.655,0.278,0.039
5.5,1.973,1.197,0.543,0.878,0.654,0.278,0.038
5.6000000000000005,1.967,1.193,0.541,0.878,0.655,0.278,0.037
5.7,1.965,1.191,0.54,0.877,0.655,0.278,0.038
5.800000000000001,1.964,1.19,0.54,0.877,0.654,0.278,0.037
5.9,1.924,1.159,0.527,0.876,0.654,0.278,0.037
6.0,1.908,1.146,0.522,0.875,0.654,0.278,0.037
6.1000000000000005,1.941,1.173,0.533,0.875,0.653,0.278,0.037
6.2,1.955,1.183,0.537,0.876,0.654,0.278,0.037
6.300000000000001,1.96,1.187,0.539,0.876,0.654,0.277,0.037
6.4,1.962,1.189,0.539,0.877,0.654,0.278,0.037
6.5,1.963,1.19,0.54,0.876,0.655,0.279,0.037
6.6000000000000005,1.884,1.128,0.515,0.877,0.654,0.278,0.037
6.7,1.932,1.165,0.53,0.877,0.654,0.278,0.038
6.800000000000001,1.951,1.18,0.536,0.877,0.654,0.279,0.037
6.9,1.959,1.186,0.538,0.876,0.655,0.279,0.038
7.0,1.962,1.188,0.539,0.876,0.655,0.279,0.037
7.1000000000000005,1.963,1.189,0.539,0.876,0.654,0.279,0.037
7.2,1.963,1.19,0.54,0.876,0.655,0.279,0.037
7.300000000000001,1.924,1.159,0.527,0.876,0.654,0.279,0.037
7.4,1.908,1.146,0.522,0.877,0.655,0.278,0.037
7.5,1.941,1.172,0.533,0.876,0.654,0.279,0.037
7.6000000000000005,1.955,1.183,0.537,0.877,0.654,0.279,0.037
7.7,1.96,1.187,0.539,0.876,0.655,0.279,0.037
7.800000000000001,1.922,1.158,0.527,0.876,0.654,0.279,0.037
7.9,1.907,1.146,0.522,0.876,0.655,0.28,0.038
8.0,1.901,1.141,0.52,0.877,0.655,0.28,0.038
8.1,1.899,1.139,0.52,0.877,0.655,0.279,0.037
8.200000000000001,1.938,1.17,0.532,0.876,0.655,0.28,0.038
8.3,1.993,1.214,0.549,0.877,0.656,0.28,0.038
8.4,1.936,1.168,0.531,0.876,0.655,0.28,0.038
8.5,1.913,1.15,0.524,0.876,0.655,0.28,0.037
8.6,1.904,1.143,0.521,0.877,0.656,0.28,0.038
8.700000000000001,1.9,1.14,0.52,0.876,0.656,0.28,0.038
8.8,1.898,1.139,0.519,0.877,0.655,0.281,0.037
8.9,1.898,1.138,0.519,0.877,0.655,0.281,0.037
9.0,1.898,1.138,0.519,0.877,0.656,0.281,0.037
9.1,1.897,1.138,0.519,0.877,0.655,0.281,0.038
9.200000000000001,1.897,1.138,0.519,0.876,0.656,0.281,0.038
9.3,1.897,1.138,0.519,0.876,0.655,0.281,0.037
9.4,1.897,1.138,0.519,0.877,0.655,0.28,0.038
9.5,1.897,1.138,0.519,0.877,0.656,0.281,0.037
9.600000000000001,1.897,1.138,0.519,0.876,0.655,0.281,0.037
9.700000000000001,1.897,1.138,0.519,0.877,0.655,0.281,0.037
9.8,1.897,1.138,0.519,0.876,0.655,0.281,0.037
9.9,1.897,1.138,0.519,0.876,0.656,0.282,0.038
10.0,1.897,1.138,0.519,0.877,0.655,0.282,0.038
10.100000000000001,1.897,1.138,0.519,0.876,0.655,0.282,0.038
10.200000000000001,1.897,1.138,0.519,0.876,0.655,0.281,0.037
10.3,1.897,1.138,0.519,0.877,0.655,0.282,0.037
10.4,1.897,1.138,0.519,0.876,0.655,0.282,0.038
10.5,1.897,1.138,0.519,0.877,0.655,0.282,0.037
10.600000000000001,1.897,1.138,0.519,0.876,0.654,0.282,0.037
10.700000000000001,1.937,1.169,0.531,0.877,0.655,0.282,0.037
10.8,1.913,1.15,0.524,0.876,0.656,0.282,0.038
10.9,1.944,1.174,0.533,0.876,0.656,0.282,0.037
11.0,1.916,1.152,0.525,0.877,0.656,0.282,0.037
11.100000000000001,1.905,1.144,0.521,0.877,0.657,0.282,0.037
11.200000000000001,1.9,1.14,0.52,0.877,0.656,0.282,0.037
11.3,1.899,1.139,0.519,0.877,0.656,0.282,0.037
11.4,1.858,1.107,0.507,0.877,0.655,0.282,0.038
11.5,1.882,1.126,0.514,0.877,0.656,0.283,0.038
11.600000000000001,1.891,1.133,0.517,0.876,0.656,0.283,0.038
11.700000000000001,1.895,1.136,0.518,0.877,0.657,0.284,0.037
11.8,1.896,1.137,0.519,0.877,0.656,0.283,0.037
11.9,1.897,1.137,0.519,0.876,0.656,0.284,0.038
12.0,1.897,1.138,0.519,0.877,0.656,0.284,0.038
12.100000000000001,1.937,1.169,0.531,0.877,0.656,0.284,0.037
12.200000000000001,1.913,1.15,0.524,0.876,0.656,0.283,0.037
12.3,1.904,1.143,0.521,0.877,0.656,0.283,0.037
12.4,1.9,1.14,0.52,0.876,0.656,0.284,0.036
12.5,1.898,1.139,0.519,0.876,0.656,0.283,0.037
12.600000000000001,1.898,1.138,0.519,0.876,0.655,0.284,0.038
12.700000000000001,1.898,1.138,0.519,0.877,0.656,0.283,0.037
12.8,1.819,1.077,0.495,0.877,0.656,0.284,0.038
12.9,1.866,1.113,0.509,0.876,0.655,0.283,0.037
13.0,1.885,1.128,0.515,0.876,0.656,0.283,0.037
13.100000000000001,1.853,1.103,0.505,0.876,0.655,0.284,0.038
13.200000000000001,1.88,1.124,0.514,0.877,0.656,0.284,0.037
13.3,1.89,1.132,0.517,0.877,0.656,0.284,0.038
13.4,1.934,1.167,0.531,0.876,0.656,0.284,0.038
13.5,1.912,1.149,0.524,0.877,0.656,0.284,0.037
13.600000000000001,1.903,1.142,0.521,0.876,0.656,0.284,0.037
13.700000000000001,1.86,1.109,0.508,0.877,0.655,0.284,0.037
13.8,1.883,1.126,0.515,0.876,0.656,0.284,0.037
13.9,1.891,1.133,0.517,0.877,0.656,0.284,0.037
14.0,1.895,1.136,0.518,0.876,0.655,0.285,0.037
14.100000000000001,1.857,1.106,0.507,0.877,0.656,0.285,0.037
14.200000000000001,1.881,1.125,0.514,0.876,0.657,0.284,0.038
14.3,1.851,1.102,0.505,0.876,0.656,0.284,0.037
14.4,1.879,1.123,0.513,0.877,0.656,0.285,0.037
14.5,1.851,1.101,0.505,0.876,0.657,0.284,0.038
14.600000000000001,1.918,1.155,0.526,0.877,0.656,0.284,0.037
14.700000000000001,1.906,1.144,0.522,0.876,0.656,0.285,0.037
14.8,1.901,1.14,0.52,0.877,0.656,0.285,0.037
14.9,1.859,1.108,0.507,0.876,0.657,0.284,0.037
15.0,1.882,1.126,0.514,0.877,0.656,0.284,0.038
15.100000000000001,1.852,1.102,0.505,0.877,0.657,0.285,0.037
15.200000000000001,1.879,1.124,0.513,0.877,0.657,0.285,0.037
15.3,1.851,1.101,0.505,0.876,0.656,0.285,0.037
15.4,1.839,1.092,0.501,0.876,0.656,0.285,0.037
15.5,1.874,1.12,0.512,0.876,0.656,0.285,0.037
15.600000000000001,1.888,1.131,0.516,0.876,0.656,0.285,0.038
15.700000000000001,1.854,1.104,0.506,0.875,0.657,0.285,0.038
15.8,1.841,1.094,0.502,0.876,0.656,0.285,0.038
15.9,2.411,1.568,0.683,0.876,0.657,0.286,0.037
16.0,2.103,1.31,0.585,0.877,0.658,0.287,0.037
16.1,1.98,1.207,0.545,0.877,0.658,0.288,0.037
16.2,1.93,1.165,0.53,0.877,0.658,0.288,0.038
16.3,1.911,1.149,0.523,0.877,0.658,0.288,0.038
16.400000000000002,1.903,1.142,0.521,0.876,0.657,0.288,0.037
16.5,1.939,1.171,0.532,0.877,0.657,0.289,0.037
16.6,1.914,1.151,0.524,0.877,0.658,0.288,0.037
16.7,1.904,1.143,0.521,0.876,0.657,0.288,0.037
16.8,1.861,1.109,0.508,0.877,0.658,0.288,0.037
16.900000000000002,1.843,1.096,0.502,0.877,0.658,0.289,0.037
17.0,1.876,1.121,0.512,0.876,0.657,0.288,0.038
17.1,1.889,1.131,0.516,0.876,0.657,0.288,0.037
17.2,1.854,1.104,0.506,0.876,0.657,0.289,0.038
17.3,1.724,1.005,0.466,0.877,0.657,0.288,0.037
17.400000000000002,1.828,1.085,0.498,0.876,0.658,0.289,0.038
17.5,1.83,1.086,0.498,0.876,0.658,0.288,0.038
17.6,1.871,1.117,0.511,0.877,0.658,0.288,0.037
17.7,1.966,1.193,0.541,0.876,0.658,0.288,0.037
17.8,1.925,1.16,0.528,0.877,0.658,0.289,0.037
17.900000000000002,1.869,1.116,0.51,0.876,0.657,0.289,0.038
18.0,1.886,1.129,0.516,0.877,0.658,0.29,0.038
18.1,1.893,1.134,0.518,0.877,0.657,0.289,0.037
18.2,1.856,1.106,0.506,0.877,0.658,0.288,0.037
18.3,1.841,1.094,0.502,0.876,0.658,0.289,0.038
18.400000000000002,1.836,1.09,0.5,0.877,0.658,0.29,0.037
18.5,1.873,1.118,0.511,0.877,0.658,0.289,0.038
18.6,1.888,1.13,0.516,0.877,0.658,0.289,0.038
18.7,1.893,1.135,0.518,0.877,0.657,0.289,0.037
18.8,1.856,1.106,0.506,0.878,0.658,0.289,0.037
18.900000000000002,1.881,1.125,0.514,0.877,0.658,0.289,0.038
19.0,1.851,1.102,0.505,0.877,0.658,0.289,0.037
19.1,1.84,1.093,0.501,0.877,0.659,0.289,0.037
19.200000000000003,1.835,1.089,0.5,0.877,0.658,0.29,0.038
19.3,1.833,1.087,0.499,0.878,0.658,0.289,0.037
19.400000000000002,1.872,1.118,0.511,0.877,0.658,0.289,0.038
19.5,1.887,1.13,0.516,0.877,0.658,0.29,0.037
19.6,1.893,1.135,0.518,0.878,0.658,0.289,0.037
19.700000000000003,1.856,1.106,0.506,0.877,0.658,0.289,0.037
19.8,1.881,1.125,0.514,0.877,0.658,0.289,0.037
19.900000000000002,1.891,1.133,0.517,0.877,0.658,0.289,0.037
20.0,1.935,1.167,0.531,0.877,0.658,0.29,0.037
20.1,1.873,1.119,0.512,0.877,0.658,0.289,0.037
20.200000000000003,1.848,1.099,0.504,0.878,0.658,0.29,0.037
20.3,1.838,1.092,0.501,0.877,0.659,0.29,0.037
20.400000000000002,1.834,1.089,0.5,0.877,0.658,0.29,0.038
20.5,1.912,1.149,0.524,0.877,0.658,0.29,0.038
20.6,1.903,1.142,0.521,0.877,0.658,0.29,0.037
20.700000000000003,1.9,1.14,0.52,0.877,0.658,0.291,0.037
20.8,1.938,1.17,0.532,0.879,0.659,0.291,0.037
20.900000000000002,1.874,1.12,0.512,0.879,0.658,0.29,0.037
21.0,1.888,1.131,0.516,0.878,0.659,0.291,0.038
21.1,1.854,1.104,0.506,0.878,0.658,0.291,0.037
21.200000000000003,1.96,1.188,0.539,0.878,0.659,0.291,0.037
21.3,1.922,1.158,0.527,0.877,0.658,0.29,0.037
21.400000000000002,1.868,1.115,0.51,0.877,0.658,0.29,0.038
21.5,1.886,1.129,0.515,0.877,0.658,0.29,0.037
21.6,1.893,1.134,0.518,0.877,0.658,0.291,0.037
21.700000000000003,1.935,1.168,0.531,0.877,0.658,0.29,0.038
21.8,1.873,1.119,0.512,0.877,0.658,0.29,0.037
21.900000000000002,2.008,1.226,0.554,0.878,0.659,0.29,0.037
22.0,1.942,1.173,0.533,0.877,0.658,0.291,0.037
22.1,1.876,1.121,0.512,0.878,0.659,0.291,0.037
22.200000000000003,1.849,1.1,0.504,0.877,0.659,0.292,0.038
22.3,1.839,1.092,0.501,0.877,0.659,0.292,0.037
22.400000000000002,1.834,1.089,0.5,0.877,0.658,0.292,0.038
22.5,1.833,1.087,0.499,0.877,0.658,0.292,0.038
22.6,1.832,1.087,0.499,0.877,0.659,0.292,0.037
22.700000000000003,1.793,1.056,0.487,0.877,0.659,0.291,0.037
22.8,1.816,1.074,0.494,0.877,0.659,0.292,0.037
22.900000000000002,1.825,1.082,0.497,0.877,0.659,0.292,0.037
23.0,1.829,1.085,0.498,0.877,0.659,0.292,0.037
23.1,1.831,1.086,0.498,0.877,0.658,0.292,0.037
23.200000000000003,1.831,1.086,0.499,0.878,0.659,0.292,0.037
23.3,1.831,1.086,0.499,0.877,0.659,0.292,0.038
23.400000000000002,1.832,1.086,0.499,0.877,0.659,0.292,0.038
23.5,1.911,1.149,0.523,0.877,0.658,0.292,0.037
23.6,1.903,1.142,0.521,0.877,0.659,0.291,0.037
23.700000000000003,1.86,1.109,0.508,0.876,0.659,0.292,0.037
23.8,1.882,1.126,0.514,0.876,0.659,0.292,0.037
23.900000000000002,1.813,1.072,0.493,0.877,0.659,0.292,0.037
24.0,1.824,1.081,0.496,0.876,0.659,0.292,0.038
24.1,1.829,1.084,0.498,0.876,0.659,0.292,0.037
24.200000000000003,1.83,1.086,0.498,0.877,0.66,0.292,0.037
24.3,1.792,1.056,0.487,0.876,0.659,0.292,0.037
24.400000000000002,1.777,1.044,0.482,0.876,0.659,0.292,0.037
24.5,1.81,1.069,0.492,0.877,0.659,0.292,0.037
24.6,1.784,1.049,0.484,0.877,0.66,0.292,0.037
24.700000000000003,1.773,1.041,0.481,0.877,0.66,0.292,0.037
24.8,1.848,1.099,0.504,0.877,0.66,0.292,0.036
24.900000000000002,1.878,1.122,0.513,0.876,0.66,0.292,0.037
25.0,1.85,1.101,0.504,0.877,0.66,0.292,0.037
25.1,1.8,1.062,0.489,0.877,0.66,0.292,0.037
25.200000000000003,1.898,1.139,0.519,0.877,0.66,0.293,0.038
25.3,1.858,1.107,0.507,0.877,0.66,0.292,0.037
25.400000000000002,1.764,1.035,0.478,0.877,0.66,0.293,0.037
25.5,1.805,1.066,0.49,0.878,0.66,0.293,0.038
25.6,1.821,1.078,0.495,0.877,0.66,0.292,0.037
25.700000000000003,1.827,1.083,0.497,0.877,0.661,0.293,0.038
25.8,1.83,1.085,0.498,0.876,0.66,0.293,0.037
25.900000000000002,1.87,1.117,0.511,0.877,0.66,0.292,0.037
26.0,1.926,1.161,0.528,0.876,0.66,0.293,0.037
26.1,1.83,1.086,0.498,0.877,0.659,0.293,0.037
26.200000000000003,1.831,1.086,0.499,0.877,0.66,0.293,0.037
26.3,1.871,1.117,0.511,0.876,0.66,0.293,0.037
26.400000000000002,1.808,1.069,0.492,0.877,0.66,0.293,0.037
26.5,1.822,1.079,0.496,0.877,0.661,0.294,0.037
26.6,1.789,1.053,0.486,0.877,0.66,0.294,0.037
26.700000000000003,1.775,1.043,0.481,0.876,0.659,0.294,0.037
26.8,1.77,1.039,0.48,0.877,0.66,0.294,0.037
26.900000000000002,1.807,1.067,0.491,0.877,0.66,0.294,0.037
27.0,1.783,1.049,0.484,0.878,0.66,0.293,0.037
27.1,1.812,1.071,0.493,0.878,0.66,0.293,0.037
27.200000000000003,1.824,1.08,0.496,0.877,0.66,0.293,0.036
27.3,1.789,1.054,0.486,0.877,0.66,0.293,0.037
27.400000000000002,1.775,1.043,0.481,0.878,0.66,0.293,0.036
27.5,1.731,1.009,0.468,0.878,0.66,0.293,0.037
27.6,1.791,1.056,0.486,0.878,0.66,0.294,0.037
27.700000000000003,1.776,1.044,0.482,0.878,0.659,0.293,0.037
27.8,1.849,1.1,0.504,0.879,0.66,0.294,0.037
27.900000000000002,1.839,1.092,0.501,0.879,0.66,0.294,0.038
28.0,1.834,1.089,0.5,0.878,0.66,0.294,0.037
28.1,1.872,1.118,0.511,0.878,0.66,0.294,0.036
28.200000000000003,1.809,1.069,0.492,0.878,0.661,0.294,0.037
28.3,1.783,1.049,0.484,0.878,0.661,0.294,0.036
28.400000000000002,1.852,1.102,0.505,0.878,0.66,0.293,0.037
28.5,1.879,1.124,0.513,0.877,0.661,0.294,0.037
28.6,1.811,1.071,0.493,0.877,0.66,0.294,0.037
28.700000000000003,1.784,1.05,0.484,0.877,0.66,0.294,0.037
28.8,1.774,1.042,0.481,0.877,0.66,0.294,0.037
28.900000000000002,1.769,1.038,0.48,0.876,0.66,0.293,0.037
29.0,1.886,1.129,0.516,0.877,0.66,0.294,0.037
29.1,1.853,1.104,0.505,0.877,0.661,0.294,0.037
29.200000000000003,1.801,1.063,0.489,0.877,0.661,0.294,0.037
29.3,1.819,1.077,0.495,0.878,0.66,0.294,0.037
29.400000000000002,1.788,1.052,0.485,0.877,0.66,0.294,0.037
29.5,1.853,1.104,0.506,0.877,0.66,0.294,0.037
29.6,1.801,1.063,0.489,0.877,0.661,0.293,0.037
29.700000000000003,1.78,1.047,0.483,0.878,0.661,0.294,0.037
29.8,1.772,1.04,0.48,0.878,0.661,0.294,0.037
29.900000000000002,1.769,1.038,0.479,0.877,0.661,0.294,0.037
30.0,1.806,1.067,0.491,0.878,0.661,0.294,0.036
30.1,1.782,1.048,0.484,0.878,0.66,0.294,0.037
30.200000000000003,1.773,1.041,0.481,0.877,0.661,0.293,0.036
30.3,1.769,1.038,0.479,0.877,0.661,0.294,0.036
30.400000000000002,1.846,1.098,0.503,0.877,0.66,0.294,0.037
30.5,1.798,1.061,0.488,0.877,0.66,0.294,0.037
30.6,1.779,1.046,0.483,0.877,0.661,0.294,0.037
30.700000000000003,1.811,1.07,0.492,0.877,0.661,0.294,0.037
30.8,1.784,1.05,0.484,0.877,0.661,0.294,0.037
30.900000000000002,1.773,1.042,0.481,0.877,0.66,0.294,0.037
31.0,1.769,1.038,0.48,0.877,0.661,0.294,0.038
31.1,1.886,1.129,0.516,0.878,0.661,0.294,0.037
31.200000000000003,1.814,1.073,0.493,0.878,0.661,0.294,0.036
31.3,1.785,1.051,0.485,0.877,0.661,0.294,0.037
31.400000000000002,1.774,1.042,0.481,0.878,0.661,0.295,0.037
31.5,1.809,1.069,0.492,0.878,0.661,0.295,0.038
31.6,1.783,1.049,0.484,0.878,0.661,0.295,0.037
31.700000000000003,1.773,1.041,0.481,0.878,0.661,0.294,0.037
31.8,1.769,1.038,0.479,0.878,0.661,0.295,0.038
31.900000000000002,1.767,1.037,0.479,0.878,0.662,0.295,0.037
32.0,1.767,1.036,0.479,0.877,0.661,0.295,0.037
32.1,1.766,1.036,0.479,0.877,0.66,0.295,0.036
32.2,1.766,1.036,0.479,0.878,0.661,0.295,0.036
32.300000000000004,1.806,1.066,0.491,0.878,0.661,0.295,0.036
32.4,1.782,1.048,0.483,0.878,0.661,0.295,0.037
32.5,1.773,1.041,0.481,0.878,0.661,0.295,0.036
32.6,1.769,1.038,0.479,0.878,0.661,0.295,0.037
32.7,1.767,1.037,0.479,0.878,0.661,0.295,0.037
32.800000000000004,1.767,1.036,0.479,0.877,0.661,0.295,0.037
32.9,1.766,1.036,0.479,0.878,0.661,0.295,0.037
33.0,1.766,1.036,0.479,0.877,0.661,0.295,0.037
33.1,1.885,1.128,0.515,0.877,0.661,0.295,0.036
33.2,1.892,1.134,0.518,0.877,0.661,0.295,0.037
33.300000000000004,1.817,1.075,0.494,0.877,0.661,0.295,0.036
33.4,1.786,1.052,0.485,0.877,0.661,0.295,0.037
33.5,1.893,1.135,0.518,0.877,0.662,0.295,0.036
33.6,1.817,1.076,0.494,0.877,0.662,0.295,0.037
33.7,1.787,1.052,0.485,0.876,0.661,0.294,0.037
33.800000000000004,1.774,1.042,0.481,0.877,0.661,0.294,0.037
33.9,1.77,1.039,0.48,0.878,0.661,0.295,0.036
34.0,1.768,1.037,0.479,0.877,0.661,0.295,0.037
34.1,1.767,1.036,0.479,0.877,0.661,0.295,0.036
34.2,1.767,1.036,0.479,0.878,0.661,0.296,0.037
34.300000000000004,1.766,1.036,0.479,0.877,0.661,0.296,0.037
34.4,1.766,1.036,0.479,0.877,0.661,0.295,0.037
34.5,1.806,1.066,0.491,0.877,0.661,0.295,0.036
34.6,1.782,1.048,0.483,0.878,0.661,0.296,0.037
34.7,1.773,1.041,0.481,0.877,0.661,0.296,0.037
34.800000000000004,1.769,1.038,0.479,0.877,0.661,0.296,0.037
34.9,1.767,1.037,0.479,0.877,0.662,0.296,0.037
35.0,1.845,1.097,0.503,0.878,0.661,0.296,0.036
35.1,1.798,1.061,0.488,0.877,0.662,0.296,0.036
35.2,1.779,1.046,0.483,0.878,0.662,0.296,0.036
35.300000000000004,1.771,1.04,0.48,0.877,0.661,0.296,0.037
35.4,1.808,1.068,0.491,0.877,0.662,0.295,0.036
35.5,1.667,0.962,0.448,0.878,0.661,0.295,0.037
35.6,1.727,1.006,0.467,0.877,0.662,0.296,0.037
35.7,1.75,1.024,0.474,0.877,0.661,0.296,0.038
35.800000000000004,1.76,1.031,0.477,0.877,0.661,0.295,0.037
35.9,1.803,1.064,0.49,0.877,0.662,0.296,0.036
36.0,1.781,1.047,0.483,0.878,0.662,0.296,0.037
36.1,1.772,1.041,0.48,0.878,0.662,0.297,0.037
36.2,1.769,1.038,0.479,0.878,0.661,0.296,0.037
36.300000000000004,1.767,1.037,0.479,0.877,0.662,0.296,0.037
36.4,1.767,1.036,0.479,0.878,0.662,0.296,0.037
36.5,1.806,1.066,0.491,0.877,0.662,0.297,0.036
36.6,1.782,1.048,0.483,0.877,0.661,0.296,0.037
36.7,1.812,1.071,0.493,0.877,0.661,0.296,0.037
36.800000000000004,1.784,1.05,0.484,0.877,0.662,0.296,0.037
36.9,1.774,1.042,0.481,0.877,0.662,0.296,0.037
37.0,1.769,1.038,0.48,0.877,0.661,0.296,0.037
37.1,1.767,1.037,0.479,0.878,0.661,0.297,0.036
37.2,1.806,1.067,0.491,0.878,0.662,0.297,0.037
37.300000000000004,1.782,1.048,0.484,0.877,0.661,0.296,0.037
37.4,1.812,1.071,0.493,0.877,0.662,0.297,0.037
37.5,1.746,1.02,0.472,0.877,0.662,0.297,0.037
37.6,1.719,1,0.464,0.877,0.662,0.296,0.037
37.7,1.709,0.992,0.461,0.877,0.662,0.296,0.037
37.800000000000004,1.704,0.989,0.46,0.877,0.663,0.297,0.037
37.9,1.742,1.017,0.471,0.877,0.662,0.297,0.036
38.0,1.717,0.999,0.464,0.878,0.662,0.297,0.037
38.1,1.747,1.021,0.473,0.878,0.663,0.297,0.036
38.2,1.758,1.03,0.476,0.878,0.663,0.297,0.037
38.300000000000004,1.763,1.034,0.478,0.877,0.662,0.297,0.037
38.400000000000006,1.765,1.035,0.478,0.878,0.662,0.297,0.037
38.5,1.766,1.036,0.478,0.878,0.662,0.297,0.037
38.6,1.766,1.036,0.479,0.878,0.662,0.297,0.037
38.7,1.766,1.036,0.479,0.878,0.663,0.297,0.036
38.800000000000004,1.766,1.036,0.479,0.878,0.662,0.297,0.037
38.900000000000006,1.805,1.066,0.491,0.878,0.663,0.298,0.037
39.0,1.782,1.048,0.483,0.878,0.662,0.297,0.037
39.1,1.773,1.041,0.481,0.878,0.662,0.298,0.038
39.2,1.808,1.068,0.491,0.879,0.663,0.297,0.037
39.300000000000004,1.783,1.049,0.484,0.878,0.662,0.297,0.037
39.400000000000006,1.773,1.041,0.481,0.878,0.662,0.298,0.037
39.5,1.769,1.038,0.479,0.878,0.663,0.298,0.036
39.6,1.728,1.007,0.467,0.879,0.662,0.298,0.037
39.7,1.751,1.025,0.474,0.878,0.663,0.298,0.036
39.800000000000004,1.76,1.031,0.477,0.879,0.663,0.298,0.037
39.900000000000006,1.725,1.005,0.466,0.879,0.662,0.298,0.037
40.0,1.75,1.023,0.474,0.88,0.662,0.298,0.037
40.1,1.76,1.031,0.477,0.879,0.662,0.299,0.038
40.2,1.725,1.004,0.466,0.879,0.663,0.298,0.037
40.300000000000004,1.75,1.023,0.474,0.879,0.662,0.298,0.037
40.400000000000006,1.721,1.001,0.465,0.88,0.663,0.298,0.037
40.5,1.748,1.022,0.473,0.88,0.663,0.298,0.036
40.6,1.759,1.031,0.476,0.879,0.663,0.297,0.037
40.7,1.763,1.034,0.478,0.879,0.662,0.298,0.036
40.800000000000004,1.765,1.035,0.478,0.878,0.662,0.298,0.037
40.900000000000006,1.766,1.036,0.478,0.878,0.663,0.298,0.037
41.0,1.766,1.036,0.479,0.878,0.662,0.298,0.037
41.1,1.766,1.036,0.479,0.878,0.662,0.297,0.036
41.2,1.766,1.036,0.479,0.878,0.662,0.298,0.037
41.300000000000004,1.727,1.006,0.467,0.878,0.663,0.298,0.038
41.400000000000006,1.751,1.024,0.474,0.878,0.663,0.298,0.038
41.5,1.76,1.031,0.477,0.877,0.663,0.298,0.037
41.6,1.764,1.034,0.478,0.878,0.663,0.298,0.037
41.7,1.765,1.035,0.478,0.878,0.663,0.298,0.037
41.800000000000004,1.766,1.036,0.479,0.878,0.663,0.298,0.037
41.900000000000006,1.766,1.036,0.479,0.878,0.663,0.298,0.037
42.0,1.727,1.006,0.467,0.878,0.663,0.298,0.037
42.1,1.751,1.024,0.474,0.879,0.664,0.298,0.037
42.2,1.76,1.031,0.477,0.879,0.663,0.298,0.037
42.300000000000004,1.764,1.034,0.478,0.879,0.663,0.298,0.037
42.400000000000006,1.765,1.035,0.478,0.878,0.662,0.298,0.037
42.5,1.727,1.006,0.467,0.879,0.663,0.299,0.036
42.6,1.751,1.024,0.474,0.879,0.663,0.299,0.037
42.7,1.721,1.002,0.465,0.88,0.663,0.3,0.037
42.800000000000004,1.748,1.022,0.473,0.88,0.663,0.299,0.037
42.900000000000006,1.759,1.031,0.476,0.879,0.663,0.299,0.038
43.0,1.763,1.034,0.478,0.88,0.663,0.3,0.038
43.1,1.765,1.035,0.478,0.88,0.663,0.299,0.037
43.2,1.766,1.036,0.478,0.88,0.663,0.299,0.037
43.300000000000004,1.766,1.036,0.479,0.881,0.663,0.3,0.037
43.400000000000006,1.805,1.066,0.491,0.881,0.663,0.3,0.037
43.5,1.782,1.048,0.483,0.881,0.663,0.3,0.037
43.6,1.773,1.041,0.481,0.88,0.663,0.3,0.037
43.7,1.769,1.038,0.479,0.88,0.663,0.3,0.038
43.800000000000004,1.767,1.037,0.479,0.879,0.663,0.299,0.037
43.900000000000006,1.767,1.036,0.479,0.879,0.663,0.299,0.036
44.0,1.766,1.036,0.479,0.88,0.663,0.3,0.037
44.1,1.766,1.036,0.479,0.88,0.663,0.3,0.037
44.2,1.766,1.036,0.479,0.88,0.663,0.3,0.036
44.300000000000004,1.766,1.036,0.479,0.879,0.663,0.299,0.037
44.400000000000006,1.766,1.036,0.479,0.879,0.663,0.299,0.037
44.5,1.766,1.036,0.479,0.88,0.663,0.3,0.037
44.6,1.727,1.006,0.467,0.88,0.663,0.3,0.037
44.7,1.751,1.024,0.474,0.881,0.663,0.3,0.037
44.800000000000004,1.76,1.031,0.477,0.881,0.663,0.3,0.037
44.900000000000006,1.725,1.005,0.466,0.88,0.663,0.3,0.037
45.0,1.75,1.023,0.474,0.881,0.663,0.299,0.037
45.1,1.76,1.031,0.477,0.88,0.663,0.3,0.038
45.2,1.764,1.034,0.478,0.88,0.664,0.3,0.037
45.300000000000004,1.765,1.035,0.478,0.88,0.663,0.3,0.037
45.400000000000006,1.766,1.036,0.479,0.879,0.663,0.3,0.037
45.5,1.766,1.036,0.479,0.88,0.663,0.3,0.037
45.6,1.766,1.036,0.479,0.881,0.664,0.3,0.038
45.7,1.766,1.036,0.479,0.88,0.663,0.3,0.037
45.800000000000004,1.727,1.006,0.467,0.88,0.664,0.3,0.038
45.900000000000006,1.751,1.024,0.474,0.88,0.664,0.3,0.037
46.0,1.721,1.002,0.465,0.88,0.663,0.3,0.037
46.1,1.748,1.022,0.473,0.88,0.663,0.3,0.037
46.2,1.838,1.092,0.501,0.881,0.663,0.3,0.037
46.300000000000004,1.795,1.058,0.487,0.881,0.664,0.3,0.037
46.400000000000006,1.778,1.045,0.482,0.881,0.664,0.3,0.037
46.5,1.771,1.04,0.48,0.88,0.664,0.3,0.037
46.6,1.768,1.037,0.479,0.88,0.664,0.3,0.037
46.7,1.767,1.037,0.479,0.88,0.664,0.3,0.037
46.800000000000004,1.767,1.036,0.479,0.88,0.663,0.3,0.038
46.900000000000006,1.766,1.036,0.479,0.881,0.663,0.3,0.037
47.0,1.766,1.036,0.479,0.881,0.664,0.3,0.037
47.1,1.766,1.036,0.479,0.88,0.664,0.3,0.037
47.2,1.766,1.036,0.479,0.88,0.665,0.3,0.037
47.300000000000004,1.766,1.036,0.479,0.88,0.664,0.299,0.036
47.400000000000006,1.766,1.036,0.479,0.881,0.664,0.3,0.037
47.5,1.766,1.036,0.479,0.881,0.663,0.3,0.037
47.6,1.766,1.036,0.479,0.879,0.663,0.3,0.037
47.7,1.766,1.036,0.479,0.878,0.664,0.3,0.037
47.800000000000004,1.766,1.036,0.479,0.879,0.664,0.3,0.037
47.900000000000006,1.727,1.006,0.467,0.878,0.663,0.3,0.037
48.0,1.751,1.024,0.474,0.878,0.663,0.3,0.037
48.1,1.721,1.002,0.465,0.878,0.663,0.3,0.037
48.2,1.748,1.022,0.473,0.878,0.663,0.3,0.037
48.300000000000004,1.72,1.001,0.465,0.879,0.664,0.3,0.037
48.400000000000006,1.748,1.022,0.473,0.879,0.664,0.3,0.037
48.5,1.759,1.03,0.476,0.878,0.663,0.3,0.037
48.6,1.763,1.034,0.478,0.878,0.663,0.299,0.037
48.7,1.726,1.006,0.466,0.879,0.663,0.3,0.037
48.800000000000004,1.789,1.054,0.486,0.879,0.664,0.3,0.037
48.900000000000006,1.737,1.014,0.47,0.88,0.664,0.3,0.037
49.0,1.754,1.027,0.475,0.88,0.663,0.3,0.037
49.1,1.723,1.003,0.465,0.88,0.664,0.3,0.037
49.2,1.71,0.993,0.461,0.879,0.663,0.3,0.037
49.300000000000004,1.744,1.019,0.472,0.88,0.663,0.3,0.037
49.400000000000006,1.757,1.029,0.476,0.881,0.664,0.3,0.037
49.5,1.724,1.004,0.466,0.881,0.664,0.3,0.037
49.6,1.71,0.993,0.462,0.881,0.664,0.3,0.037
49.7,1.705,0.989,0.46,0.88,0.664,0.3,0.037
49.800000000000004,1.703,0.988,0.459,0.88,0.663,0.3,0.037
49.900000000000006,1.741,1.017,0.471,0.881,0.664,0.3,0.037
50.0,1.756,1.028,0.476,0.881,0.664,0.3,0.037
50.1,1.723,1.003,0.465,0.88,0.665,0.3,0.037
50.2,1.71,0.993,0.461,0.881,0.665,0.3,0.037
50.300000000000004,1.744,1.019,0.472,0.88,0.665,0.301,0.037
50.400000000000006,1.718,1,0.464,0.881,0.665,0.301,0.037
50.5,1.708,0.992,0.461,0.88,0.664,0.301,0.037
50.6,1.704,0.989,0.46,0.881,0.665,0.301,0.038
50.7,1.703,0.987,0.459,0.881,0.664,0.301,0.038
50.800000000000004,1.702,0.987,0.459,0.88,0.665,0.3,0.037
50.900000000000006,1.702,0.987,0.459,0.88,0.664,0.3,0.038
51.0,1.74,1.016,0.471,0.881,0.665,0.3,0.038
51.1,1.756,1.028,0.475,0.881,0.665,0.301,0.037
51.2,1.723,1.003,0.465,0.88,0.665,0.3,0.037
51.300000000000004,1.71,0.993,0.461,0.88,0.664,0.3,0.037
51.400000000000006,1.705,0.989,0.46,0.88,0.664,0.301,0.037
51.5,1.703,0.988,0.459,0.88,0.663,0.301,0.037
51.6,1.616,0.937,0.436,0.835,0.63,0.285,0.035
51.7,1.546,0.897,0.417,0.799,0.603,0.273,0.034
51.800000000000004,1.5,0.872,0.405,0.771,0.581,0.263,0.033
51.900000000000006,1.454,0.845,0.392,0.748,0.564,0.256,0.032
52.0,1.407,0.816,0.379,0.73,0.551,0.249,0.031
52.1,1.37,0.792,0.369,0.715,0.54,0.244,0.03
52.2,1.35,0.781,0.364,0.704,0.531,0.24,0.03
52.300000000000004,1.334,0.772,0.359,0.694,0.524,0.237,0.029
52.400000000000006,1.321,0.765,0.356,0.686,0.518,0.234,0.029
52.5,1.311,0.759,0.353,0.68,0.514,0.232,0.029
52.6,1.302,0.755,0.351,0.675,0.51,0.231,0.029
52.7,1.286,0.744,0.346,0.671,0.507,0.229,0.028
52.800000000000004,1.283,0.742,0.346,0.668,0.505,0.228,0.028
52.900000000000006,1.28,0.741,0.345,0.666,0.503,0.227,0.028
53.0,1.278,0.74,0.344,0.664,0.502,0.226,0.028
53.1,1.286,0.747,0.347,0.662,0.501,0.226,0.028
53.2,1.312,0.767,0.355,0.661,0.5,0.225,0.028
53.300000000000004,1.313,0.768,0.356,0.66,0.499,0.225,0.028
53.400000000000006,1.305,0.762,0.353,0.659,0.499,0.225,0.028
53.5,1.317,0.772,0.357,0.659,0.498,0.225,0.028
53.6,1.327,0.78,0.36,0.658,0.498,0.224,0.028
53.7,1.325,0.778,0.359,0.658,0.497,0.224,0.028
53.800000000000004,1.324,0.777,0.359,0.657,0.497,0.224,0.028
53.900000000000006,1.342,0.792,0.365,0.657,0.497,0.224,0.028
54.0,1.338,0.788,0.363,0.656,0.497,0.223,0.028
54.1,1.343,0.793,0.365,0.656,0.497,0.223,0.028
54.2,1.338,0.789,0.363,0.656,0.497,0.223,0.028
54.300000000000004,1.344,0.793,0.365,0.655,0.497,0.223,0.028
54.400000000000006,1.349,0.797,0.367,0.655,0.497,0.222,0.028
54.5,1.343,0.792,0.365,0.655,0.496,0.222,0.028
54.6,1.347,0.796,0.366,0.654,0.496,0.222,0.028
54.7,1.351,0.799,0.367,0.654,0.496,0.221,0.028
54.800000000000004,1.354,0.801,0.368,0.653,0.496,0.221,0.028
54.900000000000006,1.357,0.803,0.369,0.653,0.496,0.221,0.028
55.0,1.369,0.812,0.373,0.653,0.496,0.22,0.028
55.1,1.378,0.82,0.376,0.652,0.496,0.22,0.028
55.2,1.386,0.826,0.378,0.652,0.496,0.219,0.028
55.300000000000004,1.392,0.83,0.38,0.652,0.496,0.219,0.028
55.400000000000006,1.387,0.826,0.378,0.652,0.496,0.218,0.028
55.5,1.383,0.823,0.377,0.651,0.496,0.218,0.028
55.6,1.38,0.821,0.376,0.651,0.496,0.218,0.028
55.7,1.387,0.826,0.378,0.651,0.496,0.217,0.028
55.800000000000004,1.383,0.823,0.377,0.651,0.496,0.217,0.028
55.900000000000006,1.39,0.828,0.379,0.65,0.496,0.217,0.028
56.0,1.385,0.825,0.378,0.651,0.496,0.216,0.028
56.1,1.391,0.83,0.38,0.651,0.496,0.216,0.028
56.2,1.406,0.842,0.384,0.65,0.496,0.215,0.028
56.300000000000004,1.408,0.843,0.385,0.65,0.496,0.215,0.028
56.400000000000006,1.41,0.844,0.385,0.65,0.496,0.215,0.028
56.5,1.411,0.845,0.386,0.65,0.496,0.214,0.028
56.6,1.412,0.846,0.386,0.65,0.496,0.214,0.028
56.7,1.413,0.847,0.386,0.65,0.497,0.213,0.028
56.800000000000004,1.404,0.839,0.384,0.65,0.496,0.213,0.028
56.900000000000006,1.426,0.857,0.391,0.65,0.496,0.213,0.028
57.0,1.434,0.863,0.393,0.65,0.496,0.212,0.028
57.1,1.43,0.861,0.392,0.65,0.496,0.212,0.028
57.2,1.427,0.858,0.391,0.65,0.496,0.211,0.028
57.300000000000004,1.435,0.864,0.393,0.65,0.496,0.211,0.028
57.400000000000006,1.431,0.861,0.392,0.65,0.496,0.211,0.028
57.5,1.438,0.867,0.394,0.649,0.496,0.21,0.028
57.6,1.434,0.863,0.393,0.649,0.496,0.21,0.028
57.7,1.44,0.868,0.395,0.649,0.496,0.209,0.028
57.800000000000004,1.435,0.864,0.393,0.649,0.496,0.209,0.028
57.900000000000006,1.421,0.854,0.389,0.649,0.496,0.209,0.028
58.0,1.43,0.86,0.392,0.648,0.496,0.208,0.028
58.1,1.457,0.882,0.4,0.648,0.496,0.208,0.028
58.2,1.449,0.875,0.398,0.648,0.496,0.207,0.028
58.300000000000004,1.442,0.87,0.396,0.648,0.496,0.207,0.028
58.400000000000006,1.447,0.874,0.397,0.648,0.496,0.207,0.028
58.5,1.441,0.869,0.395,0.648,0.496,0.206,0.028
58.6,1.446,0.873,0.397,0.648,0.496,0.206,0.028
58.7,1.44,0.868,0.395,0.648,0.496,0.206,0.028
58.800000000000004,1.435,0.864,0.393,0.648,0.496,0.205,0.028
58.900000000000006,1.431,0.861,0.392,0.648,0.496,0.205,0.028
59.0,1.438,0.867,0.394,0.648,0.496,0.205,0.028
59.1,1.444,0.871,0.396,0.647,0.496,0.204,0.028
59.2,1.448,0.874,0.397,0.647,0.496,0.204,0.028
59.300000000000004,1.451,0.877,0.398,0.647,0.496,0.203,0.028
59.400000000000006,1.454,0.879,0.399,0.647,0.496,0.203,0.028
59.5,1.487,0.905,0.409,0.647,0.496,0.202,0.027
59.6,1.482,0.902,0.408,0.647,0.496,0.202,0.028
59.7,1.479,0.899,0.407,0.647,0.496,0.202,0.028
59.800000000000004,1.476,0.897,0.406,0.646,0.496,0.201,0.028
59.900000000000006,1.484,0.903,0.409,0.646,0.496,0.201,0.028
60.0,1.48,0.9,0.407,0.646,0.496,0.201,0.028
60.1,1.497,0.914,0.413,0.646,0.496,0.2,0.028
60.2,1.491,0.909,0.411,0.646,0.496,0.2,0.028
60.300000000000004,1.496,0.912,0.412,0.645,0.496,0.199,0.028
60.400000000000006,1.48,0.9,0.407,0.645,0.496,0.199,0.028
60.5,1.477,0.897,0.406,0.645,0.496,0.198,0.028
60.6,1.475,0.896,0.406,0.645,0.496,0.198,0.028
60.7,1.483,0.902,0.408,0.645,0.496,0.198,0.028
60.800000000000004,1.489,0.907,0.41,0.645,0.496,0.197,0.028
60.900000000000006,1.495,0.911,0.412,0.645,0.496,0.197,0.028
61.0,1.489,0.907,0.41,0.645,0.496,0.197,0.028
61.1,1.494,0.911,0.412,0.645,0.496,0.196,0.028
61.2,1.498,0.914,0.413,0.645,0.496,0.196,0.028
61.300000000000004,1.502,0.917,0.414,0.645,0.496,0.196,0.028
61.400000000000006,1.504,0.919,0.415,0.645,0.495,0.196,0.028
61.5,1.507,0.921,0.416,0.645,0.495,0.195,0.028
61.6,1.518,0.93,0.419,0.645,0.495,0.195,0.028
61.7,1.518,0.93,0.419,0.645,0.495,0.195,0.028
61.800000000000004,1.517,0.929,0.419,0.645,0.495,0.194,0.028
61.900000000000006,1.517,0.929,0.419,0.645,0.495,0.194,0.027
62.0,1.527,0.937,0.422,0.645,0.495,0.194,0.027
62.1,1.524,0.935,0.421,0.645,0.495,0.194,0.028
62.2,1.533,0.942,0.424,0.645,0.495,0.193,0.028
62.300000000000004,1.539,0.947,0.426,0.645,0.495,0.193,0.028
62.400000000000006,1.534,0.943,0.424,0.645,0.495,0.193,0.028
62.5,1.531,0.94,0.423,0.644,0.495,0.193,0.028
62.6,1.527,0.938,0.422,0.645,0.495,0.192,0.028
62.7,1.505,0.92,0.415,0.645,0.495,0.192,0.027
62.800000000000004,1.507,0.921,0.416,0.645,0.495,0.192,0.027
62.900000000000006,1.509,0.923,0.416,0.644,0.495,0.192,0.028
63.0,1.51,0.924,0.417,0.644,0.495,0.192,0.027
63.1,1.511,0.925,0.417,0.644,0.495,0.191,0.027
63.2,1.512,0.925,0.417,0.644,0.495,0.191,0.027
63.300000000000004,1.513,0.926,0.417,0.644,0.495,0.191,0.027
63.400000000000006,1.513,0.926,0.418,0.644,0.495,0.19,0.027
63.5,1.514,0.926,0.418,0.644,0.495,0.19,0.027
63.6,1.514,0.927,0.418,0.644,0.495,0.19,0.028
63.7,1.514,0.927,0.418,0.644,0.495,0.189,0.028
63.800000000000004,1.514,0.927,0.418,0.644,0.495,0.189,0.028
63.900000000000006,1.525,0.935,0.421,0.644,0.495,0.189,0.028
64.0,1.523,0.934,0.421,0.644,0.495,0.189,0.028
64.10000000000001,1.531,0.941,0.423,0.644,0.495,0.189,0.028
64.2,1.538,0.946,0.425,0.644,0.495,0.189,0.028
64.3,1.554,0.959,0.43,0.644,0.495,0.188,0.028
64.4,1.546,0.953,0.428,0.644,0.495,0.188,0.028
64.5,1.55,0.956,0.429,0.644,0.495,0.188,0.028
64.60000000000001,1.573,0.975,0.437,0.644,0.495,0.187,0.028
64.7,1.562,0.965,0.433,0.644,0.495,0.187,0.028
64.8,1.532,0.942,0.424,0.644,0.495,0.187,0.028
64.9,1.549,0.956,0.429,0.644,0.495,0.187,0.028
65.0,1.552,0.958,0.43,0.644,0.495,0.186,0.028
65.10000000000001,1.555,0.96,0.431,0.644,0.495,0.186,0.028
65.2,1.557,0.962,0.431,0.644,0.495,0.186,0.028
65.3,1.559,0.963,0.432,0.644,0.495,0.186,0.028
65.4,1.56,0.964,0.432,0.645,0.495,0.186,0.028
65.5,1.561,0.965,0.433,0.645,0.495,0.186,0.028
65.60000000000001,1.562,0.966,0.433,0.645,0.495,0.185,0.028
65.7,1.563,0.966,0.433,0.645,0.495,0.185,0.028
65.8,1.563,0.966,0.433,0.645,0.495,0.185,0.028
65.9,1.564,0.967,0.434,0.645,0.495,0.185,0.028
66.0,1.564,0.967,0.434,0.645,0.495,0.185,0.028
66.10000000000001,1.564,0.967,0.434,0.645,0.495,0.184,0.028
66.2,1.554,0.959,0.431,0.645,0.495,0.184,0.028
66.3,1.557,0.961,0.431,0.645,0.495,0.184,0.028
66.4,1.569,0.971,0.435,0.645,0.495,0.184,0.028
66.5,1.568,0.97,0.435,0.645,0.495,0.184,0.028
66.60000000000001,1.557,0.962,0.432,0.645,0.495,0.184,0.028
66.7,1.559,0.963,0.432,0.645,0.495,0.183,0.028
66.8,1.56,0.964,0.432,0.645,0.495,0.183,0.028
66.9,1.561,0.965,0.433,0.645,0.495,0.183,0.028
67.0,1.562,0.966,0.433,0.645,0.495,0.183,0.028
67.10000000000001,1.563,0.966,0.433,0.645,0.495,0.183,0.028
67.2,1.573,0.975,0.437,0.644,0.495,0.183,0.028
67.3,1.572,0.973,0.436,0.644,0.495,0.183,0.028
67.4,1.581,0.981,0.439,0.644,0.495,0.182,0.028
67.5,1.588,0.986,0.441,0.644,0.495,0.182,0.028
67.60000000000001,1.593,0.991,0.443,0.644,0.495,0.182,0.028
67.7,1.588,0.986,0.441,0.644,0.495,0.182,0.028
67.8,1.593,0.991,0.443,0.644,0.495,0.182,0.028
67.9,1.588,0.986,0.441,0.644,0.495,0.182,0.028
68.0,1.593,0.991,0.443,0.644,0.495,0.182,0.028
68.10000000000001,1.598,0.995,0.444,0.644,0.495,0.182,0.028
68.2,1.602,0.998,0.445,0.644,0.495,0.181,0.028
68.3,1.604,1,0.446,0.644,0.495,0.181,0.028
68.4,1.607,1.002,0.447,0.644,0.495,0.181,0.028
68.5,1.609,1.003,0.448,0.644,0.495,0.181,0.028
68.60000000000001,1.61,1.004,0.448,0.644,0.495,0.181,0.028
68.7,1.611,1.005,0.448,0.643,0.495,0.181,0.028
68.8,1.622,1.015,0.452,0.643,0.495,0.181,0.028
68.9,1.621,1.013,0.452,0.643,0.495,0.18,0.028
69.0,1.61,1.004,0.448,0.643,0.495,0.18,0.028
69.10000000000001,1.611,1.005,0.448,0.643,0.495,0.18,0.028
69.2,1.592,0.99,0.442,0.643,0.495,0.18,0.028
69.3,1.607,1.002,0.447,0.642,0.495,0.18,0.028
69.4,1.609,1.003,0.448,0.642,0.495,0.179,0.028
69.5,1.62,1.013,0.451,0.642,0.495,0.179,0.028
69.60000000000001,1.63,1.021,0.454,0.642,0.495,0.179,0.028
69.7,1.627,1.018,0.453,0.641,0.495,0.179,0.028
69.8,1.625,1.016,0.453,0.641,0.495,0.179,0.028
69.9,1.633,1.023,0.455,0.641,0.495,0.178,0.028
70.0,1.64,1.029,0.458,0.641,0.495,0.178,0.028
70.10000000000001,1.645,1.033,0.459,0.641,0.495,0.178,0.028
70.2,1.639,1.028,0.457,0.641,0.495,0.178,0.028
70.3,1.635,1.025,0.456,0.641,0.495,0.178,0.028
70.4,1.621,1.013,0.451,0.641,0.495,0.178,0.028
70.5,1.62,1.012,0.451,0.641,0.495,0.178,0.028
70.60000000000001,1.619,1.012,0.451,0.641,0.495,0.178,0.028
70.7,1.618,1.011,0.451,0.641,0.495,0.177,0.028
70.8,1.618,1.011,0.451,0.641,0.495,0.177,0.028
70.9,1.628,1.019,0.454,0.64,0.495,0.177,0.028
71.0,1.625,1.017,0.453,0.64,0.495,0.177,0.028
71.10000000000001,1.623,1.015,0.452,0.64,0.495,0.177,0.028
71.2,1.622,1.014,0.452,0.64,0.494,0.177,0.028
71.3,1.631,1.022,0.455,0.64,0.494,0.177,0.028
71.4,1.628,1.019,0.454,0.64,0.494,0.177,0.028
71.5,1.626,1.017,0.453,0.64,0.494,0.176,0.028
71.60000000000001,1.624,1.015,0.452,0.64,0.494,0.176,0.028
71.7,1.622,1.014,0.452,0.64,0.494,0.176,0.028
71.8,1.621,1.013,0.451,0.64,0.494,0.176,0.028
71.9,1.62,1.012,0.451,0.64,0.494,0.176,0.028
72.0,1.619,1.012,0.451,0.639,0.494,0.176,0.028
72.10000000000001,1.608,1.003,0.448,0.639,0.494,0.176,0.028
72.2,1.62,1.013,0.451,0.639,0.494,0.175,0.027
72.3,1.629,1.02,0.454,0.639,0.494,0.175,0.027
72.4,1.637,1.026,0.457,0.639,0.494,0.175,0.028
72.5,1.643,1.031,0.458,0.639,0.494,0.175,0.028
72.60000000000001,1.648,1.035,0.46,0.639,0.494,0.175,0.028
72.7,1.652,1.038,0.461,0.639,0.494,0.175,0.028
72.8,1.655,1.041,0.462,0.639,0.494,0.175,0.028
72.9,1.647,1.035,0.46,0.638,0.494,0.175,0.028
73.0,1.641,1.029,0.458,0.638,0.494,0.175,0.028
73.10000000000001,1.636,1.025,0.456,0.638,0.494,0.175,0.028
73.2,1.642,1.031,0.458,0.638,0.494,0.175,0.028
73.3,1.647,1.035,0.46,0.638,0.494,0.174,0.028
73.4,1.651,1.038,0.461,0.638,0.494,0.174,0.028
73.5,1.644,1.032,0.459,0.638,0.494,0.174,0.028
73.60000000000001,1.648,1.036,0.46,0.638,0.494,0.174,0.028
73.7,1.652,1.039,0.461,0.638,0.494,0.174,0.028
73.8,1.655,1.041,0.462,0.638,0.494,0.174,0.028
73.9,1.657,1.043,0.463,0.638,0.494,0.174,0.028
74.0,1.659,1.045,0.464,0.638,0.494,0.174,0.028
74.10000000000001,1.651,1.038,0.461,0.638,0.494,0.174,0.028
74.2,1.644,1.032,0.459,0.638,0.494,0.174,0.028
74.3,1.648,1.036,0.46,0.638,0.494,0.174,0.028
74.4,1.652,1.039,0.461,0.638,0.494,0.173,0.028
74.5,1.655,1.041,0.462,0.637,0.494,0.173,0.028
74.60000000000001,1.647,1.035,0.46,0.637,0.494,0.173,0.028
74.7,1.641,1.03,0.458,0.637,0.494,0.173,0.028
74.8,1.626,1.017,0.453,0.638,0.494,0.173,0.028
74.9,1.624,1.016,0.452,0.638,0.494,0.173,0.028
75.0,1.622,1.014,0.452,0.638,0.494,0.173,0.028
75.10000000000001,1.631,1.022,0.455,0.638,0.494,0.173,0.027
75.2,1.638,1.028,0.457,0.638,0.494,0.173,0.027
75.3,1.634,1.024,0.456,0.638,0.494,0.173,0.028
75.4,1.63,1.021,0.454,0.639,0.494,0.173,0.028
75.5,1.627,1.019,0.454,0.639,0.494,0.173,0.028
75.60000000000001,1.625,1.017,0.453,0.639,0.494,0.172,0.028
75.7,1.623,1.015,0.452,0.639,0.494,0.172,0.028
75.8,1.632,1.022,0.455,0.639,0.494,0.172,0.028
75.9,1.629,1.02,0.454,0.639,0.494,0.172,0.028
76.0,1.626,1.018,0.453,0.639,0.494,0.172,0.028
76.10000000000001,1.634,1.024,0.456,0.639,0.494,0.172,0.028
76.2,1.631,1.021,0.455,0.639,0.494,0.172,0.028
76.3,1.638,1.027,0.457,0.639,0.494,0.172,0.028
76.4,1.675,1.058,0.469,0.639,0.494,0.172,0.028
76.5,1.663,1.048,0.465,0.64,0.494,0.172,0.028
76.60000000000001,1.653,1.04,0.462,0.64,0.494,0.172,0.028
76.7,1.646,1.034,0.459,0.64,0.494,0.172,0.028
76.80000000000001,1.64,1.029,0.458,0.64,0.494,0.172,0.028
76.9,1.635,1.025,0.456,0.64,0.494,0.172,0.028
77.0,1.631,1.022,0.455,0.64,0.494,0.171,0.028
77.10000000000001,1.638,1.028,0.457,0.639,0.494,0.171,0.028
77.2,1.644,1.032,0.459,0.639,0.494,0.171,0.028
77.30000000000001,1.638,1.028,0.457,0.639,0.494,0.171,0.028
77.4,1.634,1.024,0.456,0.639,0.494,0.171,0.027
77.5,1.641,1.029,0.458,0.638,0.494,0.171,0.027
77.60000000000001,1.646,1.034,0.459,0.638,0.494,0.171,0.028
77.7,1.64,1.029,0.457,0.638,0.494,0.171,0.028
77.80000000000001,1.655,1.042,0.462,0.638,0.494,0.171,0.028
77.9,1.658,1.044,0.463,0.637,0.494,0.17,0.028
78.0,1.66,1.045,0.464,0.638,0.494,0.17,0.028
78.10000000000001,1.661,1.046,0.464,0.638,0.494,0.17,0.028
78.2,1.662,1.047,0.465,0.638,0.494,0.17,0.028
78.30000000000001,1.663,1.048,0.465,0.638,0.494,0.17,0.028
78.4,1.664,1.049,0.465,0.638,0.493,0.17,0.028
78.5,1.664,1.049,0.465,0.638,0.493,0.17,0.028
78.60000000000001,1.665,1.049,0.465,0.638,0.493,0.17,0.028
78.7,1.676,1.058,0.469,0.638,0.493,0.17,0.028
78.80000000000001,1.674,1.057,0.468,0.638,0.493,0.169,0.028
78.9,1.672,1.056,0.468,0.638,0.494,0.169,0.028
79.0,2.009,1.267,0.562,0.768,0.594,0.203,0.034
79.10000000000001,2.226,1.421,0.626,0.819,0.635,0.217,0.036
79.2,2.313,1.482,0.651,0.84,0.651,0.222,0.036
79.30000000000001,2.307,1.472,0.648,0.848,0.658,0.225,0.037
79.4,2.263,1.434,0.634,0.851,0.66,0.225,0.037
79.5,2.245,1.418,0.628,0.852,0.66,0.226,0.037
79.60000000000001,2.238,1.412,0.626,0.852,0.661,0.225,0.037
79.7,2.276,1.444,0.638,0.852,0.661,0.225,0.037
79.80000000000001,2.292,1.457,0.643,0.852,0.661,0.224,0.037
79.9,2.257,1.428,0.632,0.852,0.661,0.225,0.037
80.0,2.243,1.416,0.627,0.852,0.661,0.225,0.037
80.10000000000001,2.32,1.48,0.652,0.853,0.662,0.225,0.037
80.2,2.268,1.437,0.635,0.853,0.661,0.226,0.037
80.30000000000001,2.288,1.454,0.642,0.854,0.662,0.225,0.037
80.4,2.255,1.426,0.631,0.854,0.661,0.225,0.037
80.5,2.242,1.415,0.627,0.854,0.661,0.225,0.037
80.60000000000001,2.237,1.411,0.626,0.854,0.661,0.224,0.038
80.7,2.194,1.376,0.612,0.856,0.661,0.225,0.037
80.80000000000001,2.218,1.395,0.619,0.855,0.661,0.226,0.037
80.9,2.227,1.403,0.622,0.855,0.661,0.225,0.037
81.0,2.231,1.406,0.624,0.855,0.661,0.225,0.037
81.10000000000001,2.232,1.407,0.624,0.854,0.661,0.225,0.037
81.2,2.274,1.442,0.637,0.854,0.661,0.225,0.037
81.30000000000001,2.25,1.422,0.63,0.855,0.661,0.224,0.037
81.4,2.24,1.414,0.627,0.855,0.661,0.225,0.037
81.5,2.236,1.41,0.625,0.855,0.662,0.225,0.037
81.60000000000001,2.235,1.409,0.625,0.856,0.662,0.225,0.037
81.7,2.234,1.409,0.625,0.855,0.661,0.224,0.037
81.80000000000001,2.234,1.408,0.625,0.855,0.662,0.225,0.038
81.9,2.234,1.408,0.624,0.856,0.661,0.225,0.037
82.0,2.233,1.408,0.624,0.857,0.662,0.225,0.037
82.10000000000001,2.275,1.442,0.638,0.858,0.662,0.225,0.038
82.2,2.25,1.422,0.63,0.859,0.662,0.225,0.037
82.30000000000001,2.24,1.414,0.627,0.86,0.662,0.226,0.038
82.4,2.236,1.41,0.625,0.86,0.661,0.226,0.038
82.5,2.235,1.409,0.625,0.86,0.661,0.226,0.038
82.60000000000001,2.234,1.409,0.625,0.861,0.662,0.226,0.038
82.7,2.234,1.408,0.625,0.863,0.662,0.226,0.037
82.80000000000001,2.234,1.408,0.624,0.862,0.661,0.226,0.037
82.9,2.233,1.408,0.624,0.863,0.662,0.227,0.037
83.0,2.316,1.477,0.651,0.864,0.662,0.227,0.037
83.10000000000001,2.267,1.436,0.635,0.865,0.661,0.228,0.038
83.2,2.247,1.419,0.629,0.865,0.661,0.228,0.037
83.30000000000001,2.198,1.379,0.613,0.865,0.662,0.228,0.038
83.4,2.178,1.363,0.607,0.865,0.662,0.228,0.037
83.5,2.171,1.357,0.605,0.866,0.662,0.228,0.038
83.60000000000001,2.167,1.354,0.604,0.866,0.661,0.228,0.038
83.7,2.166,1.353,0.603,0.866,0.661,0.228,0.037
83.80000000000001,2.166,1.353,0.603,0.866,0.662,0.229,0.038
83.9,2.165,1.352,0.603,0.865,0.662,0.228,0.037
84.0,2.247,1.42,0.629,0.866,0.662,0.229,0.037
84.10000000000001,2.198,1.379,0.613,0.866,0.662,0.228,0.038
84.2,2.178,1.363,0.607,0.867,0.662,0.229,0.038
84.30000000000001,2.171,1.357,0.605,0.867,0.662,0.229,0.037
84.4,2.167,1.354,0.604,0.867,0.662,0.229,0.037
84.5,2.166,1.353,0.603,0.867,0.661,0.23,0.037
84.60000000000001,2.166,1.353,0.603,0.868,0.661,0.23,0.037
84.7,2.165,1.352,0.603,0.867,0.661,0.23,0.038
84.80000000000001,2.165,1.352,0.603,0.868,0.661,0.23,0.037
84.9,2.165,1.352,0.603,0.867,0.662,0.23,0.038
85.0,2.165,1.352,0.603,0.866,0.661,0.23,0.037
85.10000000000001,2.165,1.352,0.603,0.867,0.66,0.23,0.038
85.2,2.125,1.319,0.59,0.866,0.661,0.23,0.037
85.30000000000001,2.149,1.339,0.598,0.866,0.661,0.23,0.037
85.4,2.159,1.347,0.601,0.866,0.661,0.231,0.037
85.5,2.204,1.384,0.615,0.866,0.661,0.231,0.037
85.60000000000001,2.14,1.332,0.595,0.866,0.662,0.231,0.037
85.7,2.155,1.344,0.6,0.867,0.662,0.231,0.037
85.80000000000001,2.121,1.316,0.589,0.867,0.661,0.231,0.038
85.9,2.107,1.305,0.585,0.867,0.661,0.232,0.037
86.0,2.101,1.3,0.583,0.868,0.662,0.232,0.037
86.10000000000001,2.14,1.331,0.595,0.867,0.661,0.232,0.037
86.2,2.114,1.311,0.587,0.866,0.661,0.232,0.037
86.30000000000001,2.104,1.303,0.584,0.867,0.661,0.233,0.037
86.4,2.1,1.299,0.582,0.868,0.661,0.233,0.037
86.5,2.099,1.298,0.582,0.867,0.661,0.233,0.037
86.60000000000001,2.098,1.298,0.582,0.867,0.661,0.233,0.037
86.7,2.138,1.33,0.594,0.868,0.661,0.233,0.037
86.80000000000001,2.114,1.311,0.587,0.867,0.661,0.234,0.037
86.9,2.104,1.303,0.584,0.867,0.661,0.234,0.037
87.0,2.1,1.299,0.582,0.868,0.661,0.234,0.037
87.10000000000001,2.18,1.365,0.608,0.868,0.661,0.234,0.037
87.2,2.131,1.324,0.592,0.867,0.662,0.234,0.037
87.30000000000001,2.071,1.276,0.573,0.868,0.661,0.234,0.037
87.4,2.046,1.256,0.566,0.867,0.661,0.234,0.037
87.5,2.037,1.248,0.563,0.867,0.661,0.235,0.037
87.60000000000001,2.073,1.278,0.574,0.867,0.661,0.235,0.037
87.7,2.048,1.257,0.566,0.868,0.661,0.234,0.037
87.80000000000001,2.118,1.314,0.588,0.867,0.661,0.235,0.037
87.9,2.106,1.304,0.584,0.868,0.661,0.235,0.037
88.0,2.101,1.3,0.583,0.868,0.662,0.236,0.036
88.10000000000001,2.099,1.298,0.582,0.869,0.661,0.236,0.037
88.2,2.058,1.265,0.569,0.868,0.661,0.236,0.037
88.30000000000001,2.041,1.252,0.564,0.868,0.662,0.236,0.037
88.4,2.116,1.312,0.587,0.869,0.662,0.236,0.037
88.5,2.065,1.271,0.571,0.868,0.661,0.236,0.037
88.60000000000001,1.925,1.16,0.528,0.868,0.661,0.237,0.037
88.7,1.988,1.21,0.547,0.868,0.661,0.237,0.037
88.80000000000001,2.014,1.23,0.555,0.868,0.661,0.237,0.037
88.9,2.024,1.238,0.558,0.868,0.661,0.237,0.037
89.0,2.028,1.241,0.56,0.869,0.662,0.237,0.037
89.10000000000001,2.029,1.242,0.56,0.868,0.661,0.237,0.037
89.2,2.03,1.243,0.56,0.868,0.661,0.238,0.037
89.30000000000001,2.03,1.243,0.56,0.868,0.662,0.237,0.037
89.4,2.03,1.243,0.561,0.868,0.661,0.237,0.037
89.5,2.03,1.243,0.561,0.869,0.661,0.238,0.037
89.60000000000001,2.03,1.243,0.561,0.868,0.661,0.238,0.037
89.7,2.03,1.243,0.561,0.868,0.661,0.238,0.037
89.80000000000001,1.99,1.211,0.548,0.867,0.661,0.238,0.037
89.9,2.014,1.23,0.556,0.868,0.661,0.238,0.037
90.0,2.024,1.238,0.559,0.868,0.662,0.238,0.037
90.10000000000001,2.028,1.241,0.56,0.869,0.661,0.238,0.037
90.2,1.989,1.21,0.548,0.868,0.661,0.238,0.036
90.30000000000001,2.054,1.263,0.568,0.869,0.661,0.238,0.037
90.4,2.04,1.251,0.564,0.869,0.662,0.239,0.037
90.5,1.994,1.214,0.549,0.869,0.662,0.239,0.037
90.60000000000001,2.056,1.264,0.569,0.868,0.661,0.239,0.037
90.7,2.001,1.22,0.551,0.869,0.662,0.24,0.037
90.80000000000001,2.019,1.234,0.557,0.869,0.661,0.24,0.037
90.9,2.026,1.239,0.559,0.869,0.661,0.24,0.037
91.0,2.029,1.242,0.56,0.869,0.662,0.24,0.037
91.10000000000001,1.99,1.211,0.548,0.869,0.661,0.24,0.037
91.2,1.974,1.198,0.543,0.869,0.662,0.24,0.037
91.30000000000001,2.008,1.225,0.553,0.869,0.661,0.24,0.037
91.4,2.021,1.236,0.558,0.87,0.661,0.24,0.037
91.5,2.067,1.273,0.572,0.869,0.662,0.241,0.037
91.60000000000001,2.005,1.223,0.553,0.87,0.662,0.241,0.037
91.7,1.98,1.203,0.545,0.87,0.662,0.241,0.037
91.80000000000001,2.01,1.227,0.554,0.87,0.662,0.242,0.037
91.9,1.982,1.205,0.546,0.869,0.662,0.241,0.036
92.0,1.931,1.165,0.53,0.869,0.662,0.242,0.037
92.10000000000001,1.951,1.18,0.536,0.87,0.662,0.242,0.037
92.2,1.959,1.186,0.538,0.869,0.662,0.243,0.037
92.30000000000001,1.922,1.157,0.527,0.87,0.661,0.242,0.037
92.4,1.947,1.177,0.534,0.869,0.662,0.242,0.037
92.5,1.957,1.185,0.538,0.869,0.663,0.242,0.037
92.60000000000001,1.961,1.188,0.539,0.869,0.662,0.242,0.037
92.7,1.963,1.189,0.539,0.87,0.662,0.243,0.037
92.80000000000001,1.963,1.19,0.54,0.87,0.662,0.242,0.037
92.9,2.004,1.222,0.552,0.869,0.662,0.243,0.037
93.0,1.94,1.171,0.532,0.87,0.662,0.243,0.037
93.10000000000001,1.914,1.151,0.524,0.869,0.662,0.243,0.038
93.2,1.904,1.143,0.521,0.87,0.662,0.244,0.037
93.30000000000001,1.94,1.171,0.532,0.869,0.661,0.244,0.037
93.4,1.954,1.183,0.537,0.87,0.662,0.244,0.037
93.5,1.96,1.187,0.539,0.869,0.661,0.244,0.037
93.60000000000001,1.962,1.189,0.539,0.869,0.661,0.244,0.037
93.7,1.923,1.158,0.527,0.87,0.662,0.244,0.037
93.80000000000001,1.948,1.177,0.535,0.869,0.661,0.244,0.036
93.9,1.997,1.217,0.55,0.87,0.662,0.244,0.037
94.0,1.977,1.201,0.544,0.869,0.662,0.244,0.036
94.10000000000001,1.969,1.194,0.541,0.869,0.662,0.244,0.037
94.2,1.966,1.192,0.54,0.869,0.661,0.244,0.037
94.30000000000001,1.965,1.191,0.54,0.87,0.662,0.244,0.037
94.4,1.964,1.19,0.54,0.869,0.662,0.244,0.037
94.5,1.964,1.19,0.54,0.869,0.662,0.245,0.037
94.60000000000001,1.924,1.159,0.527,0.869,0.662,0.245,0.037
94.7,1.948,1.178,0.535,0.869,0.661,0.244,0.037
94.80000000000001,1.957,1.185,0.538,0.87,0.661,0.244,0.037
94.9,1.921,1.157,0.527,0.869,0.662,0.245,0.036
95.0,1.907,1.145,0.522,0.87,0.662,0.245,0.037
95.10000000000001,1.901,1.141,0.52,0.869,0.661,0.246,0.036
95.2,1.939,1.17,0.532,0.869,0.661,0.245,0.037
95.30000000000001,1.914,1.151,0.524,0.869,0.661,0.246,0.037
95.4,1.904,1.143,0.521,0.869,0.661,0.245,0.036
95.5,1.94,1.171,0.532,0.868,0.662,0.246,0.037
95.60000000000001,1.875,1.12,0.512,0.869,0.661,0.245,0.036
95.7,1.888,1.131,0.516,0.868,0.661,0.246,0.036
95.80000000000001,1.894,1.135,0.518,0.869,0.661,0.246,0.036
95.9,1.896,1.137,0.519,0.869,0.661,0.246,0.037
96.0,1.937,1.169,0.531,0.87,0.662,0.246,0.037
96.10000000000001,1.904,1.143,0.521,0.869,0.661,0.246,0.037
96.2,1.913,1.15,0.524,0.869,0.662,0.246,0.036
96.30000000000001,1.9,1.14,0.52,0.868,0.661,0.246,0.037
96.4,1.898,1.139,0.519,0.869,0.661,0.246,0.036
96.5,1.898,1.138,0.519,0.869,0.661,0.246,0.037
96.60000000000001,1.898,1.138,0.519,0.869,0.661,0.247,0.037
96.7,1.897,1.138,0.519,0.869,0.662,0.246,0.037
96.80000000000001,1.897,1.138,0.519,0.869,0.661,0.247,0.036
96.9,1.897,1.138,0.519,0.869,0.662,0.247,0.036
97.0,1.897,1.138,0.519,0.869,0.661,0.247,0.037
97.10000000000001,1.897,1.138,0.519,0.869,0.661,0.247,0.037
97.2,1.897,1.138,0.519,0.869,0.661,0.247,0.037
97.30000000000001,1.937,1.169,0.531,0.869,0.662,0.248,0.037
97.4,1.913,1.15,0.524,0.868,0.661,0.247,0.037
97.5,1.944,1.174,0.533,0.868,0.661,0.248,0.036
97.60000000000001,1.916,1.152,0.525,0.869,0.661,0.248,0.037
97.7,1.905,1.144,0.521,0.869,0.661,0.248,0.037
97.80000000000001,1.9,1.14,0.52,0.868,0.661,0.248,0.036
97.9,1.899,1.139,0.519,0.869,0.661,0.249,0.037
98.0,1.898,1.138,0.519,0.868,0.661,0.249,0.037
98.10000000000001,1.898,1.138,0.519,0.869,0.661,0.249,0.037
98.2,1.858,1.107,0.507,0.869,0.661,0.249,0.037
98.30000000000001,1.882,1.125,0.514,0.868,0.661,0.249,0.037
98.4,1.891,1.133,0.517,0.869,0.661,0.249,0.036
98.5,1.935,1.167,0.531,0.869,0.661,0.25,0.036
98.60000000000001,1.873,1.119,0.512,0.869,0.661,0.25,0.037
98.7,1.927,1.162,0.528,0.869,0.661,0.25,0.037
98.80000000000001,1.909,1.147,0.523,0.869,0.66,0.249,0.037
98.9,1.863,1.111,0.508,0.868,0.661,0.25,0.036
99.0,1.844,1.096,0.503,0.869,0.662,0.25,0.036
99.10000000000001,1.916,1.152,0.525,0.868,0.661,0.25,0.036
99.2,1.865,1.113,0.509,0.869,0.662,0.25,0.037
99.30000000000001,1.845,1.097,0.503,0.869,0.661,0.25,0.037
99.4,1.837,1.091,0.5,0.869,0.661,0.25,0.037
99.5,1.913,1.15,0.524,0.868,0.662,0.251,0.037
99.60000000000001,1.904,1.143,0.521,0.869,0.661,0.25,0.037
99.7,1.86,1.109,0.508,0.869,0.661,0.25,0.037
99.80000000000001,1.843,1.095,0.502,0.87,0.661,0.251,0.037
99.9,1.836,1.09,0.5,0.87,0.661,0.251,0.036
100.0,1.833,1.088,0.499,0.869,0.662,0.252,0.037
100.10000000000001,1.832,1.087,0.499,0.869,0.662,0.251,0.036
100.2,1.832,1.087,0.499,0.87,0.662,0.252,0.037
100.30000000000001,1.832,1.087,0.499,0.87,0.661,0.252,0.037
100.4,1.792,1.056,0.487,0.87,0.661,0.252,0.036
100.5,1.816,1.074,0.494,0.869,0.661,0.252,0.036
100.60000000000001,1.825,1.082,0.497,0.869,0.662,0.252,0.036
100.7,1.829,1.085,0.498,0.869,0.661,0.252,0.037
100.80000000000001,1.831,1.086,0.498,0.869,0.662,0.252,0.037
100.9,1.91,1.148,0.523,0.869,0.662,0.252,0.037
101.0,1.942,1.173,0.533,0.869,0.661,0.252,0.036
101.10000000000001,1.876,1.121,0.512,0.869,0.661,0.252,0.037
101.2,1.771,1.04,0.48,0.869,0.66,0.252,0.037
101.30000000000001,1.887,1.13,0.516,0.869,0.661,0.253,0.036
101.4,1.854,1.104,0.506,0.869,0.661,0.253,0.037
101.5,1.92,1.156,0.526,0.87,0.662,0.253,0.036
101.60000000000001,1.867,1.114,0.51,0.869,0.661,0.253,0.036
101.7,1.768,1.038,0.479,0.869,0.662,0.253,0.036
101.80000000000001,1.806,1.067,0.491,0.869,0.661,0.253,0.036
101.9,1.861,1.109,0.508,0.869,0.661,0.254,0.036
102.0,1.843,1.096,0.502,0.869,0.661,0.253,0.036
102.10000000000001,1.836,1.09,0.5,0.869,0.661,0.253,0.036
102.2,1.755,1.028,0.475,0.869,0.661,0.253,0.036
102.30000000000001,1.801,1.063,0.489,0.869,0.661,0.254,0.037
102.4,1.859,1.108,0.507,0.869,0.661,0.254,0.036
102.5,1.843,1.095,0.502,0.869,0.661,0.255,0.036
102.60000000000001,1.836,1.09,0.5,0.868,0.661,0.254,0.036
102.7,1.913,1.15,0.524,0.869,0.662,0.255,0.036
102.80000000000001,1.864,1.112,0.509,0.869,0.661,0.256,0.036
102.9,1.845,1.097,0.503,0.869,0.662,0.256,0.036
103.0,1.916,1.153,0.525,0.869,0.661,0.256,0.037
103.10000000000001,1.865,1.113,0.509,0.869,0.662,0.256,0.037
103.2,1.845,1.097,0.503,0.87,0.662,0.256,0.037
103.30000000000001,1.837,1.091,0.5,0.869,0.661,0.256,0.036
103.4,1.795,1.058,0.487,0.869,0.661,0.256,0.036
103.5,1.778,1.045,0.482,0.869,0.662,0.256,0.036
103.60000000000001,1.771,1.04,0.48,0.87,0.661,0.256,0.037
103.7,1.807,1.068,0.491,0.87,0.662,0.256,0.036
103.80000000000001,1.901,1.141,0.52,0.869,0.661,0.257,0.036
103.9,1.859,1.108,0.507,0.87,0.661,0.256,0.036
104.0,1.804,1.065,0.49,0.869,0.661,0.256,0.036
104.10000000000001,1.781,1.048,0.483,0.87,0.662,0.257,0.036
104.2,1.772,1.041,0.48,0.87,0.661,0.257,0.036
104.30000000000001,1.769,1.038,0.479,0.869,0.662,0.258,0.036
104.4,1.846,1.098,0.503,0.869,0.661,0.258,0.036
104.5,1.798,1.061,0.488,0.87,0.662,0.257,0.037
104.60000000000001,1.858,1.107,0.507,0.87,0.662,0.258,0.036
104.7,1.842,1.095,0.502,0.869,0.662,0.258,0.037
104.80000000000001,1.836,1.09,0.5,0.869,0.662,0.257,0.036
104.9,1.794,1.058,0.487,0.87,0.662,0.258,0.036
105.0,1.856,1.106,0.506,0.87,0.662,0.258,0.037
105.10000000000001,1.802,1.064,0.49,0.87,0.662,0.257,0.036
105.2,1.781,1.047,0.483,0.87,0.662,0.258,0.037
105.30000000000001,1.811,1.071,0.492,0.869,0.662,0.258,0.036
105.4,1.823,1.08,0.496,0.869,0.662,0.258,0.036
105.5,1.789,1.054,0.486,0.87,0.661,0.258,0.037
105.60000000000001,1.815,1.073,0.494,0.869,0.662,0.258,0.036
105.7,1.786,1.051,0.485,0.87,0.662,0.259,0.036
105.80000000000001,1.774,1.042,0.481,0.87,0.661,0.258,0.036
105.9,1.848,1.099,0.504,0.87,0.662,0.258,0.036
106.0,1.917,1.154,0.525,0.869,0.661,0.259,0.036
106.10000000000001,1.905,1.144,0.522,0.87,0.662,0.259,0.036
106.2,1.861,1.11,0.508,0.869,0.662,0.26,0.036
106.30000000000001,1.86,1.109,0.508,0.87,0.662,0.26,0.036
106.4,1.804,1.065,0.49,0.87,0.662,0.26,0.036
106.5,1.804,1.065,0.49,0.869,0.661,0.26,0.036
106.60000000000001,1.781,1.048,0.483,0.87,0.662,0.26,0.036
106.7,1.851,1.102,0.505,0.871,0.661,0.26,0.036
106.80000000000001,1.8,1.062,0.489,0.87,0.662,0.26,0.036
106.9,1.819,1.077,0.495,0.869,0.662,0.26,0.036
107.0,1.827,1.083,0.497,0.87,0.661,0.26,0.036
107.10000000000001,1.79,1.055,0.486,0.871,0.661,0.261,0.037
107.2,1.815,1.074,0.494,0.871,0.662,0.261,0.036
107.30000000000001,1.825,1.081,0.497,0.871,0.662,0.261,0.037
107.4,1.79,1.054,0.486,0.87,0.662,0.26,0.036
107.5,1.854,1.104,0.506,0.87,0.662,0.261,0.037
107.60000000000001,1.802,1.063,0.49,0.87,0.662,0.261,0.036
107.7,1.78,1.047,0.483,0.87,0.663,0.26,0.037
107.80000000000001,1.772,1.04,0.48,0.87,0.662,0.261,0.037
107.9,1.769,1.038,0.479,0.871,0.663,0.261,0.037
108.0,1.767,1.037,0.479,0.871,0.662,0.261,0.036
108.10000000000001,1.767,1.036,0.479,0.872,0.663,0.261,0.036
108.2,1.766,1.036,0.479,0.871,0.662,0.261,0.037
108.30000000000001,1.766,1.036,0.479,0.871,0.662,0.261,0.036
108.4,1.766,1.036,0.479,0.871,0.662,0.262,0.036
108.5,1.805,1.066,0.491,0.871,0.661,0.261,0.036
108.60000000000001,1.821,1.078,0.496,0.87,0.662,0.262,0.036
108.7,1.788,1.053,0.485,0.871,0.661,0.261,0.037
108.80000000000001,1.775,1.043,0.481,0.871,0.662,0.261,0.036
108.9,1.77,1.039,0.48,0.871,0.662,0.262,0.037
109.0,1.768,1.037,0.479,0.872,0.663,0.262,0.036
109.10000000000001,1.767,1.037,0.479,0.871,0.662,0.262,0.036
109.2,1.806,1.066,0.491,0.87,0.662,0.262,0.036
109.30000000000001,1.821,1.078,0.496,0.87,0.661,0.262,0.037
109.4,1.788,1.053,0.485,0.871,0.662,0.262,0.036
109.5,1.775,1.043,0.481,0.871,0.662,0.263,0.036
109.60000000000001,1.848,1.1,0.504,0.871,0.662,0.262,0.037
109.7,1.799,1.062,0.489,0.87,0.662,0.263,0.036
109.80000000000001,1.779,1.046,0.483,0.871,0.662,0.262,0.036
109.9,1.656,0.953,0.445,0.872,0.662,0.263,0.036
110.0,1.722,1.003,0.465,0.871,0.662,0.262,0.036
110.10000000000001,1.749,1.023,0.473,0.87,0.662,0.263,0.036
110.2,1.643,0.943,0.441,0.871,0.663,0.263,0.037
110.30000000000001,1.717,0.999,0.464,0.871,0.662,0.263,0.037
110.4,1.747,1.021,0.473,0.87,0.662,0.262,0.037
110.5,1.758,1.03,0.476,0.87,0.662,0.263,0.036
110.60000000000001,1.763,1.034,0.478,0.87,0.662,0.263,0.036
110.7,1.883,1.127,0.515,0.87,0.662,0.264,0.036
110.80000000000001,1.813,1.073,0.493,0.87,0.662,0.263,0.036
110.9,1.785,1.051,0.484,0.87,0.662,0.263,0.036
111.0,1.774,1.042,0.481,0.87,0.662,0.262,0.036
111.10000000000001,1.769,1.038,0.48,0.87,0.662,0.263,0.036
111.2,1.768,1.037,0.479,0.87,0.661,0.263,0.036
111.30000000000001,1.767,1.036,0.479,0.87,0.662,0.264,0.036
111.4,1.766,1.036,0.479,0.87,0.662,0.263,0.037
111.5,1.766,1.036,0.479,0.87,0.661,0.263,0.037
111.60000000000001,1.766,1.036,0.479,0.87,0.661,0.263,0.037
111.7,1.727,1.006,0.467,0.87,0.661,0.264,0.036
111.80000000000001,1.751,1.024,0.474,0.871,0.661,0.263,0.036
111.9,1.76,1.031,0.477,0.87,0.662,0.264,0.036
112.0,1.725,1.005,0.466,0.87,0.661,0.263,0.037
112.10000000000001,1.711,0.994,0.462,0.87,0.661,0.264,0.036
112.2,1.783,1.049,0.484,0.869,0.661,0.264,0.036
112.30000000000001,1.773,1.041,0.481,0.869,0.661,0.264,0.037
112.4,1.73,1.009,0.468,0.869,0.662,0.264,0.036
112.5,1.752,1.025,0.474,0.87,0.661,0.265,0.036
112.60000000000001,1.8,1.062,0.489,0.869,0.662,0.265,0.036
112.7,1.78,1.046,0.483,0.87,0.662,0.264,0.036
112.80000000000001,1.811,1.07,0.492,0.87,0.662,0.264,0.036
112.9,1.784,1.05,0.484,0.87,0.662,0.265,0.036
113.0,1.773,1.042,0.481,0.871,0.662,0.265,0.036
113.10000000000001,1.769,1.038,0.48,0.87,0.661,0.265,0.036
113.2,1.767,1.037,0.479,0.87,0.662,0.265,0.037
113.30000000000001,1.845,1.097,0.503,0.87,0.661,0.265,0.036
113.4,1.798,1.061,0.488,0.87,0.662,0.265,0.036
113.5,1.779,1.046,0.483,0.87,0.662,0.265,0.037
113.60000000000001,1.732,1.01,0.468,0.87,0.662,0.265,0.037
113.7,1.753,1.026,0.474,0.87,0.662,0.265,0.036
113.80000000000001,1.761,1.032,0.477,0.869,0.661,0.265,0.036
113.9,1.764,1.034,0.478,0.87,0.662,0.265,0.037
114.0,1.765,1.035,0.478,0.87,0.663,0.266,0.036
114.10000000000001,1.766,1.036,0.479,0.871,0.662,0.266,0.036
114.2,1.805,1.066,0.491,0.87,0.662,0.266,0.037
114.30000000000001,1.821,1.078,0.496,0.87,0.662,0.265,0.036
114.4,1.788,1.053,0.485,0.87,0.662,0.266,0.036
114.5,1.736,1.013,0.469,0.87,0.661,0.265,0.036
114.60000000000001,1.754,1.027,0.475,0.87,0.662,0.266,0.036
114.7,1.761,1.032,0.477,0.87,0.661,0.266,0.036
114.80000000000001,1.764,1.035,0.478,0.87,0.661,0.266,0.037
114.9,1.805,1.066,0.49,0.87,0.662,0.266,0.036
115.0,1.782,1.048,0.483,0.87,0.661,0.266,0.037
115.10000000000001,1.734,1.011,0.469,0.87,0.662,0.266,0.036
115.2,1.753,1.026,0.475,0.87,0.662,0.266,0.037
115.30000000000001,1.8,1.062,0.489,0.871,0.662,0.266,0.036
115.4,1.741,1.017,0.471,0.871,0.662,0.266,0.036
115.5,1.756,1.028,0.476,0.87,0.662,0.266,0.036
115.60000000000001,1.723,1.003,0.465,0.87,0.662,0.266,0.036
115.7,1.71,0.993,0.461,0.87,0.662,0.267,0.037
115.80000000000001,1.744,1.019,0.472,0.87,0.662,0.267,0.036
115.9,1.797,1.059,0.488,0.87,0.662,0.267,0.037
116.0,1.778,1.045,0.482,0.87,0.661,0.267,0.037
116.10000000000001,1.771,1.04,0.48,0.87,0.661,0.267,0.036
116.2,1.768,1.038,0.479,0.87,0.662,0.267,0.036
116.30000000000001,1.767,1.037,0.479,0.87,0.661,0.266,0.037
116.4,1.767,1.036,0.479,0.87,0.662,0.267,0.036
116.5,1.806,1.066,0.491,0.87,0.661,0.267,0.036
116.60000000000001,1.782,1.048,0.483,0.87,0.662,0.267,0.036
116.7,1.773,1.041,0.481,0.87,0.661,0.268,0.036
116.80000000000001,1.769,1.038,0.479,0.87,0.661,0.268,0.036
116.9,1.767,1.037,0.479,0.87,0.662,0.268,0.035
117.0,1.767,1.036,0.479,0.87,0.661,0.268,0.036
117.10000000000001,1.766,1.036,0.479,0.869,0.662,0.268,0.036
117.2,1.845,1.097,0.503,0.87,0.662,0.268,0.036
117.30000000000001,1.798,1.061,0.488,0.87,0.662,0.268,0.036
117.4,1.663,0.959,0.447,0.871,0.662,0.268,0.036
117.5,1.725,1.005,0.466,0.871,0.662,0.268,0.037
117.60000000000001,1.711,0.994,0.462,0.87,0.662,0.268,0.036
117.7,1.705,0.99,0.46,0.87,0.661,0.268,0.036
117.80000000000001,1.742,1.017,0.471,0.871,0.662,0.268,0.036
117.9,1.757,1.029,0.476,0.87,0.662,0.268,0.037
118.0,1.762,1.033,0.477,0.87,0.662,0.268,0.036
118.10000000000001,1.765,1.035,0.478,0.87,0.662,0.268,0.036
118.2,1.766,1.036,0.478,0.87,0.661,0.268,0.036
118.30000000000001,1.766,1.036,0.479,0.869,0.662,0.268,0.036
118.4,1.766,1.036,0.479,0.87,0.662,0.268,0.036
118.5,1.727,1.006,0.467,0.871,0.662,0.268,0.037
118.60000000000001,1.751,1.024,0.474,0.871,0.662,0.269,0.036
118.7,1.721,1.002,0.465,0.872,0.662,0.269,0.036
118.80000000000001,1.748,1.022,0.473,0.871,0.661,0.269,0.036
118.9,1.759,1.031,0.476,0.871,0.662,0.269,0.036
119.0,1.763,1.034,0.478,0.87,0.662,0.268,0.037
119.10000000000001,1.765,1.035,0.478,0.87,0.662,0.269,0.036
119.2,1.766,1.036,0.478,0.87,0.661,0.269,0.036
119.30000000000001,1.727,1.006,0.467,0.87,0.661,0.268,0.036
119.4,1.751,1.024,0.474,0.87,0.661,0.268,0.036
119.5,1.799,1.062,0.489,0.871,0.662,0.269,0.036
119.60000000000001,1.741,1.017,0.471,0.871,0.662,0.269,0.036
119.7,1.717,0.999,0.464,0.871,0.662,0.269,0.036
119.80000000000001,1.708,0.991,0.461,0.87,0.662,0.269,0.036
119.9,1.782,1.048,0.484,0.871,0.662,0.269,0.036
120.0,1.619,0.926,0.434,0.871,0.662,0.269,0.036
120.10000000000001,1.707,0.992,0.461,0.87,0.662,0.269,0.036
120.2,1.743,1.018,0.471,0.87,0.662,0.269,0.037
120.30000000000001,1.718,0.999,0.464,0.869,0.662,0.27,0.036
120.4,1.747,1.021,0.473,0.87,0.661,0.269,0.036
120.5,1.72,1.001,0.464,0.87,0.662,0.269,0.036
120.60000000000001,1.709,0.992,0.461,0.87,0.662,0.27,0.036
120.7,1.704,0.989,0.46,0.87,0.662,0.269,0.036
120.80000000000001,1.703,0.988,0.459,0.87,0.662,0.269,0.036
120.9,1.702,0.987,0.459,0.871,0.662,0.27,0.036
121.0,1.702,0.987,0.459,0.87,0.663,0.269,0.037
121.10000000000001,1.74,1.016,0.471,0.871,0.663,0.27,0.036
121.2,1.756,1.028,0.475,0.871,0.662,0.27,0.036
121.30000000000001,1.762,1.033,0.477,0.871,0.662,0.27,0.036
121.4,1.765,1.035,0.478,0.87,0.662,0.269,0.036
121.5,1.727,1.006,0.467,0.87,0.662,0.27,0.036
121.60000000000001,1.75,1.024,0.474,0.871,0.662,0.27,0.036
121.7,1.721,1.002,0.465,0.87,0.662,0.27,0.036
121.80000000000001,1.748,1.022,0.473,0.87,0.662,0.27,0.036
121.9,1.72,1.001,0.465,0.871,0.662,0.27,0.037
122.0,1.748,1.022,0.473,0.871,0.662,0.27,0.037
122.10000000000001,1.72,1.001,0.464,0.871,0.662,0.271,0.036
122.2,1.709,0.992,0.461,0.871,0.662,0.271,0.036
122.30000000000001,1.743,1.019,0.472,0.87,0.662,0.271,0.036
122.4,1.718,0.999,0.464,0.871,0.662,0.271,0.036
122.5,1.786,1.052,0.485,0.871,0.662,0.27,0.036
122.60000000000001,1.735,1.013,0.469,0.87,0.662,0.271,0.036
122.7,1.793,1.057,0.487,0.87,0.662,0.271,0.036
122.80000000000001,1.816,1.075,0.494,0.87,0.662,0.272,0.036
122.9,1.747,1.022,0.473,0.87,0.662,0.272,0.036
123.0,1.72,1.001,0.464,0.87,0.662,0.271,0.036
123.10000000000001,1.748,1.022,0.473,0.871,0.662,0.271,0.036
123.2,1.72,1.001,0.464,0.87,0.662,0.272,0.036
123.30000000000001,1.709,0.992,0.461,0.87,0.662,0.271,0.036
123.4,1.704,0.989,0.46,0.871,0.662,0.271,0.036
123.5,1.703,0.988,0.459,0.87,0.662,0.272,0.036
123.60000000000001,1.702,0.987,0.459,0.87,0.662,0.272,0.036
123.7,1.702,0.987,0.459,0.87,0.662,0.272,0.036
123.80000000000001,1.702,0.987,0.459,0.87,0.662,0.272,0.036
123.9,1.702,0.987,0.459,0.871,0.662,0.272,0.036
124.0,1.701,0.987,0.459,0.87,0.662,0.272,0.036
124.10000000000001,1.701,0.987,0.459,0.87,0.662,0.272,0.036
124.2,1.701,0.987,0.459,0.871,0.663,0.272,0.036
124.30000000000001,1.74,1.016,0.471,0.871,0.662,0.272,0.036
124.4,1.717,0.999,0.464,0.87,0.662,0.272,0.036
124.5,1.708,0.991,0.461,0.87,0.662,0.273,0.036
124.60000000000001,1.704,0.989,0.46,0.87,0.662,0.272,0.036
124.7,1.702,0.987,0.459,0.87,0.662,0.272,0.036
124.80000000000001,1.78,1.047,0.483,0.871,0.662,0.273,0.036
124.9,1.733,1.011,0.468,0.87,0.662,0.272,0.036
125.0,1.714,0.996,0.463,0.87,0.661,0.273,0.036
125.10000000000001,1.707,0.99,0.46,0.87,0.662,0.273,0.036
125.2,1.703,0.988,0.459,0.87,0.661,0.272,0.036
125.30000000000001,1.702,0.987,0.459,0.87,0.662,0.273,0.036
125.4,1.702,0.987,0.459,0.871,0.662,0.273,0.036
125.5,1.702,0.987,0.459,0.871,0.663,0.273,0.036
125.60000000000001,1.702,0.987,0.459,0.87,0.663,0.273,0.036
125.7,1.702,0.987,0.459,0.87,0.662,0.273,0.036
125.80000000000001,1.74,1.016,0.471,0.87,0.662,0.272,0.036
125.9,1.717,0.999,0.464,0.87,0.661,0.273,0.036
126.0,1.708,0.991,0.461,0.869,0.662,0.272,0.036
126.10000000000001,1.704,0.989,0.46,0.87,0.662,0.272,0.036
126.2,1.741,1.017,0.471,0.87,0.662,0.273,0.036
126.30000000000001,1.717,0.999,0.464,0.87,0.662,0.272,0.036
126.4,1.708,0.992,0.461,0.87,0.662,0.273,0.036
126.5,1.704,0.989,0.46,0.871,0.662,0.272,0.036
126.60000000000001,1.703,0.987,0.459,0.87,0.662,0.273,0.036
126.7,1.702,0.987,0.459,0.87,0.662,0.273,0.036
126.80000000000001,1.78,1.047,0.483,0.87,0.662,0.273,0.036
126.9,1.733,1.011,0.468,0.87,0.662,0.274,0.036
127.0,1.792,1.056,0.487,0.87,0.662,0.273,0.036
127.10000000000001,1.738,1.014,0.47,0.869,0.661,0.274,0.036
127.2,1.716,0.998,0.463,0.87,0.662,0.274,0.036
127.30000000000001,1.746,1.021,0.472,0.871,0.662,0.273,0.036
127.4,1.719,1,0.464,0.87,0.663,0.274,0.036
127.5,1.709,0.992,0.461,0.87,0.662,0.274,0.036
127.60000000000001,1.782,1.049,0.484,0.87,0.662,0.274,0.036
127.7,1.734,1.011,0.469,0.871,0.663,0.274,0.036
127.80000000000001,1.714,0.997,0.463,0.87,0.662,0.274,0.036
127.9,1.707,0.991,0.46,0.871,0.663,0.274,0.036
128.0,1.704,0.988,0.459,0.87,0.662,0.274,0.036
128.1,1.741,1.017,0.471,0.87,0.662,0.274,0.036
128.20000000000002,1.717,0.999,0.464,0.87,0.663,0.274,0.036
128.3,1.708,0.991,0.461,0.869,0.662,0.274,0.036
128.4,1.743,1.018,0.471,0.87,0.662,0.274,0.036
128.5,1.718,0.999,0.464,0.871,0.662,0.274,0.036
128.6,1.708,0.992,0.461,0.87,0.662,0.275,0.036
128.70000000000002,1.704,0.989,0.46,0.87,0.662,0.274,0.036
128.8,1.703,0.987,0.459,0.87,0.662,0.275,0.036
128.9,1.78,1.047,0.483,0.87,0.663,0.275,0.036
129.0,1.733,1.011,0.468,0.871,0.662,0.275,0.036
129.1,1.714,0.996,0.463,0.87,0.662,0.274,0.036
129.20000000000002,1.707,0.99,0.46,0.87,0.663,0.274,0.036
129.3,1.703,0.988,0.459,0.87,0.662,0.275,0.036
129.4,1.702,0.987,0.459,0.871,0.662,0.276,0.036
129.5,1.702,0.987,0.459,0.87,0.662,0.275,0.036
129.6,1.702,0.987,0.459,0.869,0.662,0.275,0.036
129.70000000000002,1.702,0.987,0.459,0.87,0.662,0.275,0.037
129.8,1.702,0.987,0.459,0.87,0.662,0.276,0.036
129.9,1.701,0.987,0.459,0.871,0.663,0.276,0.036
130.0,1.701,0.987,0.459,0.871,0.662,0.276,0.036
130.1,1.701,0.987,0.459,0.87,0.662,0.276,0.036
130.20000000000002,1.701,0.987,0.459,0.871,0.662,0.276,0.036
130.3,1.74,1.016,0.471,0.871,0.662,0.276,0.036
130.4,1.756,1.028,0.475,0.871,0.662,0.276,0.036
130.5,1.723,1.003,0.465,0.871,0.663,0.276,0.036
130.6,1.71,0.993,0.461,0.87,0.662,0.276,0.036
130.70000000000002,1.705,0.989,0.46,0.87,0.662,0.276,0.036
130.8,1.703,0.988,0.459,0.87,0.662,0.276,0.036
130.9,1.663,0.958,0.447,0.869,0.663,0.276,0.036
131.0,1.686,0.975,0.454,0.869,0.662,0.276,0.036
131.1,1.695,0.982,0.457,0.869,0.662,0.276,0.036
131.20000000000002,1.699,0.985,0.458,0.868,0.662,0.276,0.036
131.3,1.739,1.016,0.47,0.869,0.662,0.276,0.036
131.4,1.678,0.969,0.452,0.87,0.662,0.277,0.036
131.5,1.692,0.98,0.456,0.87,0.662,0.276,0.036
131.6,1.737,1.013,0.47,0.87,0.662,0.276,0.036
131.70000000000002,1.716,0.997,0.463,0.871,0.662,0.276,0.036
131.8,1.707,0.991,0.461,0.871,0.662,0.276,0.036
131.9,1.743,1.018,0.471,0.87,0.662,0.276,0.036
132.0,1.757,1.029,0.476,0.87,0.662,0.276,0.036
132.1,1.724,1.004,0.466,0.87,0.662,0.276,0.036
132.20000000000002,1.71,0.993,0.461,0.87,0.662,0.276,0.037
132.3,1.705,0.989,0.46,0.869,0.662,0.276,0.036
132.4,1.664,0.959,0.447,0.87,0.662,0.276,0.036
132.5,1.687,0.975,0.454,0.87,0.662,0.276,0.036
132.6,1.696,0.982,0.457,0.869,0.662,0.277,0.036
132.70000000000002,1.699,0.985,0.458,0.87,0.663,0.277,0.036
132.8,1.701,0.986,0.458,0.87,0.662,0.277,0.036
132.9,1.701,0.986,0.459,0.871,0.663,0.276,0.037
133.0,1.74,1.016,0.471,0.87,0.662,0.276,0.036
133.1,1.717,0.998,0.464,0.87,0.662,0.277,0.036
133.20000000000002,1.708,0.991,0.461,0.869,0.662,0.277,0.036
133.3,1.704,0.989,0.46,0.87,0.662,0.277,0.036
133.4,1.702,0.987,0.459,0.87,0.662,0.277,0.036
133.5,1.702,0.987,0.459,0.87,0.663,0.277,0.036
133.6,1.702,0.987,0.459,0.87,0.662,0.277,0.036
133.70000000000002,1.702,0.987,0.459,0.87,0.662,0.277,0.036
133.8,1.702,0.987,0.459,0.87,0.662,0.277,0.036
133.9,1.701,0.987,0.459,0.87,0.663,0.277,0.036
134.0,1.701,0.987,0.459,0.87,0.662,0.277,0.036
134.1,1.701,0.987,0.459,0.869,0.662,0.276,0.036
134.20000000000002,1.701,0.987,0.459,0.87,0.663,0.277,0.036
134.3,1.701,0.987,0.459,0.87,0.663,0.278,0.036
134.4,1.701,0.987,0.459,0.87,0.662,0.277,0.036
134.5,1.78,1.047,0.483,0.87,0.662,0.277,0.036
134.6,1.733,1.011,0.468,0.869,0.663,0.277,0.035
134.70000000000002,1.753,1.026,0.475,0.87,0.662,0.278,0.036
134.8,1.683,0.973,0.453,0.87,0.663,0.277,0.036
134.9,1.694,0.981,0.457,0.87,0.663,0.277,0.036
135.0,1.699,0.984,0.458,0.869,0.662,0.277,0.036
135.1,1.7,0.986,0.458,0.87,0.662,0.277,0.036
135.20000000000002,1.701,0.986,0.459,0.87,0.662,0.277,0.035
135.3,1.701,0.987,0.459,0.87,0.663,0.277,0.036
135.4,1.74,1.016,0.471,0.87,0.662,0.277,0.036
135.5,1.717,0.998,0.464,0.87,0.662,0.278,0.036
135.6,1.708,0.991,0.461,0.871,0.663,0.278,0.036
135.70000000000002,1.743,1.018,0.471,0.871,0.663,0.278,0.036
135.8,1.718,0.999,0.464,0.871,0.662,0.278,0.036
135.9,1.708,0.992,0.461,0.872,0.662,0.278,0.036
136.0,1.704,0.989,0.46,0.872,0.662,0.278,0.036
136.1,1.703,0.987,0.459,0.871,0.662,0.278,0.036
136.20000000000002,1.702,0.987,0.459,0.871,0.662,0.278,0.036
136.3,1.702,0.987,0.459,0.872,0.663,0.278,0.036
136.4,1.702,0.987,0.459,0.871,0.663,0.279,0.036
136.5,1.663,0.958,0.447,0.871,0.663,0.278,0.036
136.6,1.686,0.975,0.454,0.871,0.663,0.278,0.036
136.70000000000002,1.695,0.982,0.457,0.871,0.663,0.278,0.036
136.8,1.699,0.985,0.458,0.871,0.663,0.278,0.036
136.9,1.739,1.016,0.47,0.872,0.663,0.278,0.037
137.0,1.717,0.998,0.463,0.872,0.664,0.278,0.036
137.1,1.708,0.991,0.461,0.872,0.663,0.278,0.036
137.20000000000002,1.639,0.955,0.443,0.827,0.629,0.264,0.034
137.3,1.565,0.911,0.423,0.792,0.602,0.252,0.033
137.4,1.515,0.883,0.41,0.763,0.58,0.243,0.032
137.5,1.466,0.854,0.396,0.74,0.563,0.236,0.031
137.6,1.417,0.823,0.382,0.722,0.549,0.23,0.03
137.70000000000002,1.387,0.805,0.374,0.708,0.538,0.226,0.029
137.8,1.344,0.777,0.362,0.696,0.529,0.222,0.029
137.9,1.329,0.769,0.358,0.687,0.522,0.219,0.028
138.0,1.317,0.762,0.355,0.679,0.517,0.217,0.028
138.1,1.318,0.765,0.355,0.673,0.512,0.215,0.028
138.20000000000002,1.318,0.766,0.356,0.669,0.509,0.214,0.028
138.3,1.308,0.76,0.353,0.665,0.506,0.212,0.027
138.4,1.3,0.755,0.351,0.661,0.504,0.211,0.027
138.5,1.285,0.744,0.346,0.659,0.502,0.211,0.027
138.6,1.282,0.743,0.345,0.657,0.5,0.21,0.027
138.70000000000002,1.279,0.741,0.345,0.655,0.499,0.209,0.027
138.8,1.277,0.74,0.344,0.654,0.498,0.209,0.027
138.9,1.286,0.747,0.347,0.653,0.497,0.209,0.027
139.0,1.292,0.752,0.349,0.652,0.497,0.208,0.027
139.1,1.288,0.749,0.348,0.651,0.496,0.208,0.027
139.20000000000002,1.265,0.732,0.341,0.651,0.496,0.208,0.027
139.3,1.276,0.74,0.344,0.65,0.496,0.208,0.027
139.4,1.284,0.747,0.347,0.65,0.496,0.208,0.027
139.5,1.291,0.752,0.349,0.649,0.495,0.207,0.027
139.6,1.296,0.756,0.35,0.649,0.495,0.207,0.027
139.70000000000002,1.311,0.767,0.355,0.649,0.495,0.207,0.027
139.8,1.332,0.784,0.361,0.649,0.495,0.207,0.027
139.9,1.359,0.805,0.37,0.648,0.495,0.207,0.027
140.0,1.36,0.806,0.37,0.648,0.495,0.207,0.027
140.1,1.371,0.815,0.374,0.648,0.495,0.206,0.027
140.20000000000002,1.371,0.814,0.373,0.647,0.495,0.206,0.027
140.3,1.331,0.784,0.361,0.647,0.495,0.206,0.027
140.4,1.338,0.789,0.363,0.647,0.495,0.206,0.027
140.5,1.344,0.794,0.365,0.647,0.495,0.205,0.027
140.6,1.349,0.797,0.367,0.646,0.495,0.205,0.027
140.70000000000002,1.362,0.808,0.371,0.646,0.495,0.205,0.027
140.8,1.383,0.824,0.377,0.646,0.495,0.205,0.027
140.9,1.4,0.837,0.382,0.646,0.495,0.204,0.027
141.0,1.393,0.831,0.38,0.646,0.494,0.204,0.027
141.1,1.398,0.835,0.382,0.645,0.494,0.203,0.027
141.20000000000002,1.401,0.838,0.383,0.645,0.494,0.203,0.027
141.3,1.424,0.856,0.39,0.645,0.495,0.203,0.027
141.4,1.423,0.855,0.389,0.644,0.495,0.202,0.027
141.5,1.421,0.853,0.389,0.644,0.495,0.202,0.027
141.6,1.42,0.853,0.389,0.644,0.494,0.202,0.027
141.70000000000002,1.419,0.852,0.388,0.644,0.495,0.201,0.027
141.8,1.419,0.851,0.388,0.644,0.495,0.201,0.027
141.9,1.428,0.859,0.391,0.643,0.495,0.2,0.027
142.0,1.446,0.873,0.397,0.643,0.495,0.2,0.027
142.1,1.46,0.884,0.401,0.643,0.495,0.2,0.027
142.20000000000002,1.451,0.877,0.398,0.643,0.495,0.2,0.027
142.3,1.464,0.887,0.402,0.643,0.495,0.199,0.027
142.4,1.464,0.887,0.402,0.642,0.495,0.199,0.027
142.5,1.454,0.88,0.399,0.642,0.495,0.198,0.027
142.6,1.447,0.873,0.397,0.642,0.495,0.198,0.027
142.70000000000002,1.45,0.876,0.398,0.642,0.494,0.197,0.027
142.8,1.474,0.895,0.405,0.641,0.494,0.197,0.027
142.9,1.462,0.886,0.402,0.641,0.494,0.196,0.027
143.0,1.463,0.886,0.402,0.641,0.494,0.196,0.027
143.1,1.463,0.887,0.402,0.64,0.494,0.196,0.027
143.20000000000002,1.464,0.887,0.402,0.64,0.494,0.195,0.027
143.3,1.464,0.887,0.402,0.64,0.494,0.195,0.027
143.4,1.464,0.887,0.402,0.64,0.494,0.195,0.027
143.5,1.475,0.895,0.406,0.64,0.494,0.195,0.027
143.6,1.493,0.91,0.411,0.639,0.494,0.194,0.027
143.70000000000002,1.487,0.906,0.41,0.639,0.494,0.194,0.027
143.8,1.483,0.902,0.408,0.639,0.494,0.194,0.027
143.9,1.489,0.907,0.41,0.639,0.494,0.193,0.027
144.0,1.475,0.896,0.406,0.638,0.494,0.193,0.027
144.1,1.493,0.91,0.411,0.638,0.494,0.193,0.027
144.20000000000002,1.497,0.914,0.413,0.638,0.494,0.192,0.027
144.3,1.511,0.925,0.417,0.638,0.494,0.192,0.027
144.4,1.502,0.917,0.414,0.638,0.494,0.192,0.027
144.5,1.505,0.919,0.415,0.637,0.494,0.191,0.027
144.6,1.507,0.921,0.416,0.637,0.494,0.191,0.027
144.70000000000002,1.508,0.922,0.416,0.637,0.494,0.19,0.027
144.8,1.51,0.923,0.417,0.637,0.494,0.19,0.027
144.9,1.521,0.932,0.42,0.637,0.494,0.19,0.027
145.0,1.53,0.94,0.423,0.637,0.494,0.189,0.027
145.1,1.527,0.937,0.422,0.637,0.494,0.189,0.027
145.20000000000002,1.525,0.935,0.421,0.636,0.494,0.189,0.027
145.3,1.523,0.934,0.421,0.636,0.494,0.188,0.027
145.4,1.521,0.933,0.42,0.636,0.494,0.188,0.027
145.5,1.52,0.932,0.42,0.636,0.494,0.188,0.027
145.6,1.519,0.931,0.42,0.636,0.494,0.187,0.027
145.70000000000002,1.518,0.93,0.419,0.636,0.494,0.187,0.027
145.8,1.518,0.93,0.419,0.636,0.494,0.187,0.027
145.9,1.517,0.929,0.419,0.635,0.494,0.186,0.027
146.0,1.527,0.937,0.422,0.635,0.494,0.186,0.027
146.1,1.535,0.943,0.424,0.635,0.494,0.186,0.027
146.20000000000002,1.531,0.94,0.423,0.635,0.494,0.185,0.027
146.3,1.528,0.938,0.422,0.635,0.494,0.185,0.027
146.4,1.525,0.936,0.421,0.635,0.494,0.185,0.027
146.5,1.523,0.934,0.421,0.635,0.494,0.185,0.027
146.6,1.542,0.949,0.427,0.635,0.494,0.184,0.027
146.70000000000002,1.536,0.945,0.425,0.634,0.494,0.184,0.027
146.8,1.542,0.95,0.427,0.634,0.494,0.184,0.027
146.9,1.547,0.953,0.428,0.634,0.494,0.183,0.027
147.0,1.541,0.948,0.426,0.634,0.494,0.183,0.027
147.1,1.546,0.952,0.428,0.634,0.494,0.183,0.027
147.20000000000002,1.55,0.955,0.429,0.634,0.494,0.183,0.027
147.3,1.553,0.958,0.43,0.633,0.494,0.182,0.027
147.4,1.545,0.952,0.428,0.633,0.494,0.182,0.027
147.5,1.529,0.939,0.423,0.633,0.494,0.182,0.027
147.6,1.536,0.945,0.425,0.633,0.494,0.181,0.027
147.70000000000002,1.532,0.941,0.424,0.633,0.494,0.181,0.027
147.8,1.549,0.955,0.429,0.633,0.494,0.181,0.027
147.9,1.552,0.958,0.43,0.633,0.494,0.18,0.027
148.0,1.565,0.968,0.434,0.632,0.494,0.18,0.027
148.1,1.555,0.96,0.431,0.632,0.494,0.18,0.027
148.20000000000002,1.557,0.962,0.431,0.632,0.494,0.179,0.027
148.3,1.589,0.988,0.442,0.632,0.494,0.179,0.027
148.4,1.585,0.984,0.44,0.632,0.494,0.179,0.027
148.5,1.571,0.973,0.436,0.631,0.494,0.178,0.027
148.6,1.57,0.972,0.435,0.631,0.494,0.178,0.027
148.70000000000002,1.559,0.963,0.432,0.631,0.494,0.178,0.027
148.8,1.56,0.964,0.432,0.631,0.494,0.178,0.027
148.9,1.551,0.957,0.43,0.631,0.494,0.178,0.027
149.0,1.554,0.959,0.43,0.631,0.494,0.178,0.027
149.1,1.556,0.961,0.431,0.631,0.494,0.177,0.027
149.20000000000002,1.558,0.962,0.432,0.631,0.494,0.177,0.027
149.3,1.56,0.963,0.432,0.631,0.494,0.177,0.027
149.4,1.561,0.964,0.433,0.631,0.494,0.177,0.027
149.5,1.562,0.965,0.433,0.63,0.494,0.176,0.027
149.6,1.542,0.95,0.427,0.63,0.494,0.176,0.027
149.70000000000002,1.547,0.953,0.428,0.631,0.494,0.176,0.027
149.8,1.551,0.956,0.429,0.63,0.494,0.176,0.027
149.9,1.554,0.959,0.43,0.63,0.494,0.176,0.027
150.0,1.556,0.961,0.431,0.63,0.494,0.176,0.027
150.1,1.568,0.97,0.435,0.63,0.494,0.175,0.027
150.20000000000002,1.578,0.978,0.438,0.63,0.494,0.175,0.027
150.3,1.565,0.968,0.434,0.63,0.494,0.175,0.027
150.4,1.565,0.968,0.434,0.63,0.494,0.175,0.027
150.5,1.575,0.976,0.437,0.63,0.494,0.175,0.027
150.6,1.573,0.975,0.437,0.63,0.494,0.174,0.027
150.70000000000002,1.592,0.99,0.442,0.63,0.494,0.174,0.027
150.8,1.587,0.986,0.441,0.63,0.494,0.174,0.027
150.9,1.593,0.99,0.443,0.63,0.494,0.173,0.027
151.0,1.587,0.986,0.441,0.63,0.494,0.173,0.027
151.1,1.583,0.982,0.44,0.63,0.494,0.173,0.027
151.20000000000002,1.579,0.979,0.438,0.63,0.494,0.173,0.027
151.3,1.577,0.977,0.438,0.63,0.494,0.172,0.027
151.4,1.574,0.975,0.437,0.63,0.494,0.172,0.027
151.5,1.583,0.982,0.439,0.63,0.494,0.172,0.027
151.6,1.6,0.996,0.445,0.63,0.494,0.172,0.027
151.70000000000002,1.603,0.999,0.446,0.63,0.494,0.172,0.027
151.8,1.605,1.001,0.447,0.63,0.494,0.172,0.027
151.9,1.597,0.994,0.444,0.63,0.493,0.171,0.027
152.0,1.591,0.989,0.442,0.63,0.493,0.171,0.027
152.1,1.596,0.993,0.444,0.63,0.494,0.171,0.027
152.20000000000002,1.61,1.005,0.448,0.63,0.493,0.171,0.027
152.3,1.611,1.006,0.449,0.629,0.493,0.171,0.027
152.4,1.612,1.006,0.449,0.629,0.494,0.171,0.027
152.5,1.613,1.007,0.449,0.629,0.494,0.171,0.027
152.6,1.603,0.999,0.446,0.629,0.493,0.171,0.027
152.70000000000002,1.626,1.018,0.453,0.629,0.494,0.17,0.027
152.8,1.614,1.008,0.449,0.629,0.494,0.17,0.027
152.9,1.625,1.017,0.453,0.629,0.493,0.17,0.027
153.0,1.623,1.015,0.452,0.629,0.493,0.169,0.027
153.1,1.632,1.022,0.455,0.629,0.493,0.169,0.027
153.20000000000002,1.629,1.02,0.454,0.63,0.493,0.169,0.027
153.3,1.626,1.018,0.453,0.63,0.493,0.169,0.027
153.4,1.624,1.016,0.453,0.629,0.493,0.169,0.027
153.5,1.622,1.015,0.452,0.63,0.493,0.169,0.027
153.60000000000002,1.621,1.013,0.452,0.63,0.493,0.169,0.027
153.70000000000002,1.62,1.013,0.451,0.63,0.493,0.169,0.027
153.8,1.619,1.012,0.451,0.629,0.493,0.168,0.027
153.9,1.619,1.011,0.451,0.629,0.493,0.168,0.027
154.0,1.618,1.011,0.451,0.629,0.493,0.168,0.027
154.10000000000002,1.618,1.011,0.45,0.629,0.493,0.168,0.027
154.20000000000002,1.617,1.01,0.45,0.629,0.493,0.168,0.027
154.3,1.627,1.018,0.454,0.629,0.494,0.168,0.027
154.4,1.625,1.017,0.453,0.629,0.494,0.168,0.027
154.5,1.623,1.015,0.452,0.628,0.493,0.167,0.027
154.60000000000002,1.622,1.014,0.452,0.628,0.493,0.167,0.027
154.70000000000002,1.621,1.013,0.451,0.628,0.493,0.167,0.027
154.8,1.62,1.012,0.451,0.628,0.493,0.167,0.027
154.9,1.619,1.012,0.451,0.628,0.493,0.167,0.027
155.0,1.618,1.011,0.451,0.628,0.493,0.167,0.027
155.10000000000002,1.618,1.011,0.451,0.628,0.493,0.166,0.027
155.20000000000002,1.628,1.019,0.454,0.628,0.493,0.166,0.027
155.3,1.625,1.017,0.453,0.628,0.493,0.166,0.027
155.4,1.593,0.991,0.443,0.628,0.493,0.166,0.027
155.5,1.608,1.003,0.447,0.628,0.493,0.166,0.027
155.60000000000002,1.62,1.013,0.451,0.628,0.493,0.166,0.027
155.70000000000002,1.64,1.029,0.457,0.629,0.493,0.166,0.028
155.8,1.655,1.042,0.462,0.629,0.493,0.166,0.028
155.9,1.647,1.035,0.46,0.629,0.493,0.165,0.028
156.0,1.641,1.03,0.458,0.629,0.493,0.165,0.028
156.10000000000002,1.657,1.043,0.463,0.629,0.493,0.165,0.028
156.20000000000002,1.648,1.036,0.46,0.629,0.494,0.165,0.028
156.3,1.652,1.039,0.461,0.629,0.494,0.165,0.028
156.4,1.655,1.041,0.462,0.629,0.494,0.165,0.027
156.5,1.668,1.052,0.466,0.63,0.494,0.165,0.027
156.60000000000002,1.678,1.06,0.47,0.63,0.494,0.165,0.027
156.70000000000002,1.676,1.058,0.469,0.629,0.494,0.165,0.027
156.8,1.684,1.065,0.472,0.629,0.494,0.164,0.027
156.9,1.681,1.062,0.47,0.629,0.494,0.164,0.027
157.0,1.709,1.086,0.479,0.629,0.494,0.164,0.028
157.10000000000002,1.69,1.071,0.474,0.629,0.494,0.164,0.028
157.20000000000002,1.685,1.067,0.472,0.629,0.493,0.164,0.028
157.3,1.672,1.055,0.468,0.629,0.493,0.164,0.028
157.4,1.66,1.046,0.464,0.629,0.493,0.164,0.027
157.5,1.662,1.047,0.464,0.629,0.493,0.163,0.027
157.60000000000002,1.673,1.056,0.468,0.629,0.493,0.163,0.027
157.70000000000002,1.672,1.055,0.468,0.629,0.493,0.163,0.028
157.8,1.681,1.063,0.471,0.629,0.493,0.163,0.028
157.9,1.668,1.052,0.466,0.629,0.493,0.163,0.028
158.0,1.678,1.06,0.47,0.63,0.493,0.163,0.028
158.10000000000002,1.666,1.05,0.466,0.63,0.493,0.163,0.028
158.20000000000002,1.656,1.042,0.462,0.63,0.493,0.163,0.028
158.3,1.648,1.035,0.46,0.63,0.493,0.163,0.028
158.4,1.662,1.047,0.464,0.63,0.493,0.163,0.028
158.5,1.663,1.048,0.465,0.63,0.493,0.163,0.028
158.60000000000002,1.653,1.04,0.462,0.631,0.493,0.163,0.028
158.70000000000002,1.646,1.034,0.459,0.631,0.493,0.163,0.028
158.8,1.65,1.037,0.461,0.631,0.493,0.163,0.028
158.9,1.664,1.048,0.465,0.63,0.493,0.163,0.027
159.0,1.664,1.049,0.465,0.63,0.494,0.163,0.027
159.10000000000002,1.655,1.041,0.462,0.63,0.493,0.163,0.028
159.20000000000002,1.657,1.043,0.463,0.63,0.493,0.163,0.028
159.3,1.659,1.045,0.464,0.629,0.493,0.163,0.028
159.4,1.681,1.063,0.471,0.629,0.493,0.162,0.028
159.5,1.678,1.061,0.47,0.629,0.493,0.162,0.028
159.60000000000002,1.676,1.059,0.469,0.629,0.493,0.162,0.028
159.70000000000002,1.684,1.066,0.472,0.628,0.493,0.162,0.028
159.8,1.681,1.063,0.471,0.628,0.493,0.162,0.027
159.9,1.678,1.06,0.47,0.628,0.493,0.162,0.027
160.0,1.696,1.076,0.475,0.628,0.493,0.162,0.028
160.10000000000002,1.69,1.071,0.474,0.628,0.493,0.162,0.028
160.20000000000002,1.686,1.067,0.472,0.628,0.493,0.161,0.028
160.3,1.682,1.063,0.471,0.628,0.493,0.161,0.028
160.4,1.679,1.061,0.47,0.628,0.493,0.161,0.028
160.5,1.676,1.059,0.469,0.628,0.493,0.161,0.028
160.60000000000002,1.674,1.057,0.468,0.628,0.493,0.161,0.028
160.70000000000002,1.683,1.065,0.471,0.628,0.493,0.161,0.028
160.8,1.68,1.062,0.47,0.628,0.493,0.161,0.028
160.9,1.688,1.068,0.473,0.628,0.493,0.161,0.028
161.0,1.673,1.056,0.468,0.628,0.493,0.161,0.028
161.10000000000002,1.672,1.055,0.468,0.628,0.493,0.161,0.028
161.20000000000002,1.671,1.054,0.467,0.628,0.493,0.161,0.028
161.3,1.67,1.054,0.467,0.628,0.493,0.161,0.028
161.4,1.669,1.053,0.467,0.628,0.493,0.16,0.028
161.5,1.669,1.053,0.467,0.628,0.493,0.16,0.028
161.60000000000002,1.668,1.052,0.467,0.628,0.493,0.16,0.027
161.70000000000002,1.678,1.061,0.47,0.628,0.493,0.16,0.027
161.8,2.011,1.269,0.563,0.756,0.594,0.192,0.033
161.9,2.145,1.353,0.6,0.807,0.634,0.205,0.035
162.0,2.198,1.386,0.615,0.827,0.65,0.21,0.036
162.10000000000002,2.219,1.399,0.621,0.836,0.657,0.213,0.036
162.20000000000002,2.269,1.439,0.636,0.839,0.659,0.213,0.037
162.3,2.207,1.387,0.616,0.841,0.66,0.214,0.037
162.4,2.223,1.4,0.621,0.841,0.661,0.213,0.037
162.5,2.188,1.371,0.61,0.842,0.661,0.213,0.037
162.60000000000002,2.215,1.393,0.619,0.843,0.661,0.213,0.037
162.70000000000002,2.185,1.369,0.609,0.844,0.661,0.213,0.037
162.8,2.173,1.359,0.605,0.843,0.661,0.214,0.037
162.9,2.169,1.355,0.604,0.843,0.66,0.213,0.037
163.0,2.207,1.387,0.616,0.844,0.661,0.213,0.036
163.10000000000002,2.223,1.4,0.621,0.845,0.66,0.213,0.037
163.20000000000002,2.188,1.371,0.61,0.844,0.661,0.214,0.037
163.3,2.257,1.428,0.632,0.845,0.661,0.214,0.037
163.4,2.202,1.382,0.614,0.845,0.661,0.214,0.037
163.5,2.221,1.398,0.62,0.845,0.661,0.214,0.037
163.60000000000002,2.228,1.404,0.623,0.846,0.661,0.214,0.037
163.70000000000002,2.231,1.407,0.624,0.846,0.661,0.214,0.037
163.8,2.274,1.442,0.637,0.847,0.662,0.214,0.037
163.9,2.291,1.456,0.643,0.848,0.662,0.215,0.037
164.0,2.256,1.427,0.632,0.848,0.661,0.214,0.037
164.10000000000002,2.771,1.871,0.798,0.856,0.662,0.221,0.037
164.20000000000002,2.448,1.593,0.694,0.861,0.662,0.224,0.037
164.3,2.238,1.416,0.627,0.863,0.662,0.225,0.037
164.4,2.194,1.378,0.612,0.864,0.662,0.226,0.037
164.5,2.096,1.297,0.581,0.863,0.662,0.227,0.037
164.60000000000002,2.057,1.265,0.569,0.862,0.661,0.227,0.037
164.70000000000002,2.041,1.252,0.564,0.863,0.661,0.228,0.037
164.8,2.035,1.247,0.562,0.864,0.661,0.228,0.037
164.9,2.072,1.277,0.574,0.864,0.661,0.228,0.037
165.0,2.047,1.257,0.566,0.863,0.662,0.228,0.038
165.10000000000002,2.118,1.314,0.588,0.863,0.662,0.228,0.037
165.20000000000002,2.066,1.272,0.572,0.863,0.662,0.228,0.037
165.3,2.085,1.287,0.578,0.864,0.662,0.229,0.037
165.4,2.052,1.261,0.567,0.864,0.662,0.229,0.037
165.5,2.039,1.25,0.563,0.864,0.661,0.228,0.037
165.60000000000002,2.034,1.246,0.562,0.864,0.662,0.229,0.037
165.70000000000002,2.032,1.244,0.561,0.864,0.662,0.229,0.037
165.8,2.031,1.244,0.561,0.864,0.662,0.229,0.037
165.9,2.031,1.243,0.561,0.863,0.661,0.23,0.037
166.0,2.031,1.243,0.561,0.864,0.662,0.23,0.037
166.10000000000002,2.071,1.276,0.573,0.864,0.662,0.23,0.037
166.20000000000002,2.047,1.256,0.566,0.864,0.662,0.23,0.037
166.3,2.037,1.248,0.563,0.864,0.662,0.23,0.037
166.4,2.033,1.245,0.561,0.864,0.661,0.231,0.037
166.5,2.031,1.244,0.561,0.864,0.662,0.231,0.037
166.60000000000002,2.031,1.244,0.561,0.865,0.662,0.231,0.037
166.70000000000002,2.071,1.276,0.573,0.863,0.661,0.231,0.037
166.8,2.047,1.256,0.566,0.862,0.662,0.232,0.037
166.9,1.997,1.217,0.55,0.863,0.662,0.232,0.037
167.0,1.977,1.201,0.544,0.864,0.662,0.232,0.037
167.10000000000002,2.009,1.226,0.554,0.864,0.661,0.232,0.037
167.20000000000002,1.982,1.204,0.545,0.864,0.661,0.233,0.037
167.3,2.011,1.228,0.554,0.864,0.661,0.232,0.037
167.4,2.023,1.237,0.558,0.864,0.662,0.233,0.037
167.5,1.987,1.209,0.547,0.864,0.662,0.233,0.037
167.60000000000002,2.013,1.229,0.555,0.864,0.662,0.233,0.037
167.70000000000002,1.983,1.206,0.546,0.864,0.662,0.233,0.037
167.8,1.972,1.196,0.542,0.864,0.662,0.233,0.037
167.9,2.007,1.224,0.553,0.864,0.662,0.233,0.037
168.0,1.981,1.204,0.545,0.864,0.662,0.234,0.037
168.10000000000002,1.971,1.196,0.542,0.864,0.662,0.234,0.037
168.20000000000002,1.966,1.192,0.541,0.865,0.661,0.234,0.037
168.3,1.886,1.129,0.515,0.864,0.662,0.234,0.037
168.4,1.932,1.166,0.53,0.865,0.661,0.234,0.037
168.5,1.991,1.212,0.548,0.865,0.662,0.234,0.037
168.60000000000002,1.975,1.199,0.543,0.864,0.661,0.234,0.037
168.70000000000002,1.968,1.194,0.541,0.864,0.662,0.235,0.037
168.8,1.965,1.191,0.54,0.864,0.661,0.235,0.037
168.9,1.964,1.191,0.54,0.864,0.662,0.235,0.037
169.0,2.004,1.222,0.552,0.864,0.661,0.234,0.037
169.10000000000002,1.98,1.203,0.545,0.864,0.661,0.235,0.037
169.20000000000002,1.93,1.164,0.529,0.864,0.66,0.235,0.037
169.3,1.95,1.18,0.536,0.864,0.661,0.235,0.037
169.4,1.958,1.186,0.538,0.864,0.661,0.236,0.036
169.5,1.962,1.188,0.539,0.864,0.662,0.236,0.037
169.60000000000002,2.003,1.221,0.552,0.864,0.661,0.236,0.037
169.70000000000002,1.979,1.203,0.545,0.864,0.661,0.237,0.036
169.8,2.01,1.227,0.554,0.864,0.66,0.236,0.036
169.9,1.982,1.205,0.545,0.863,0.661,0.236,0.037
170.0,1.971,1.196,0.542,0.864,0.661,0.237,0.037
170.10000000000002,1.967,1.192,0.541,0.864,0.661,0.237,0.037
170.20000000000002,1.965,1.191,0.54,0.864,0.661,0.237,0.037
170.3,2.004,1.222,0.552,0.865,0.661,0.237,0.037
170.4,1.94,1.172,0.532,0.864,0.662,0.238,0.037
170.5,1.954,1.183,0.537,0.865,0.661,0.238,0.037
170.60000000000002,1.96,1.187,0.539,0.865,0.662,0.238,0.037
170.70000000000002,2.002,1.221,0.552,0.864,0.661,0.237,0.037
170.8,1.979,1.202,0.545,0.864,0.661,0.238,0.036
170.9,1.97,1.195,0.542,0.864,0.661,0.238,0.037
171.0,1.966,1.192,0.54,0.865,0.661,0.238,0.037
171.10000000000002,1.925,1.159,0.528,0.864,0.662,0.238,0.037
171.20000000000002,1.948,1.178,0.535,0.865,0.662,0.238,0.037
171.3,1.957,1.185,0.538,0.864,0.662,0.238,0.037
171.4,1.921,1.157,0.527,0.864,0.661,0.239,0.037
171.5,1.947,1.177,0.534,0.865,0.661,0.238,0.036
171.60000000000002,1.917,1.153,0.525,0.864,0.661,0.238,0.037
171.70000000000002,1.985,1.207,0.546,0.864,0.661,0.239,0.037
171.8,1.972,1.197,0.542,0.865,0.662,0.239,0.037
171.9,1.927,1.161,0.528,0.864,0.662,0.24,0.036
172.0,1.989,1.21,0.548,0.865,0.662,0.24,0.037
172.10000000000002,1.934,1.167,0.531,0.865,0.661,0.24,0.037
172.20000000000002,1.912,1.149,0.524,0.864,0.661,0.24,0.037
172.3,1.903,1.142,0.521,0.865,0.662,0.24,0.036
172.4,1.9,1.14,0.52,0.865,0.662,0.241,0.037
172.5,1.898,1.139,0.519,0.865,0.662,0.241,0.037
172.60000000000002,2.018,1.234,0.557,0.865,0.662,0.242,0.037
172.70000000000002,2.025,1.239,0.559,0.866,0.662,0.241,0.037
172.8,1.988,1.21,0.547,0.865,0.661,0.242,0.037
172.9,2.014,1.23,0.555,0.864,0.662,0.241,0.036
173.0,1.944,1.175,0.534,0.865,0.662,0.242,0.037
173.10000000000002,1.916,1.153,0.525,0.865,0.661,0.242,0.036
173.20000000000002,1.945,1.175,0.534,0.864,0.661,0.242,0.037
173.3,1.916,1.153,0.525,0.865,0.662,0.242,0.036
173.4,1.905,1.144,0.521,0.864,0.661,0.242,0.037
173.5,1.94,1.172,0.532,0.864,0.661,0.242,0.037
173.60000000000002,1.915,1.151,0.524,0.865,0.661,0.242,0.037
173.70000000000002,1.904,1.143,0.521,0.864,0.661,0.242,0.037
173.8,1.9,1.14,0.52,0.865,0.661,0.242,0.036
173.9,1.781,1.048,0.483,0.864,0.661,0.243,0.036
174.0,1.851,1.102,0.505,0.864,0.661,0.242,0.037
174.10000000000002,1.879,1.123,0.513,0.865,0.661,0.243,0.037
174.20000000000002,1.89,1.132,0.517,0.865,0.661,0.243,0.037
174.3,1.894,1.135,0.518,0.865,0.661,0.243,0.037
174.4,1.896,1.137,0.519,0.865,0.661,0.243,0.037
174.5,1.897,1.137,0.519,0.864,0.662,0.244,0.037
174.60000000000002,1.897,1.138,0.519,0.865,0.661,0.243,0.036
174.70000000000002,1.897,1.138,0.519,0.864,0.662,0.244,0.036
174.8,1.897,1.138,0.519,0.864,0.662,0.244,0.037
174.9,1.897,1.138,0.519,0.865,0.662,0.244,0.037
175.0,1.897,1.138,0.519,0.865,0.661,0.244,0.036
175.10000000000002,1.897,1.138,0.519,0.865,0.662,0.244,0.037
175.20000000000002,1.897,1.138,0.519,0.865,0.661,0.245,0.036
175.3,1.897,1.138,0.519,0.865,0.662,0.244,0.037
175.4,1.858,1.107,0.507,0.866,0.661,0.244,0.037
175.5,1.921,1.157,0.527,0.865,0.661,0.245,0.036
175.60000000000002,1.907,1.145,0.522,0.865,0.661,0.245,0.037
175.70000000000002,1.901,1.141,0.52,0.865,0.661,0.244,0.037
175.8,1.859,1.108,0.507,0.864,0.661,0.245,0.036
175.9,1.882,1.126,0.514,0.865,0.662,0.245,0.036
176.0,1.891,1.133,0.517,0.864,0.661,0.245,0.036
176.10000000000002,1.895,1.136,0.518,0.865,0.662,0.245,0.036
176.20000000000002,1.857,1.106,0.507,0.864,0.662,0.245,0.037
176.3,1.881,1.125,0.514,0.865,0.661,0.245,0.036
176.4,1.891,1.133,0.517,0.865,0.661,0.245,0.037
176.5,1.895,1.136,0.518,0.864,0.662,0.246,0.036
176.60000000000002,1.857,1.106,0.507,0.865,0.661,0.246,0.036
176.70000000000002,1.881,1.125,0.514,0.865,0.661,0.246,0.036
176.8,1.891,1.133,0.517,0.865,0.661,0.246,0.036
176.9,1.895,1.136,0.518,0.865,0.662,0.246,0.037
177.0,1.857,1.106,0.507,0.865,0.661,0.246,0.037
177.10000000000002,1.842,1.094,0.502,0.865,0.661,0.246,0.037
177.20000000000002,1.836,1.09,0.5,0.866,0.662,0.246,0.036
177.3,1.873,1.119,0.511,0.865,0.661,0.246,0.036
177.4,1.888,1.13,0.516,0.865,0.662,0.246,0.037
177.5,1.893,1.135,0.518,0.866,0.661,0.246,0.037
177.60000000000002,1.896,1.137,0.519,0.865,0.662,0.246,0.036
177.70000000000002,1.897,1.137,0.519,0.865,0.661,0.246,0.036
177.8,1.897,1.138,0.519,0.865,0.661,0.246,0.036
177.9,1.897,1.138,0.519,0.866,0.662,0.246,0.037
178.0,1.858,1.107,0.507,0.866,0.661,0.247,0.037
178.10000000000002,1.882,1.125,0.514,0.866,0.661,0.247,0.037
178.20000000000002,1.852,1.102,0.505,0.865,0.662,0.247,0.036
178.3,1.879,1.123,0.513,0.865,0.661,0.247,0.036
178.4,1.89,1.132,0.517,0.865,0.662,0.247,0.037
178.5,1.934,1.167,0.531,0.866,0.662,0.248,0.037
178.60000000000002,1.912,1.149,0.524,0.866,0.662,0.248,0.036
178.70000000000002,1.864,1.112,0.509,0.865,0.661,0.247,0.036
178.8,1.844,1.097,0.503,0.865,0.662,0.248,0.036
178.9,1.876,1.121,0.513,0.865,0.661,0.248,0.037
179.0,1.849,1.1,0.504,0.865,0.661,0.248,0.036
179.10000000000002,1.839,1.092,0.501,0.865,0.662,0.247,0.037
179.20000000000002,1.834,1.089,0.5,0.865,0.662,0.248,0.036
179.3,1.833,1.087,0.499,0.865,0.661,0.248,0.037
179.4,1.793,1.057,0.487,0.865,0.661,0.248,0.037
179.5,1.816,1.075,0.494,0.865,0.661,0.248,0.037
179.60000000000002,1.905,1.144,0.521,0.865,0.661,0.248,0.036
179.70000000000002,1.861,1.109,0.508,0.866,0.662,0.249,0.037
179.8,1.843,1.096,0.502,0.866,0.661,0.249,0.037
179.9,1.836,1.09,0.5,0.865,0.661,0.249,0.036
180.0,1.794,1.058,0.487,0.865,0.661,0.248,0.037
180.10000000000002,1.817,1.075,0.494,0.866,0.661,0.249,0.036
180.20000000000002,1.826,1.082,0.497,0.865,0.661,0.249,0.036
180.3,1.869,1.115,0.51,0.865,0.661,0.249,0.036
180.4,1.846,1.098,0.503,0.865,0.661,0.249,0.036
180.5,1.838,1.091,0.501,0.865,0.661,0.249,0.036
180.60000000000002,1.873,1.119,0.512,0.865,0.661,0.25,0.036
180.70000000000002,1.848,1.1,0.504,0.865,0.661,0.25,0.036
180.8,1.838,1.092,0.501,0.865,0.661,0.25,0.036
180.9,1.834,1.089,0.5,0.865,0.661,0.249,0.036
181.0,1.833,1.087,0.499,0.866,0.662,0.25,0.037
181.10000000000002,1.832,1.087,0.499,0.866,0.661,0.25,0.037
181.20000000000002,1.871,1.117,0.511,0.866,0.661,0.251,0.036
181.3,1.847,1.099,0.504,0.866,0.662,0.25,0.036
181.4,1.838,1.091,0.501,0.865,0.661,0.251,0.036
181.5,1.874,1.119,0.512,0.866,0.661,0.251,0.037
181.60000000000002,1.848,1.1,0.504,0.865,0.661,0.251,0.037
181.70000000000002,1.838,1.092,0.501,0.865,0.661,0.251,0.036
181.8,1.834,1.089,0.5,0.865,0.662,0.251,0.037
181.9,1.833,1.087,0.499,0.865,0.661,0.252,0.037
182.0,1.832,1.087,0.499,0.865,0.662,0.252,0.036
182.10000000000002,1.832,1.087,0.499,0.865,0.661,0.252,0.036
182.20000000000002,1.832,1.087,0.499,0.866,0.662,0.252,0.036
182.3,1.832,1.086,0.499,0.866,0.661,0.252,0.036
182.4,1.832,1.086,0.499,0.866,0.662,0.252,0.036
182.5,1.832,1.086,0.499,0.866,0.661,0.252,0.037
182.60000000000002,1.792,1.056,0.487,0.865,0.661,0.252,0.036
182.70000000000002,1.816,1.074,0.494,0.865,0.661,0.252,0.037
182.8,1.865,1.112,0.509,0.865,0.661,0.252,0.037
182.9,1.806,1.067,0.491,0.866,0.661,0.252,0.036
183.0,1.821,1.079,0.496,0.865,0.66,0.252,0.037
183.10000000000002,1.827,1.083,0.497,0.864,0.661,0.252,0.037
183.20000000000002,1.791,1.055,0.486,0.865,0.661,0.252,0.036
183.3,1.815,1.074,0.494,0.866,0.661,0.252,0.037
183.4,1.865,1.112,0.509,0.866,0.661,0.253,0.037
183.5,1.884,1.128,0.515,0.866,0.661,0.253,0.036
183.60000000000002,1.853,1.103,0.505,0.866,0.662,0.253,0.036
183.70000000000002,1.88,1.124,0.514,0.865,0.661,0.252,0.036
183.8,1.812,1.071,0.493,0.865,0.661,0.252,0.036
183.9,1.784,1.05,0.484,0.866,0.66,0.253,0.036
184.0,1.892,1.134,0.518,0.865,0.661,0.253,0.036
184.10000000000002,1.856,1.106,0.506,0.865,0.661,0.253,0.037
184.20000000000002,1.841,1.094,0.502,0.865,0.662,0.253,0.036
184.3,1.796,1.059,0.488,0.864,0.661,0.253,0.037
184.4,1.817,1.076,0.494,0.865,0.661,0.253,0.036
184.5,1.865,1.113,0.509,0.865,0.661,0.253,0.036
184.60000000000002,1.806,1.067,0.491,0.866,0.66,0.254,0.036
184.70000000000002,1.821,1.079,0.496,0.865,0.661,0.254,0.036
184.8,1.828,1.083,0.497,0.865,0.661,0.254,0.036
184.9,1.791,1.055,0.486,0.865,0.661,0.253,0.036
185.0,1.776,1.044,0.482,0.865,0.661,0.255,0.036
185.10000000000002,1.77,1.039,0.48,0.865,0.661,0.256,0.036
185.20000000000002,1.768,1.037,0.479,0.865,0.661,0.256,0.036
185.3,1.806,1.067,0.491,0.865,0.661,0.255,0.037
185.4,1.782,1.048,0.484,0.866,0.661,0.255,0.036
185.5,1.812,1.071,0.493,0.866,0.661,0.256,0.036
185.60000000000002,1.785,1.05,0.484,0.866,0.662,0.256,0.036
185.70000000000002,1.774,1.042,0.481,0.865,0.661,0.256,0.036
185.8,1.848,1.099,0.504,0.866,0.661,0.256,0.036
185.9,1.799,1.061,0.489,0.865,0.661,0.256,0.036
186.0,1.779,1.046,0.483,0.865,0.661,0.256,0.036
186.10000000000002,1.772,1.04,0.48,0.864,0.661,0.256,0.036
186.20000000000002,1.768,1.038,0.479,0.865,0.661,0.256,0.036
186.3,1.806,1.067,0.491,0.866,0.661,0.256,0.036
186.4,1.821,1.079,0.496,0.866,0.661,0.256,0.036
186.5,1.828,1.083,0.497,0.865,0.661,0.256,0.037
186.60000000000002,1.83,1.085,0.498,0.866,0.662,0.256,0.037
186.70000000000002,1.831,1.086,0.499,0.866,0.661,0.257,0.037
186.8,1.831,1.086,0.499,0.866,0.661,0.256,0.036
186.9,1.832,1.086,0.499,0.865,0.661,0.256,0.036
187.0,1.715,0.997,0.463,0.865,0.661,0.256,0.036
187.10000000000002,1.785,1.051,0.484,0.865,0.661,0.256,0.036
187.20000000000002,1.813,1.072,0.493,0.865,0.661,0.256,0.037
187.3,1.824,1.081,0.496,0.866,0.661,0.257,0.036
187.4,1.829,1.084,0.498,0.866,0.661,0.256,0.036
187.5,1.83,1.086,0.498,0.865,0.661,0.256,0.036
187.60000000000002,1.831,1.086,0.499,0.866,0.661,0.257,0.036
187.70000000000002,1.831,1.086,0.499,0.866,0.662,0.256,0.036
187.8,1.792,1.056,0.487,0.866,0.661,0.256,0.037
187.9,1.777,1.044,0.482,0.866,0.661,0.256,0.036
188.0,1.81,1.07,0.492,0.866,0.661,0.257,0.037
188.10000000000002,1.784,1.049,0.484,0.867,0.662,0.257,0.037
188.20000000000002,1.773,1.041,0.481,0.868,0.662,0.258,0.037
188.3,1.808,1.068,0.492,0.868,0.662,0.258,0.037
188.4,1.783,1.049,0.484,0.869,0.662,0.258,0.037
188.5,1.812,1.071,0.493,0.868,0.663,0.258,0.037
188.60000000000002,1.785,1.05,0.484,0.869,0.662,0.258,0.037
188.70000000000002,1.774,1.042,0.481,0.868,0.662,0.258,0.036
188.8,1.769,1.038,0.48,0.869,0.661,0.258,0.037
188.9,1.846,1.098,0.503,0.868,0.661,0.258,0.037
189.0,1.837,1.091,0.501,0.868,0.662,0.258,0.037
189.10000000000002,1.795,1.058,0.487,0.868,0.662,0.258,0.037
189.20000000000002,1.817,1.075,0.494,0.868,0.661,0.258,0.037
189.3,1.787,1.052,0.485,0.868,0.661,0.258,0.036
189.4,1.774,1.042,0.481,0.869,0.662,0.258,0.037
189.5,1.77,1.039,0.48,0.869,0.662,0.258,0.037
189.60000000000002,1.807,1.067,0.491,0.868,0.661,0.259,0.036
189.70000000000002,1.822,1.079,0.496,0.869,0.661,0.258,0.036
189.8,1.828,1.083,0.498,0.868,0.661,0.258,0.036
189.9,1.791,1.055,0.486,0.867,0.661,0.258,0.037
190.0,1.815,1.074,0.494,0.868,0.661,0.258,0.037
190.10000000000002,1.786,1.051,0.485,0.867,0.662,0.258,0.036
190.20000000000002,1.813,1.072,0.493,0.868,0.661,0.258,0.037
190.3,1.824,1.081,0.496,0.868,0.661,0.258,0.037
190.4,1.868,1.115,0.51,0.868,0.661,0.259,0.037
190.5,1.846,1.098,0.503,0.867,0.661,0.258,0.036
190.60000000000002,1.798,1.061,0.488,0.867,0.661,0.258,0.037
190.70000000000002,1.779,1.046,0.483,0.868,0.662,0.258,0.036
190.8,1.771,1.04,0.48,0.868,0.661,0.259,0.036
190.9,1.808,1.068,0.491,0.867,0.661,0.258,0.036
191.0,1.783,1.049,0.484,0.868,0.662,0.259,0.036
191.10000000000002,1.773,1.041,0.481,0.867,0.661,0.259,0.036
191.20000000000002,1.808,1.068,0.492,0.867,0.661,0.258,0.037
191.3,1.706,0.99,0.46,0.866,0.661,0.258,0.037
191.4,1.781,1.048,0.483,0.866,0.662,0.258,0.036
191.5,1.772,1.041,0.48,0.867,0.661,0.258,0.037
191.60000000000002,1.808,1.068,0.491,0.866,0.661,0.259,0.036
191.70000000000002,1.783,1.049,0.484,0.867,0.661,0.258,0.036
191.8,1.773,1.041,0.481,0.866,0.661,0.259,0.036
191.9,1.769,1.038,0.479,0.866,0.661,0.258,0.036
192.0,1.807,1.067,0.491,0.866,0.66,0.259,0.036
192.10000000000002,1.822,1.079,0.496,0.866,0.661,0.259,0.036
192.20000000000002,1.828,1.083,0.498,0.866,0.66,0.26,0.036
192.3,1.791,1.055,0.486,0.866,0.66,0.259,0.037
192.4,1.776,1.044,0.482,0.866,0.661,0.259,0.036
192.5,1.77,1.039,0.48,0.865,0.66,0.259,0.036
192.60000000000002,1.847,1.098,0.503,0.865,0.661,0.259,0.036
192.70000000000002,1.721,1.002,0.465,0.866,0.661,0.26,0.036
192.8,1.748,1.023,0.473,0.866,0.661,0.259,0.036
192.9,1.759,1.031,0.476,0.866,0.66,0.26,0.036
193.0,1.803,1.064,0.49,0.865,0.661,0.259,0.036
193.10000000000002,1.859,1.108,0.507,0.866,0.661,0.26,0.036
193.20000000000002,1.804,1.065,0.49,0.865,0.661,0.26,0.036
193.3,1.781,1.048,0.483,0.866,0.661,0.26,0.036
193.4,1.811,1.071,0.493,0.867,0.661,0.26,0.036
193.5,1.784,1.05,0.484,0.866,0.661,0.26,0.036
193.60000000000002,1.774,1.042,0.481,0.867,0.661,0.26,0.036
193.70000000000002,1.769,1.038,0.48,0.867,0.66,0.26,0.037
193.8,1.767,1.037,0.479,0.868,0.661,0.261,0.036
193.9,1.767,1.036,0.479,0.869,0.661,0.261,0.037
194.0,1.766,1.036,0.479,0.869,0.661,0.262,0.037
194.10000000000002,1.806,1.066,0.491,0.869,0.661,0.261,0.037
194.20000000000002,1.821,1.078,0.496,0.868,0.66,0.261,0.037
194.3,1.788,1.053,0.485,0.868,0.661,0.26,0.037
194.4,1.775,1.043,0.481,0.868,0.661,0.261,0.036
194.5,1.77,1.039,0.48,0.869,0.661,0.261,0.036
194.60000000000002,1.768,1.037,0.479,0.868,0.661,0.261,0.037
194.70000000000002,1.767,1.037,0.479,0.868,0.661,0.261,0.037
194.8,1.767,1.036,0.479,0.868,0.661,0.261,0.036
194.9,1.766,1.036,0.479,0.867,0.661,0.261,0.036
195.0,1.766,1.036,0.479,0.867,0.661,0.261,0.037
195.10000000000002,1.766,1.036,0.479,0.866,0.661,0.261,0.036
195.20000000000002,1.845,1.097,0.503,0.867,0.66,0.262,0.037
195.3,1.798,1.06,0.488,0.868,0.661,0.262,0.036
195.4,1.818,1.076,0.495,0.868,0.661,0.262,0.037
195.5,1.787,1.052,0.485,0.869,0.661,0.262,0.037
195.60000000000002,1.775,1.042,0.481,0.869,0.661,0.262,0.036
195.70000000000002,1.848,1.1,0.504,0.869,0.661,0.262,0.037
195.8,1.799,1.062,0.489,0.869,0.662,0.262,0.037
195.9,1.779,1.046,0.483,0.87,0.662,0.262,0.037
196.0,1.772,1.04,0.48,0.869,0.662,0.262,0.037
196.10000000000002,1.73,1.008,0.467,0.869,0.662,0.261,0.037
196.20000000000002,1.752,1.025,0.474,0.87,0.662,0.262,0.037
196.3,1.76,1.032,0.477,0.869,0.661,0.262,0.037
196.4,1.764,1.034,0.478,0.869,0.661,0.262,0.037
196.5,1.765,1.035,0.478,0.868,0.662,0.262,0.036
196.60000000000002,1.766,1.036,0.479,0.868,0.661,0.262,0.037
196.70000000000002,1.766,1.036,0.479,0.869,0.661,0.262,0.036
196.8,1.766,1.036,0.479,0.869,0.661,0.262,0.036
196.9,1.766,1.036,0.479,0.868,0.661,0.262,0.036
197.0,1.766,1.036,0.479,0.868,0.661,0.261,0.036
197.10000000000002,1.805,1.066,0.491,0.868,0.661,0.261,0.036
197.20000000000002,1.782,1.048,0.483,0.867,0.661,0.262,0.037
197.3,1.773,1.041,0.481,0.867,0.661,0.262,0.036
197.4,1.769,1.038,0.479,0.868,0.661,0.262,0.037
197.5,1.767,1.037,0.479,0.867,0.661,0.262,0.037
197.60000000000002,1.767,1.036,0.479,0.868,0.661,0.262,0.036
197.70000000000002,1.766,1.036,0.479,0.867,0.661,0.262,0.036
197.8,1.766,1.036,0.479,0.867,0.662,0.262,0.036
197.9,1.766,1.036,0.479,0.866,0.662,0.262,0.036
198.0,1.766,1.036,0.479,0.867,0.661,0.262,0.036
198.10000000000002,1.766,1.036,0.479,0.867,0.661,0.262,0.036
198.20000000000002,1.766,1.036,0.479,0.867,0.661,0.262,0.036
198.3,1.766,1.036,0.479,0.867,0.661,0.262,0.036
198.4,1.766,1.036,0.479,0.866,0.662,0.262,0.036
198.5,1.766,1.036,0.479,0.867,0.661,0.262,0.036
198.60000000000002,1.766,1.036,0.479,0.867,0.661,0.262,0.037
198.70000000000002,1.766,1.036,0.479,0.867,0.661,0.263,0.036
198.8,1.766,1.036,0.479,0.867,0.662,0.262,0.036
198.9,1.965,1.193,0.54,0.868,0.661,0.263,0.036
199.0,1.846,1.099,0.503,0.867,0.66,0.263,0.036
199.10000000000002,1.798,1.061,0.489,0.867,0.66,0.263,0.036
199.20000000000002,1.74,1.016,0.471,0.867,0.661,0.263,0.036
199.3,1.756,1.028,0.475,0.867,0.661,0.263,0.036
199.4,1.723,1.003,0.465,0.868,0.66,0.263,0.036
199.5,1.749,1.023,0.473,0.867,0.661,0.263,0.036
199.60000000000002,1.759,1.031,0.477,0.867,0.661,0.263,0.037
199.70000000000002,1.725,1.004,0.466,0.868,0.661,0.263,0.036
199.8,1.75,1.023,0.474,0.867,0.661,0.264,0.036
199.9,1.76,1.031,0.477,0.867,0.661,0.263,0.036
200.0,1.764,1.034,0.478,0.867,0.66,0.263,0.037
200.10000000000002,1.765,1.035,0.478,0.866,0.66,0.264,0.036
200.20000000000002,1.766,1.036,0.479,0.867,0.661,0.264,0.036
200.3,1.65,0.949,0.443,0.868,0.661,0.264,0.036
200.4,1.72,1.001,0.465,0.867,0.661,0.264,0.036
200.5,1.748,1.022,0.473,0.867,0.66,0.264,0.037
200.60000000000002,1.798,1.061,0.488,0.868,0.661,0.263,0.036
200.70000000000002,1.702,0.987,0.459,0.867,0.661,0.264,0.036
200.8,1.701,0.987,0.459,0.867,0.661,0.264,0.036
200.9,1.74,1.016,0.471,0.868,0.661,0.264,0.036
201.0,1.64,0.941,0.44,0.867,0.661,0.265,0.036
201.10000000000002,1.677,0.968,0.451,0.867,0.661,0.265,0.036
201.20000000000002,1.731,1.009,0.468,0.868,0.661,0.265,0.037
201.3,1.713,0.996,0.462,0.868,0.662,0.265,0.036
201.4,1.745,1.02,0.472,0.869,0.662,0.265,0.037
201.5,1.758,1.03,0.476,0.868,0.661,0.265,0.036
201.60000000000002,1.763,1.033,0.478,0.869,0.661,0.265,0.036
201.70000000000002,1.765,1.035,0.478,0.869,0.661,0.265,0.037
201.8,1.766,1.036,0.478,0.868,0.661,0.265,0.036
201.9,1.727,1.006,0.467,0.869,0.661,0.265,0.037
202.0,1.712,0.994,0.462,0.868,0.661,0.265,0.037
202.10000000000002,1.706,0.99,0.46,0.869,0.661,0.265,0.037
202.20000000000002,1.703,0.988,0.459,0.869,0.662,0.265,0.037
202.3,1.78,1.047,0.483,0.869,0.662,0.265,0.037
202.4,1.772,1.04,0.48,0.869,0.662,0.265,0.036
202.5,1.73,1.008,0.467,0.869,0.661,0.265,0.037
202.60000000000002,1.752,1.025,0.474,0.869,0.661,0.266,0.036
202.70000000000002,1.76,1.032,0.477,0.869,0.661,0.265,0.037
202.8,1.764,1.034,0.478,0.869,0.662,0.265,0.036
202.9,1.765,1.035,0.478,0.869,0.661,0.265,0.036
203.0,1.727,1.006,0.467,0.868,0.661,0.265,0.036
203.10000000000002,1.751,1.024,0.474,0.869,0.662,0.264,0.037
203.20000000000002,1.76,1.031,0.477,0.869,0.661,0.265,0.036
203.3,1.764,1.034,0.478,0.869,0.661,0.265,0.036
203.4,1.765,1.035,0.478,0.869,0.661,0.265,0.037
203.5,1.766,1.036,0.479,0.868,0.661,0.266,0.037
203.60000000000002,1.766,1.036,0.479,0.869,0.661,0.265,0.037
203.70000000000002,1.727,1.006,0.467,0.869,0.661,0.265,0.037
203.8,1.712,0.995,0.462,0.869,0.661,0.266,0.036
203.9,1.706,0.99,0.46,0.868,0.662,0.266,0.037
204.0,1.742,1.018,0.471,0.869,0.661,0.266,0.036
204.10000000000002,1.757,1.029,0.476,0.869,0.661,0.266,0.037
204.20000000000002,1.724,1.003,0.466,0.869,0.661,0.265,0.037
204.3,1.749,1.023,0.473,0.869,0.661,0.265,0.037
204.4,1.759,1.031,0.477,0.869,0.662,0.266,0.037
204.5,1.764,1.034,0.478,0.87,0.661,0.266,0.036
204.60000000000002,1.765,1.035,0.478,0.87,0.661,0.266,0.037
204.70000000000002,1.727,1.006,0.467,0.869,0.661,0.266,0.037
204.8,1.751,1.024,0.474,0.87,0.662,0.266,0.037
204.9,1.839,1.092,0.501,0.869,0.662,0.266,0.037
205.0,1.795,1.059,0.488,0.869,0.662,0.266,0.036
205.10000000000002,1.739,1.015,0.47,0.87,0.662,0.266,0.037
205.20000000000002,1.755,1.028,0.475,0.87,0.662,0.266,0.037
205.3,1.762,1.033,0.477,0.869,0.661,0.265,0.036
205.4,1.804,1.065,0.49,0.869,0.661,0.266,0.037
205.5,1.82,1.078,0.495,0.87,0.661,0.266,0.037
205.60000000000002,1.749,1.023,0.473,0.869,0.662,0.266,0.036
205.70000000000002,1.759,1.031,0.477,0.869,0.661,0.266,0.037
205.8,1.725,1.004,0.466,0.869,0.661,0.266,0.037
205.9,1.711,0.994,0.462,0.87,0.662,0.266,0.037
206.0,1.744,1.019,0.472,0.869,0.662,0.266,0.037
206.10000000000002,1.719,1,0.464,0.87,0.661,0.266,0.037
206.20000000000002,1.747,1.022,0.473,0.869,0.662,0.266,0.037
206.3,1.72,1.001,0.464,0.87,0.662,0.266,0.036
206.4,1.709,0.992,0.461,0.87,0.662,0.266,0.037
206.5,1.743,1.019,0.472,0.869,0.661,0.266,0.036
206.60000000000002,1.757,1.029,0.476,0.869,0.661,0.266,0.036
206.70000000000002,1.724,1.004,0.466,0.869,0.661,0.266,0.037
206.8,1.71,0.993,0.462,0.869,0.662,0.267,0.037
206.9,1.705,0.989,0.46,0.87,0.662,0.267,0.037
207.0,1.703,0.988,0.459,0.87,0.661,0.267,0.037
207.10000000000002,1.702,0.987,0.459,0.87,0.661,0.266,0.037
207.20000000000002,1.702,0.987,0.459,0.869,0.662,0.267,0.037
207.3,1.702,0.987,0.459,0.869,0.661,0.266,0.037
207.4,1.702,0.987,0.459,0.869,0.661,0.267,0.036
207.5,1.701,0.987,0.459,0.869,0.661,0.266,0.036
207.60000000000002,1.701,0.987,0.459,0.87,0.661,0.266,0.036
207.70000000000002,1.78,1.047,0.483,0.869,0.661,0.267,0.037
207.8,1.733,1.011,0.468,0.869,0.662,0.267,0.037
207.9,1.714,0.996,0.463,0.87,0.661,0.267,0.037
208.0,1.785,1.05,0.484,0.869,0.661,0.267,0.036
208.10000000000002,1.735,1.012,0.469,0.869,0.661,0.267,0.036
208.20000000000002,1.715,0.997,0.463,0.869,0.661,0.267,0.036
208.3,1.707,0.991,0.46,0.869,0.661,0.267,0.037
208.4,1.742,1.018,0.471,0.869,0.661,0.267,0.037
208.5,1.718,0.999,0.464,0.869,0.661,0.267,0.037
208.60000000000002,1.786,1.052,0.485,0.869,0.661,0.268,0.036
208.70000000000002,1.735,1.013,0.469,0.87,0.661,0.268,0.036
208.8,1.715,0.997,0.463,0.869,0.662,0.268,0.037
208.9,1.864,1.113,0.509,0.869,0.661,0.268,0.036
209.0,1.767,1.037,0.479,0.869,0.661,0.268,0.036
209.10000000000002,1.728,1.007,0.467,0.869,0.662,0.268,0.036
209.20000000000002,1.751,1.024,0.474,0.869,0.661,0.268,0.037
209.3,1.799,1.062,0.489,0.869,0.661,0.268,0.036
209.4,1.741,1.017,0.471,0.869,0.661,0.268,0.036
209.5,1.64,0.941,0.44,0.869,0.661,0.268,0.037
209.60000000000002,1.677,0.968,0.451,0.869,0.661,0.268,0.037
209.70000000000002,1.692,0.979,0.456,0.869,0.661,0.267,0.036
209.8,1.698,0.984,0.458,0.868,0.661,0.267,0.036
209.9,1.739,1.015,0.47,0.868,0.661,0.267,0.036
210.0,1.716,0.998,0.463,0.869,0.661,0.267,0.036
210.10000000000002,1.707,0.991,0.461,0.868,0.661,0.267,0.037
210.20000000000002,1.704,0.988,0.46,0.868,0.661,0.268,0.036
210.3,1.702,0.987,0.459,0.868,0.661,0.268,0.036
210.4,1.702,0.987,0.459,0.868,0.661,0.268,0.036
210.5,1.702,0.987,0.459,0.868,0.661,0.268,0.036
210.60000000000002,1.74,1.016,0.471,0.868,0.662,0.267,0.036
210.70000000000002,1.717,0.999,0.464,0.869,0.661,0.268,0.036
210.8,1.747,1.021,0.473,0.869,0.661,0.268,0.036
210.9,1.72,1,0.464,0.868,0.661,0.268,0.036
211.0,1.748,1.022,0.473,0.868,0.661,0.268,0.036
211.10000000000002,1.72,1.001,0.464,0.868,0.661,0.268,0.036
211.20000000000002,1.709,0.992,0.461,0.869,0.662,0.268,0.036
211.3,1.704,0.989,0.46,0.868,0.661,0.268,0.036
211.4,1.703,0.988,0.459,0.868,0.661,0.268,0.036
211.5,1.702,0.987,0.459,0.868,0.661,0.268,0.036
211.60000000000002,1.741,1.016,0.471,0.868,0.661,0.268,0.037
211.70000000000002,1.717,0.999,0.464,0.868,0.661,0.268,0.036
211.8,1.708,0.991,0.461,0.868,0.661,0.268,0.036
211.9,1.743,1.018,0.471,0.868,0.661,0.268,0.037
212.0,1.718,0.999,0.464,0.868,0.661,0.268,0.036
212.10000000000002,1.708,0.992,0.461,0.869,0.662,0.269,0.036
212.20000000000002,1.704,0.989,0.46,0.868,0.661,0.268,0.036
212.3,1.703,0.987,0.459,0.868,0.661,0.268,0.036
212.4,1.702,0.987,0.459,0.868,0.661,0.268,0.037
212.5,1.702,0.987,0.459,0.869,0.662,0.268,0.037
212.60000000000002,1.663,0.958,0.447,0.868,0.661,0.268,0.036
212.70000000000002,1.686,0.975,0.454,0.868,0.661,0.268,0.036
212.8,1.695,0.982,0.457,0.869,0.661,0.268,0.037
212.9,1.699,0.985,0.458,0.869,0.661,0.268,0.036
213.0,1.7,0.986,0.458,0.869,0.661,0.268,0.036
213.10000000000002,1.701,0.986,0.459,0.869,0.661,0.268,0.036
213.20000000000002,1.701,0.987,0.459,0.868,0.661,0.268,0.036
213.3,1.663,0.957,0.447,0.868,0.661,0.268,0.036
213.4,1.686,0.975,0.454,0.868,0.661,0.268,0.036
213.5,1.695,0.982,0.457,0.867,0.661,0.269,0.036
213.60000000000002,1.738,1.014,0.47,0.868,0.661,0.269,0.036
213.70000000000002,1.716,0.998,0.463,0.868,0.661,0.268,0.036
213.8,1.707,0.991,0.461,0.867,0.661,0.269,0.036
213.9,1.704,0.988,0.459,0.868,0.661,0.269,0.036
214.0,1.702,0.987,0.459,0.869,0.662,0.268,0.036
214.10000000000002,1.702,0.987,0.459,0.868,0.661,0.268,0.036
214.20000000000002,1.741,1.016,0.471,0.868,0.661,0.268,0.036
214.3,1.679,0.969,0.452,0.868,0.662,0.268,0.036
214.4,1.692,0.98,0.456,0.868,0.661,0.269,0.036
214.5,1.737,1.014,0.47,0.868,0.661,0.268,0.036
214.60000000000002,1.716,0.997,0.463,0.868,0.661,0.269,0.036
214.70000000000002,1.707,0.991,0.461,0.868,0.661,0.269,0.036
214.8,1.665,0.959,0.448,0.868,0.661,0.268,0.036
214.9,1.648,0.947,0.443,0.869,0.661,0.269,0.037
215.0,1.68,0.971,0.452,0.869,0.662,0.268,0.036
215.10000000000002,1.693,0.98,0.456,0.868,0.662,0.269,0.036
215.20000000000002,1.698,0.984,0.458,0.868,0.662,0.268,0.036
215.3,1.7,0.986,0.458,0.869,0.661,0.268,0.036
215.4,1.701,0.986,0.459,0.869,0.661,0.269,0.036
215.5,1.701,0.986,0.459,0.868,0.662,0.27,0.037
215.60000000000002,1.701,0.987,0.459,0.869,0.662,0.27,0.036
215.70000000000002,1.663,0.958,0.447,0.868,0.662,0.269,0.036
215.8,1.703,1.011,0.464,0.824,0.628,0.256,0.034
215.9,1.626,0.963,0.442,0.789,0.601,0.245,0.033
216.0,1.554,0.918,0.422,0.761,0.58,0.236,0.032
216.10000000000002,1.507,0.889,0.409,0.738,0.562,0.229,0.031
216.20000000000002,1.45,0.851,0.393,0.72,0.549,0.224,0.03
216.3,1.413,0.828,0.383,0.706,0.538,0.219,0.029
216.4,1.385,0.809,0.375,0.694,0.529,0.216,0.029
216.5,1.371,0.802,0.371,0.685,0.522,0.213,0.029
216.60000000000002,1.351,0.789,0.365,0.677,0.516,0.211,0.028
216.70000000000002,1.335,0.778,0.361,0.671,0.512,0.209,0.028
216.8,1.322,0.77,0.357,0.667,0.508,0.207,0.028
216.9,1.311,0.763,0.354,0.663,0.505,0.206,0.028
217.0,1.303,0.758,0.352,0.66,0.503,0.205,0.028
217.10000000000002,1.296,0.753,0.35,0.658,0.501,0.205,0.027
217.20000000000002,1.301,0.757,0.351,0.656,0.5,0.204,0.027
217.3,1.275,0.739,0.344,0.654,0.498,0.203,0.027
217.4,1.274,0.738,0.343,0.653,0.497,0.203,0.027
217.5,1.273,0.738,0.343,0.652,0.497,0.203,0.027
217.60000000000002,1.273,0.738,0.343,0.651,0.496,0.202,0.027
217.70000000000002,1.272,0.737,0.343,0.651,0.496,0.202,0.027
217.8,1.281,0.745,0.346,0.65,0.495,0.202,0.027
217.9,1.279,0.743,0.345,0.65,0.495,0.201,0.027
218.0,1.277,0.742,0.345,0.649,0.495,0.201,0.027
218.10000000000002,1.276,0.74,0.344,0.649,0.495,0.201,0.027
218.20000000000002,1.324,0.778,0.359,0.649,0.494,0.201,0.027
218.3,1.313,0.77,0.356,0.649,0.494,0.201,0.027
218.4,1.304,0.763,0.353,0.648,0.494,0.201,0.027
218.5,1.297,0.758,0.351,0.648,0.494,0.201,0.027
218.60000000000002,1.302,0.761,0.352,0.648,0.494,0.201,0.027
218.70000000000002,1.295,0.756,0.35,0.648,0.494,0.201,0.027
218.8,1.3,0.759,0.352,0.648,0.494,0.201,0.027
218.9,1.294,0.755,0.35,0.648,0.494,0.201,0.027
219.0,1.289,0.751,0.348,0.648,0.494,0.201,0.027
219.10000000000002,1.295,0.755,0.35,0.648,0.494,0.201,0.027
219.20000000000002,1.299,0.759,0.351,0.648,0.494,0.2,0.027
219.3,1.303,0.762,0.353,0.647,0.494,0.2,0.027
219.4,1.306,0.764,0.354,0.647,0.494,0.2,0.027
219.5,1.309,0.766,0.354,0.647,0.494,0.2,0.027
219.60000000000002,1.311,0.767,0.355,0.647,0.494,0.2,0.027
219.70000000000002,1.312,0.769,0.355,0.646,0.494,0.2,0.027
219.8,1.313,0.77,0.356,0.646,0.494,0.2,0.027
219.9,1.314,0.77,0.356,0.646,0.494,0.199,0.027
220.0,1.335,0.786,0.362,0.646,0.494,0.199,0.027
220.10000000000002,1.341,0.791,0.364,0.645,0.494,0.199,0.027
220.20000000000002,1.337,0.787,0.363,0.645,0.494,0.199,0.027
220.3,1.343,0.792,0.365,0.645,0.494,0.198,0.027
220.4,1.348,0.796,0.366,0.645,0.494,0.198,0.027
220.5,1.351,0.799,0.367,0.645,0.494,0.198,0.027
220.60000000000002,1.355,0.801,0.368,0.645,0.494,0.197,0.027
220.70000000000002,1.357,0.803,0.369,0.645,0.494,0.197,0.028
220.8,1.359,0.805,0.37,0.644,0.494,0.197,0.028
220.9,1.361,0.806,0.37,0.644,0.494,0.196,0.028
221.0,1.362,0.807,0.371,0.644,0.494,0.196,0.028
221.10000000000002,1.363,0.808,0.371,0.644,0.494,0.196,0.028
221.20000000000002,1.374,0.816,0.374,0.643,0.494,0.195,0.027
221.3,1.372,0.815,0.374,0.643,0.494,0.195,0.027
221.4,1.381,0.822,0.377,0.642,0.494,0.195,0.027
221.5,1.378,0.82,0.376,0.642,0.494,0.195,0.027
221.60000000000002,1.386,0.826,0.378,0.642,0.494,0.194,0.027
221.70000000000002,1.382,0.823,0.377,0.641,0.494,0.194,0.027
221.8,1.389,0.828,0.379,0.641,0.494,0.194,0.027
221.9,1.394,0.832,0.381,0.641,0.494,0.193,0.027
222.0,1.399,0.836,0.382,0.641,0.494,0.193,0.027
222.10000000000002,1.402,0.838,0.383,0.64,0.494,0.193,0.027
222.20000000000002,1.415,0.848,0.387,0.64,0.494,0.192,0.027
222.3,1.425,0.856,0.39,0.64,0.494,0.192,0.027
222.4,1.413,0.847,0.387,0.64,0.494,0.192,0.027
222.5,1.414,0.848,0.387,0.639,0.494,0.192,0.027
222.60000000000002,1.414,0.848,0.387,0.639,0.494,0.192,0.027
222.70000000000002,1.415,0.848,0.387,0.639,0.494,0.191,0.027
222.8,1.415,0.848,0.387,0.638,0.494,0.191,0.027
222.9,1.415,0.848,0.387,0.638,0.494,0.19,0.027
223.0,1.415,0.849,0.387,0.638,0.494,0.19,0.027
223.10000000000002,1.415,0.849,0.387,0.638,0.494,0.189,0.027
223.20000000000002,1.416,0.849,0.387,0.637,0.494,0.189,0.027
223.3,1.416,0.849,0.387,0.637,0.494,0.189,0.027
223.4,1.396,0.834,0.381,0.637,0.494,0.188,0.028
223.5,1.41,0.845,0.386,0.637,0.493,0.188,0.028
223.60000000000002,1.401,0.838,0.383,0.637,0.493,0.188,0.028
223.70000000000002,1.404,0.84,0.384,0.637,0.494,0.187,0.027
223.8,1.407,0.842,0.385,0.636,0.494,0.187,0.027
223.9,1.409,0.843,0.385,0.636,0.494,0.187,0.027
224.0,1.41,0.844,0.386,0.636,0.494,0.187,0.028
224.10000000000002,1.411,0.845,0.386,0.636,0.494,0.186,0.028
224.20000000000002,1.402,0.838,0.383,0.636,0.494,0.186,0.028
224.3,1.405,0.841,0.384,0.636,0.494,0.186,0.028
224.4,1.407,0.842,0.385,0.636,0.494,0.185,0.028
224.5,1.409,0.844,0.385,0.635,0.494,0.185,0.028
224.60000000000002,1.41,0.845,0.386,0.635,0.494,0.185,0.028
224.70000000000002,1.412,0.846,0.386,0.635,0.493,0.184,0.028
224.8,1.412,0.846,0.386,0.635,0.493,0.184,0.028
224.9,1.413,0.847,0.387,0.635,0.494,0.184,0.028
225.0,1.424,0.855,0.39,0.635,0.494,0.183,0.028
225.10000000000002,1.432,0.862,0.392,0.635,0.494,0.183,0.028
225.20000000000002,1.439,0.867,0.394,0.634,0.494,0.183,0.028
225.3,1.444,0.871,0.396,0.634,0.493,0.183,0.028
225.4,1.448,0.875,0.397,0.634,0.494,0.182,0.028
225.5,1.442,0.87,0.395,0.634,0.494,0.182,0.027
225.60000000000002,1.447,0.873,0.397,0.634,0.494,0.182,0.027
225.70000000000002,1.47,0.892,0.404,0.634,0.494,0.181,0.028
225.8,1.469,0.891,0.404,0.634,0.494,0.181,0.028
225.9,1.469,0.891,0.404,0.634,0.494,0.181,0.028
226.0,1.458,0.882,0.4,0.634,0.494,0.181,0.028
226.10000000000002,1.45,0.876,0.398,0.634,0.494,0.18,0.028
226.20000000000002,1.453,0.878,0.399,0.634,0.494,0.18,0.028
226.3,1.455,0.88,0.4,0.633,0.494,0.18,0.028
226.4,1.467,0.89,0.403,0.633,0.493,0.179,0.028
226.5,1.467,0.889,0.403,0.633,0.493,0.179,0.028
226.60000000000002,1.477,0.897,0.406,0.633,0.493,0.179,0.028
226.70000000000002,1.474,0.895,0.406,0.633,0.493,0.178,0.028
226.8,1.473,0.894,0.405,0.633,0.494,0.178,0.028
226.9,1.481,0.901,0.408,0.633,0.493,0.178,0.027
227.0,1.468,0.89,0.404,0.633,0.493,0.177,0.027
227.10000000000002,1.468,0.89,0.403,0.633,0.493,0.177,0.028
227.20000000000002,1.467,0.889,0.403,0.633,0.493,0.177,0.028
227.3,1.467,0.889,0.403,0.633,0.494,0.177,0.028
227.4,1.457,0.881,0.4,0.633,0.494,0.177,0.028
227.5,1.458,0.883,0.401,0.633,0.494,0.177,0.028
227.60000000000002,1.46,0.884,0.401,0.632,0.493,0.176,0.028
227.70000000000002,1.461,0.885,0.401,0.632,0.493,0.176,0.028
227.8,1.472,0.893,0.405,0.632,0.493,0.176,0.028
227.9,1.481,0.9,0.407,0.633,0.493,0.175,0.028
228.0,1.478,0.898,0.407,0.633,0.494,0.175,0.028
228.10000000000002,1.465,0.888,0.403,0.633,0.494,0.175,0.028
228.20000000000002,1.465,0.888,0.403,0.633,0.494,0.175,0.028
228.3,1.485,0.904,0.409,0.633,0.494,0.175,0.028
228.4,1.491,0.909,0.411,0.632,0.494,0.174,0.028
228.5,1.496,0.913,0.412,0.632,0.494,0.174,0.028
228.60000000000002,1.5,0.916,0.414,0.632,0.494,0.174,0.028
228.70000000000002,1.493,0.91,0.411,0.632,0.494,0.174,0.028
228.8,1.508,0.922,0.416,0.632,0.494,0.174,0.028
228.9,1.499,0.915,0.413,0.632,0.494,0.173,0.028
229.0,1.492,0.91,0.411,0.632,0.494,0.173,0.028
229.10000000000002,1.487,0.905,0.409,0.632,0.494,0.173,0.028
229.20000000000002,1.483,0.902,0.408,0.632,0.494,0.173,0.028
229.3,1.489,0.907,0.41,0.632,0.494,0.172,0.028
229.4,1.494,0.911,0.412,0.632,0.494,0.172,0.028
229.5,1.499,0.915,0.413,0.632,0.494,0.172,0.028
229.60000000000002,1.512,0.925,0.417,0.632,0.494,0.172,0.028
229.70000000000002,1.503,0.918,0.414,0.632,0.494,0.172,0.028
229.8,1.505,0.92,0.415,0.632,0.494,0.172,0.028
229.9,1.497,0.913,0.413,0.632,0.494,0.171,0.028
230.0,1.491,0.908,0.411,0.632,0.494,0.171,0.028
230.10000000000002,1.506,0.92,0.415,0.632,0.494,0.171,0.028
230.20000000000002,1.508,0.922,0.416,0.632,0.494,0.171,0.028
230.3,1.479,0.9,0.407,0.632,0.494,0.171,0.028
230.4,1.487,0.905,0.409,0.632,0.494,0.171,0.028
230.5,1.492,0.91,0.411,0.632,0.494,0.17,0.028
230.60000000000002,1.497,0.913,0.413,0.632,0.494,0.17,0.028
230.70000000000002,1.501,0.916,0.414,0.632,0.494,0.17,0.028
230.8,1.504,0.919,0.415,0.632,0.494,0.17,0.028
230.9,1.506,0.92,0.415,0.632,0.494,0.169,0.028
231.0,1.508,0.922,0.416,0.632,0.494,0.169,0.028
231.10000000000002,1.509,0.923,0.416,0.632,0.494,0.169,0.028
231.20000000000002,1.51,0.924,0.417,0.632,0.494,0.169,0.028
231.3,1.511,0.925,0.417,0.632,0.494,0.169,0.028
231.4,1.502,0.917,0.414,0.632,0.494,0.169,0.028
231.5,1.505,0.919,0.415,0.632,0.494,0.168,0.028
231.60000000000002,1.507,0.921,0.416,0.632,0.494,0.168,0.028
231.70000000000002,1.509,0.922,0.416,0.632,0.494,0.168,0.028
231.8,1.51,0.924,0.417,0.632,0.494,0.168,0.028
231.9,1.511,0.924,0.417,0.632,0.494,0.168,0.028
232.0,1.512,0.925,0.417,0.632,0.494,0.168,0.028
232.10000000000002,1.513,0.926,0.417,0.632,0.494,0.168,0.028
232.20000000000002,1.533,0.942,0.424,0.632,0.494,0.168,0.028
232.3,1.53,0.939,0.423,0.632,0.494,0.168,0.028
232.4,1.527,0.937,0.422,0.633,0.494,0.167,0.028
232.5,1.524,0.935,0.421,0.633,0.494,0.167,0.028
232.60000000000002,1.523,0.934,0.421,0.633,0.494,0.167,0.028
232.70000000000002,1.521,0.933,0.42,0.633,0.494,0.167,0.028
232.8,1.52,0.932,0.42,0.633,0.494,0.167,0.028
232.9,1.519,0.931,0.419,0.633,0.494,0.167,0.028
233.0,1.528,0.938,0.422,0.632,0.494,0.166,0.028
233.10000000000002,1.526,0.936,0.422,0.632,0.494,0.166,0.028
233.20000000000002,1.524,0.934,0.421,0.632,0.494,0.166,0.028
233.3,1.522,0.933,0.42,0.632,0.494,0.166,0.028
233.4,1.521,0.932,0.42,0.632,0.494,0.166,0.028
233.5,1.53,0.939,0.423,0.632,0.494,0.166,0.028
233.60000000000002,1.527,0.937,0.422,0.632,0.494,0.166,0.028
233.70000000000002,1.534,0.943,0.424,0.632,0.494,0.166,0.028
233.8,1.531,0.94,0.423,0.632,0.494,0.166,0.028
233.9,1.528,0.938,0.422,0.632,0.494,0.165,0.028
234.0,1.525,0.936,0.421,0.633,0.494,0.165,0.028
234.10000000000002,1.533,0.942,0.424,0.633,0.494,0.165,0.028
234.20000000000002,1.54,0.947,0.426,0.633,0.494,0.165,0.028
234.3,1.535,0.943,0.424,0.633,0.494,0.165,0.028
234.4,1.531,0.94,0.423,0.633,0.494,0.165,0.028
234.5,1.528,0.938,0.422,0.633,0.494,0.165,0.028
234.60000000000002,1.545,0.952,0.428,0.633,0.494,0.165,0.028
234.70000000000002,1.539,0.947,0.426,0.633,0.494,0.165,0.028
234.8,1.535,0.943,0.424,0.633,0.494,0.165,0.028
234.9,1.551,0.957,0.43,0.633,0.494,0.164,0.028
235.0,1.544,0.951,0.427,0.632,0.494,0.164,0.028
235.10000000000002,1.528,0.938,0.422,0.633,0.494,0.164,0.028
235.20000000000002,1.525,0.936,0.422,0.632,0.494,0.164,0.028
235.3,1.533,0.943,0.424,0.633,0.494,0.164,0.028
235.4,1.53,0.94,0.423,0.633,0.494,0.164,0.028
235.5,1.527,0.937,0.422,0.633,0.494,0.164,0.028
235.60000000000002,1.525,0.935,0.421,0.632,0.494,0.164,0.028
235.70000000000002,1.523,0.934,0.421,0.632,0.494,0.164,0.028
235.8,1.521,0.933,0.42,0.632,0.494,0.164,0.028
235.9,1.53,0.94,0.423,0.632,0.494,0.163,0.028
236.0,1.537,0.945,0.425,0.632,0.493,0.163,0.028
236.10000000000002,1.543,0.95,0.427,0.632,0.494,0.163,0.028
236.20000000000002,1.547,0.954,0.428,0.632,0.494,0.163,0.028
236.3,1.551,0.957,0.43,0.631,0.494,0.163,0.028
236.4,1.544,0.951,0.427,0.631,0.494,0.163,0.028
236.5,1.548,0.954,0.429,0.631,0.494,0.163,0.028
236.60000000000002,1.552,0.957,0.43,0.631,0.494,0.163,0.028
236.70000000000002,1.554,0.959,0.431,0.631,0.494,0.163,0.028
236.8,1.567,0.969,0.434,0.631,0.494,0.162,0.028
236.9,1.546,0.953,0.428,0.631,0.494,0.162,0.028
237.0,1.55,0.956,0.429,0.631,0.494,0.162,0.028
237.10000000000002,1.574,0.975,0.437,0.631,0.494,0.162,0.028
237.20000000000002,1.572,0.974,0.436,0.631,0.494,0.162,0.028
237.3,1.581,0.981,0.439,0.631,0.494,0.162,0.028
237.4,1.578,0.978,0.438,0.631,0.493,0.162,0.028
237.5,1.575,0.976,0.437,0.631,0.493,0.162,0.028
237.60000000000002,1.573,0.975,0.437,0.631,0.493,0.162,0.028
237.70000000000002,1.572,0.973,0.436,0.631,0.493,0.161,0.028
237.8,1.57,0.972,0.436,0.631,0.493,0.161,0.028
237.9,1.569,0.971,0.435,0.631,0.493,0.161,0.028
238.0,1.589,0.987,0.441,0.631,0.493,0.161,0.028
238.10000000000002,1.584,0.984,0.44,0.631,0.493,0.161,0.028
238.20000000000002,1.58,0.98,0.439,0.631,0.493,0.161,0.028
238.3,1.577,0.978,0.438,0.631,0.493,0.161,0.028
238.4,1.575,0.976,0.437,0.631,0.493,0.161,0.028
238.5,1.573,0.974,0.436,0.631,0.493,0.16,0.028
238.60000000000002,1.572,0.973,0.436,0.631,0.493,0.16,0.028
238.70000000000002,1.57,0.972,0.436,0.631,0.493,0.16,0.028
238.8,1.559,0.963,0.432,0.631,0.493,0.16,0.028
238.9,1.56,0.964,0.432,0.631,0.493,0.16,0.028
239.0,1.572,0.973,0.436,0.631,0.493,0.16,0.028
239.10000000000002,1.591,0.989,0.442,0.631,0.493,0.16,0.028
239.20000000000002,1.596,0.993,0.444,0.631,0.493,0.16,0.028
239.3,1.59,0.988,0.442,0.631,0.493,0.16,0.028
239.4,1.575,0.976,0.437,0.631,0.493,0.16,0.028
239.5,1.573,0.974,0.436,0.631,0.493,0.16,0.028
239.60000000000002,1.582,0.981,0.439,0.631,0.493,0.16,0.028
239.70000000000002,1.578,0.979,0.438,0.631,0.493,0.16,0.028
239.8,1.576,0.977,0.437,0.631,0.493,0.16,0.028
239.9,1.574,0.975,0.437,0.631,0.493,0.159,0.028
240.0,1.572,0.973,0.436,0.631,0.493,0.159,0.028
240.10000000000002,1.581,0.981,0.439,0.631,0.493,0.159,0.028
240.20000000000002,1.578,0.978,0.438,0.631,0.493,0.159,0.028
240.3,1.596,0.993,0.444,0.631,0.493,0.159,0.028
240.4,1.59,0.988,0.442,0.631,0.493,0.159,0.028
240.5,1.595,0.992,0.443,0.631,0.493,0.159,0.028
240.60000000000002,1.609,1.004,0.448,0.631,0.493,0.159,0.028
240.70000000000002,1.611,1.005,0.448,0.631,0.493,0.159,0.028
240.8,1.612,1.006,0.449,0.631,0.493,0.159,0.028
240.9,1.613,1.006,0.449,0.631,0.493,0.159,0.028
241.0,1.603,0.999,0.446,0.631,0.493,0.159,0.028
241.10000000000002,1.616,1.009,0.45,0.63,0.493,0.159,0.028
241.20000000000002,1.616,1.009,0.45,0.63,0.493,0.159,0.028
241.3,1.616,1.009,0.45,0.63,0.493,0.159,0.028
241.4,1.616,1.009,0.45,0.63,0.493,0.159,0.028
241.5,1.606,1.001,0.447,0.63,0.493,0.159,0.028
241.60000000000002,1.598,0.994,0.444,0.63,0.493,0.158,0.028
241.70000000000002,1.591,0.989,0.442,0.63,0.493,0.158,0.028
241.8,1.586,0.985,0.441,0.63,0.493,0.158,0.029
241.9,1.582,0.982,0.439,0.63,0.493,0.158,0.028
242.0,1.579,0.979,0.438,0.63,0.493,0.158,0.028
242.10000000000002,1.576,0.977,0.437,0.63,0.493,0.158,0.028
242.20000000000002,1.574,0.975,0.437,0.63,0.493,0.158,0.028
242.3,1.572,0.974,0.436,0.63,0.493,0.158,0.028
242.4,1.571,0.972,0.436,0.63,0.493,0.158,0.028
242.5,1.57,0.972,0.435,0.63,0.493,0.158,0.028
242.60000000000002,1.569,0.971,0.435,0.63,0.493,0.158,0.028
242.70000000000002,1.568,0.97,0.435,0.63,0.493,0.158,0.028
242.8,1.926,1.2,0.536,0.758,0.594,0.19,0.034
242.9,2.07,1.291,0.576,0.81,0.634,0.203,0.036
243.0,2.127,1.328,0.592,0.831,0.65,0.209,0.037
243.10000000000002,2.15,1.343,0.599,0.839,0.657,0.21,0.038
243.20000000000002,2.159,1.348,0.601,0.842,0.66,0.211,0.039
243.3,2.122,1.318,0.589,0.844,0.66,0.211,0.038
243.4,2.148,1.338,0.598,0.845,0.661,0.211,0.038
243.5,2.158,1.347,0.601,0.845,0.661,0.211,0.038
243.60000000000002,2.163,1.35,0.602,0.846,0.66,0.212,0.038
243.70000000000002,2.164,1.351,0.603,0.847,0.661,0.212,0.038
243.8,2.165,1.352,0.603,0.847,0.661,0.212,0.038
243.9,2.206,1.386,0.616,0.848,0.661,0.212,0.039
244.0,2.222,1.399,0.621,0.849,0.661,0.212,0.039
244.10000000000002,2.188,1.371,0.61,0.849,0.662,0.212,0.038
244.20000000000002,2.215,1.393,0.619,0.85,0.662,0.212,0.039
244.3,2.185,1.369,0.609,0.85,0.662,0.212,0.039
244.4,2.173,1.359,0.605,0.85,0.662,0.212,0.039
244.5,2.169,1.355,0.604,0.85,0.661,0.212,0.038
244.60000000000002,2.167,1.353,0.603,0.851,0.661,0.212,0.039
244.70000000000002,2.166,1.353,0.603,0.851,0.661,0.212,0.039
244.8,2.166,1.352,0.603,0.851,0.662,0.212,0.039
244.9,2.165,1.352,0.603,0.852,0.661,0.212,0.039
245.0,2.247,1.42,0.629,0.851,0.661,0.212,0.039
245.10000000000002,2.198,1.379,0.613,0.852,0.661,0.212,0.039
245.20000000000002,2.178,1.363,0.607,0.853,0.661,0.213,0.039
245.3,2.171,1.357,0.605,0.852,0.661,0.212,0.039
245.4,2.208,1.388,0.617,0.852,0.661,0.212,0.039
245.5,2.142,1.333,0.596,0.852,0.661,0.212,0.038
245.60000000000002,2.156,1.345,0.6,0.853,0.661,0.212,0.039
245.70000000000002,2.162,1.349,0.602,0.853,0.662,0.213,0.039
245.8,2.164,1.351,0.602,0.854,0.662,0.213,0.039
245.9,2.124,1.319,0.59,0.854,0.661,0.213,0.038
246.0,2.108,1.306,0.585,0.855,0.661,0.213,0.039
246.10000000000002,2.062,1.268,0.57,0.856,0.662,0.214,0.038
246.20000000000002,2.083,1.286,0.577,0.857,0.661,0.214,0.039
246.3,2.092,1.293,0.58,0.857,0.662,0.214,0.038
246.4,2.136,1.328,0.594,0.858,0.662,0.214,0.038
246.5,2.154,1.343,0.599,0.859,0.662,0.215,0.039
246.60000000000002,2.08,1.283,0.576,0.859,0.662,0.214,0.039
246.70000000000002,2.09,1.292,0.579,0.859,0.662,0.215,0.038
246.8,2.095,1.295,0.581,0.86,0.662,0.215,0.038
246.9,2.097,1.296,0.581,0.861,0.662,0.216,0.038
247.0,2.097,1.297,0.581,0.861,0.662,0.216,0.038
247.10000000000002,2.097,1.297,0.582,0.861,0.662,0.216,0.038
247.20000000000002,2.098,1.297,0.582,0.863,0.662,0.217,0.038
247.3,2.138,1.33,0.594,0.862,0.662,0.217,0.038
247.4,2.114,1.31,0.587,0.863,0.662,0.217,0.038
247.5,2.104,1.303,0.584,0.863,0.661,0.218,0.038
247.60000000000002,2.182,1.366,0.608,0.863,0.662,0.218,0.038
247.70000000000002,2.172,1.358,0.605,0.864,0.662,0.219,0.038
247.8,2.127,1.321,0.591,0.864,0.662,0.219,0.038
247.9,2.11,1.307,0.585,0.864,0.663,0.219,0.039
248.0,2.062,1.269,0.57,0.864,0.662,0.218,0.039
248.10000000000002,2.043,1.253,0.565,0.865,0.662,0.219,0.038
248.20000000000002,2.116,1.313,0.588,0.864,0.662,0.219,0.038
248.3,2.105,1.303,0.584,0.865,0.662,0.22,0.039
248.4,2.101,1.3,0.583,0.864,0.661,0.22,0.039
248.5,2.059,1.266,0.569,0.864,0.661,0.22,0.039
248.60000000000002,2.042,1.252,0.564,0.864,0.662,0.221,0.039
248.70000000000002,2.035,1.247,0.562,0.865,0.661,0.221,0.039
248.8,2.032,1.245,0.561,0.865,0.662,0.221,0.039
248.9,2.071,1.276,0.573,0.864,0.662,0.221,0.039
249.0,2.047,1.256,0.566,0.865,0.662,0.221,0.038
249.10000000000002,2.077,1.281,0.575,0.866,0.662,0.221,0.039
249.20000000000002,2.049,1.258,0.566,0.865,0.662,0.221,0.039
249.3,2.078,1.282,0.576,0.865,0.663,0.222,0.038
249.4,2.05,1.259,0.567,0.865,0.662,0.222,0.038
249.5,2.078,1.282,0.576,0.865,0.662,0.222,0.038
249.60000000000002,2.09,1.291,0.579,0.866,0.662,0.223,0.038
249.70000000000002,2.054,1.262,0.568,0.866,0.661,0.223,0.038
249.8,2.04,1.251,0.564,0.865,0.662,0.223,0.038
249.9,2.034,1.246,0.562,0.866,0.662,0.223,0.038
250.0,2.072,1.277,0.574,0.865,0.662,0.224,0.038
250.10000000000002,2.047,1.257,0.566,0.865,0.662,0.224,0.038
250.20000000000002,1.997,1.217,0.55,0.865,0.662,0.224,0.039
250.3,2.017,1.233,0.556,0.865,0.661,0.224,0.039
250.4,1.985,1.207,0.546,0.866,0.662,0.225,0.038
250.5,2.012,1.229,0.555,0.865,0.662,0.225,0.038
250.60000000000002,1.983,1.206,0.546,0.865,0.661,0.225,0.039
250.70000000000002,1.971,1.196,0.542,0.866,0.661,0.225,0.038
250.8,1.967,1.193,0.541,0.865,0.662,0.226,0.038
250.9,2.005,1.223,0.553,0.865,0.661,0.225,0.038
251.0,1.98,1.203,0.545,0.865,0.661,0.226,0.038
251.10000000000002,1.97,1.195,0.542,0.865,0.661,0.226,0.038
251.20000000000002,2.006,1.224,0.553,0.865,0.661,0.225,0.038
251.3,1.981,1.204,0.545,0.865,0.662,0.226,0.038
251.4,1.971,1.195,0.542,0.866,0.661,0.226,0.038
251.5,2.006,1.224,0.553,0.865,0.662,0.226,0.038
251.60000000000002,2.021,1.236,0.558,0.866,0.661,0.227,0.038
251.70000000000002,1.987,1.208,0.547,0.866,0.661,0.227,0.038
251.8,2.053,1.262,0.568,0.866,0.661,0.227,0.038
251.9,2.04,1.251,0.563,0.866,0.662,0.228,0.038
252.0,2.115,1.312,0.587,0.866,0.662,0.228,0.038
252.10000000000002,2.024,1.239,0.559,0.867,0.662,0.228,0.038
252.20000000000002,2.028,1.241,0.56,0.866,0.662,0.227,0.039
252.3,1.989,1.211,0.548,0.866,0.662,0.228,0.038
252.4,1.974,1.198,0.543,0.866,0.662,0.228,0.039
252.5,1.968,1.193,0.541,0.867,0.661,0.228,0.038
252.60000000000002,1.965,1.191,0.54,0.866,0.662,0.228,0.038
252.70000000000002,1.964,1.191,0.54,0.866,0.662,0.229,0.039
252.8,1.964,1.19,0.54,0.866,0.662,0.229,0.038
252.9,1.964,1.19,0.54,0.867,0.662,0.229,0.038
253.0,1.964,1.19,0.54,0.866,0.662,0.229,0.038
253.10000000000002,1.964,1.19,0.54,0.866,0.662,0.229,0.038
253.20000000000002,1.924,1.159,0.527,0.866,0.662,0.229,0.038
253.3,1.948,1.177,0.535,0.866,0.662,0.23,0.038
253.4,1.957,1.185,0.538,0.866,0.662,0.229,0.038
253.5,1.961,1.188,0.539,0.867,0.661,0.229,0.038
253.60000000000002,1.963,1.189,0.539,0.866,0.662,0.229,0.038
253.70000000000002,1.963,1.19,0.54,0.866,0.661,0.23,0.037
253.8,1.964,1.19,0.54,0.866,0.661,0.23,0.038
253.9,1.964,1.19,0.54,0.866,0.661,0.23,0.039
254.0,1.964,1.19,0.54,0.866,0.661,0.23,0.038
254.10000000000002,1.964,1.19,0.54,0.867,0.661,0.231,0.038
254.20000000000002,1.964,1.19,0.54,0.866,0.661,0.231,0.038
254.3,1.964,1.19,0.54,0.866,0.662,0.23,0.038
254.4,1.964,1.19,0.54,0.867,0.661,0.231,0.038
254.5,1.964,1.19,0.54,0.866,0.662,0.23,0.038
254.60000000000002,1.964,1.19,0.54,0.867,0.661,0.231,0.038
254.70000000000002,2.004,1.222,0.552,0.868,0.662,0.231,0.038
254.8,1.98,1.203,0.545,0.868,0.661,0.231,0.038
254.9,1.97,1.195,0.542,0.867,0.662,0.231,0.038
255.0,1.966,1.192,0.54,0.867,0.661,0.232,0.038
255.10000000000002,1.965,1.191,0.54,0.866,0.662,0.232,0.038
255.20000000000002,1.964,1.19,0.54,0.867,0.662,0.232,0.038
255.3,1.964,1.19,0.54,0.868,0.661,0.232,0.038
255.4,1.964,1.19,0.54,0.867,0.662,0.231,0.038
255.5,1.964,1.19,0.54,0.866,0.661,0.232,0.038
255.60000000000002,1.924,1.159,0.527,0.867,0.662,0.232,0.038
255.70000000000002,1.908,1.146,0.522,0.867,0.662,0.233,0.038
255.8,1.902,1.141,0.52,0.867,0.662,0.233,0.037
255.9,1.939,1.17,0.532,0.866,0.662,0.233,0.038
256.0,1.954,1.182,0.537,0.867,0.661,0.233,0.038
256.1,1.96,1.187,0.538,0.866,0.661,0.233,0.038
256.2,1.962,1.189,0.539,0.866,0.662,0.233,0.038
256.3,1.963,1.19,0.539,0.867,0.661,0.233,0.038
256.40000000000003,1.963,1.19,0.54,0.866,0.661,0.233,0.038
256.5,1.964,1.19,0.54,0.866,0.662,0.233,0.037
256.6,1.964,1.19,0.54,0.867,0.661,0.234,0.038
256.7,2.044,1.254,0.565,0.866,0.661,0.234,0.038
256.8,1.956,1.184,0.537,0.867,0.662,0.234,0.038
256.90000000000003,2.001,1.22,0.551,0.867,0.661,0.234,0.038
257.0,1.978,1.202,0.544,0.867,0.661,0.234,0.038
257.1,2.01,1.227,0.554,0.866,0.662,0.234,0.038
257.2,1.982,1.205,0.545,0.866,0.661,0.235,0.038
257.3,1.971,1.196,0.542,0.866,0.661,0.234,0.038
257.40000000000003,1.927,1.161,0.528,0.866,0.661,0.235,0.038
257.5,1.949,1.178,0.535,0.867,0.661,0.234,0.038
257.6,1.918,1.154,0.526,0.866,0.661,0.235,0.037
257.7,1.906,1.144,0.522,0.866,0.661,0.235,0.038
257.8,1.901,1.14,0.52,0.866,0.661,0.235,0.038
257.90000000000003,1.899,1.139,0.52,0.866,0.661,0.235,0.038
258.0,2.018,1.234,0.557,0.867,0.661,0.236,0.038
258.1,2.025,1.239,0.559,0.866,0.661,0.236,0.037
258.2,1.949,1.178,0.535,0.866,0.661,0.236,0.038
258.3,1.958,1.185,0.538,0.866,0.661,0.236,0.038
258.40000000000003,2.042,1.253,0.564,0.867,0.661,0.236,0.037
258.5,1.955,1.184,0.537,0.866,0.661,0.236,0.038
258.6,1.92,1.156,0.526,0.867,0.661,0.237,0.038
258.7,1.907,1.145,0.522,0.866,0.662,0.236,0.038
258.8,1.941,1.172,0.533,0.866,0.661,0.236,0.037
258.90000000000003,1.915,1.151,0.525,0.866,0.661,0.237,0.038
259.0,1.944,1.175,0.534,0.867,0.661,0.237,0.037
259.1,1.916,1.153,0.525,0.866,0.66,0.236,0.038
259.2,1.905,1.144,0.521,0.866,0.661,0.236,0.038
259.3,1.98,1.203,0.545,0.866,0.661,0.237,0.038
259.40000000000003,1.931,1.164,0.529,0.866,0.66,0.237,0.038
259.5,1.95,1.18,0.536,0.866,0.661,0.237,0.038
259.6,1.919,1.155,0.526,0.866,0.661,0.237,0.038
259.7,1.906,1.144,0.522,0.867,0.661,0.238,0.038
259.8,1.901,1.14,0.52,0.866,0.66,0.237,0.038
259.90000000000003,1.899,1.139,0.52,0.866,0.661,0.237,0.037
260.0,1.898,1.138,0.519,0.866,0.661,0.238,0.038
260.1,1.858,1.107,0.507,0.865,0.661,0.238,0.037
260.2,1.842,1.095,0.502,0.866,0.661,0.237,0.038
260.3,1.875,1.121,0.512,0.867,0.661,0.238,0.038
260.40000000000003,1.889,1.131,0.516,0.868,0.661,0.238,0.037
260.5,1.894,1.135,0.518,0.867,0.661,0.238,0.038
260.6,1.896,1.137,0.519,0.867,0.661,0.238,0.037
260.7,1.937,1.169,0.531,0.868,0.661,0.238,0.037
260.8,1.913,1.15,0.524,0.867,0.661,0.238,0.038
260.90000000000003,1.864,1.112,0.509,0.866,0.661,0.238,0.038
261.0,1.924,1.159,0.527,0.867,0.662,0.238,0.038
261.1,1.869,1.115,0.51,0.867,0.661,0.238,0.037
261.2,1.966,1.192,0.54,0.867,0.662,0.239,0.038
261.3,1.925,1.159,0.528,0.867,0.662,0.239,0.037
261.40000000000003,1.869,1.116,0.51,0.866,0.662,0.239,0.037
261.5,1.847,1.098,0.503,0.867,0.662,0.24,0.037
261.6,1.838,1.091,0.501,0.866,0.661,0.239,0.038
261.7,1.834,1.088,0.499,0.866,0.661,0.239,0.037
261.8,1.833,1.087,0.499,0.867,0.662,0.239,0.038
261.90000000000003,1.871,1.118,0.511,0.868,0.661,0.239,0.038
262.0,1.848,1.099,0.504,0.868,0.662,0.24,0.037
262.1,1.877,1.122,0.513,0.867,0.661,0.24,0.038
262.2,1.889,1.132,0.517,0.867,0.661,0.24,0.037
262.3,1.855,1.104,0.506,0.868,0.661,0.24,0.038
262.40000000000003,1.88,1.124,0.514,0.868,0.661,0.24,0.037
262.5,1.851,1.102,0.505,0.867,0.661,0.241,0.037
262.6,1.839,1.093,0.501,0.867,0.662,0.241,0.037
262.7,1.835,1.089,0.5,0.868,0.661,0.24,0.037
262.8,1.833,1.087,0.499,0.867,0.661,0.24,0.037
262.90000000000003,1.911,1.149,0.523,0.868,0.661,0.241,0.038
263.0,1.903,1.142,0.521,0.867,0.661,0.24,0.037
263.1,1.86,1.109,0.508,0.868,0.661,0.241,0.038
263.2,1.843,1.095,0.502,0.868,0.661,0.241,0.038
263.3,1.876,1.121,0.512,0.868,0.661,0.241,0.037
263.40000000000003,1.889,1.131,0.516,0.868,0.661,0.242,0.037
263.5,1.854,1.104,0.506,0.867,0.661,0.241,0.038
263.6,1.841,1.094,0.502,0.867,0.661,0.242,0.037
263.7,1.875,1.12,0.512,0.867,0.661,0.241,0.038
263.8,1.849,1.1,0.504,0.868,0.661,0.241,0.038
263.90000000000003,1.878,1.123,0.513,0.867,0.661,0.242,0.037
264.0,1.89,1.132,0.517,0.867,0.661,0.242,0.038
264.1,1.894,1.135,0.518,0.867,0.661,0.241,0.038
264.2,1.936,1.168,0.531,0.868,0.661,0.241,0.038
264.3,1.913,1.15,0.524,0.867,0.661,0.241,0.038
264.40000000000003,1.864,1.112,0.509,0.867,0.661,0.242,0.037
264.5,1.924,1.159,0.527,0.868,0.661,0.242,0.037
264.6,1.908,1.146,0.522,0.867,0.661,0.242,0.038
264.7,1.902,1.141,0.52,0.868,0.661,0.242,0.037
264.8,1.86,1.108,0.507,0.868,0.661,0.241,0.038
264.90000000000003,1.882,1.126,0.514,0.868,0.661,0.242,0.038
265.0,1.852,1.102,0.505,0.868,0.661,0.242,0.037
265.1,1.84,1.093,0.501,0.868,0.661,0.242,0.038
265.2,1.835,1.089,0.5,0.868,0.661,0.242,0.038
265.3,1.872,1.118,0.511,0.868,0.661,0.243,0.038
265.40000000000003,1.848,1.099,0.504,0.867,0.661,0.242,0.037
265.5,1.838,1.092,0.501,0.868,0.661,0.243,0.037
265.6,1.874,1.119,0.512,0.868,0.661,0.242,0.038
265.7,1.888,1.13,0.516,0.868,0.661,0.243,0.038
265.8,1.854,1.104,0.506,0.867,0.661,0.243,0.038
265.90000000000003,1.841,1.093,0.502,0.867,0.66,0.244,0.037
266.0,1.835,1.089,0.5,0.868,0.661,0.243,0.037
266.1,1.873,1.118,0.511,0.867,0.661,0.242,0.038
266.2,1.848,1.099,0.504,0.867,0.661,0.243,0.037
266.3,1.878,1.122,0.513,0.867,0.661,0.243,0.037
266.40000000000003,1.89,1.132,0.517,0.867,0.661,0.244,0.037
266.5,1.894,1.135,0.518,0.867,0.661,0.243,0.038
266.6,1.896,1.137,0.519,0.868,0.661,0.243,0.037
266.7,1.857,1.107,0.507,0.868,0.662,0.244,0.038
266.8,1.842,1.095,0.502,0.867,0.661,0.244,0.037
266.90000000000003,1.836,1.09,0.5,0.868,0.661,0.244,0.038
267.0,1.833,1.088,0.499,0.868,0.661,0.244,0.038
267.1,1.832,1.087,0.499,0.868,0.661,0.244,0.038
267.2,1.832,1.087,0.499,0.868,0.661,0.244,0.038
267.3,1.832,1.087,0.499,0.868,0.661,0.244,0.037
267.40000000000003,1.951,1.181,0.536,0.868,0.661,0.244,0.038
267.5,1.879,1.124,0.514,0.868,0.661,0.244,0.038
267.6,1.851,1.102,0.505,0.867,0.661,0.244,0.037
267.7,1.839,1.092,0.501,0.868,0.66,0.244,0.037
267.8,1.835,1.089,0.5,0.867,0.661,0.244,0.037
267.90000000000003,1.833,1.087,0.499,0.867,0.661,0.244,0.037
268.0,1.911,1.149,0.523,0.868,0.662,0.244,0.037
268.1,1.864,1.111,0.509,0.868,0.661,0.245,0.037
268.2,1.844,1.096,0.503,0.867,0.66,0.244,0.037
268.3,1.876,1.121,0.513,0.868,0.661,0.244,0.038
268.40000000000003,1.849,1.1,0.504,0.867,0.661,0.244,0.037
268.5,1.839,1.092,0.501,0.867,0.661,0.245,0.037
268.6,1.834,1.089,0.5,0.868,0.661,0.245,0.038
268.7,1.833,1.087,0.499,0.868,0.661,0.244,0.037
268.8,1.832,1.087,0.499,0.868,0.661,0.244,0.038
268.90000000000003,1.911,1.149,0.523,0.867,0.661,0.244,0.037
269.0,1.863,1.111,0.509,0.868,0.661,0.245,0.037
269.1,1.844,1.096,0.503,0.867,0.661,0.245,0.038
269.2,1.876,1.121,0.513,0.868,0.661,0.245,0.037
269.3,1.969,1.194,0.541,0.868,0.661,0.245,0.038
269.40000000000003,1.886,1.13,0.516,0.867,0.661,0.245,0.037
269.5,1.854,1.104,0.506,0.868,0.66,0.245,0.037
269.6,1.84,1.093,0.501,0.868,0.661,0.245,0.037
269.7,1.835,1.089,0.5,0.868,0.661,0.245,0.038
269.8,1.833,1.088,0.499,0.868,0.66,0.245,0.037
269.90000000000003,1.832,1.087,0.499,0.867,0.661,0.245,0.037
270.0,1.832,1.087,0.499,0.868,0.661,0.245,0.038
270.1,1.871,1.117,0.511,0.868,0.66,0.246,0.037
270.2,1.847,1.099,0.504,0.868,0.661,0.246,0.037
270.3,1.838,1.091,0.501,0.868,0.66,0.245,0.038
270.40000000000003,1.874,1.119,0.512,0.868,0.661,0.245,0.037
270.5,1.888,1.13,0.516,0.868,0.661,0.245,0.037
270.6,1.854,1.104,0.506,0.868,0.661,0.245,0.038
270.7,1.88,1.124,0.514,0.868,0.661,0.246,0.038
270.8,1.851,1.102,0.505,0.868,0.66,0.246,0.037
270.90000000000003,1.879,1.123,0.513,0.868,0.661,0.246,0.037
271.0,1.851,1.101,0.505,0.867,0.66,0.246,0.037
271.1,1.839,1.092,0.501,0.868,0.66,0.246,0.037
271.2,1.835,1.089,0.5,0.867,0.66,0.246,0.038
271.3,1.833,1.087,0.499,0.867,0.661,0.246,0.038
271.40000000000003,1.872,1.118,0.511,0.867,0.661,0.245,0.037
271.5,1.848,1.099,0.504,0.867,0.66,0.246,0.037
271.6,1.838,1.091,0.501,0.867,0.661,0.246,0.037
271.7,1.834,1.088,0.5,0.868,0.661,0.246,0.037
271.8,1.833,1.087,0.499,0.868,0.66,0.246,0.037
271.90000000000003,1.872,1.118,0.511,0.868,0.661,0.246,0.037
272.0,1.848,1.099,0.504,0.868,0.66,0.246,0.038
272.1,1.799,1.061,0.489,0.868,0.661,0.246,0.037
272.2,1.818,1.076,0.495,0.867,0.66,0.247,0.037
272.3,1.787,1.052,0.485,0.868,0.66,0.246,0.037
272.40000000000003,1.814,1.073,0.493,0.867,0.661,0.246,0.037
272.5,1.825,1.081,0.497,0.867,0.66,0.246,0.037
272.6,1.829,1.084,0.498,0.868,0.66,0.247,0.037
272.7,1.791,1.055,0.486,0.868,0.661,0.247,0.038
272.8,1.815,1.074,0.494,0.867,0.66,0.247,0.037
272.90000000000003,1.786,1.051,0.485,0.867,0.661,0.247,0.037
273.0,1.813,1.072,0.493,0.867,0.661,0.247,0.037
273.1,1.824,1.081,0.496,0.868,0.66,0.247,0.037
273.2,1.79,1.054,0.486,0.867,0.66,0.247,0.038
273.3,1.854,1.104,0.506,0.868,0.661,0.247,0.037
273.40000000000003,1.801,1.063,0.489,0.868,0.661,0.247,0.037
273.5,1.82,1.077,0.495,0.867,0.66,0.247,0.037
273.6,1.866,1.114,0.509,0.867,0.66,0.247,0.038
273.7,1.845,1.097,0.503,0.868,0.661,0.248,0.037
273.8,1.798,1.061,0.488,0.868,0.661,0.247,0.037
273.90000000000003,1.818,1.076,0.495,0.867,0.66,0.247,0.037
274.0,1.826,1.082,0.497,0.868,0.661,0.247,0.038
274.1,1.79,1.055,0.486,0.867,0.661,0.247,0.037
274.2,1.776,1.043,0.482,0.866,0.66,0.248,0.038
274.3,1.77,1.039,0.48,0.867,0.661,0.247,0.038
274.40000000000003,1.807,1.067,0.491,0.868,0.661,0.247,0.037
274.5,1.822,1.079,0.496,0.868,0.661,0.248,0.038
274.6,1.788,1.053,0.485,0.868,0.66,0.248,0.037
274.7,1.814,1.073,0.493,0.868,0.66,0.247,0.037
274.8,1.904,1.143,0.521,0.868,0.66,0.247,0.037
274.90000000000003,1.821,1.079,0.496,0.868,0.66,0.248,0.037
275.0,1.788,1.053,0.485,0.867,0.66,0.248,0.037
275.1,1.775,1.043,0.481,0.867,0.66,0.247,0.038
275.2,1.809,1.069,0.492,0.867,0.661,0.248,0.037
275.3,1.783,1.049,0.484,0.868,0.66,0.247,0.037
275.40000000000003,1.892,1.134,0.517,0.868,0.66,0.248,0.038
275.5,1.816,1.075,0.494,0.868,0.661,0.248,0.037
275.6,1.826,1.082,0.497,0.868,0.66,0.248,0.037
275.7,1.829,1.085,0.498,0.867,0.66,0.247,0.037
275.8,1.831,1.086,0.498,0.868,0.66,0.248,0.037
275.90000000000003,1.831,1.086,0.499,0.867,0.659,0.248,0.037
276.0,1.951,1.18,0.536,0.867,0.66,0.249,0.037
276.1,1.879,1.124,0.514,0.868,0.66,0.248,0.037
276.2,1.811,1.071,0.493,0.868,0.66,0.248,0.037
276.3,1.863,1.111,0.509,0.868,0.66,0.249,0.037
276.40000000000003,1.884,1.127,0.515,0.868,0.66,0.249,0.037
276.5,1.892,1.134,0.517,0.868,0.66,0.249,0.037
276.6,1.935,1.167,0.531,0.868,0.66,0.248,0.037
276.7,1.834,1.089,0.499,0.868,0.66,0.249,0.037
276.8,1.793,1.057,0.487,0.867,0.66,0.248,0.037
276.90000000000003,1.856,1.106,0.506,0.867,0.66,0.249,0.037
277.0,1.841,1.094,0.502,0.868,0.661,0.249,0.037
277.1,1.835,1.09,0.5,0.868,0.66,0.249,0.037
277.2,1.755,1.028,0.475,0.868,0.66,0.249,0.037
277.3,1.88,1.125,0.514,0.868,0.66,0.249,0.037
277.40000000000003,1.812,1.072,0.493,0.867,0.66,0.249,0.038
277.5,1.824,1.081,0.496,0.868,0.66,0.249,0.037
277.6,1.828,1.084,0.498,0.867,0.66,0.249,0.037
277.7,1.83,1.086,0.498,0.866,0.66,0.249,0.038
277.8,1.831,1.086,0.499,0.866,0.66,0.249,0.037
277.90000000000003,1.831,1.086,0.499,0.867,0.659,0.249,0.037
278.0,1.832,1.086,0.499,0.868,0.66,0.249,0.038
278.1,1.792,1.056,0.487,0.867,0.661,0.249,0.037
278.2,1.895,1.136,0.518,0.868,0.66,0.25,0.037
278.3,1.857,1.106,0.507,0.868,0.66,0.249,0.038
278.40000000000003,1.803,1.064,0.49,0.867,0.66,0.249,0.037
278.5,1.781,1.047,0.483,0.868,0.661,0.249,0.037
278.6,1.772,1.041,0.48,0.868,0.66,0.249,0.037
278.7,1.769,1.038,0.479,0.867,0.66,0.249,0.038
278.8,1.767,1.037,0.479,0.867,0.66,0.249,0.037
278.90000000000003,1.806,1.067,0.491,0.867,0.66,0.249,0.037
279.0,1.821,1.079,0.496,0.868,0.66,0.249,0.037
279.1,1.827,1.083,0.497,0.867,0.66,0.25,0.037
279.2,1.869,1.116,0.51,0.867,0.659,0.25,0.038
279.3,1.847,1.098,0.503,0.867,0.66,0.249,0.037
279.40000000000003,1.838,1.091,0.501,0.866,0.66,0.249,0.037
279.5,1.795,1.058,0.487,0.867,0.66,0.249,0.037
279.6,1.856,1.106,0.506,0.867,0.66,0.249,0.037
279.7,1.842,1.094,0.502,0.868,0.659,0.25,0.037
279.8,1.875,1.12,0.512,0.868,0.66,0.249,0.037
279.90000000000003,1.784,1.05,0.484,0.867,0.66,0.25,0.037
280.0,1.773,1.041,0.481,0.867,0.66,0.25,0.037
280.1,1.81,1.07,0.492,0.867,0.66,0.25,0.037
280.2,1.808,1.068,0.492,0.868,0.66,0.25,0.037
280.3,1.783,1.049,0.484,0.867,0.66,0.249,0.038
280.40000000000003,1.773,1.041,0.481,0.867,0.659,0.249,0.037
280.5,1.769,1.038,0.479,0.866,0.66,0.25,0.037
280.6,1.767,1.037,0.479,0.867,0.66,0.25,0.037
280.7,1.767,1.036,0.479,0.868,0.661,0.25,0.037
280.8,1.806,1.066,0.491,0.867,0.66,0.25,0.037
280.90000000000003,1.782,1.048,0.483,0.868,0.66,0.25,0.037
281.0,1.773,1.041,0.481,0.867,0.66,0.249,0.037
281.1,1.769,1.038,0.479,0.868,0.66,0.25,0.037
281.2,1.767,1.037,0.479,0.868,0.66,0.249,0.037
281.3,1.767,1.036,0.479,0.867,0.66,0.25,0.038
281.40000000000003,1.766,1.036,0.479,0.866,0.66,0.25,0.038
281.5,1.766,1.036,0.479,0.867,0.661,0.25,0.037
281.6,1.766,1.036,0.479,0.868,0.661,0.25,0.037
281.7,1.766,1.036,0.479,0.867,0.66,0.25,0.037
281.8,1.651,0.949,0.443,0.867,0.66,0.25,0.037
281.90000000000003,1.72,1.001,0.465,0.868,0.661,0.25,0.037
282.0,1.748,1.022,0.473,0.868,0.66,0.249,0.037
282.1,1.759,1.03,0.476,0.868,0.66,0.25,0.037
282.2,1.763,1.034,0.478,0.868,0.66,0.25,0.037
282.3,1.765,1.035,0.478,0.867,0.66,0.251,0.038
282.40000000000003,1.766,1.036,0.478,0.868,0.661,0.25,0.037
282.5,1.885,1.128,0.515,0.867,0.66,0.25,0.037
282.6,1.814,1.073,0.493,0.868,0.66,0.25,0.038
282.7,1.785,1.051,0.484,0.867,0.66,0.25,0.037
282.8,1.774,1.042,0.481,0.868,0.661,0.25,0.037
282.90000000000003,1.888,1.131,0.516,0.868,0.66,0.25,0.037
283.0,1.933,1.166,0.53,0.868,0.66,0.25,0.037
283.1,1.833,1.088,0.499,0.868,0.66,0.25,0.037
283.2,1.793,1.057,0.487,0.868,0.66,0.251,0.037
283.3,1.935,1.169,0.531,0.868,0.66,0.251,0.037
283.40000000000003,1.834,1.089,0.5,0.867,0.661,0.25,0.037
283.5,1.833,1.088,0.499,0.867,0.661,0.25,0.037
283.6,1.793,1.057,0.487,0.867,0.66,0.25,0.037
283.7,1.777,1.044,0.482,0.867,0.66,0.251,0.037
283.8,1.81,1.07,0.492,0.866,0.66,0.251,0.037
283.90000000000003,1.784,1.049,0.484,0.867,0.66,0.25,0.037
284.0,1.773,1.041,0.481,0.868,0.66,0.251,0.037
284.1,1.769,1.038,0.479,0.867,0.66,0.25,0.037
284.2,1.807,1.067,0.491,0.866,0.659,0.251,0.038
284.3,1.782,1.049,0.484,0.867,0.66,0.251,0.037
284.40000000000003,1.773,1.041,0.481,0.868,0.659,0.251,0.037
284.5,1.808,1.068,0.491,0.868,0.66,0.25,0.037
284.6,1.783,1.049,0.484,0.867,0.66,0.251,0.037
284.7,1.773,1.041,0.481,0.868,0.66,0.251,0.037
284.8,1.769,1.038,0.479,0.868,0.66,0.251,0.037
284.90000000000003,1.846,1.098,0.503,0.868,0.66,0.251,0.037
285.0,1.798,1.061,0.488,0.867,0.66,0.251,0.037
285.1,1.818,1.076,0.495,0.868,0.659,0.252,0.037
285.2,1.826,1.082,0.497,0.868,0.66,0.251,0.037
285.3,1.751,1.025,0.474,0.868,0.659,0.251,0.037
285.40000000000003,1.8,1.062,0.489,0.867,0.66,0.251,0.038
285.5,1.78,1.046,0.483,0.867,0.66,0.251,0.037
285.6,1.811,1.07,0.492,0.867,0.66,0.25,0.037
285.7,1.784,1.05,0.484,0.867,0.66,0.251,0.038
285.8,1.773,1.042,0.481,0.866,0.66,0.251,0.037
285.90000000000003,1.769,1.038,0.48,0.867,0.659,0.25,0.037
286.0,1.767,1.037,0.479,0.867,0.66,0.251,0.037
286.1,1.767,1.036,0.479,0.868,0.661,0.251,0.037
286.2,1.766,1.036,0.479,0.868,0.66,0.251,0.037
286.3,1.766,1.036,0.479,0.868,0.66,0.252,0.037
286.40000000000003,1.727,1.006,0.467,0.867,0.66,0.251,0.037
286.5,1.712,0.995,0.462,0.867,0.661,0.251,0.037
286.6,1.745,1.019,0.472,0.868,0.66,0.252,0.037
286.7,1.758,1.029,0.476,0.868,0.66,0.252,0.037
286.8,1.763,1.033,0.478,0.868,0.66,0.252,0.037
286.90000000000003,1.804,1.065,0.49,0.867,0.66,0.251,0.037
287.0,1.781,1.048,0.483,0.868,0.66,0.251,0.037
287.1,1.772,1.041,0.48,0.868,0.66,0.251,0.037
287.2,1.808,1.068,0.491,0.867,0.66,0.251,0.037
287.3,1.844,1.096,0.502,0.868,0.66,0.252,0.037
287.40000000000003,1.862,1.11,0.508,0.868,0.66,0.251,0.038
287.5,1.797,1.06,0.488,0.868,0.659,0.251,0.038
287.6,1.857,1.107,0.507,0.868,0.66,0.251,0.037
287.7,1.803,1.064,0.49,0.868,0.66,0.251,0.037
287.8,1.82,1.078,0.495,0.868,0.66,0.25,0.037
287.90000000000003,1.788,1.053,0.485,0.867,0.66,0.251,0.037
288.0,1.814,1.073,0.493,0.867,0.66,0.251,0.038
288.1,1.785,1.051,0.485,0.866,0.66,0.252,0.037
288.2,1.774,1.042,0.481,0.867,0.659,0.251,0.037
288.3,1.769,1.038,0.48,0.867,0.66,0.252,0.037
288.40000000000003,1.768,1.037,0.479,0.868,0.66,0.252,0.037
288.5,1.767,1.036,0.479,0.867,0.66,0.251,0.037
288.6,1.766,1.036,0.479,0.867,0.66,0.252,0.037
288.7,1.766,1.036,0.479,0.868,0.66,0.251,0.037
288.8,1.806,1.066,0.491,0.868,0.66,0.252,0.037
288.90000000000003,1.782,1.048,0.483,0.868,0.66,0.252,0.037
289.0,1.773,1.041,0.481,0.868,0.659,0.251,0.037
289.1,1.769,1.038,0.479,0.868,0.659,0.252,0.037
289.2,1.767,1.037,0.479,0.867,0.66,0.252,0.037
289.3,1.767,1.036,0.479,0.867,0.66,0.251,0.037
289.40000000000003,1.766,1.036,0.479,0.867,0.66,0.252,0.037
289.5,1.766,1.036,0.479,0.868,0.66,0.252,0.037
289.6,1.806,1.066,0.491,0.868,0.66,0.252,0.037
289.7,1.861,1.109,0.508,0.868,0.659,0.252,0.037
289.8,1.843,1.096,0.502,0.867,0.66,0.252,0.037
289.90000000000003,1.836,1.09,0.5,0.867,0.66,0.252,0.038
290.0,1.794,1.058,0.487,0.868,0.66,0.251,0.037
290.1,1.777,1.045,0.482,0.868,0.66,0.252,0.037
290.2,1.771,1.04,0.48,0.868,0.66,0.252,0.037
290.3,1.768,1.037,0.479,0.868,0.66,0.252,0.037
290.40000000000003,1.767,1.037,0.479,0.867,0.66,0.252,0.037
290.5,1.767,1.036,0.479,0.868,0.66,0.252,0.037
290.6,1.806,1.066,0.491,0.868,0.66,0.252,0.037
290.7,1.782,1.048,0.483,0.868,0.661,0.252,0.037
290.8,1.773,1.041,0.481,0.867,0.66,0.252,0.037
290.90000000000003,1.769,1.038,0.479,0.867,0.66,0.252,0.037
291.0,1.767,1.037,0.479,0.867,0.66,0.252,0.037
291.1,1.767,1.036,0.479,0.868,0.661,0.252,0.037
291.2,1.766,1.036,0.479,0.868,0.66,0.252,0.037
291.3,1.806,1.066,0.491,0.867,0.66,0.252,0.037
291.40000000000003,1.782,1.048,0.483,0.868,0.66,0.252,0.037
291.5,1.773,1.041,0.481,0.868,0.659,0.252,0.037
291.6,1.769,1.038,0.479,0.867,0.659,0.252,0.037
291.7,1.767,1.037,0.479,0.868,0.66,0.252,0.038
291.8,1.806,1.067,0.491,0.868,0.66,0.252,0.037
291.90000000000003,1.782,1.048,0.484,0.868,0.659,0.252,0.037
292.0,1.773,1.041,0.481,0.868,0.66,0.253,0.037
292.1,1.769,1.038,0.479,0.868,0.66,0.252,0.037
292.2,1.767,1.037,0.479,0.867,0.66,0.252,0.037
292.3,1.767,1.036,0.479,0.868,0.66,0.252,0.037
292.40000000000003,1.766,1.036,0.479,0.867,0.659,0.252,0.037
292.5,1.766,1.036,0.479,0.867,0.659,0.252,0.037
292.6,1.766,1.036,0.479,0.868,0.66,0.252,0.038
292.7,1.766,1.036,0.479,0.867,0.659,0.252,0.037
292.8,1.727,1.006,0.467,0.868,0.66,0.252,0.037
292.90000000000003,1.751,1.024,0.474,0.868,0.66,0.252,0.037
293.0,1.76,1.031,0.477,0.868,0.66,0.252,0.037
293.1,1.764,1.034,0.478,0.868,0.66,0.253,0.037
293.2,1.765,1.035,0.478,0.868,0.66,0.252,0.037
293.3,1.727,1.006,0.467,0.868,0.66,0.252,0.037
293.40000000000003,1.79,1.054,0.486,0.868,0.66,0.252,0.037
293.5,1.776,1.043,0.482,0.868,0.659,0.252,0.037
293.6,1.77,1.039,0.48,0.868,0.66,0.252,0.037
293.7,1.768,1.037,0.479,0.868,0.661,0.252,0.037
293.8,1.767,1.037,0.479,0.868,0.66,0.252,0.037
293.90000000000003,1.767,1.036,0.479,0.868,0.661,0.252,0.037
294.0,1.766,1.036,0.479,0.868,0.66,0.252,0.037
294.1,1.766,1.036,0.479,0.868,0.66,0.252,0.037
294.2,1.727,1.006,0.467,0.868,0.66,0.252,0.037
294.3,1.751,1.024,0.474,0.868,0.66,0.253,0.037
294.40000000000003,1.76,1.031,0.477,0.867,0.66,0.252,0.037
294.5,1.764,1.034,0.478,0.868,0.66,0.252,0.037
294.6,1.765,1.035,0.478,0.868,0.66,0.253,0.037
294.7,1.766,1.036,0.479,0.867,0.66,0.252,0.037
294.8,1.766,1.036,0.479,0.867,0.66,0.252,0.037
294.90000000000003,1.766,1.036,0.479,0.868,0.661,0.253,0.037
295.0,1.766,1.036,0.479,0.867,0.66,0.252,0.037
295.1,1.766,1.036,0.479,0.868,0.66,0.252,0.037
295.2,1.766,1.036,0.479,0.868,0.66,0.252,0.037
295.3,1.805,1.066,0.491,0.868,0.659,0.252,0.037
295.40000000000003,1.782,1.048,0.483,0.868,0.659,0.252,0.037
295.5,1.773,1.041,0.481,0.868,0.659,0.252,0.037
295.6,1.769,1.038,0.479,0.868,0.66,0.252,0.038
295.7,1.767,1.037,0.479,0.867,0.659,0.252,0.037
295.8,1.767,1.036,0.479,0.868,0.659,0.253,0.037
295.90000000000003,1.766,1.036,0.479,0.868,0.66,0.252,0.037
296.0,1.766,1.036,0.479,0.868,0.66,0.252,0.037
296.1,1.766,1.036,0.479,0.868,0.659,0.252,0.037
296.2,1.766,1.036,0.479,0.869,0.66,0.252,0.037
296.3,1.766,1.036,0.479,0.868,0.66,0.252,0.037
296.40000000000003,1.727,1.006,0.467,0.869,0.661,0.253,0.038
296.5,1.751,1.024,0.474,0.868,0.66,0.253,0.037
296.6,1.76,1.031,0.477,0.868,0.66,0.252,0.037
296.7,1.764,1.034,0.478,0.868,0.661,0.253,0.037
296.8,1.765,1.035,0.478,0.868,0.66,0.253,0.037
296.90000000000003,1.766,1.036,0.479,0.868,0.659,0.252,0.038
297.0,1.766,1.036,0.479,0.868,0.66,0.252,0.037
297.1,1.766,1.036,0.479,0.868,0.66,0.253,0.038
297.2,1.766,1.036,0.479,0.868,0.661,0.253,0.037
297.3,1.766,1.036,0.479,0.869,0.66,0.252,0.038
297.40000000000003,1.766,1.036,0.479,0.868,0.66,0.252,0.037
297.5,1.805,1.066,0.491,0.868,0.66,0.252,0.037
297.6,1.861,1.109,0.508,0.868,0.66,0.253,0.037
297.7,1.804,1.065,0.49,0.867,0.66,0.252,0.037
297.8,1.781,1.048,0.483,0.868,0.66,0.252,0.037
297.90000000000003,1.772,1.041,0.481,0.868,0.659,0.253,0.037
298.0,1.769,1.038,0.479,0.868,0.66,0.252,0.037
298.1,1.767,1.037,0.479,0.869,0.661,0.253,0.038
298.2,1.767,1.036,0.479,0.868,0.66,0.252,0.038
298.3,1.766,1.036,0.479,0.868,0.66,0.252,0.037
298.40000000000003,1.766,1.036,0.479,0.869,0.661,0.253,0.037
298.5,1.766,1.036,0.479,0.868,0.66,0.253,0.037
298.6,1.766,1.036,0.479,0.868,0.661,0.253,0.037
298.7,1.766,1.036,0.479,0.869,0.66,0.253,0.038
298.8,1.766,1.036,0.479,0.868,0.66,0.253,0.037
298.90000000000003,1.686,0.991,0.457,0.824,0.626,0.24,0.035
299.0,1.622,0.955,0.44,0.789,0.6,0.23,0.034
299.1,1.561,0.918,0.423,0.76,0.578,0.222,0.033
299.2,1.512,0.889,0.41,0.738,0.561,0.215,0.032
299.3,1.493,0.881,0.406,0.72,0.547,0.21,0.031
299.40000000000003,1.448,0.852,0.393,0.705,0.536,0.205,0.03
299.5,1.432,0.844,0.389,0.693,0.527,0.202,0.03
299.6,1.409,0.829,0.382,0.684,0.52,0.199,0.029
299.7,1.4,0.826,0.38,0.677,0.515,0.197,0.029
299.8,1.384,0.815,0.376,0.671,0.51,0.195,0.029
299.90000000000003,1.39,0.822,0.378,0.666,0.507,0.194,0.029
300.0,1.376,0.812,0.374,0.662,0.504,0.193,0.028
300.1,1.364,0.804,0.37,0.659,0.502,0.192,0.028
300.2,1.375,0.813,0.374,0.657,0.5,0.191,0.028
300.3,1.363,0.805,0.371,0.655,0.498,0.19,0.028
300.40000000000003,1.316,0.77,0.356,0.653,0.497,0.19,0.028
300.5,1.316,0.771,0.356,0.652,0.496,0.19,0.028
300.6,1.317,0.771,0.357,0.651,0.495,0.189,0.028
300.7,1.317,0.772,0.357,0.651,0.495,0.189,0.028
300.8,1.337,0.787,0.363,0.65,0.494,0.189,0.028
300.90000000000003,1.343,0.792,0.365,0.649,0.494,0.189,0.028
301.0,1.348,0.796,0.366,0.649,0.494,0.188,0.028
301.1,1.352,0.799,0.367,0.648,0.494,0.188,0.028
301.2,1.355,0.801,0.368,0.648,0.494,0.188,0.028
301.3,1.357,0.803,0.369,0.648,0.494,0.188,0.028
301.40000000000003,1.359,0.805,0.37,0.647,0.493,0.188,0.028
301.5,1.361,0.806,0.37,0.647,0.493,0.188,0.028
301.6,1.362,0.807,0.371,0.647,0.493,0.188,0.028
301.7,1.363,0.808,0.371,0.647,0.493,0.188,0.028
301.8,1.354,0.801,0.368,0.647,0.493,0.187,0.028
301.90000000000003,1.357,0.803,0.369,0.647,0.493,0.187,0.028
302.0,1.349,0.797,0.367,0.647,0.493,0.187,0.028
302.1,1.352,0.8,0.368,0.647,0.493,0.187,0.028
302.2,1.355,0.802,0.369,0.647,0.493,0.187,0.028
302.3,1.358,0.804,0.369,0.647,0.493,0.187,0.028
302.40000000000003,1.35,0.798,0.367,0.647,0.493,0.187,0.028
302.5,1.353,0.8,0.368,0.647,0.493,0.187,0.028
302.6,1.356,0.802,0.369,0.647,0.493,0.187,0.028
302.7,1.358,0.804,0.37,0.647,0.493,0.187,0.028
302.8,1.38,0.821,0.376,0.646,0.493,0.187,0.028
302.90000000000003,1.377,0.819,0.375,0.646,0.493,0.186,0.028
303.0,1.375,0.817,0.375,0.646,0.493,0.186,0.028
303.1,1.373,0.816,0.374,0.646,0.493,0.186,0.028
303.2,1.382,0.823,0.377,0.646,0.493,0.186,0.028
303.3,1.379,0.82,0.376,0.646,0.493,0.186,0.028
303.40000000000003,1.386,0.826,0.378,0.646,0.493,0.186,0.028
303.5,1.392,0.831,0.38,0.646,0.493,0.186,0.028
303.6,1.397,0.834,0.382,0.646,0.493,0.186,0.028
303.7,1.401,0.837,0.383,0.646,0.493,0.186,0.028
303.8,1.404,0.84,0.384,0.646,0.493,0.186,0.028
303.90000000000003,1.406,0.842,0.384,0.646,0.493,0.186,0.028
304.0,1.408,0.843,0.385,0.646,0.493,0.186,0.028
304.1,1.41,0.844,0.385,0.645,0.493,0.186,0.028
304.2,1.411,0.845,0.386,0.645,0.493,0.185,0.028
304.3,1.412,0.846,0.386,0.645,0.493,0.185,0.028
304.40000000000003,1.413,0.847,0.386,0.645,0.493,0.185,0.028
304.5,1.433,0.863,0.393,0.645,0.493,0.185,0.028
304.6,1.44,0.868,0.395,0.645,0.493,0.185,0.028
304.7,1.435,0.864,0.393,0.645,0.493,0.185,0.028
304.8,1.431,0.861,0.392,0.645,0.493,0.184,0.028
304.90000000000003,1.448,0.875,0.397,0.645,0.493,0.184,0.028
305.0,1.442,0.869,0.395,0.645,0.493,0.184,0.028
305.1,1.436,0.865,0.394,0.645,0.493,0.184,0.028
305.2,1.432,0.862,0.392,0.645,0.493,0.184,0.028
305.3,1.439,0.867,0.395,0.644,0.493,0.184,0.028
305.40000000000003,1.434,0.864,0.393,0.644,0.493,0.183,0.028
305.5,1.441,0.869,0.395,0.644,0.493,0.183,0.028
305.6,1.446,0.872,0.397,0.644,0.493,0.183,0.028
305.7,1.45,0.876,0.398,0.644,0.493,0.183,0.028
305.8,1.443,0.87,0.396,0.643,0.493,0.183,0.028
305.90000000000003,1.437,0.866,0.394,0.643,0.493,0.183,0.028
306.0,1.433,0.863,0.393,0.643,0.493,0.183,0.028
306.1,1.44,0.868,0.395,0.643,0.493,0.183,0.028
306.2,1.445,0.872,0.396,0.643,0.493,0.182,0.028
306.3,1.449,0.875,0.398,0.643,0.493,0.182,0.028
306.40000000000003,1.442,0.87,0.396,0.643,0.493,0.182,0.028
306.5,1.437,0.866,0.394,0.643,0.493,0.182,0.028
306.6,1.443,0.87,0.396,0.643,0.493,0.182,0.028
306.7,1.447,0.874,0.397,0.643,0.493,0.182,0.028
306.8,1.441,0.869,0.395,0.643,0.493,0.181,0.028
306.90000000000003,1.436,0.865,0.394,0.643,0.493,0.181,0.028
307.0,1.442,0.87,0.395,0.643,0.493,0.181,0.028
307.1,1.447,0.873,0.397,0.643,0.493,0.181,0.028
307.20000000000005,1.45,0.876,0.398,0.643,0.493,0.181,0.028
307.3,1.453,0.879,0.399,0.643,0.493,0.181,0.028
307.40000000000003,1.446,0.873,0.397,0.643,0.493,0.181,0.028
307.5,1.45,0.876,0.398,0.643,0.493,0.18,0.028
307.6,1.433,0.863,0.393,0.643,0.493,0.18,0.028
307.70000000000005,1.44,0.868,0.395,0.642,0.493,0.18,0.028
307.8,1.445,0.872,0.396,0.642,0.493,0.18,0.028
307.90000000000003,1.459,0.883,0.401,0.642,0.493,0.18,0.028
308.0,1.46,0.884,0.401,0.642,0.493,0.18,0.028
308.1,1.461,0.885,0.401,0.642,0.493,0.18,0.028
308.20000000000005,1.462,0.886,0.402,0.642,0.493,0.179,0.028
308.3,1.473,0.894,0.405,0.642,0.493,0.179,0.028
308.40000000000003,1.481,0.901,0.408,0.642,0.493,0.179,0.028
308.5,1.478,0.898,0.407,0.642,0.493,0.179,0.028
308.6,1.486,0.904,0.409,0.642,0.493,0.179,0.028
308.70000000000005,1.482,0.901,0.408,0.642,0.493,0.178,0.028
308.8,1.478,0.898,0.407,0.642,0.493,0.178,0.028
308.90000000000003,1.476,0.896,0.406,0.642,0.494,0.178,0.028
309.0,1.474,0.895,0.405,0.642,0.493,0.178,0.028
309.1,1.482,0.901,0.408,0.642,0.493,0.178,0.028
309.20000000000005,1.479,0.899,0.407,0.642,0.493,0.178,0.028
309.3,1.486,0.904,0.409,0.642,0.493,0.178,0.028
309.40000000000003,1.482,0.901,0.408,0.642,0.493,0.177,0.028
309.5,1.469,0.891,0.404,0.642,0.493,0.177,0.028
309.6,1.488,0.906,0.41,0.642,0.493,0.177,0.028
309.70000000000005,1.494,0.911,0.412,0.642,0.493,0.177,0.028
309.8,1.488,0.906,0.41,0.641,0.493,0.177,0.028
309.90000000000003,1.483,0.902,0.408,0.641,0.493,0.177,0.028
310.0,1.48,0.9,0.407,0.641,0.493,0.177,0.028
310.1,1.467,0.889,0.403,0.641,0.493,0.177,0.028
310.20000000000005,1.467,0.889,0.403,0.641,0.493,0.176,0.028
310.3,1.466,0.889,0.403,0.641,0.493,0.176,0.028
310.40000000000003,1.466,0.889,0.403,0.641,0.493,0.176,0.028
310.5,1.466,0.889,0.403,0.641,0.493,0.176,0.028
310.6,1.466,0.889,0.403,0.641,0.493,0.176,0.028
310.70000000000005,1.466,0.888,0.403,0.641,0.493,0.176,0.028
310.8,1.466,0.888,0.403,0.641,0.493,0.176,0.028
310.90000000000003,1.476,0.896,0.406,0.641,0.493,0.176,0.028
311.0,1.494,0.911,0.412,0.641,0.493,0.176,0.028
311.1,1.498,0.914,0.413,0.641,0.493,0.176,0.028
311.20000000000005,1.502,0.917,0.414,0.64,0.493,0.176,0.028
311.3,1.494,0.911,0.412,0.64,0.493,0.175,0.028
311.40000000000003,1.488,0.906,0.41,0.64,0.493,0.175,0.028
311.5,1.494,0.911,0.412,0.64,0.493,0.175,0.028
311.6,1.498,0.914,0.413,0.64,0.493,0.175,0.029
311.70000000000005,1.502,0.917,0.414,0.64,0.493,0.175,0.028
311.8,1.504,0.919,0.415,0.64,0.493,0.175,0.028
311.90000000000003,1.507,0.921,0.416,0.64,0.493,0.175,0.028
312.0,1.498,0.914,0.413,0.64,0.493,0.175,0.028
312.1,1.492,0.909,0.411,0.64,0.494,0.175,0.028
312.20000000000005,1.486,0.905,0.409,0.64,0.493,0.174,0.028
312.3,1.502,0.918,0.414,0.64,0.493,0.174,0.029
312.40000000000003,1.505,0.92,0.415,0.64,0.493,0.174,0.029
312.5,1.507,0.921,0.416,0.64,0.493,0.174,0.029
312.6,1.509,0.923,0.416,0.64,0.493,0.174,0.029
312.70000000000005,1.52,0.932,0.42,0.64,0.493,0.174,0.029
312.8,1.519,0.931,0.42,0.64,0.493,0.174,0.029
312.90000000000003,1.528,0.938,0.422,0.64,0.493,0.173,0.028
313.0,1.518,0.93,0.419,0.64,0.493,0.173,0.028
313.1,1.525,0.936,0.421,0.64,0.493,0.173,0.028
313.20000000000005,1.523,0.934,0.421,0.64,0.493,0.173,0.028
313.3,1.522,0.933,0.42,0.64,0.493,0.173,0.028
313.40000000000003,1.52,0.932,0.42,0.64,0.494,0.173,0.028
313.5,1.519,0.931,0.42,0.64,0.493,0.173,0.028
313.6,1.519,0.93,0.419,0.64,0.493,0.173,0.028
313.70000000000005,1.518,0.93,0.419,0.64,0.493,0.173,0.028
313.8,1.517,0.929,0.419,0.64,0.493,0.173,0.028
313.90000000000003,1.517,0.929,0.419,0.64,0.493,0.172,0.028
314.0,1.517,0.929,0.419,0.64,0.493,0.172,0.029
314.1,1.516,0.929,0.419,0.64,0.493,0.172,0.028
314.20000000000005,1.516,0.928,0.419,0.64,0.493,0.172,0.028
314.3,1.526,0.936,0.422,0.64,0.493,0.172,0.028
314.40000000000003,1.514,0.927,0.418,0.64,0.493,0.172,0.028
314.5,1.514,0.927,0.418,0.64,0.493,0.172,0.028
314.6,1.514,0.927,0.418,0.64,0.493,0.172,0.029
314.70000000000005,1.525,0.935,0.421,0.64,0.493,0.172,0.029
314.8,1.523,0.934,0.421,0.64,0.493,0.171,0.029
314.90000000000003,1.521,0.933,0.42,0.64,0.493,0.171,0.029
315.0,1.52,0.932,0.42,0.64,0.493,0.171,0.029
315.1,1.529,0.939,0.423,0.64,0.494,0.171,0.029
315.20000000000005,1.526,0.937,0.422,0.64,0.494,0.171,0.029
315.3,1.524,0.935,0.421,0.64,0.494,0.171,0.029
315.40000000000003,1.543,0.95,0.427,0.64,0.494,0.171,0.029
315.5,1.547,0.954,0.428,0.64,0.494,0.171,0.029
315.6,1.541,0.948,0.426,0.64,0.494,0.17,0.029
315.70000000000005,1.536,0.944,0.425,0.64,0.494,0.17,0.029
315.8,1.532,0.941,0.423,0.64,0.493,0.17,0.029
315.90000000000003,1.528,0.938,0.422,0.64,0.494,0.17,0.029
316.0,1.536,0.944,0.425,0.64,0.494,0.17,0.029
316.1,1.532,0.941,0.423,0.64,0.494,0.17,0.029
316.20000000000005,1.528,0.938,0.422,0.64,0.494,0.17,0.029
316.3,1.536,0.944,0.425,0.64,0.494,0.17,0.029
316.40000000000003,1.532,0.941,0.423,0.64,0.494,0.17,0.029
316.5,1.528,0.938,0.422,0.639,0.493,0.17,0.029
316.6,1.516,0.928,0.418,0.639,0.494,0.169,0.029
316.70000000000005,1.516,0.928,0.418,0.639,0.494,0.169,0.029
316.8,1.516,0.928,0.418,0.639,0.494,0.169,0.029
316.90000000000003,1.526,0.936,0.422,0.639,0.494,0.169,0.029
317.0,1.544,0.951,0.427,0.64,0.494,0.169,0.029
317.1,1.548,0.954,0.429,0.64,0.493,0.169,0.029
317.20000000000005,1.541,0.949,0.427,0.639,0.493,0.169,0.029
317.3,1.546,0.953,0.428,0.639,0.494,0.169,0.029
317.40000000000003,1.54,0.948,0.426,0.639,0.493,0.169,0.029
317.5,1.535,0.944,0.425,0.639,0.493,0.169,0.029
317.6,1.531,0.941,0.423,0.639,0.494,0.168,0.029
317.70000000000005,1.528,0.938,0.422,0.639,0.494,0.168,0.029
317.8,1.525,0.936,0.421,0.639,0.494,0.168,0.029
317.90000000000003,1.523,0.934,0.421,0.639,0.494,0.168,0.029
318.0,1.522,0.933,0.42,0.64,0.494,0.168,0.029
318.1,1.52,0.932,0.42,0.64,0.494,0.168,0.029
318.20000000000005,1.519,0.931,0.42,0.64,0.493,0.168,0.029
318.3,1.509,0.922,0.416,0.64,0.493,0.168,0.029
318.40000000000003,1.51,0.924,0.417,0.64,0.493,0.168,0.029
318.5,1.511,0.924,0.417,0.64,0.493,0.168,0.029
318.6,1.512,0.925,0.417,0.64,0.493,0.167,0.029
318.70000000000005,1.503,0.918,0.414,0.64,0.493,0.168,0.029
318.8,1.505,0.92,0.415,0.64,0.493,0.167,0.029
318.90000000000003,1.487,0.905,0.41,0.64,0.493,0.167,0.029
319.0,1.493,0.91,0.411,0.64,0.493,0.167,0.029
319.1,1.497,0.914,0.413,0.64,0.493,0.167,0.029
319.20000000000005,1.501,0.916,0.414,0.64,0.494,0.167,0.029
319.3,1.504,0.919,0.415,0.64,0.494,0.167,0.029
319.40000000000003,1.516,0.929,0.419,0.64,0.494,0.167,0.029
319.5,1.516,0.928,0.419,0.64,0.494,0.167,0.029
319.6,1.516,0.928,0.419,0.64,0.494,0.167,0.029
319.70000000000005,1.526,0.936,0.422,0.64,0.494,0.167,0.029
319.8,1.514,0.927,0.418,0.64,0.494,0.167,0.029
319.90000000000003,1.524,0.935,0.421,0.64,0.494,0.167,0.029
320.0,1.522,0.934,0.421,0.64,0.494,0.167,0.029
320.1,1.531,0.94,0.423,0.64,0.493,0.167,0.029
320.20000000000005,1.528,0.938,0.422,0.64,0.494,0.167,0.029
320.3,1.515,0.928,0.418,0.64,0.494,0.167,0.029
320.40000000000003,1.515,0.928,0.418,0.64,0.493,0.167,0.029
320.5,1.525,0.936,0.421,0.64,0.494,0.167,0.029
320.6,1.523,0.934,0.421,0.64,0.494,0.167,0.029
320.70000000000005,1.532,0.941,0.423,0.64,0.493,0.167,0.029
320.8,1.549,0.955,0.429,0.639,0.493,0.167,0.029
320.90000000000003,1.552,0.957,0.43,0.639,0.493,0.167,0.029
321.0,1.555,0.96,0.431,0.639,0.493,0.167,0.029
321.1,1.557,0.961,0.431,0.639,0.493,0.167,0.029
321.20000000000005,1.569,0.971,0.435,0.639,0.493,0.166,0.029
321.3,1.578,0.979,0.438,0.639,0.494,0.166,0.029
321.40000000000003,1.576,0.977,0.437,0.639,0.494,0.166,0.029
321.5,1.564,0.967,0.433,0.639,0.494,0.166,0.029
321.6,1.574,0.975,0.437,0.639,0.494,0.166,0.029
321.70000000000005,1.562,0.966,0.433,0.639,0.494,0.166,0.029
321.8,1.563,0.966,0.433,0.639,0.494,0.166,0.029
321.90000000000003,1.584,0.983,0.44,0.639,0.494,0.166,0.029
322.0,1.59,0.988,0.442,0.639,0.494,0.166,0.029
322.1,1.585,0.984,0.44,0.639,0.494,0.166,0.029
322.20000000000005,1.581,0.981,0.439,0.639,0.494,0.166,0.029
322.3,1.578,0.978,0.438,0.639,0.494,0.166,0.029
322.40000000000003,1.576,0.976,0.437,0.639,0.494,0.166,0.029
322.5,1.573,0.975,0.437,0.639,0.494,0.166,0.029
322.6,1.572,0.973,0.436,0.639,0.494,0.166,0.029
322.70000000000005,1.571,0.972,0.436,0.639,0.494,0.166,0.029
322.8,1.559,0.963,0.432,0.639,0.494,0.165,0.029
322.90000000000003,1.551,0.956,0.429,0.639,0.494,0.165,0.029
323.0,1.574,0.975,0.437,0.639,0.493,0.165,0.029
323.1,1.572,0.974,0.436,0.639,0.494,0.165,0.029
323.20000000000005,1.581,0.981,0.439,0.639,0.494,0.165,0.029
323.3,1.578,0.978,0.438,0.639,0.494,0.165,0.029
323.40000000000003,1.575,0.976,0.437,0.638,0.494,0.165,0.029
323.5,1.573,0.975,0.437,0.638,0.494,0.165,0.029
323.6,1.572,0.973,0.436,0.638,0.494,0.165,0.029
323.70000000000005,1.581,0.981,0.439,0.638,0.494,0.165,0.029
323.8,1.588,0.986,0.441,0.638,0.494,0.165,0.029
323.90000000000003,1.583,0.983,0.44,0.638,0.494,0.165,0.029
324.0,1.59,0.988,0.442,0.638,0.494,0.164,0.029
324.1,1.585,0.984,0.44,0.638,0.494,0.164,0.029
324.20000000000005,1.581,0.981,0.439,0.638,0.494,0.164,0.029
324.3,1.578,0.978,0.438,0.638,0.493,0.164,0.029
324.40000000000003,1.565,0.968,0.434,0.638,0.494,0.164,0.029
324.5,1.565,0.968,0.434,0.638,0.494,0.164,0.029
324.6,1.565,0.968,0.434,0.638,0.493,0.164,0.029
324.70000000000005,1.575,0.976,0.437,0.638,0.494,0.164,0.029
324.8,1.889,1.169,0.524,0.768,0.595,0.198,0.036
324.90000000000003,2.014,1.246,0.559,0.82,0.635,0.211,0.038
325.0,2.064,1.277,0.572,0.841,0.651,0.216,0.039
325.1,2.166,1.356,0.604,0.849,0.657,0.219,0.039
325.20000000000005,2.166,1.354,0.603,0.852,0.66,0.219,0.039
325.3,2.165,1.353,0.603,0.854,0.661,0.22,0.039
325.40000000000003,2.125,1.32,0.59,0.855,0.662,0.22,0.039
325.5,2.149,1.339,0.598,0.855,0.662,0.22,0.039
325.6,2.118,1.314,0.588,0.854,0.661,0.219,0.039
325.70000000000005,2.187,1.371,0.61,0.854,0.661,0.22,0.039
325.8,2.134,1.327,0.593,0.855,0.662,0.22,0.04
325.90000000000003,2.153,1.342,0.599,0.855,0.661,0.22,0.039
326.0,2.16,1.348,0.601,0.854,0.662,0.219,0.039
326.1,2.204,1.384,0.615,0.854,0.661,0.22,0.039
326.20000000000005,2.181,1.365,0.608,0.855,0.662,0.22,0.039
326.3,2.172,1.357,0.605,0.854,0.662,0.22,0.039
326.40000000000003,2.25,1.422,0.63,0.854,0.662,0.219,0.039
326.5,2.281,1.448,0.64,0.854,0.661,0.219,0.039
326.6,2.253,1.424,0.631,0.855,0.662,0.219,0.039
326.70000000000005,2.2,1.381,0.614,0.855,0.661,0.219,0.04
326.8,2.179,1.364,0.607,0.855,0.661,0.219,0.04
326.90000000000003,2.171,1.357,0.605,0.855,0.662,0.219,0.039
327.0,2.25,1.422,0.63,0.855,0.662,0.218,0.039
327.1,2.199,1.38,0.614,0.856,0.661,0.219,0.04
327.20000000000005,2.179,1.363,0.607,0.855,0.661,0.219,0.039
327.3,2.171,1.357,0.605,0.856,0.662,0.219,0.039
327.40000000000003,2.208,1.388,0.617,0.857,0.662,0.219,0.039
327.5,2.183,1.366,0.608,0.857,0.662,0.218,0.04
327.6,2.172,1.358,0.605,0.856,0.661,0.218,0.04
327.70000000000005,2.168,1.355,0.604,0.857,0.662,0.219,0.04
327.8,2.166,1.353,0.603,0.857,0.661,0.219,0.04
327.90000000000003,2.125,1.32,0.59,0.858,0.662,0.218,0.04
328.0,2.149,1.339,0.598,0.859,0.661,0.219,0.039
328.1,2.159,1.347,0.601,0.859,0.661,0.22,0.039
328.20000000000005,2.122,1.317,0.589,0.86,0.662,0.219,0.04
328.3,2.107,1.305,0.585,0.86,0.662,0.22,0.04
328.40000000000003,2.142,1.333,0.596,0.86,0.662,0.22,0.039
328.5,2.115,1.312,0.587,0.861,0.661,0.22,0.039
328.6,2.105,1.303,0.584,0.862,0.661,0.22,0.039
328.70000000000005,2.141,1.333,0.595,0.862,0.661,0.22,0.039
328.8,2.115,1.311,0.587,0.863,0.661,0.22,0.039
328.90000000000003,2.105,1.303,0.584,0.864,0.661,0.22,0.04
329.0,2.1,1.3,0.582,0.864,0.661,0.22,0.039
329.1,2.263,1.433,0.634,0.864,0.661,0.221,0.04
329.20000000000005,2.164,1.352,0.603,0.865,0.661,0.221,0.039
329.3,2.124,1.319,0.59,0.865,0.662,0.221,0.04
329.40000000000003,2.108,1.306,0.585,0.865,0.662,0.221,0.039
329.5,2.062,1.268,0.57,0.865,0.662,0.222,0.04
329.6,2.083,1.286,0.577,0.864,0.661,0.222,0.04
329.70000000000005,2.052,1.26,0.567,0.865,0.661,0.222,0.04
329.8,2.039,1.25,0.563,0.866,0.662,0.222,0.039
329.90000000000003,2.074,1.278,0.574,0.865,0.662,0.221,0.04
330.0,2.088,1.29,0.579,0.865,0.661,0.222,0.04
330.1,2.094,1.294,0.58,0.865,0.661,0.222,0.04
330.20000000000005,2.137,1.329,0.594,0.866,0.661,0.223,0.039
330.3,2.113,1.31,0.587,0.866,0.661,0.223,0.039
330.40000000000003,2.104,1.302,0.584,0.866,0.662,0.223,0.039
330.5,2.1,1.299,0.582,0.866,0.661,0.223,0.039
330.6,2.058,1.266,0.569,0.866,0.661,0.224,0.04
330.70000000000005,2.042,1.252,0.564,0.865,0.661,0.224,0.039
330.8,2.035,1.247,0.562,0.866,0.662,0.224,0.039
330.90000000000003,2.032,1.245,0.561,0.867,0.662,0.224,0.039
331.0,2.031,1.244,0.561,0.867,0.661,0.225,0.039
331.1,2.031,1.243,0.561,0.866,0.661,0.225,0.038
331.20000000000005,2.031,1.243,0.561,0.867,0.661,0.225,0.039
331.3,2.071,1.276,0.573,0.866,0.661,0.226,0.038
331.40000000000003,2.047,1.256,0.566,0.866,0.661,0.225,0.039
331.5,2.037,1.248,0.563,0.867,0.661,0.225,0.039
331.6,2.033,1.245,0.561,0.867,0.661,0.226,0.038
331.70000000000005,2.031,1.244,0.561,0.868,0.662,0.226,0.039
331.8,2.031,1.244,0.561,0.867,0.661,0.226,0.039
331.90000000000003,2.112,1.309,0.586,0.868,0.662,0.226,0.04
332.0,2.103,1.302,0.583,0.867,0.661,0.226,0.039
332.1,2.06,1.267,0.57,0.867,0.661,0.227,0.039
332.20000000000005,2.164,1.352,0.603,0.868,0.661,0.228,0.039
332.3,2.165,1.352,0.603,0.868,0.661,0.228,0.039
332.40000000000003,2.044,1.255,0.565,0.868,0.661,0.228,0.039
332.5,1.996,1.216,0.55,0.869,0.661,0.228,0.039
332.6,1.977,1.2,0.544,0.868,0.661,0.228,0.039
332.70000000000005,1.969,1.194,0.541,0.869,0.661,0.228,0.038
332.8,1.966,1.192,0.54,0.868,0.661,0.228,0.038
332.90000000000003,2.005,1.223,0.552,0.868,0.661,0.229,0.039
333.0,1.98,1.203,0.545,0.868,0.662,0.229,0.038
333.1,1.97,1.195,0.542,0.869,0.661,0.229,0.039
333.20000000000005,1.966,1.192,0.541,0.869,0.661,0.23,0.039
333.3,1.965,1.191,0.54,0.869,0.661,0.23,0.039
333.40000000000003,1.924,1.159,0.527,0.868,0.662,0.229,0.038
333.5,1.948,1.178,0.535,0.868,0.662,0.23,0.039
333.6,1.957,1.185,0.538,0.869,0.661,0.23,0.038
333.70000000000005,1.961,1.188,0.539,0.868,0.662,0.23,0.039
333.8,1.963,1.189,0.539,0.869,0.661,0.23,0.038
333.90000000000003,1.963,1.19,0.54,0.869,0.661,0.231,0.038
334.0,1.964,1.19,0.54,0.869,0.661,0.231,0.038
334.1,1.964,1.19,0.54,0.869,0.661,0.231,0.038
334.20000000000005,1.964,1.19,0.54,0.869,0.662,0.231,0.038
334.3,1.964,1.19,0.54,0.869,0.662,0.231,0.038
334.40000000000003,1.964,1.19,0.54,0.868,0.661,0.231,0.038
334.5,1.964,1.19,0.54,0.868,0.661,0.232,0.039
334.6,1.924,1.159,0.527,0.869,0.661,0.232,0.039
334.70000000000005,1.948,1.177,0.535,0.868,0.661,0.232,0.038
334.8,1.957,1.185,0.538,0.869,0.661,0.233,0.038
334.90000000000003,1.961,1.188,0.539,0.869,0.661,0.233,0.038
335.0,1.923,1.158,0.527,0.869,0.66,0.233,0.038
335.1,1.987,1.209,0.547,0.868,0.661,0.233,0.039
335.20000000000005,1.933,1.166,0.53,0.868,0.661,0.233,0.038
335.3,1.912,1.149,0.524,0.868,0.661,0.233,0.038
335.40000000000003,1.903,1.142,0.521,0.869,0.661,0.233,0.039
335.5,1.9,1.14,0.52,0.869,0.661,0.234,0.038
335.6,1.898,1.139,0.519,0.868,0.66,0.234,0.038
335.70000000000005,1.898,1.138,0.519,0.869,0.661,0.234,0.038
335.8,1.819,1.077,0.495,0.868,0.66,0.234,0.038
335.90000000000003,1.866,1.113,0.509,0.869,0.661,0.234,0.038
336.0,1.885,1.128,0.515,0.868,0.661,0.234,0.038
336.1,1.892,1.134,0.518,0.869,0.661,0.235,0.038
336.20000000000005,1.895,1.136,0.518,0.869,0.661,0.235,0.038
336.3,1.897,1.137,0.519,0.868,0.661,0.235,0.038
336.40000000000003,1.897,1.138,0.519,0.868,0.661,0.236,0.039
336.5,1.897,1.138,0.519,0.869,0.661,0.236,0.038
336.6,1.897,1.138,0.519,0.869,0.661,0.236,0.038
336.70000000000005,1.897,1.138,0.519,0.869,0.661,0.236,0.038
336.8,1.897,1.138,0.519,0.869,0.661,0.237,0.038
336.90000000000003,1.897,1.138,0.519,0.869,0.661,0.236,0.038
337.0,1.858,1.107,0.507,0.869,0.661,0.237,0.038
337.1,1.882,1.125,0.514,0.869,0.661,0.237,0.038
337.20000000000005,1.891,1.133,0.517,0.87,0.661,0.237,0.038
337.3,1.935,1.167,0.531,0.869,0.661,0.237,0.038
337.40000000000003,1.912,1.15,0.524,0.869,0.661,0.238,0.038
337.5,1.903,1.142,0.521,0.869,0.66,0.238,0.038
337.6,1.9,1.14,0.52,0.869,0.661,0.238,0.039
337.70000000000005,1.859,1.108,0.507,0.869,0.661,0.238,0.038
337.8,1.882,1.126,0.514,0.87,0.661,0.239,0.038
337.90000000000003,2.011,1.229,0.555,0.87,0.661,0.239,0.038
338.0,1.904,1.143,0.521,0.869,0.661,0.24,0.038
338.1,1.94,1.171,0.532,0.869,0.66,0.24,0.038
338.20000000000005,1.875,1.12,0.512,0.869,0.661,0.241,0.038
338.3,1.849,1.1,0.504,0.87,0.66,0.241,0.038
338.40000000000003,1.878,1.123,0.513,0.869,0.66,0.242,0.038
338.5,1.85,1.101,0.504,0.87,0.661,0.242,0.038
338.6,1.839,1.092,0.501,0.87,0.661,0.241,0.038
338.70000000000005,1.835,1.089,0.5,0.869,0.661,0.242,0.038
338.8,1.833,1.087,0.499,0.869,0.66,0.242,0.038
338.90000000000003,1.832,1.087,0.499,0.87,0.661,0.242,0.038
339.0,1.832,1.087,0.499,0.87,0.661,0.243,0.039
339.1,1.832,1.087,0.499,0.87,0.661,0.243,0.038
339.20000000000005,1.832,1.086,0.499,0.87,0.661,0.244,0.038
339.3,1.832,1.086,0.499,0.87,0.661,0.244,0.038
339.40000000000003,1.832,1.086,0.499,0.87,0.66,0.244,0.038
339.5,1.832,1.086,0.499,0.87,0.66,0.245,0.038
339.6,1.832,1.086,0.499,0.87,0.66,0.245,0.038
339.70000000000005,1.832,1.086,0.499,0.869,0.66,0.246,0.038
339.8,1.832,1.086,0.499,0.87,0.66,0.245,0.038
339.90000000000003,1.792,1.056,0.487,0.869,0.66,0.246,0.038
340.0,1.777,1.044,0.482,0.87,0.66,0.246,0.038
340.1,1.81,1.07,0.492,0.87,0.659,0.246,0.038
340.20000000000005,1.823,1.08,0.496,0.87,0.66,0.247,0.038
340.3,1.789,1.054,0.486,0.87,0.66,0.247,0.038
340.40000000000003,1.854,1.104,0.506,0.87,0.66,0.248,0.038
340.5,1.841,1.094,0.502,0.871,0.659,0.247,0.038
340.6,1.796,1.059,0.488,0.871,0.66,0.248,0.038
340.70000000000005,1.817,1.075,0.494,0.87,0.659,0.249,0.038
340.8,1.826,1.082,0.497,0.87,0.66,0.249,0.038
340.90000000000003,1.869,1.115,0.51,0.87,0.66,0.249,0.038
341.0,1.846,1.098,0.503,0.87,0.661,0.25,0.038
341.1,1.798,1.061,0.489,0.871,0.66,0.251,0.038
341.20000000000005,1.779,1.046,0.483,0.871,0.66,0.251,0.038
341.3,1.85,1.101,0.504,0.871,0.66,0.252,0.038
341.40000000000003,1.8,1.062,0.489,0.87,0.66,0.252,0.039
341.5,1.819,1.077,0.495,0.871,0.66,0.252,0.038
341.6,1.787,1.052,0.485,0.871,0.66,0.253,0.038
341.70000000000005,1.814,1.073,0.493,0.871,0.661,0.252,0.038
341.8,1.825,1.081,0.497,0.87,0.66,0.253,0.038
341.90000000000003,1.79,1.054,0.486,0.871,0.659,0.253,0.038
342.0,1.934,1.168,0.531,0.871,0.66,0.255,0.038
342.1,1.833,1.089,0.499,0.87,0.659,0.256,0.038
342.20000000000005,1.793,1.057,0.487,0.871,0.66,0.256,0.039
342.3,1.777,1.044,0.482,0.87,0.66,0.256,0.038
342.40000000000003,1.81,1.07,0.492,0.871,0.661,0.256,0.038
342.5,1.784,1.05,0.484,0.871,0.66,0.257,0.038
342.6,1.773,1.041,0.481,0.871,0.661,0.256,0.038
342.70000000000005,1.769,1.038,0.479,0.871,0.66,0.256,0.038
342.8,1.767,1.037,0.479,0.872,0.66,0.257,0.039
342.90000000000003,1.806,1.067,0.491,0.871,0.66,0.257,0.038
343.0,1.901,1.141,0.52,0.871,0.66,0.258,0.038
343.1,1.82,1.078,0.495,0.871,0.66,0.258,0.038
343.20000000000005,1.788,1.053,0.485,0.871,0.66,0.259,0.038
343.3,1.775,1.043,0.481,0.871,0.66,0.259,0.038
343.40000000000003,1.809,1.069,0.492,0.872,0.66,0.26,0.039
343.5,1.823,1.079,0.496,0.871,0.659,0.26,0.038
343.6,1.867,1.114,0.51,0.871,0.66,0.26,0.038
343.70000000000005,1.846,1.098,0.503,0.871,0.66,0.26,0.038
343.8,1.837,1.091,0.501,0.871,0.66,0.261,0.038
343.90000000000003,1.795,1.058,0.487,0.872,0.659,0.261,0.038
344.0,1.778,1.045,0.482,0.871,0.659,0.261,0.037
344.1,1.771,1.04,0.48,0.871,0.66,0.261,0.037
344.20000000000005,1.768,1.037,0.479,0.871,0.66,0.262,0.038
344.3,1.767,1.037,0.479,0.871,0.66,0.262,0.038
344.40000000000003,1.767,1.036,0.479,0.871,0.66,0.262,0.037
344.5,1.806,1.066,0.491,0.872,0.66,0.262,0.038
344.6,1.782,1.048,0.483,0.871,0.659,0.262,0.037
344.70000000000005,1.773,1.041,0.481,0.87,0.659,0.262,0.038
344.8,1.847,1.099,0.504,0.871,0.659,0.263,0.038
344.90000000000003,1.838,1.091,0.501,0.871,0.659,0.263,0.038
345.0,1.795,1.058,0.487,0.87,0.66,0.264,0.038
345.1,1.856,1.106,0.506,0.871,0.659,0.264,0.037
345.20000000000005,1.802,1.064,0.49,0.871,0.659,0.264,0.038
345.3,1.781,1.047,0.483,0.871,0.66,0.265,0.038
345.40000000000003,1.772,1.041,0.48,0.871,0.659,0.265,0.038
345.5,1.847,1.099,0.504,0.871,0.66,0.265,0.038
345.6,1.838,1.091,0.501,0.871,0.659,0.266,0.038
345.70000000000005,1.834,1.088,0.5,0.871,0.659,0.265,0.038
345.8,1.793,1.057,0.487,0.87,0.659,0.266,0.038
345.90000000000003,1.777,1.044,0.482,0.871,0.658,0.266,0.038
346.0,1.771,1.039,0.48,0.871,0.659,0.266,0.038
346.1,1.807,1.068,0.491,0.871,0.658,0.266,0.038
346.20000000000005,1.861,1.11,0.508,0.872,0.659,0.267,0.038
346.3,1.844,1.096,0.502,0.871,0.659,0.266,0.037
346.40000000000003,1.836,1.09,0.5,0.871,0.66,0.267,0.038
346.5,1.834,1.088,0.499,0.871,0.659,0.268,0.038
346.6,1.793,1.057,0.487,0.871,0.659,0.268,0.038
346.70000000000005,1.777,1.044,0.482,0.87,0.659,0.268,0.039
346.8,1.849,1.1,0.504,0.871,0.659,0.268,0.038
346.90000000000003,1.799,1.062,0.489,0.871,0.659,0.268,0.038
347.0,1.898,1.139,0.519,0.871,0.658,0.269,0.037
347.1,1.819,1.077,0.495,0.87,0.659,0.269,0.037
347.20000000000005,1.827,1.083,0.497,0.871,0.66,0.27,0.037
347.3,1.79,1.055,0.486,0.87,0.659,0.269,0.037
347.40000000000003,1.776,1.044,0.482,0.871,0.659,0.269,0.038
347.5,1.809,1.069,0.492,0.87,0.659,0.269,0.038
347.6,1.784,1.049,0.484,0.871,0.658,0.27,0.038
347.70000000000005,1.773,1.041,0.481,0.871,0.659,0.27,0.038
347.8,1.769,1.038,0.479,0.87,0.658,0.27,0.039
347.90000000000003,1.767,1.037,0.479,0.871,0.659,0.27,0.038
348.0,1.767,1.036,0.479,0.871,0.658,0.27,0.038
348.1,1.766,1.036,0.479,0.87,0.659,0.27,0.038
348.20000000000005,1.806,1.066,0.491,0.87,0.659,0.271,0.038
348.3,1.821,1.078,0.496,0.871,0.658,0.271,0.038
348.40000000000003,1.788,1.053,0.485,0.871,0.659,0.271,0.038
348.5,1.775,1.043,0.481,0.871,0.659,0.272,0.038
348.6,1.77,1.039,0.48,0.87,0.659,0.272,0.038
348.70000000000005,1.768,1.037,0.479,0.871,0.659,0.272,0.038
348.8,1.767,1.037,0.479,0.87,0.66,0.272,0.038
348.90000000000003,1.767,1.036,0.479,0.871,0.659,0.273,0.038
349.0,1.885,1.129,0.515,0.871,0.658,0.272,0.037
349.1,1.814,1.073,0.493,0.87,0.658,0.273,0.038
349.20000000000005,1.785,1.051,0.485,0.871,0.659,0.273,0.038
349.3,1.774,1.042,0.481,0.87,0.658,0.273,0.038
349.40000000000003,1.769,1.038,0.48,0.87,0.659,0.273,0.038
349.5,1.768,1.037,0.479,0.87,0.658,0.273,0.038
349.6,1.767,1.036,0.479,0.871,0.659,0.273,0.038
349.70000000000005,1.766,1.036,0.479,0.871,0.659,0.274,0.038
349.8,1.766,1.036,0.479,0.871,0.659,0.274,0.038
349.90000000000003,1.806,1.066,0.491,0.87,0.659,0.274,0.037
350.0,1.782,1.048,0.483,0.871,0.659,0.274,0.038
350.1,1.773,1.041,0.481,0.87,0.658,0.275,0.037
350.20000000000005,1.769,1.038,0.479,0.871,0.658,0.274,0.038
350.3,1.767,1.037,0.479,0.87,0.658,0.274,0.038
350.40000000000003,1.767,1.036,0.479,0.87,0.658,0.274,0.038
350.5,1.766,1.036,0.479,0.871,0.658,0.275,0.037
350.6,1.766,1.036,0.479,0.87,0.658,0.275,0.037
350.70000000000005,1.766,1.036,0.479,0.87,0.659,0.276,0.038
350.8,1.845,1.097,0.503,0.87,0.658,0.276,0.038
350.90000000000003,1.837,1.091,0.5,0.87,0.659,0.276,0.038
351.0,1.795,1.058,0.487,0.871,0.658,0.276,0.038
351.1,1.778,1.045,0.482,0.871,0.659,0.276,0.038
351.20000000000005,1.771,1.04,0.48,0.87,0.659,0.276,0.039
351.3,1.768,1.037,0.479,0.871,0.658,0.276,0.038
351.40000000000003,1.767,1.037,0.479,0.871,0.659,0.276,0.038
351.5,1.806,1.067,0.491,0.87,0.658,0.276,0.038
351.6,1.782,1.048,0.483,0.87,0.658,0.276,0.038
351.70000000000005,1.773,1.041,0.481,0.87,0.658,0.276,0.038
351.8,1.808,1.068,0.491,0.87,0.658,0.276,0.038
351.90000000000003,1.783,1.049,0.484,0.87,0.658,0.276,0.038
352.0,1.891,1.134,0.517,0.87,0.659,0.277,0.038
352.1,1.935,1.167,0.531,0.87,0.658,0.277,0.038
352.20000000000005,1.834,1.089,0.499,0.87,0.658,0.277,0.038
352.3,1.793,1.057,0.487,0.87,0.658,0.277,0.038
352.40000000000003,1.777,1.044,0.482,0.87,0.658,0.277,0.038
352.5,1.771,1.039,0.48,0.87,0.659,0.278,0.038
352.6,1.768,1.037,0.479,0.87,0.658,0.278,0.038
352.70000000000005,1.767,1.037,0.479,0.87,0.658,0.277,0.037
352.8,1.767,1.036,0.479,0.871,0.658,0.278,0.038
352.90000000000003,1.806,1.066,0.491,0.87,0.658,0.277,0.038
353.0,1.782,1.048,0.483,0.87,0.659,0.278,0.038
353.1,1.812,1.071,0.493,0.871,0.659,0.278,0.038
353.20000000000005,1.863,1.111,0.509,0.87,0.659,0.278,0.038
353.3,1.805,1.066,0.491,0.87,0.658,0.278,0.038
353.40000000000003,1.782,1.048,0.483,0.87,0.659,0.278,0.038
353.5,1.734,1.011,0.469,0.87,0.658,0.278,0.038
353.6,1.832,1.087,0.499,0.87,0.658,0.279,0.037
353.70000000000005,1.793,1.057,0.487,0.87,0.659,0.278,0.037
353.8,1.777,1.044,0.482,0.87,0.658,0.278,0.038
353.90000000000003,1.77,1.039,0.48,0.87,0.659,0.278,0.038
354.0,1.768,1.037,0.479,0.87,0.658,0.278,0.038
354.1,1.767,1.037,0.479,0.87,0.658,0.279,0.038
354.20000000000005,1.767,1.036,0.479,0.871,0.658,0.278,0.038
354.3,1.766,1.036,0.479,0.871,0.659,0.278,0.038
354.40000000000003,1.766,1.036,0.479,0.87,0.658,0.278,0.038
354.5,1.766,1.036,0.479,0.87,0.658,0.278,0.038
354.6,1.766,1.036,0.479,0.87,0.659,0.279,0.038
354.70000000000005,1.766,1.036,0.479,0.87,0.658,0.278,0.037
354.8,1.766,1.036,0.479,0.87,0.658,0.279,0.038
354.90000000000003,1.766,1.036,0.479,0.869,0.658,0.279,0.037
355.0,1.766,1.036,0.479,0.869,0.658,0.278,0.038
355.1,1.766,1.036,0.479,0.869,0.659,0.278,0.038
355.20000000000005,1.766,1.036,0.479,0.869,0.658,0.279,0.038
355.3,1.766,1.036,0.479,0.869,0.658,0.279,0.038
355.40000000000003,1.766,1.036,0.479,0.869,0.658,0.279,0.039
355.5,1.766,1.036,0.479,0.869,0.658,0.279,0.038
355.6,1.766,1.036,0.479,0.869,0.658,0.279,0.037
355.70000000000005,1.766,1.036,0.479,0.87,0.658,0.279,0.037
355.8,1.766,1.036,0.479,0.869,0.658,0.278,0.037
355.90000000000003,1.766,1.036,0.479,0.869,0.658,0.279,0.037
356.0,1.766,1.036,0.479,0.869,0.658,0.279,0.038
356.1,1.766,1.036,0.479,0.869,0.658,0.279,0.037
356.20000000000005,1.766,1.036,0.479,0.869,0.658,0.279,0.038
356.3,1.766,1.036,0.479,0.869,0.658,0.279,0.038
356.40000000000003,1.766,1.036,0.479,0.869,0.658,0.28,0.037
356.5,1.766,1.036,0.479,0.869,0.658,0.28,0.038
356.6,1.805,1.066,0.491,0.869,0.658,0.279,0.037
356.70000000000005,1.782,1.048,0.483,0.869,0.657,0.28,0.038
356.8,1.773,1.041,0.481,0.869,0.658,0.28,0.038
356.90000000000003,1.73,1.008,0.467,0.869,0.658,0.279,0.038
357.0,1.752,1.025,0.474,0.869,0.658,0.28,0.038
357.1,1.76,1.032,0.477,0.868,0.658,0.28,0.038
357.20000000000005,1.764,1.034,0.478,0.868,0.657,0.281,0.038
357.3,1.765,1.035,0.478,0.869,0.658,0.28,0.037
357.40000000000003,1.766,1.036,0.479,0.869,0.657,0.28,0.038
357.5,1.766,1.036,0.479,0.869,0.658,0.281,0.038
357.6,1.766,1.036,0.479,0.869,0.658,0.28,0.037
357.70000000000005,1.727,1.006,0.467,0.869,0.658,0.281,0.038
357.8,1.751,1.024,0.474,0.869,0.658,0.28,0.038
357.90000000000003,1.76,1.031,0.477,0.869,0.658,0.28,0.038
358.0,1.725,1.005,0.466,0.869,0.658,0.279,0.038
358.1,1.711,0.994,0.462,0.869,0.658,0.28,0.038
358.20000000000005,1.744,1.019,0.472,0.869,0.658,0.28,0.038
358.3,1.757,1.029,0.476,0.869,0.658,0.28,0.038
358.40000000000003,1.763,1.033,0.478,0.869,0.658,0.28,0.038
358.5,1.765,1.035,0.478,0.869,0.658,0.281,0.037
358.6,1.766,1.036,0.478,0.869,0.658,0.28,0.038
358.70000000000005,1.766,1.036,0.479,0.869,0.658,0.28,0.038
358.8,1.766,1.036,0.479,0.869,0.657,0.28,0.037
358.90000000000003,1.766,1.036,0.479,0.869,0.658,0.28,0.037
359.0,1.805,1.066,0.491,0.869,0.658,0.281,0.038
359.1,1.782,1.048,0.483,0.869,0.658,0.28,0.038
359.20000000000005,1.773,1.041,0.481,0.869,0.658,0.28,0.037
359.3,1.769,1.038,0.479,0.868,0.658,0.281,0.038
359.40000000000003,1.846,1.098,0.503,0.868,0.658,0.28,0.038
359.5,1.759,1.031,0.477,0.869,0.658,0.28,0.038
359.6,1.763,1.034,0.478,0.869,0.658,0.281,0.038
359.70000000000005,1.726,1.006,0.466,0.869,0.658,0.28,0.037
359.8,1.673,0.965,0.45,0.869,0.658,0.281,0.038
359.90000000000003,1.69,0.978,0.455,0.869,0.658,0.28,0.038
360.0,1.697,0.983,0.457,0.868,0.658,0.28,0.038
360.1,1.7,0.985,0.458,0.869,0.658,0.281,0.038
360.20000000000005,1.701,0.986,0.459,0.868,0.659,0.281,0.038
360.3,1.701,0.986,0.459,0.868,0.658,0.28,0.038
360.40000000000003,1.701,0.987,0.459,0.868,0.658,0.281,0.038
360.5,1.701,0.987,0.459,0.868,0.658,0.281,0.038
360.6,1.701,0.987,0.459,0.868,0.658,0.281,0.038
360.70000000000005,1.701,0.987,0.459,0.867,0.659,0.281,0.038
360.8,1.701,0.987,0.459,0.868,0.658,0.281,0.037
360.90000000000003,1.701,0.987,0.459,0.868,0.658,0.281,0.037
361.0,1.701,0.987,0.459,0.868,0.658,0.28,0.038
361.1,1.701,0.987,0.459,0.868,0.658,0.28,0.038
361.20000000000005,1.74,1.016,0.471,0.868,0.658,0.28,0.037
361.3,1.717,0.999,0.464,0.868,0.658,0.281,0.037
361.40000000000003,1.708,0.991,0.461,0.868,0.658,0.281,0.037
361.5,1.627,0.931,0.436,0.868,0.658,0.281,0.037
361.6,1.672,0.964,0.45,0.868,0.658,0.281,0.038
361.70000000000005,1.69,0.978,0.455,0.868,0.658,0.281,0.038
361.8,1.697,0.983,0.457,0.869,0.657,0.281,0.037
361.90000000000003,1.778,1.045,0.482,0.869,0.658,0.281,0.037
362.0,1.732,1.01,0.468,0.868,0.658,0.281,0.037
362.1,1.714,0.996,0.463,0.868,0.658,0.281,0.038
362.20000000000005,1.706,0.99,0.46,0.869,0.658,0.281,0.037
362.3,1.703,0.988,0.459,0.868,0.658,0.282,0.037
362.40000000000003,1.78,1.047,0.483,0.868,0.658,0.281,0.038
362.5,1.733,1.011,0.468,0.868,0.658,0.281,0.037
362.6,1.676,0.967,0.451,0.868,0.658,0.281,0.038
362.70000000000005,1.691,0.979,0.456,0.869,0.658,0.281,0.037
362.8,1.697,0.984,0.458,0.869,0.657,0.281,0.037
362.90000000000003,1.7,0.985,0.458,0.869,0.658,0.281,0.038
363.0,1.74,1.016,0.47,0.868,0.658,0.281,0.038
363.1,1.717,0.998,0.463,0.868,0.657,0.281,0.038
363.20000000000005,1.708,0.991,0.461,0.868,0.657,0.281,0.038
363.3,1.704,0.989,0.46,0.868,0.657,0.281,0.037
363.40000000000003,1.702,0.987,0.459,0.869,0.658,0.281,0.038
363.5,1.702,0.987,0.459,0.868,0.658,0.282,0.038
363.6,1.702,0.987,0.459,0.869,0.657,0.281,0.038
363.70000000000005,1.702,0.987,0.459,0.869,0.658,0.281,0.038
363.8,1.702,0.987,0.459,0.868,0.658,0.281,0.038
363.90000000000003,1.701,0.987,0.459,0.868,0.658,0.281,0.037
364.0,1.701,0.987,0.459,0.868,0.657,0.282,0.037
364.1,1.701,0.987,0.459,0.869,0.658,0.282,0.038
364.20000000000005,1.701,0.987,0.459,0.868,0.658,0.281,0.038
364.3,1.701,0.987,0.459,0.868,0.658,0.282,0.038
364.40000000000003,1.701,0.987,0.459,0.867,0.658,0.282,0.037
364.5,1.701,0.987,0.459,0.868,0.658,0.281,0.038
364.6,1.701,0.987,0.459,0.868,0.658,0.282,0.038
364.70000000000005,1.701,0.987,0.459,0.867,0.657,0.282,0.038
364.8,1.74,1.016,0.471,0.868,0.658,0.282,0.037
364.90000000000003,1.717,0.999,0.464,0.868,0.658,0.282,0.038
365.0,1.708,0.991,0.461,0.868,0.658,0.282,0.038
365.1,1.704,0.989,0.46,0.867,0.658,0.281,0.038
365.20000000000005,1.702,0.987,0.459,0.868,0.658,0.282,0.038
365.3,1.741,1.017,0.471,0.869,0.658,0.281,0.038
365.40000000000003,1.717,0.999,0.464,0.868,0.658,0.281,0.038
365.5,1.747,1.021,0.473,0.868,0.658,0.281,0.038
365.6,1.72,1,0.464,0.868,0.658,0.281,0.038
365.70000000000005,1.748,1.022,0.473,0.869,0.658,0.282,0.038
365.8,1.605,0.915,0.43,0.869,0.658,0.282,0.037
365.90000000000003,1.663,0.958,0.447,0.868,0.658,0.282,0.037
366.0,1.725,1.005,0.466,0.868,0.658,0.282,0.038
366.1,1.711,0.994,0.462,0.869,0.658,0.282,0.037
366.20000000000005,1.705,0.99,0.46,0.868,0.657,0.282,0.038
366.3,1.703,0.988,0.459,0.868,0.657,0.281,0.038
366.40000000000003,1.702,0.987,0.459,0.868,0.658,0.281,0.038
366.5,1.702,0.987,0.459,0.867,0.658,0.281,0.038
366.6,1.702,0.987,0.459,0.868,0.658,0.282,0.038
366.70000000000005,1.702,0.987,0.459,0.869,0.658,0.282,0.037
366.8,1.663,0.958,0.447,0.868,0.658,0.281,0.037
366.90000000000003,1.725,1.005,0.466,0.868,0.658,0.282,0.038
367.0,1.75,1.024,0.474,0.868,0.657,0.282,0.037
367.1,1.721,1.001,0.465,0.868,0.658,0.281,0.037
367.20000000000005,1.671,0.963,0.449,0.868,0.658,0.281,0.038
367.3,1.689,0.977,0.455,0.868,0.658,0.281,0.038
367.40000000000003,1.697,0.983,0.457,0.868,0.658,0.282,0.037
367.5,1.7,0.985,0.458,0.867,0.657,0.281,0.037
367.6,1.74,1.016,0.47,0.867,0.658,0.281,0.037
367.70000000000005,1.756,1.028,0.475,0.868,0.658,0.281,0.037
367.8,1.762,1.033,0.477,0.868,0.658,0.281,0.038
367.90000000000003,1.726,1.005,0.466,0.867,0.657,0.281,0.037
368.0,1.75,1.024,0.474,0.868,0.658,0.281,0.037
368.1,1.721,1.001,0.465,0.868,0.658,0.281,0.037
368.20000000000005,1.748,1.022,0.473,0.868,0.658,0.282,0.038
368.3,1.72,1.001,0.464,0.867,0.658,0.282,0.037
368.40000000000003,1.709,0.992,0.461,0.868,0.658,0.281,0.038
368.5,1.666,0.96,0.448,0.867,0.657,0.281,0.038
368.6,1.687,0.976,0.454,0.866,0.657,0.281,0.037
368.70000000000005,1.696,0.982,0.457,0.867,0.657,0.281,0.038
368.8,1.699,0.985,0.458,0.867,0.658,0.281,0.037
368.90000000000003,1.701,0.986,0.459,0.866,0.657,0.281,0.037
369.0,1.701,0.986,0.459,0.866,0.657,0.281,0.038
369.1,1.701,0.987,0.459,0.866,0.657,0.281,0.037
369.20000000000005,1.701,0.987,0.459,0.867,0.658,0.28,0.037
369.3,1.663,0.958,0.447,0.866,0.657,0.28,0.037
369.40000000000003,1.686,0.975,0.454,0.866,0.658,0.281,0.037
369.5,1.734,1.012,0.469,0.866,0.657,0.28,0.037
369.6,1.715,0.997,0.463,0.865,0.657,0.281,0.037
369.70000000000005,1.707,0.991,0.46,0.866,0.657,0.281,0.037
369.8,1.742,1.018,0.471,0.867,0.658,0.281,0.038
369.90000000000003,1.718,0.999,0.464,0.867,0.658,0.28,0.038
370.0,1.747,1.021,0.473,0.866,0.658,0.28,0.037
370.1,1.72,1.001,0.464,0.866,0.658,0.281,0.037
370.20000000000005,1.709,0.992,0.461,0.866,0.658,0.28,0.037
370.3,1.704,0.989,0.46,0.866,0.657,0.281,0.037
370.40000000000003,1.742,1.017,0.471,0.867,0.658,0.281,0.037
370.5,1.718,0.999,0.464,0.866,0.658,0.281,0.037
370.6,1.708,0.992,0.461,0.866,0.657,0.281,0.037
370.70000000000005,1.704,0.989,0.46,0.866,0.658,0.281,0.037
370.8,1.703,0.987,0.459,0.866,0.657,0.281,0.037
370.90000000000003,1.663,0.958,0.447,0.866,0.657,0.281,0.037
371.0,1.686,0.975,0.454,0.866,0.658,0.281,0.037
371.1,1.695,0.982,0.457,0.866,0.657,0.28,0.037
371.20000000000005,1.66,0.956,0.446,0.865,0.657,0.281,0.037
371.3,1.685,0.974,0.454,0.866,0.658,0.281,0.038
371.40000000000003,1.695,0.982,0.457,0.866,0.657,0.281,0.037
371.5,1.699,0.985,0.458,0.866,0.657,0.281,0.037
371.6,1.7,0.986,0.458,0.866,0.657,0.281,0.038
371.70000000000005,1.662,0.957,0.447,0.865,0.657,0.28,0.037
371.8,1.686,0.975,0.454,0.866,0.657,0.28,0.037
371.90000000000003,1.657,0.953,0.445,0.866,0.657,0.281,0.037
372.0,1.684,0.973,0.453,0.866,0.658,0.281,0.038
372.1,1.694,0.981,0.457,0.866,0.657,0.281,0.037
372.20000000000005,1.699,0.984,0.458,0.866,0.657,0.281,0.037
372.3,1.7,0.986,0.458,0.866,0.657,0.281,0.037
372.40000000000003,1.701,0.986,0.459,0.866,0.657,0.281,0.037
372.5,1.701,0.986,0.459,0.866,0.658,0.281,0.037
372.6,1.701,0.987,0.459,0.866,0.658,0.281,0.037
372.70000000000005,1.701,0.987,0.459,0.866,0.657,0.281,0.038
372.8,1.701,0.987,0.459,0.866,0.657,0.281,0.038
372.90000000000003,1.701,0.987,0.459,0.866,0.657,0.28,0.037
373.0,1.701,0.987,0.459,0.865,0.657,0.28,0.037
373.1,1.701,0.987,0.459,0.866,0.657,0.281,0.037
373.20000000000005,1.701,0.987,0.459,0.866,0.657,0.281,0.038
373.3,1.701,0.987,0.459,0.866,0.658,0.28,0.038
373.40000000000003,1.701,0.987,0.459,0.866,0.657,0.28,0.038
373.5,1.701,0.987,0.459,0.866,0.658,0.281,0.037
373.6,1.701,0.987,0.459,0.866,0.658,0.281,0.037
373.70000000000005,1.701,0.987,0.459,0.865,0.657,0.28,0.037
373.8,1.701,0.987,0.459,0.865,0.657,0.28,0.037
373.90000000000003,1.701,0.987,0.459,0.866,0.657,0.28,0.037
374.0,1.701,0.987,0.459,0.865,0.657,0.28,0.038
374.1,1.701,0.987,0.459,0.865,0.657,0.28,0.037
374.20000000000005,1.701,0.987,0.459,0.865,0.658,0.281,0.037
374.3,1.74,1.016,0.471,0.865,0.657,0.28,0.038
374.40000000000003,1.756,1.028,0.475,0.865,0.658,0.28,0.038
374.5,1.723,1.003,0.465,0.865,0.657,0.281,0.037
374.6,1.71,0.993,0.461,0.865,0.657,0.28,0.037
374.70000000000005,1.705,0.989,0.46,0.866,0.658,0.28,0.037
374.8,1.703,0.988,0.459,0.865,0.657,0.279,0.037
374.90000000000003,1.625,0.929,0.436,0.866,0.657,0.28,0.037
375.0,1.671,0.964,0.449,0.865,0.657,0.28,0.037
375.1,1.689,0.977,0.455,0.865,0.657,0.279,0.037
375.20000000000005,1.697,0.983,0.457,0.864,0.657,0.28,0.037
375.3,1.738,1.015,0.47,0.865,0.657,0.28,0.037
375.40000000000003,1.716,0.998,0.463,0.865,0.657,0.28,0.037
375.5,1.707,0.991,0.461,0.866,0.657,0.28,0.037
375.6,1.704,0.988,0.46,0.865,0.657,0.281,0.037
375.70000000000005,1.741,1.017,0.471,0.865,0.658,0.28,0.037
375.8,1.679,0.97,0.452,0.865,0.657,0.28,0.037
375.90000000000003,1.692,0.98,0.456,0.865,0.657,0.28,0.037
376.0,1.698,0.984,0.458,0.864,0.657,0.28,0.037
376.1,1.7,0.986,0.458,0.865,0.657,0.28,0.037
376.20000000000005,1.701,0.986,0.459,0.865,0.657,0.28,0.037
376.3,1.663,0.957,0.447,0.864,0.657,0.28,0.037
376.40000000000003,1.686,0.975,0.454,0.865,0.657,0.28,0.037
376.5,1.695,0.982,0.457,0.866,0.657,0.28,0.037
376.6,1.699,0.985,0.458,0.865,0.657,0.28,0.037
376.70000000000005,1.739,1.016,0.47,0.866,0.657,0.28,0.037
376.8,1.717,0.998,0.463,0.865,0.657,0.28,0.037
376.90000000000003,1.708,0.991,0.461,0.866,0.658,0.28,0.037
377.0,1.704,0.988,0.46,0.865,0.658,0.28,0.037
377.1,1.664,0.958,0.447,0.866,0.657,0.279,0.037
377.20000000000005,1.686,0.975,0.454,0.865,0.657,0.28,0.037
377.3,1.695,0.982,0.457,0.865,0.657,0.28,0.037
377.40000000000003,1.699,0.985,0.458,0.865,0.657,0.28,0.038
377.5,1.701,0.986,0.458,0.865,0.657,0.28,0.037
377.6,1.701,0.986,0.459,0.865,0.657,0.28,0.037
377.70000000000005,1.663,0.957,0.447,0.865,0.657,0.279,0.037
377.8,1.647,0.946,0.442,0.865,0.657,0.28,0.037
377.90000000000003,1.68,0.97,0.452,0.865,0.658,0.28,0.037
378.0,1.693,0.98,0.456,0.866,0.657,0.279,0.037
378.1,1.698,0.984,0.458,0.865,0.657,0.279,0.037
378.20000000000005,1.662,0.957,0.447,0.865,0.658,0.279,0.037
378.3,1.685,0.975,0.454,0.865,0.657,0.279,0.037
378.40000000000003,1.695,0.982,0.457,0.866,0.657,0.28,0.038
378.5,1.699,0.985,0.458,0.865,0.657,0.279,0.037
378.6,1.7,0.986,0.458,0.865,0.657,0.279,0.037
378.70000000000005,1.662,0.957,0.447,0.865,0.657,0.279,0.036
378.8,1.647,0.946,0.442,0.865,0.657,0.279,0.036
378.90000000000003,1.68,0.97,0.452,0.866,0.657,0.279,0.037
379.0,1.693,0.98,0.456,0.866,0.657,0.279,0.037
379.1,1.659,0.955,0.446,0.865,0.657,0.279,0.037
379.20000000000005,1.685,0.974,0.454,0.865,0.657,0.279,0.037
379.3,1.695,0.982,0.457,0.865,0.657,0.279,0.037
379.40000000000003,1.699,0.985,0.458,0.864,0.657,0.278,0.037
379.5,1.7,0.986,0.458,0.865,0.657,0.279,0.037
379.6,1.662,0.957,0.447,0.865,0.657,0.279,0.037
379.70000000000005,1.647,0.946,0.442,0.865,0.657,0.279,0.037
379.8,1.68,0.97,0.452,0.866,0.657,0.278,0.037
379.90000000000003,1.654,0.951,0.444,0.865,0.657,0.279,0.037
380.0,1.644,0.943,0.441,0.865,0.657,0.278,0.037
380.1,1.678,0.969,0.452,0.864,0.657,0.279,0.037
380.20000000000005,1.692,0.98,0.456,0.865,0.657,0.278,0.037
380.3,1.659,0.955,0.446,0.864,0.657,0.278,0.037
380.40000000000003,1.646,0.945,0.442,0.865,0.657,0.279,0.037
380.5,1.641,0.941,0.44,0.864,0.657,0.279,0.037
380.6,1.677,0.968,0.451,0.865,0.657,0.279,0.037
380.70000000000005,1.692,0.979,0.456,0.865,0.658,0.279,0.037
380.8,1.698,0.984,0.458,0.865,0.657,0.278,0.037
380.90000000000003,1.7,0.985,0.458,0.865,0.657,0.278,0.037
381.0,1.662,0.957,0.447,0.865,0.657,0.278,0.037
381.1,1.647,0.946,0.442,0.865,0.657,0.278,0.037
381.20000000000005,1.68,0.97,0.452,0.865,0.656,0.279,0.036
381.3,1.654,0.951,0.444,0.865,0.657,0.278,0.036
381.40000000000003,1.683,0.972,0.453,0.864,0.658,0.278,0.037
381.5,1.694,0.981,0.456,0.865,0.657,0.278,0.037
381.6,1.66,0.955,0.446,0.866,0.657,0.278,0.037
381.70000000000005,1.685,0.974,0.454,0.865,0.657,0.278,0.037
381.8,1.773,1.042,0.481,0.864,0.657,0.278,0.037
381.90000000000003,1.691,0.979,0.456,0.864,0.657,0.278,0.037
382.0,1.697,0.984,0.458,0.865,0.657,0.278,0.037
382.1,1.7,0.985,0.458,0.865,0.657,0.278,0.037
382.20000000000005,1.662,0.957,0.447,0.864,0.657,0.278,0.036
382.3,1.686,0.975,0.454,0.865,0.657,0.279,0.037
382.40000000000003,1.695,0.982,0.457,0.864,0.657,0.278,0.037
382.5,1.66,0.956,0.446,0.865,0.657,0.279,0.037
382.6,1.646,0.945,0.442,0.864,0.657,0.278,0.037
382.70000000000005,1.679,0.97,0.452,0.865,0.657,0.278,0.037
382.8,1.654,0.951,0.444,0.865,0.657,0.278,0.037
382.90000000000003,1.683,0.972,0.453,0.865,0.657,0.278,0.037
383.0,1.655,0.952,0.445,0.865,0.657,0.278,0.038
383.1,1.644,0.944,0.441,0.865,0.658,0.278,0.037
383.20000000000005,1.64,0.94,0.44,0.865,0.658,0.278,0.037
383.3,1.716,0.998,0.463,0.865,0.657,0.278,0.037
383.40000000000003,1.707,0.991,0.461,0.864,0.658,0.278,0.037
383.5,1.704,0.988,0.459,0.864,0.657,0.278,0.037
383.6,1.664,0.958,0.447,0.865,0.657,0.278,0.037
383.70000000000005,1.725,1.005,0.466,0.864,0.656,0.278,0.036
383.8,1.711,0.994,0.462,0.864,0.657,0.278,0.037
383.90000000000003,1.705,0.99,0.46,0.864,0.656,0.278,0.037
384.0,1.627,0.946,0.439,0.82,0.623,0.264,0.035
384.1,1.546,0.897,0.417,0.785,0.596,0.252,0.034
384.20000000000005,1.49,0.864,0.402,0.757,0.575,0.243,0.032
384.3,1.436,0.831,0.387,0.734,0.558,0.236,0.031
384.40000000000003,1.393,0.805,0.375,0.716,0.544,0.23,0.031
384.5,1.378,0.799,0.371,0.702,0.533,0.226,0.03
384.6,1.347,0.779,0.363,0.691,0.525,0.222,0.03
384.70000000000005,1.322,0.763,0.356,0.682,0.518,0.219,0.029
384.8,1.302,0.75,0.35,0.674,0.512,0.217,0.029
384.90000000000003,1.286,0.74,0.346,0.668,0.508,0.215,0.029
385.0,1.273,0.732,0.342,0.664,0.504,0.213,0.029
385.1,1.272,0.733,0.342,0.66,0.502,0.212,0.028
385.20000000000005,1.262,0.726,0.339,0.657,0.499,0.211,0.028
385.3,1.264,0.728,0.34,0.655,0.498,0.21,0.028
385.40000000000003,1.265,0.73,0.34,0.653,0.496,0.21,0.028
385.5,1.266,0.731,0.341,0.652,0.495,0.209,0.028
385.6,1.267,0.732,0.341,0.651,0.494,0.208,0.028
385.70000000000005,1.277,0.74,0.344,0.65,0.494,0.208,0.028
385.8,1.266,0.732,0.341,0.649,0.493,0.208,0.028
385.90000000000003,1.267,0.733,0.341,0.648,0.493,0.207,0.028
386.0,1.267,0.734,0.341,0.648,0.492,0.207,0.028
386.1,1.258,0.727,0.339,0.647,0.492,0.207,0.028
386.20000000000005,1.26,0.729,0.339,0.647,0.492,0.207,0.028
386.3,1.262,0.73,0.34,0.646,0.492,0.207,0.028
386.40000000000003,1.264,0.732,0.341,0.646,0.491,0.206,0.028
386.5,1.265,0.733,0.341,0.646,0.491,0.206,0.028
386.6,1.266,0.733,0.341,0.646,0.491,0.206,0.028
386.70000000000005,1.267,0.734,0.341,0.646,0.491,0.206,0.028
386.8,1.258,0.727,0.339,0.646,0.491,0.206,0.028
386.90000000000003,1.25,0.722,0.336,0.645,0.491,0.206,0.028
387.0,1.245,0.717,0.335,0.645,0.491,0.205,0.028
387.1,1.259,0.729,0.339,0.645,0.491,0.205,0.027
387.20000000000005,1.262,0.73,0.34,0.645,0.491,0.205,0.028
387.3,1.273,0.739,0.343,0.645,0.491,0.205,0.028
387.40000000000003,1.292,0.753,0.349,0.645,0.491,0.205,0.028
387.5,1.287,0.75,0.348,0.645,0.491,0.205,0.028
387.6,1.284,0.747,0.347,0.645,0.491,0.205,0.028
387.70000000000005,1.281,0.745,0.346,0.645,0.491,0.204,0.028
387.8,1.279,0.743,0.345,0.645,0.491,0.204,0.028
387.90000000000003,1.287,0.749,0.348,0.645,0.491,0.204,0.028
388.0,1.283,0.747,0.347,0.645,0.491,0.204,0.028
388.1,1.281,0.745,0.346,0.645,0.491,0.204,0.028
388.20000000000005,1.278,0.743,0.345,0.645,0.491,0.204,0.028
388.3,1.277,0.742,0.344,0.645,0.491,0.203,0.028
388.40000000000003,1.275,0.741,0.344,0.645,0.491,0.203,0.028
388.5,1.274,0.74,0.344,0.645,0.491,0.203,0.028
388.6,1.283,0.746,0.346,0.644,0.491,0.203,0.028
388.70000000000005,1.28,0.744,0.346,0.644,0.491,0.203,0.028
388.8,1.288,0.75,0.348,0.644,0.491,0.203,0.028
388.90000000000003,1.294,0.755,0.35,0.644,0.491,0.203,0.028
389.0,1.289,0.751,0.348,0.644,0.491,0.202,0.028
389.1,1.305,0.763,0.353,0.644,0.491,0.202,0.028
389.20000000000005,1.307,0.765,0.354,0.644,0.491,0.202,0.028
389.3,1.31,0.767,0.355,0.643,0.491,0.202,0.028
389.40000000000003,1.302,0.761,0.352,0.643,0.491,0.202,0.028
389.5,1.325,0.778,0.359,0.643,0.491,0.202,0.028
389.6,1.323,0.777,0.359,0.643,0.491,0.201,0.028
389.70000000000005,1.313,0.769,0.356,0.643,0.491,0.201,0.028
389.8,1.323,0.777,0.359,0.643,0.491,0.201,0.028
389.90000000000003,1.322,0.777,0.359,0.643,0.491,0.201,0.028
390.0,1.322,0.776,0.358,0.643,0.491,0.201,0.028
390.1,1.321,0.775,0.358,0.642,0.491,0.2,0.028
390.20000000000005,1.32,0.775,0.358,0.642,0.491,0.2,0.028
390.3,1.32,0.775,0.358,0.642,0.491,0.2,0.028
390.40000000000003,1.32,0.774,0.358,0.642,0.491,0.199,0.028
390.5,1.31,0.767,0.355,0.642,0.491,0.199,0.028
390.6,1.311,0.768,0.355,0.641,0.491,0.199,0.028
390.70000000000005,1.313,0.769,0.356,0.641,0.491,0.199,0.028
390.8,1.314,0.77,0.356,0.641,0.491,0.198,0.028
390.90000000000003,1.315,0.771,0.356,0.641,0.491,0.198,0.028
391.0,1.315,0.771,0.356,0.641,0.491,0.198,0.028
391.1,1.326,0.779,0.36,0.64,0.491,0.197,0.028
391.20000000000005,1.334,0.785,0.362,0.64,0.491,0.197,0.028
391.3,1.341,0.791,0.364,0.64,0.491,0.197,0.028
391.40000000000003,1.346,0.795,0.366,0.64,0.491,0.196,0.028
391.5,1.35,0.798,0.367,0.64,0.491,0.196,0.028
391.6,1.353,0.8,0.368,0.64,0.491,0.195,0.028
391.70000000000005,1.356,0.803,0.369,0.64,0.491,0.195,0.028
391.8,1.358,0.804,0.37,0.64,0.491,0.195,0.028
391.90000000000003,1.36,0.806,0.37,0.64,0.491,0.195,0.028
392.0,1.361,0.807,0.371,0.64,0.491,0.194,0.028
392.1,1.363,0.807,0.371,0.64,0.492,0.194,0.028
392.20000000000005,1.363,0.808,0.371,0.64,0.491,0.194,0.028
392.3,1.364,0.809,0.371,0.64,0.491,0.193,0.028
392.40000000000003,1.365,0.809,0.372,0.639,0.491,0.193,0.028
392.5,1.365,0.809,0.372,0.639,0.491,0.193,0.028
392.6,1.365,0.81,0.372,0.639,0.491,0.192,0.028
392.70000000000005,1.366,0.81,0.372,0.639,0.491,0.192,0.028
392.8,1.376,0.818,0.375,0.638,0.491,0.192,0.028
392.90000000000003,1.374,0.816,0.374,0.638,0.491,0.192,0.028
393.0,1.382,0.823,0.377,0.638,0.491,0.192,0.028
393.1,1.37,0.813,0.373,0.638,0.491,0.191,0.028
393.20000000000005,1.369,0.813,0.373,0.638,0.491,0.191,0.028
393.3,1.369,0.812,0.373,0.638,0.491,0.191,0.028
393.40000000000003,1.368,0.812,0.373,0.638,0.491,0.19,0.028
393.5,1.368,0.812,0.373,0.638,0.491,0.19,0.028
393.6,1.388,0.827,0.379,0.638,0.491,0.19,0.028
393.70000000000005,1.383,0.824,0.377,0.638,0.491,0.189,0.028
393.8,1.38,0.821,0.376,0.638,0.491,0.189,0.028
393.90000000000003,1.377,0.819,0.375,0.638,0.491,0.189,0.028
394.0,1.346,0.795,0.366,0.638,0.491,0.189,0.028
394.1,1.35,0.798,0.367,0.638,0.491,0.189,0.028
394.20000000000005,1.373,0.816,0.374,0.638,0.491,0.188,0.028
394.3,1.362,0.808,0.371,0.638,0.491,0.188,0.028
394.40000000000003,1.373,0.816,0.374,0.638,0.491,0.188,0.028
394.5,1.372,0.815,0.374,0.638,0.491,0.188,0.028
394.6,1.381,0.822,0.377,0.638,0.491,0.187,0.028
394.70000000000005,1.388,0.827,0.379,0.638,0.491,0.187,0.028
394.8,1.384,0.824,0.377,0.637,0.491,0.187,0.028
394.90000000000003,1.39,0.829,0.379,0.637,0.491,0.187,0.028
395.0,1.395,0.833,0.381,0.637,0.491,0.186,0.028
395.1,1.39,0.829,0.379,0.637,0.491,0.186,0.028
395.20000000000005,1.395,0.833,0.381,0.637,0.491,0.186,0.028
395.3,1.389,0.828,0.379,0.637,0.491,0.186,0.028
395.40000000000003,1.395,0.832,0.381,0.637,0.491,0.185,0.028
395.5,1.399,0.836,0.382,0.637,0.491,0.185,0.028
395.6,1.402,0.838,0.383,0.637,0.491,0.185,0.028
395.70000000000005,1.405,0.841,0.384,0.637,0.491,0.185,0.028
395.8,1.417,0.85,0.388,0.637,0.491,0.184,0.028
395.90000000000003,1.407,0.842,0.385,0.636,0.491,0.184,0.028
396.0,1.409,0.844,0.385,0.636,0.491,0.184,0.028
396.1,1.42,0.853,0.389,0.636,0.491,0.184,0.028
396.20000000000005,1.419,0.852,0.388,0.636,0.491,0.184,0.028
396.3,1.419,0.851,0.388,0.636,0.491,0.183,0.028
396.40000000000003,1.428,0.859,0.391,0.636,0.491,0.183,0.028
396.5,1.446,0.873,0.397,0.636,0.491,0.183,0.028
396.6,1.44,0.868,0.395,0.636,0.491,0.183,0.028
396.70000000000005,1.435,0.864,0.393,0.636,0.491,0.182,0.028
396.8,1.431,0.861,0.392,0.636,0.491,0.182,0.028
396.90000000000003,1.428,0.859,0.391,0.636,0.491,0.182,0.028
397.0,1.426,0.857,0.39,0.636,0.492,0.182,0.028
397.1,1.434,0.863,0.393,0.636,0.492,0.182,0.028
397.20000000000005,1.43,0.86,0.392,0.636,0.491,0.181,0.028
397.3,1.427,0.858,0.391,0.636,0.491,0.181,0.028
397.40000000000003,1.425,0.856,0.39,0.636,0.491,0.181,0.028
397.5,1.433,0.863,0.393,0.636,0.491,0.181,0.028
397.6,1.43,0.86,0.392,0.636,0.492,0.181,0.028
397.70000000000005,1.427,0.858,0.391,0.636,0.492,0.181,0.028
397.8,1.425,0.856,0.39,0.636,0.492,0.18,0.028
397.90000000000003,1.423,0.855,0.39,0.636,0.492,0.18,0.028
398.0,1.422,0.853,0.389,0.636,0.492,0.18,0.028
398.1,1.42,0.853,0.389,0.636,0.492,0.18,0.028
398.20000000000005,1.42,0.852,0.388,0.636,0.491,0.18,0.028
398.3,1.429,0.859,0.391,0.636,0.492,0.18,0.028
398.40000000000003,1.436,0.865,0.394,0.636,0.492,0.179,0.028
398.5,1.432,0.862,0.392,0.637,0.492,0.179,0.028
398.6,1.439,0.867,0.394,0.637,0.492,0.179,0.028
398.70000000000005,1.434,0.863,0.393,0.637,0.491,0.179,0.028
398.8,1.461,0.884,0.401,0.637,0.492,0.178,0.028
398.90000000000003,1.452,0.877,0.398,0.636,0.492,0.178,0.028
399.0,1.435,0.864,0.393,0.636,0.492,0.178,0.028
399.1,1.431,0.861,0.392,0.636,0.492,0.178,0.028
399.20000000000005,1.428,0.859,0.391,0.636,0.492,0.178,0.028
399.3,1.425,0.857,0.39,0.636,0.492,0.177,0.028
399.40000000000003,1.434,0.863,0.393,0.636,0.492,0.177,0.028
399.5,1.47,0.892,0.404,0.636,0.492,0.177,0.028
399.6,1.459,0.884,0.401,0.636,0.492,0.177,0.028
399.70000000000005,1.471,0.893,0.404,0.636,0.492,0.177,0.028
399.8,1.47,0.892,0.404,0.636,0.492,0.176,0.028
399.90000000000003,1.479,0.899,0.407,0.636,0.492,0.176,0.028
400.0,1.476,0.897,0.406,0.636,0.492,0.176,0.028
400.1,1.504,0.919,0.415,0.636,0.492,0.176,0.028
400.20000000000005,1.496,0.913,0.412,0.636,0.492,0.175,0.028
400.3,1.49,0.908,0.411,0.636,0.492,0.175,0.028
400.40000000000003,1.485,0.904,0.409,0.636,0.492,0.175,0.028
400.5,1.471,0.893,0.405,0.636,0.492,0.175,0.028
400.6,1.49,0.908,0.411,0.636,0.492,0.174,0.029
400.70000000000005,1.495,0.912,0.412,0.636,0.492,0.174,0.028
400.8,1.489,0.907,0.41,0.636,0.492,0.174,0.029
400.90000000000003,1.494,0.911,0.412,0.636,0.492,0.174,0.029
401.0,1.489,0.907,0.41,0.636,0.492,0.173,0.029
401.1,1.484,0.903,0.409,0.636,0.492,0.173,0.029
401.20000000000005,1.49,0.908,0.411,0.636,0.492,0.173,0.029
401.3,1.475,0.896,0.406,0.636,0.492,0.173,0.029
401.40000000000003,1.473,0.894,0.405,0.636,0.492,0.173,0.029
401.5,1.472,0.893,0.405,0.636,0.492,0.172,0.029
401.6,1.461,0.884,0.401,0.636,0.492,0.172,0.029
401.70000000000005,1.462,0.885,0.402,0.636,0.492,0.172,0.029
401.8,1.462,0.886,0.402,0.636,0.492,0.172,0.029
401.90000000000003,1.463,0.886,0.402,0.636,0.492,0.172,0.029
402.0,1.484,0.903,0.408,0.636,0.492,0.172,0.029
402.1,1.48,0.9,0.407,0.636,0.492,0.172,0.029
402.20000000000005,1.477,0.897,0.406,0.636,0.492,0.172,0.029
402.3,1.465,0.888,0.403,0.636,0.492,0.171,0.029
402.40000000000003,1.455,0.88,0.4,0.636,0.492,0.171,0.029
402.5,1.457,0.882,0.4,0.636,0.492,0.171,0.029
402.6,1.459,0.883,0.401,0.636,0.492,0.171,0.029
402.70000000000005,1.46,0.884,0.401,0.636,0.492,0.171,0.029
402.8,1.461,0.885,0.401,0.636,0.492,0.171,0.029
402.90000000000003,1.452,0.878,0.399,0.635,0.492,0.171,0.029
403.0,1.465,0.888,0.403,0.636,0.492,0.17,0.029
403.1,1.475,0.896,0.406,0.636,0.492,0.17,0.029
403.20000000000005,1.473,0.894,0.405,0.636,0.492,0.17,0.029
403.3,1.471,0.893,0.405,0.636,0.492,0.17,0.029
403.40000000000003,1.47,0.892,0.404,0.636,0.492,0.17,0.029
403.5,1.469,0.891,0.404,0.636,0.492,0.17,0.029
403.6,1.459,0.883,0.401,0.636,0.492,0.17,0.029
403.70000000000005,1.46,0.884,0.401,0.636,0.492,0.169,0.029
403.8,1.461,0.885,0.401,0.636,0.492,0.169,0.029
403.90000000000003,1.472,0.893,0.405,0.636,0.492,0.169,0.029
404.0,1.471,0.892,0.404,0.636,0.492,0.169,0.029
404.1,1.48,0.899,0.407,0.635,0.492,0.169,0.029
404.20000000000005,1.477,0.897,0.406,0.636,0.492,0.169,0.029
404.3,1.474,0.895,0.406,0.635,0.492,0.169,0.029
404.40000000000003,1.473,0.894,0.405,0.635,0.492,0.168,0.029
404.5,1.471,0.893,0.405,0.635,0.492,0.168,0.029
404.6,1.47,0.892,0.404,0.635,0.492,0.168,0.029
404.70000000000005,1.469,0.891,0.404,0.635,0.492,0.168,0.029
404.8,1.458,0.883,0.401,0.635,0.492,0.168,0.029
404.90000000000003,1.46,0.884,0.401,0.635,0.492,0.168,0.029
405.0,1.461,0.885,0.401,0.634,0.492,0.167,0.029
405.1,1.472,0.893,0.405,0.634,0.492,0.167,0.029
405.20000000000005,1.481,0.9,0.407,0.634,0.492,0.167,0.029
405.3,1.478,0.898,0.407,0.634,0.492,0.167,0.029
405.40000000000003,1.495,0.912,0.412,0.634,0.492,0.167,0.029
405.5,1.489,0.907,0.41,0.634,0.492,0.166,0.029
405.6,1.494,0.911,0.412,0.634,0.492,0.166,0.029
405.70000000000005,1.499,0.915,0.413,0.634,0.492,0.166,0.029
405.8,1.502,0.917,0.414,0.634,0.492,0.166,0.029
405.90000000000003,1.495,0.911,0.412,0.634,0.492,0.166,0.029
406.0,1.489,0.907,0.41,0.634,0.492,0.166,0.029
406.1,1.484,0.903,0.409,0.634,0.492,0.165,0.029
406.20000000000005,1.49,0.908,0.411,0.634,0.492,0.165,0.029
406.3,1.485,0.904,0.409,0.634,0.492,0.165,0.029
406.40000000000003,1.491,0.909,0.411,0.634,0.492,0.165,0.029
406.5,1.506,0.921,0.416,0.634,0.492,0.165,0.029
406.6,1.508,0.922,0.416,0.634,0.492,0.165,0.029
406.70000000000005,1.509,0.923,0.417,0.634,0.492,0.165,0.029
406.8,1.511,0.924,0.417,0.635,0.492,0.165,0.029
406.90000000000003,1.512,0.925,0.417,0.634,0.492,0.165,0.029
407.0,1.512,0.925,0.417,0.635,0.492,0.165,0.029
407.1,1.493,0.91,0.411,0.635,0.492,0.165,0.029
407.20000000000005,1.487,0.906,0.41,0.635,0.492,0.165,0.029
407.3,1.503,0.918,0.415,0.634,0.492,0.164,0.029
407.40000000000003,1.506,0.92,0.415,0.635,0.492,0.164,0.029
407.5,1.518,0.93,0.419,0.635,0.492,0.164,0.029
407.6,1.517,0.929,0.419,0.635,0.492,0.164,0.029
407.70000000000005,1.547,0.954,0.428,0.635,0.492,0.164,0.029
407.8,1.541,0.949,0.426,0.635,0.492,0.164,0.029
407.90000000000003,1.536,0.944,0.425,0.636,0.492,0.164,0.029
408.0,1.542,0.949,0.427,0.636,0.492,0.164,0.029
408.1,1.536,0.945,0.425,0.636,0.492,0.164,0.029
408.20000000000005,1.502,0.918,0.414,0.636,0.492,0.164,0.029
408.3,1.505,0.92,0.415,0.636,0.492,0.164,0.029
408.40000000000003,1.507,0.921,0.416,0.636,0.492,0.164,0.029
408.5,1.509,0.923,0.416,0.636,0.492,0.164,0.029
408.6,1.51,0.924,0.417,0.636,0.493,0.164,0.029
408.70000000000005,1.511,0.925,0.417,0.636,0.493,0.164,0.029
408.8,1.512,0.925,0.417,0.636,0.493,0.164,0.029
408.90000000000003,1.513,0.926,0.417,0.636,0.493,0.163,0.029
409.0,1.513,0.926,0.418,0.636,0.493,0.163,0.029
409.1,1.514,0.926,0.418,0.636,0.493,0.163,0.029
409.20000000000005,1.504,0.919,0.415,0.636,0.493,0.163,0.029
409.3,1.496,0.913,0.412,0.636,0.493,0.163,0.029
409.40000000000003,1.5,0.916,0.414,0.636,0.493,0.163,0.029
409.5,1.493,0.91,0.411,0.636,0.493,0.163,0.029
409.6,1.498,0.914,0.413,0.636,0.493,0.163,0.029
409.70000000000005,1.491,0.909,0.411,0.636,0.493,0.163,0.029
409.8,1.496,0.912,0.412,0.636,0.493,0.163,0.03
409.90000000000003,1.5,0.915,0.413,0.636,0.493,0.163,0.029
410.0,1.503,0.918,0.414,0.636,0.493,0.163,0.03
410.1,1.505,0.92,0.415,0.636,0.493,0.163,0.029
410.20000000000005,1.507,0.921,0.416,0.636,0.493,0.163,0.029
410.3,1.509,0.923,0.416,0.636,0.493,0.163,0.029
410.40000000000003,1.51,0.924,0.417,0.636,0.493,0.163,0.029
410.5,1.511,0.925,0.417,0.636,0.493,0.162,0.029
410.6,1.512,0.925,0.417,0.636,0.493,0.162,0.029
410.70000000000005,1.513,0.926,0.418,0.636,0.493,0.162,0.029
410.8,1.513,0.926,0.418,0.636,0.493,0.162,0.029
410.90000000000003,1.824,1.116,0.503,0.766,0.592,0.195,0.035
411.0,1.948,1.192,0.538,0.817,0.633,0.208,0.038
411.1,2.038,1.255,0.564,0.837,0.649,0.214,0.039
411.20000000000005,2.033,1.248,0.562,0.846,0.656,0.216,0.039
411.3,2.032,1.245,0.561,0.849,0.658,0.216,0.04
411.40000000000003,2.031,1.244,0.561,0.85,0.659,0.217,0.039
411.5,2.031,1.244,0.561,0.851,0.66,0.216,0.039
411.6,2.031,1.243,0.561,0.851,0.66,0.217,0.039
411.70000000000005,2.071,1.276,0.573,0.851,0.66,0.217,0.04
411.8,2.047,1.256,0.566,0.85,0.66,0.217,0.04
411.90000000000003,2.118,1.314,0.588,0.85,0.66,0.216,0.039
412.0,2.065,1.271,0.572,0.849,0.661,0.216,0.04
412.1,2.044,1.255,0.565,0.85,0.66,0.216,0.039
412.20000000000005,2.036,1.248,0.562,0.849,0.66,0.216,0.039
412.3,2.033,1.245,0.561,0.849,0.66,0.215,0.04
412.40000000000003,2.031,1.244,0.561,0.85,0.661,0.215,0.04
412.5,2.031,1.243,0.561,0.849,0.66,0.216,0.039
412.6,2.071,1.276,0.573,0.85,0.66,0.215,0.039
412.70000000000005,2.047,1.256,0.566,0.85,0.66,0.215,0.04
412.8,2.037,1.248,0.563,0.851,0.66,0.215,0.039
412.90000000000003,2.033,1.245,0.561,0.852,0.66,0.216,0.039
413.0,2.072,1.276,0.574,0.851,0.66,0.216,0.039
413.1,2.087,1.289,0.578,0.85,0.66,0.215,0.039
413.20000000000005,2.053,1.262,0.568,0.851,0.661,0.215,0.04
413.3,1.96,1.187,0.539,0.851,0.66,0.215,0.04
413.40000000000003,2.002,1.221,0.552,0.852,0.661,0.215,0.04
413.5,2.019,1.234,0.557,0.852,0.66,0.215,0.04
413.6,2.026,1.24,0.559,0.852,0.66,0.215,0.04
413.70000000000005,2.069,1.274,0.573,0.852,0.66,0.215,0.04
413.8,2.046,1.256,0.565,0.853,0.66,0.215,0.04
413.90000000000003,2.077,1.281,0.575,0.852,0.66,0.215,0.04
414.0,2.13,1.324,0.592,0.853,0.661,0.215,0.04
414.1,2.111,1.308,0.586,0.853,0.661,0.215,0.04
414.20000000000005,2.062,1.269,0.571,0.853,0.661,0.215,0.04
414.3,2.084,1.286,0.577,0.853,0.661,0.215,0.039
414.40000000000003,2.092,1.293,0.58,0.854,0.66,0.215,0.039
414.5,2.055,1.263,0.568,0.853,0.66,0.215,0.039
414.6,2.081,1.284,0.576,0.854,0.66,0.215,0.039
414.70000000000005,2.051,1.259,0.567,0.853,0.66,0.215,0.039
414.8,2.038,1.25,0.563,0.853,0.66,0.214,0.04
414.90000000000003,2.034,1.246,0.562,0.854,0.66,0.214,0.04
415.0,2.032,1.244,0.561,0.854,0.66,0.215,0.039
415.1,2.031,1.244,0.561,0.855,0.66,0.215,0.04
415.20000000000005,2.071,1.276,0.573,0.855,0.66,0.215,0.04
415.3,2.047,1.256,0.566,0.855,0.66,0.215,0.04
415.40000000000003,2.118,1.314,0.588,0.855,0.66,0.215,0.039
415.5,2.065,1.271,0.572,0.855,0.66,0.215,0.04
415.6,2.044,1.255,0.565,0.855,0.66,0.215,0.039
415.70000000000005,2.036,1.248,0.562,0.856,0.66,0.215,0.04
415.8,2.033,1.245,0.561,0.855,0.66,0.215,0.04
415.90000000000003,2.072,1.276,0.573,0.855,0.661,0.215,0.039
416.0,2.047,1.256,0.566,0.855,0.66,0.215,0.04
416.1,2.077,1.281,0.575,0.855,0.66,0.215,0.04
416.20000000000005,2.049,1.258,0.566,0.856,0.661,0.215,0.04
416.3,2.038,1.249,0.563,0.855,0.661,0.215,0.04
416.40000000000003,2.033,1.246,0.561,0.856,0.661,0.215,0.04
416.5,2.032,1.244,0.561,0.857,0.661,0.216,0.04
416.6,2.031,1.244,0.561,0.856,0.661,0.216,0.04
416.70000000000005,2.031,1.243,0.561,0.856,0.661,0.215,0.039
416.8,2.071,1.276,0.573,0.857,0.661,0.216,0.04
416.90000000000003,2.007,1.224,0.553,0.857,0.66,0.215,0.04
417.0,2.021,1.236,0.558,0.857,0.66,0.216,0.04
417.1,2.027,1.24,0.559,0.856,0.661,0.216,0.04
417.20000000000005,2.029,1.242,0.56,0.857,0.661,0.216,0.04
417.3,2.03,1.243,0.56,0.857,0.661,0.216,0.04
417.40000000000003,2.03,1.243,0.56,0.858,0.661,0.216,0.04
417.5,2.03,1.243,0.561,0.857,0.661,0.216,0.04
417.6,1.99,1.211,0.548,0.858,0.661,0.216,0.04
417.70000000000005,1.895,1.136,0.518,0.858,0.662,0.216,0.04
417.8,1.976,1.2,0.544,0.858,0.661,0.216,0.04
417.90000000000003,2.009,1.226,0.554,0.858,0.661,0.216,0.04
418.0,2.022,1.236,0.558,0.858,0.66,0.217,0.039
418.1,2.027,1.24,0.559,0.858,0.661,0.216,0.039
418.20000000000005,1.989,1.21,0.548,0.857,0.661,0.216,0.04
418.3,2.014,1.23,0.555,0.858,0.661,0.216,0.04
418.40000000000003,2.024,1.238,0.558,0.858,0.661,0.217,0.04
418.5,2.028,1.241,0.56,0.858,0.66,0.216,0.04
418.6,2.029,1.242,0.56,0.858,0.661,0.216,0.04
418.70000000000005,2.111,1.308,0.586,0.858,0.661,0.216,0.039
418.8,2.063,1.269,0.571,0.858,0.661,0.216,0.039
418.90000000000003,2.084,1.286,0.577,0.858,0.662,0.217,0.04
419.0,2.052,1.26,0.567,0.858,0.661,0.217,0.04
419.1,2.039,1.25,0.563,0.858,0.661,0.217,0.04
419.20000000000005,2.034,1.246,0.562,0.858,0.661,0.217,0.04
419.3,2.032,1.244,0.561,0.858,0.661,0.217,0.04
419.40000000000003,2.031,1.244,0.561,0.858,0.662,0.217,0.039
419.5,2.031,1.243,0.561,0.859,0.661,0.217,0.039
419.6,2.031,1.243,0.561,0.858,0.661,0.217,0.04
419.70000000000005,2.03,1.243,0.561,0.859,0.662,0.217,0.039
419.8,2.03,1.243,0.561,0.859,0.661,0.217,0.04
419.90000000000003,2.03,1.243,0.561,0.859,0.661,0.217,0.039
420.0,2.03,1.243,0.561,0.86,0.661,0.217,0.04
420.1,2.03,1.243,0.561,0.859,0.662,0.218,0.04
420.20000000000005,2.03,1.243,0.561,0.859,0.661,0.217,0.04
420.3,2.03,1.243,0.561,0.859,0.661,0.217,0.04
420.40000000000003,2.03,1.243,0.561,0.859,0.662,0.217,0.04
420.5,2.03,1.243,0.561,0.86,0.662,0.217,0.04
420.6,2.111,1.309,0.586,0.86,0.662,0.218,0.04
420.70000000000005,2.063,1.269,0.571,0.86,0.661,0.217,0.04
420.8,2.043,1.254,0.565,0.861,0.662,0.218,0.04
420.90000000000003,1.996,1.215,0.55,0.86,0.661,0.217,0.04
421.0,1.897,1.138,0.519,0.86,0.662,0.218,0.039
421.1,1.937,1.169,0.531,0.86,0.662,0.217,0.04
421.20000000000005,2.033,1.246,0.562,0.861,0.661,0.218,0.04
421.3,2.072,1.277,0.574,0.86,0.661,0.217,0.039
421.40000000000003,2.047,1.257,0.566,0.86,0.661,0.217,0.039
421.5,1.997,1.217,0.55,0.859,0.661,0.217,0.04
421.6,2.017,1.233,0.556,0.86,0.662,0.218,0.039
421.70000000000005,1.985,1.207,0.546,0.86,0.661,0.218,0.04
421.8,1.972,1.197,0.542,0.86,0.661,0.218,0.039
421.90000000000003,2.047,1.257,0.566,0.861,0.662,0.218,0.04
422.0,2.037,1.249,0.563,0.86,0.662,0.218,0.039
422.1,1.993,1.214,0.549,0.86,0.662,0.218,0.04
422.20000000000005,1.975,1.199,0.543,0.86,0.661,0.218,0.039
422.3,2.008,1.226,0.554,0.86,0.661,0.218,0.04
422.40000000000003,2.062,1.269,0.57,0.861,0.662,0.218,0.04
422.5,2.043,1.253,0.564,0.861,0.662,0.218,0.04
422.6,1.995,1.215,0.55,0.86,0.661,0.219,0.039
422.70000000000005,2.016,1.232,0.556,0.861,0.661,0.218,0.04
422.8,2.025,1.239,0.559,0.861,0.661,0.218,0.04
422.90000000000003,1.988,1.21,0.547,0.86,0.662,0.218,0.04
423.0,2.014,1.23,0.555,0.861,0.662,0.218,0.039
423.1,1.944,1.175,0.534,0.861,0.662,0.218,0.04
423.20000000000005,1.996,1.216,0.55,0.861,0.661,0.219,0.039
423.3,2.057,1.265,0.569,0.86,0.662,0.218,0.039
423.40000000000003,2.041,1.252,0.564,0.861,0.662,0.218,0.04
423.5,1.995,1.215,0.549,0.861,0.662,0.218,0.04
423.6,2.097,1.297,0.581,0.861,0.662,0.218,0.039
423.70000000000005,2.057,1.265,0.569,0.861,0.661,0.219,0.039
423.8,2.041,1.252,0.564,0.861,0.662,0.219,0.039
423.90000000000003,2.035,1.247,0.562,0.861,0.662,0.219,0.039
424.0,2.032,1.245,0.561,0.861,0.662,0.219,0.039
424.1,2.031,1.244,0.561,0.861,0.663,0.218,0.04
424.20000000000005,2.031,1.243,0.561,0.861,0.662,0.219,0.04
424.3,2.031,1.243,0.561,0.861,0.662,0.218,0.04
424.40000000000003,2.03,1.243,0.561,0.862,0.663,0.219,0.039
424.5,2.03,1.243,0.561,0.861,0.662,0.219,0.039
424.6,2.03,1.243,0.561,0.861,0.662,0.22,0.039
424.70000000000005,2.111,1.309,0.586,0.861,0.663,0.219,0.04
424.8,2.144,1.335,0.596,0.861,0.663,0.219,0.039
424.90000000000003,2.116,1.312,0.587,0.861,0.662,0.219,0.039
425.0,2.065,1.271,0.571,0.861,0.663,0.218,0.039
425.1,2.044,1.254,0.565,0.861,0.662,0.218,0.039
425.20000000000005,2.036,1.248,0.562,0.86,0.662,0.219,0.039
425.3,2.033,1.245,0.561,0.86,0.662,0.219,0.039
425.40000000000003,2.072,1.276,0.573,0.86,0.662,0.219,0.038
425.5,2.047,1.256,0.566,0.861,0.662,0.22,0.039
425.6,2.077,1.281,0.575,0.861,0.663,0.22,0.04
425.70000000000005,2.049,1.258,0.566,0.862,0.663,0.22,0.039
425.8,2.038,1.249,0.563,0.861,0.662,0.22,0.04
425.90000000000003,2.033,1.246,0.561,0.862,0.662,0.22,0.039
426.0,2.032,1.244,0.561,0.861,0.663,0.22,0.04
426.1,2.031,1.244,0.561,0.861,0.662,0.22,0.04
426.20000000000005,2.031,1.243,0.561,0.861,0.662,0.22,0.04
426.3,2.031,1.243,0.561,0.861,0.663,0.219,0.04
426.40000000000003,2.03,1.243,0.561,0.86,0.662,0.22,0.039
426.5,1.99,1.211,0.548,0.861,0.663,0.22,0.04
426.6,2.014,1.23,0.556,0.861,0.662,0.219,0.039
426.70000000000005,2.024,1.238,0.559,0.86,0.662,0.22,0.04
426.8,2.068,1.274,0.572,0.861,0.663,0.22,0.039
426.90000000000003,2.046,1.255,0.565,0.86,0.662,0.22,0.04
427.0,2.036,1.248,0.562,0.86,0.663,0.22,0.04
427.1,2.033,1.245,0.561,0.86,0.662,0.22,0.04
427.20000000000005,1.991,1.212,0.548,0.861,0.663,0.22,0.039
427.3,2.055,1.263,0.568,0.861,0.662,0.22,0.039
427.40000000000003,2.04,1.251,0.564,0.861,0.662,0.22,0.039
427.5,2.034,1.246,0.562,0.861,0.663,0.22,0.039
427.6,2.032,1.244,0.561,0.862,0.663,0.22,0.039
427.70000000000005,2.031,1.244,0.561,0.861,0.662,0.22,0.039
427.8,2.031,1.243,0.561,0.861,0.662,0.22,0.039
427.90000000000003,2.031,1.243,0.561,0.861,0.663,0.22,0.039
428.0,2.03,1.243,0.561,0.861,0.663,0.22,0.04
428.1,2.03,1.243,0.561,0.862,0.663,0.22,0.04
428.20000000000005,2.03,1.243,0.561,0.862,0.663,0.22,0.04
428.3,2.03,1.243,0.561,0.862,0.663,0.221,0.04
428.40000000000003,1.99,1.211,0.548,0.861,0.663,0.221,0.039
428.5,2.014,1.23,0.556,0.863,0.663,0.22,0.04
428.6,2.024,1.238,0.559,0.862,0.663,0.221,0.04
428.70000000000005,2.028,1.241,0.56,0.862,0.663,0.221,0.039
428.8,2.029,1.242,0.56,0.862,0.663,0.221,0.04
428.90000000000003,2.03,1.243,0.56,0.863,0.663,0.221,0.04
429.0,2.03,1.243,0.56,0.864,0.663,0.221,0.039
429.1,2.03,1.243,0.561,0.863,0.663,0.221,0.04
429.20000000000005,2.03,1.243,0.561,0.863,0.663,0.221,0.039
429.3,2.03,1.243,0.561,0.864,0.663,0.221,0.04
429.40000000000003,2.03,1.243,0.561,0.863,0.663,0.221,0.039
429.5,2.03,1.243,0.561,0.862,0.662,0.221,0.039
429.6,2.03,1.243,0.561,0.862,0.663,0.221,0.039
429.70000000000005,2.03,1.243,0.561,0.863,0.663,0.222,0.039
429.8,2.03,1.243,0.561,0.862,0.663,0.221,0.039
429.90000000000003,2.03,1.243,0.561,0.863,0.663,0.222,0.04
430.0,2.03,1.243,0.561,0.864,0.663,0.221,0.04
430.1,2.03,1.243,0.561,0.863,0.663,0.221,0.04
430.20000000000005,2.03,1.243,0.561,0.862,0.663,0.221,0.04
430.3,2.03,1.243,0.561,0.862,0.663,0.221,0.039
430.40000000000003,2.03,1.243,0.561,0.862,0.663,0.222,0.04
430.5,2.03,1.243,0.561,0.863,0.663,0.221,0.04
430.6,2.03,1.243,0.561,0.864,0.663,0.222,0.04
430.70000000000005,2.03,1.243,0.561,0.863,0.663,0.222,0.04
430.8,2.03,1.243,0.561,0.863,0.663,0.222,0.04
430.90000000000003,2.03,1.243,0.561,0.864,0.663,0.222,0.04
431.0,2.03,1.243,0.561,0.864,0.664,0.222,0.04
431.1,2.03,1.243,0.561,0.864,0.663,0.222,0.04
431.20000000000005,2.03,1.243,0.561,0.864,0.664,0.222,0.04
431.3,2.03,1.243,0.561,0.864,0.663,0.222,0.04
431.40000000000003,2.03,1.243,0.561,0.864,0.663,0.222,0.04
431.5,2.03,1.243,0.561,0.864,0.663,0.222,0.04
431.6,2.03,1.243,0.561,0.864,0.663,0.222,0.04
431.70000000000005,2.03,1.243,0.561,0.864,0.662,0.222,0.04
431.8,2.03,1.243,0.561,0.864,0.663,0.222,0.04
431.90000000000003,1.99,1.211,0.548,0.864,0.664,0.222,0.04
432.0,2.014,1.23,0.556,0.864,0.665,0.222,0.04
432.1,2.024,1.238,0.559,0.864,0.664,0.222,0.04
432.20000000000005,2.028,1.241,0.56,0.864,0.663,0.222,0.04
432.3,2.029,1.242,0.56,0.864,0.663,0.221,0.04
432.40000000000003,1.99,1.211,0.548,0.865,0.663,0.222,0.04
432.5,1.974,1.198,0.543,0.864,0.663,0.222,0.04
432.6,2.008,1.225,0.554,0.865,0.664,0.222,0.04
432.70000000000005,2.021,1.236,0.558,0.865,0.664,0.223,0.04
432.8,2.027,1.24,0.559,0.865,0.663,0.222,0.04
432.90000000000003,2.029,1.242,0.56,0.865,0.664,0.223,0.04
433.0,2.111,1.308,0.586,0.864,0.664,0.222,0.04
433.1,2.063,1.269,0.571,0.864,0.665,0.223,0.04
433.20000000000005,2.043,1.254,0.565,0.864,0.665,0.222,0.04
433.3,2.036,1.247,0.562,0.865,0.664,0.223,0.04
433.40000000000003,2.032,1.245,0.561,0.865,0.664,0.222,0.04
433.5,2.031,1.244,0.561,0.865,0.663,0.223,0.04
433.6,2.031,1.243,0.561,0.865,0.664,0.223,0.04
433.70000000000005,2.031,1.243,0.561,0.865,0.664,0.224,0.04
433.8,2.03,1.243,0.561,0.865,0.664,0.223,0.04
433.90000000000003,2.03,1.243,0.561,0.865,0.665,0.223,0.04
434.0,2.03,1.243,0.561,0.865,0.665,0.224,0.039
434.1,2.03,1.243,0.561,0.865,0.664,0.224,0.04
434.20000000000005,2.03,1.243,0.561,0.866,0.664,0.223,0.04
434.3,2.03,1.243,0.561,0.866,0.665,0.224,0.04
434.40000000000003,2.03,1.243,0.561,0.866,0.664,0.224,0.04
434.5,2.03,1.243,0.561,0.865,0.665,0.224,0.04
434.6,2.03,1.243,0.561,0.865,0.664,0.224,0.04
434.70000000000005,1.99,1.211,0.548,0.865,0.665,0.223,0.04
434.8,2.014,1.23,0.556,0.866,0.665,0.224,0.039
434.90000000000003,2.024,1.238,0.559,0.865,0.665,0.224,0.04
435.0,2.028,1.241,0.56,0.865,0.664,0.224,0.04
435.1,2.029,1.242,0.56,0.865,0.665,0.224,0.04
435.20000000000005,2.03,1.243,0.56,0.865,0.665,0.224,0.04
435.3,2.03,1.243,0.56,0.864,0.665,0.224,0.04
435.40000000000003,1.99,1.211,0.548,0.865,0.665,0.224,0.04
435.5,2.014,1.23,0.556,0.864,0.665,0.224,0.04
435.6,2.024,1.238,0.559,0.865,0.665,0.224,0.04
435.70000000000005,2.028,1.241,0.56,0.864,0.665,0.224,0.04
435.8,2.029,1.242,0.56,0.865,0.666,0.224,0.039
435.90000000000003,2.03,1.243,0.56,0.865,0.665,0.224,0.04
436.0,2.03,1.243,0.56,0.865,0.665,0.224,0.04
436.1,2.03,1.243,0.561,0.864,0.665,0.224,0.04
436.20000000000005,2.03,1.243,0.561,0.865,0.665,0.225,0.04
436.3,2.03,1.243,0.561,0.865,0.665,0.225,0.04
436.40000000000003,2.03,1.243,0.561,0.865,0.665,0.225,0.04
436.5,2.03,1.243,0.561,0.865,0.664,0.225,0.04
436.6,2.03,1.243,0.561,0.865,0.664,0.224,0.04
436.70000000000005,2.03,1.243,0.561,0.865,0.664,0.224,0.04
436.8,2.03,1.243,0.561,0.865,0.665,0.225,0.04
436.90000000000003,2.03,1.243,0.561,0.865,0.665,0.225,0.04
437.0,2.071,1.276,0.573,0.866,0.664,0.225,0.039
437.1,2.087,1.289,0.578,0.865,0.665,0.225,0.04
437.20000000000005,2.053,1.261,0.568,0.865,0.665,0.225,0.04
437.3,2.039,1.25,0.563,0.865,0.665,0.225,0.04
437.40000000000003,2.034,1.246,0.562,0.865,0.665,0.224,0.04
437.5,2.032,1.244,0.561,0.864,0.665,0.225,0.04
437.6,1.991,1.212,0.548,0.865,0.665,0.225,0.04
437.70000000000005,2.015,1.231,0.556,0.864,0.665,0.225,0.04
437.8,2.024,1.238,0.559,0.864,0.665,0.224,0.04
437.90000000000003,2.028,1.241,0.56,0.864,0.665,0.225,0.04
438.0,2.029,1.242,0.56,0.865,0.665,0.225,0.04
438.1,2.03,1.243,0.56,0.864,0.665,0.225,0.04
438.20000000000005,2.03,1.243,0.56,0.865,0.665,0.225,0.04
438.3,2.03,1.243,0.561,0.865,0.665,0.225,0.04
438.40000000000003,2.03,1.243,0.561,0.865,0.665,0.225,0.04
438.5,2.03,1.243,0.561,0.865,0.665,0.224,0.04
438.6,2.111,1.309,0.586,0.866,0.665,0.225,0.04
438.70000000000005,2.063,1.269,0.571,0.866,0.665,0.225,0.039
438.8,2.043,1.254,0.565,0.866,0.665,0.226,0.04
438.90000000000003,2.036,1.247,0.562,0.865,0.665,0.225,0.04
439.0,2.033,1.245,0.561,0.865,0.665,0.225,0.041
439.1,2.031,1.244,0.561,0.865,0.665,0.225,0.04
439.20000000000005,2.031,1.243,0.561,0.864,0.664,0.226,0.04
439.3,2.031,1.243,0.561,0.865,0.664,0.226,0.04
439.40000000000003,2.03,1.243,0.561,0.865,0.664,0.226,0.039
439.5,2.03,1.243,0.561,0.865,0.665,0.225,0.04
439.6,2.071,1.276,0.573,0.864,0.665,0.225,0.04
439.70000000000005,2.047,1.256,0.566,0.864,0.666,0.225,0.04
439.8,2.037,1.248,0.563,0.864,0.665,0.225,0.04
439.90000000000003,2.155,1.344,0.6,0.864,0.665,0.226,0.04
440.0,2.121,1.316,0.589,0.864,0.665,0.226,0.04
440.1,2.147,1.338,0.597,0.864,0.666,0.225,0.04
440.20000000000005,1.997,1.218,0.55,0.865,0.665,0.226,0.04
440.3,2.017,1.233,0.556,0.864,0.665,0.226,0.039
440.40000000000003,2.025,1.239,0.559,0.864,0.665,0.226,0.039
440.5,2.028,1.242,0.56,0.865,0.666,0.226,0.04
440.6,2.03,1.243,0.56,0.865,0.665,0.226,0.04
440.70000000000005,2.03,1.243,0.56,0.865,0.665,0.226,0.039
440.8,2.03,1.243,0.56,0.865,0.665,0.227,0.04
440.90000000000003,2.03,1.243,0.561,0.866,0.665,0.226,0.04
441.0,2.03,1.243,0.561,0.865,0.665,0.227,0.04
441.1,2.03,1.243,0.561,0.864,0.665,0.226,0.04
441.20000000000005,2.03,1.243,0.561,0.865,0.665,0.226,0.04
441.3,2.111,1.309,0.586,0.864,0.665,0.227,0.04
441.40000000000003,2.063,1.269,0.571,0.865,0.665,0.227,0.04
441.5,2.124,1.319,0.59,0.865,0.665,0.226,0.04
441.6,2.068,1.274,0.572,0.865,0.665,0.227,0.039
441.70000000000005,2.005,1.223,0.553,0.865,0.665,0.226,0.04
441.8,2.061,1.268,0.57,0.865,0.666,0.226,0.04
441.90000000000003,2.043,1.253,0.564,0.865,0.666,0.227,0.04
442.0,2.035,1.247,0.562,0.865,0.665,0.227,0.04
442.1,2.032,1.245,0.561,0.865,0.665,0.228,0.04
442.20000000000005,2.031,1.244,0.561,0.866,0.665,0.228,0.04
442.3,2.071,1.276,0.573,0.866,0.665,0.228,0.04
442.40000000000003,2.087,1.289,0.578,0.866,0.665,0.228,0.04
442.5,2.134,1.327,0.593,0.866,0.665,0.228,0.039
442.6,2.112,1.309,0.586,0.865,0.665,0.228,0.039
442.70000000000005,2.063,1.27,0.571,0.866,0.665,0.227,0.04
442.8,2.044,1.254,0.565,0.866,0.666,0.228,0.04
442.90000000000003,2.036,1.247,0.562,0.865,0.665,0.227,0.04
443.0,2.033,1.245,0.561,0.865,0.665,0.228,0.04
443.1,2.072,1.276,0.573,0.866,0.665,0.228,0.039
443.20000000000005,2.047,1.256,0.566,0.866,0.666,0.228,0.04
443.3,2.077,1.281,0.575,0.866,0.665,0.228,0.04
443.40000000000003,2.09,1.291,0.579,0.865,0.666,0.228,0.04
443.5,2.094,1.295,0.581,0.865,0.666,0.228,0.04
443.6,2.096,1.296,0.581,0.866,0.665,0.228,0.04
443.70000000000005,2.097,1.297,0.581,0.865,0.665,0.228,0.04
443.8,2.138,1.33,0.594,0.865,0.666,0.228,0.04
443.90000000000003,2.073,1.278,0.574,0.866,0.666,0.228,0.04
444.0,2.048,1.257,0.566,0.866,0.665,0.228,0.04
444.1,2.037,1.249,0.563,0.866,0.666,0.228,0.04
444.20000000000005,2.074,1.278,0.574,0.865,0.666,0.228,0.04
444.3,2.008,1.225,0.553,0.866,0.666,0.228,0.04
444.40000000000003,2.021,1.236,0.558,0.865,0.665,0.228,0.04
444.5,2.067,1.273,0.572,0.866,0.666,0.228,0.04
444.6,2.045,1.255,0.565,0.866,0.666,0.228,0.04
444.70000000000005,2.117,1.313,0.588,0.865,0.666,0.229,0.039
444.8,2.065,1.271,0.571,0.866,0.665,0.228,0.04
444.90000000000003,2.044,1.254,0.565,0.866,0.666,0.229,0.04
445.0,1.996,1.216,0.55,0.866,0.666,0.229,0.04
445.1,2.057,1.265,0.569,0.865,0.666,0.228,0.04
445.20000000000005,2.041,1.252,0.564,0.866,0.666,0.229,0.039
445.3,2.075,1.279,0.575,0.865,0.666,0.229,0.04
445.40000000000003,2.048,1.258,0.566,0.865,0.666,0.228,0.04
445.5,2.078,1.281,0.575,0.866,0.666,0.229,0.039
445.6,2.049,1.258,0.566,0.866,0.666,0.229,0.04
445.70000000000005,2.038,1.249,0.563,0.866,0.666,0.229,0.04
445.8,2.074,1.278,0.574,0.866,0.665,0.228,0.04
445.90000000000003,2.048,1.257,0.566,0.866,0.666,0.228,0.04
446.0,2.037,1.249,0.563,0.866,0.666,0.229,0.04
446.1,2.033,1.245,0.561,0.865,0.666,0.229,0.04
446.20000000000005,2.072,1.277,0.574,0.866,0.666,0.229,0.04
446.3,2.047,1.257,0.566,0.866,0.666,0.229,0.04
446.40000000000003,2.037,1.249,0.563,0.866,0.667,0.229,0.04
446.5,2.033,1.245,0.561,0.866,0.666,0.23,0.039
446.6,2.031,1.244,0.561,0.866,0.667,0.23,0.04
446.70000000000005,2.031,1.244,0.561,0.866,0.666,0.23,0.04
446.8,2.031,1.243,0.561,0.866,0.666,0.23,0.04
446.90000000000003,2.031,1.243,0.561,0.866,0.667,0.229,0.04
447.0,2.03,1.243,0.561,0.866,0.666,0.229,0.04
447.1,2.03,1.243,0.561,0.867,0.667,0.229,0.04
447.20000000000005,2.03,1.243,0.561,0.866,0.666,0.229,0.039
447.3,2.03,1.243,0.561,0.866,0.666,0.23,0.04
447.40000000000003,2.03,1.243,0.561,0.866,0.666,0.23,0.04
447.5,2.03,1.243,0.561,0.866,0.667,0.23,0.04
447.6,2.03,1.243,0.561,0.867,0.666,0.229,0.04
447.70000000000005,2.03,1.243,0.561,0.866,0.667,0.23,0.04
447.8,2.071,1.276,0.573,0.866,0.667,0.229,0.04
447.90000000000003,2.047,1.256,0.566,0.866,0.667,0.23,0.039
448.0,2.037,1.248,0.563,0.867,0.667,0.229,0.04
448.1,1.993,1.213,0.549,0.867,0.666,0.23,0.04
448.20000000000005,1.975,1.199,0.543,0.866,0.666,0.229,0.04
448.3,2.008,1.226,0.554,0.866,0.667,0.23,0.04
448.40000000000003,2.022,1.236,0.558,0.866,0.666,0.23,0.04
448.5,2.027,1.24,0.559,0.866,0.667,0.23,0.04
448.6,2.029,1.242,0.56,0.866,0.666,0.23,0.04
448.70000000000005,2.111,1.308,0.586,0.867,0.667,0.23,0.04
448.8,2.063,1.269,0.571,0.867,0.667,0.23,0.039
448.90000000000003,2.124,1.319,0.59,0.868,0.667,0.23,0.04
449.0,2.068,1.274,0.572,0.868,0.667,0.23,0.039
449.1,2.045,1.255,0.565,0.867,0.667,0.23,0.04
449.20000000000005,2.117,1.314,0.588,0.867,0.667,0.23,0.04
449.3,2.065,1.271,0.571,0.867,0.667,0.231,0.04
449.40000000000003,2.044,1.254,0.565,0.868,0.666,0.23,0.04
449.5,2.036,1.248,0.562,0.867,0.667,0.231,0.04
449.6,2.033,1.245,0.561,0.866,0.667,0.231,0.04
449.70000000000005,2.031,1.244,0.561,0.867,0.667,0.231,0.04
449.8,2.112,1.309,0.586,0.868,0.666,0.23,0.04
449.90000000000003,2.063,1.269,0.571,0.868,0.667,0.23,0.04
450.0,2.084,1.286,0.577,0.867,0.667,0.231,0.04
450.1,2.092,1.293,0.58,0.867,0.667,0.231,0.04
450.20000000000005,2.095,1.296,0.581,0.868,0.667,0.231,0.04
450.3,2.056,1.264,0.569,0.867,0.667,0.231,0.04
450.40000000000003,1.961,1.188,0.539,0.866,0.666,0.231,0.04
450.5,2.084,1.287,0.577,0.867,0.667,0.231,0.04
450.6,2.052,1.261,0.567,0.868,0.668,0.232,0.04
450.70000000000005,2.039,1.25,0.563,0.867,0.667,0.232,0.04
450.8,2.074,1.278,0.574,0.868,0.667,0.232,0.04
450.90000000000003,2.048,1.257,0.566,0.868,0.666,0.232,0.04
451.0,2.037,1.249,0.563,0.868,0.666,0.232,0.04
451.1,2.033,1.245,0.561,0.868,0.667,0.232,0.04
451.20000000000005,2.072,1.277,0.574,0.868,0.667,0.232,0.04
451.3,2.047,1.257,0.566,0.868,0.667,0.232,0.04
451.40000000000003,2.037,1.249,0.563,0.868,0.666,0.232,0.04
451.5,2.033,1.245,0.561,0.868,0.666,0.232,0.039
451.6,2.072,1.277,0.574,0.868,0.667,0.232,0.039
451.70000000000005,2.047,1.257,0.566,0.868,0.667,0.233,0.04
451.8,1.918,1.154,0.526,0.868,0.667,0.232,0.04
451.90000000000003,1.985,1.208,0.547,0.868,0.668,0.232,0.04
452.0,2.012,1.229,0.555,0.868,0.667,0.232,0.04
452.1,2.023,1.238,0.558,0.868,0.668,0.233,0.039
452.20000000000005,2.028,1.241,0.56,0.868,0.668,0.233,0.039
452.3,2.07,1.275,0.573,0.868,0.667,0.232,0.039
452.40000000000003,2.046,1.256,0.565,0.869,0.667,0.232,0.04
452.5,2.077,1.281,0.575,0.868,0.667,0.233,0.04
452.6,2.089,1.291,0.579,0.867,0.666,0.233,0.04
452.70000000000005,2.054,1.262,0.568,0.868,0.667,0.233,0.04
452.8,2.04,1.251,0.563,0.867,0.667,0.232,0.04
452.90000000000003,2.034,1.246,0.562,0.867,0.667,0.233,0.04
453.0,2.032,1.244,0.561,0.868,0.668,0.233,0.04
453.1,2.031,1.244,0.561,0.868,0.667,0.232,0.039
453.20000000000005,2.031,1.243,0.561,0.868,0.667,0.232,0.04
453.3,2.071,1.276,0.573,0.868,0.668,0.233,0.039
453.40000000000003,2.087,1.289,0.578,0.868,0.668,0.233,0.039
453.5,2.093,1.294,0.58,0.868,0.668,0.233,0.04
453.6,2.056,1.263,0.568,0.868,0.668,0.233,0.04
453.70000000000005,2.041,1.251,0.564,0.868,0.668,0.233,0.04
453.8,2.075,1.279,0.574,0.868,0.667,0.233,0.04
453.90000000000003,2.089,1.29,0.579,0.868,0.667,0.234,0.039
454.0,2.094,1.294,0.58,0.868,0.667,0.233,0.04
454.1,2.096,1.296,0.581,0.868,0.668,0.233,0.04
454.20000000000005,2.097,1.297,0.581,0.867,0.667,0.233,0.04
454.3,2.097,1.297,0.582,0.868,0.668,0.234,0.04
454.40000000000003,2.098,1.297,0.582,0.868,0.668,0.234,0.039
454.5,2.098,1.297,0.582,0.869,0.669,0.234,0.04
454.6,2.057,1.265,0.569,0.868,0.668,0.233,0.04
454.70000000000005,2.082,1.284,0.577,0.868,0.668,0.234,0.04
454.8,2.051,1.26,0.567,0.868,0.668,0.234,0.039
454.90000000000003,2.039,1.25,0.563,0.868,0.668,0.234,0.039
455.0,2.115,1.311,0.587,0.868,0.668,0.234,0.04
455.1,2.104,1.303,0.584,0.868,0.668,0.234,0.039
455.20000000000005,2.141,1.333,0.595,0.867,0.667,0.234,0.04
455.3,2.115,1.311,0.587,0.868,0.667,0.234,0.04
455.40000000000003,2.064,1.27,0.571,0.868,0.668,0.234,0.04
455.5,2.044,1.254,0.565,0.868,0.668,0.234,0.039
455.6,2.076,1.28,0.575,0.868,0.668,0.234,0.039
455.70000000000005,2.089,1.29,0.579,0.869,0.668,0.234,0.04
455.8,2.054,1.262,0.568,0.869,0.669,0.234,0.04
455.90000000000003,2.08,1.283,0.576,0.868,0.669,0.234,0.04
456.0,2.05,1.259,0.567,0.869,0.668,0.234,0.04
456.1,2.079,1.282,0.576,0.869,0.668,0.234,0.039
456.20000000000005,2.09,1.291,0.579,0.868,0.669,0.234,0.04
456.3,2.095,1.295,0.581,0.869,0.668,0.234,0.04
456.40000000000003,2.178,1.363,0.607,0.868,0.669,0.234,0.039
456.5,2.13,1.324,0.592,0.868,0.668,0.234,0.04
456.6,2.07,1.275,0.573,0.868,0.668,0.234,0.04
456.70000000000005,2.046,1.256,0.566,0.869,0.669,0.234,0.04
456.8,2.077,1.281,0.575,0.868,0.668,0.234,0.04
456.90000000000003,2.089,1.291,0.579,0.869,0.668,0.235,0.04
457.0,2.094,1.295,0.581,0.869,0.669,0.234,0.04
457.1,2.096,1.296,0.581,0.869,0.668,0.235,0.04
457.20000000000005,2.057,1.264,0.569,0.868,0.669,0.235,0.039
457.3,2.122,1.317,0.589,0.868,0.668,0.235,0.04
457.40000000000003,2.148,1.338,0.597,0.868,0.668,0.235,0.039
457.5,2.077,1.281,0.575,0.869,0.668,0.235,0.039
457.6,2.049,1.258,0.566,0.868,0.668,0.235,0.04
457.70000000000005,2.078,1.282,0.576,0.869,0.668,0.235,0.04
457.8,2.09,1.291,0.579,0.868,0.669,0.236,0.039
457.90000000000003,2.054,1.262,0.568,0.869,0.668,0.235,0.04
458.0,2.04,1.251,0.564,0.869,0.669,0.235,0.04
458.1,2.075,1.279,0.574,0.869,0.668,0.235,0.04
458.20000000000005,2.129,1.323,0.592,0.869,0.668,0.235,0.04
458.3,2.11,1.308,0.586,0.869,0.668,0.236,0.04
458.40000000000003,2.103,1.301,0.583,0.869,0.669,0.236,0.04
458.5,2.059,1.266,0.57,0.869,0.669,0.235,0.04
458.6,2.042,1.253,0.564,0.869,0.669,0.236,0.04
458.70000000000005,2.035,1.247,0.562,0.87,0.669,0.236,0.039
458.8,2.032,1.245,0.561,0.869,0.669,0.236,0.04
458.90000000000003,2.031,1.244,0.561,0.868,0.669,0.236,0.04
459.0,2.031,1.243,0.561,0.869,0.669,0.236,0.04
459.1,2.071,1.276,0.573,0.869,0.669,0.236,0.04
459.20000000000005,2.087,1.289,0.578,0.87,0.669,0.236,0.04
459.3,2.053,1.261,0.568,0.87,0.67,0.236,0.04
459.40000000000003,2.08,1.283,0.576,0.869,0.669,0.236,0.04
459.5,2.091,1.292,0.579,0.87,0.669,0.236,0.04
459.6,2.095,1.295,0.581,0.87,0.67,0.236,0.04
459.70000000000005,2.097,1.296,0.581,0.87,0.67,0.236,0.04
459.8,2.097,1.297,0.581,0.869,0.669,0.236,0.04
459.90000000000003,2.138,1.33,0.594,0.87,0.669,0.236,0.04
460.0,2.114,1.31,0.587,0.869,0.669,0.237,0.04
460.1,2.104,1.303,0.584,0.87,0.669,0.236,0.04
460.20000000000005,2.06,1.267,0.57,0.869,0.669,0.236,0.04
460.3,2.083,1.285,0.577,0.869,0.669,0.236,0.04
460.40000000000003,2.051,1.26,0.567,0.87,0.669,0.236,0.04
460.5,2.039,1.25,0.563,0.87,0.67,0.236,0.04
460.6,2.034,1.246,0.562,0.87,0.669,0.236,0.04
460.70000000000005,2.032,1.244,0.561,0.869,0.669,0.236,0.04
460.8,2.194,1.377,0.612,0.87,0.669,0.236,0.04
460.90000000000003,2.096,1.297,0.581,0.87,0.669,0.236,0.039
461.0,2.057,1.265,0.569,0.87,0.669,0.237,0.04
461.1,2.041,1.252,0.564,0.869,0.669,0.236,0.04
461.20000000000005,2.075,1.279,0.575,0.87,0.669,0.236,0.04
461.3,2.048,1.258,0.566,0.869,0.669,0.237,0.039
461.40000000000003,2.038,1.249,0.563,0.869,0.669,0.237,0.04
461.5,2.033,1.245,0.561,0.869,0.669,0.237,0.04
461.6,2.032,1.244,0.561,0.869,0.669,0.237,0.04
461.70000000000005,2.071,1.276,0.573,0.869,0.67,0.237,0.04
461.8,2.087,1.289,0.578,0.87,0.669,0.237,0.039
461.90000000000003,2.093,1.294,0.58,0.87,0.669,0.237,0.04
462.0,2.056,1.263,0.568,0.869,0.669,0.237,0.04
462.1,2.081,1.284,0.576,0.869,0.669,0.237,0.04
462.20000000000005,2.051,1.259,0.567,0.869,0.669,0.237,0.04
462.3,2.119,1.315,0.588,0.87,0.669,0.238,0.04
462.40000000000003,2.066,1.272,0.572,0.869,0.669,0.237,0.04
462.5,2.045,1.255,0.565,0.87,0.669,0.237,0.04
462.6,2.036,1.248,0.562,0.87,0.669,0.237,0.04
462.70000000000005,2.073,1.277,0.574,0.87,0.669,0.237,0.04
462.8,2.047,1.257,0.566,0.87,0.67,0.237,0.04
462.90000000000003,2.078,1.281,0.575,0.87,0.669,0.238,0.04
463.0,2.049,1.258,0.566,0.87,0.669,0.238,0.039
463.1,2.078,1.282,0.576,0.869,0.67,0.238,0.04
463.20000000000005,2.09,1.291,0.579,0.869,0.67,0.238,0.04
463.3,2.135,1.328,0.593,0.869,0.67,0.238,0.04
463.40000000000003,2.072,1.277,0.574,0.87,0.67,0.237,0.04
463.5,2.088,1.289,0.578,0.869,0.669,0.238,0.04
463.6,2.094,1.294,0.58,0.869,0.669,0.237,0.04
463.70000000000005,2.096,1.296,0.581,0.87,0.67,0.238,0.04
463.8,2.097,1.297,0.581,0.87,0.67,0.238,0.04
463.90000000000003,2.097,1.297,0.582,0.87,0.669,0.238,0.04
464.0,2.098,1.297,0.582,0.869,0.67,0.238,0.04
464.1,2.098,1.297,0.582,0.87,0.67,0.238,0.04
464.20000000000005,2.017,1.233,0.556,0.87,0.669,0.238,0.039
464.3,2.025,1.239,0.559,0.869,0.669,0.238,0.04
464.40000000000003,2.028,1.242,0.56,0.87,0.67,0.238,0.04
464.5,2.03,1.243,0.56,0.87,0.669,0.238,0.04
464.6,2.07,1.275,0.573,0.87,0.669,0.238,0.04
464.70000000000005,2.127,1.322,0.591,0.871,0.67,0.238,0.04
464.8,2.15,1.34,0.598,0.87,0.67,0.238,0.04
464.90000000000003,2.119,1.314,0.588,0.871,0.67,0.238,0.04
465.0,2.106,1.304,0.584,0.87,0.67,0.238,0.04
465.1,2.061,1.268,0.57,0.87,0.67,0.238,0.04
465.20000000000005,2.083,1.285,0.577,0.87,0.669,0.238,0.04
465.3,2.092,1.293,0.58,0.87,0.67,0.238,0.04
465.40000000000003,2.095,1.295,0.581,0.869,0.67,0.238,0.041
465.5,2.137,1.33,0.594,0.87,0.669,0.238,0.04
465.6,2.073,1.278,0.574,0.87,0.67,0.239,0.04
465.70000000000005,2.088,1.289,0.579,0.87,0.669,0.238,0.04
465.8,2.094,1.294,0.58,0.87,0.67,0.238,0.04
465.90000000000003,2.056,1.264,0.568,0.87,0.67,0.239,0.04
466.0,1.961,1.188,0.539,0.869,0.67,0.238,0.04
466.1,2.083,1.287,0.577,0.87,0.67,0.238,0.04
466.20000000000005,2.092,1.293,0.58,0.87,0.669,0.239,0.04
466.3,2.095,1.296,0.581,0.87,0.67,0.239,0.04
466.40000000000003,2.137,1.33,0.594,0.87,0.67,0.238,0.04
466.5,2.114,1.31,0.587,0.87,0.67,0.239,0.04
466.6,2.104,1.302,0.584,0.87,0.669,0.239,0.04
466.70000000000005,2.1,1.299,0.582,0.87,0.669,0.239,0.04
466.8,2.058,1.266,0.569,0.87,0.669,0.239,0.04
466.90000000000003,2.042,1.252,0.564,0.871,0.67,0.239,0.04
467.0,2.075,1.279,0.575,0.87,0.67,0.24,0.04
467.1,2.129,1.323,0.592,0.87,0.67,0.239,0.04
467.20000000000005,2.11,1.308,0.586,0.87,0.669,0.239,0.04
467.3,2.103,1.301,0.583,0.871,0.67,0.24,0.039
467.40000000000003,2.1,1.299,0.582,0.87,0.671,0.239,0.04
467.5,2.139,1.331,0.595,0.87,0.67,0.239,0.04
467.6,2.114,1.311,0.587,0.87,0.67,0.24,0.04
467.70000000000005,2.104,1.303,0.584,0.87,0.67,0.24,0.04
467.8,2.1,1.299,0.582,0.87,0.67,0.24,0.04
467.90000000000003,2.099,1.298,0.582,0.871,0.67,0.24,0.04
468.0,2.098,1.298,0.582,0.871,0.67,0.239,0.04
468.1,2.138,1.33,0.594,0.87,0.67,0.24,0.04
468.20000000000005,2.074,1.278,0.574,0.87,0.67,0.24,0.039
468.3,2.048,1.257,0.566,0.871,0.671,0.24,0.04
468.40000000000003,2.078,1.281,0.575,0.87,0.67,0.24,0.04
468.5,2.049,1.258,0.566,0.871,0.671,0.24,0.04
468.6,2.078,1.282,0.576,0.87,0.671,0.24,0.04
468.70000000000005,2.05,1.259,0.567,0.871,0.67,0.24,0.04
468.8,2.078,1.282,0.576,0.87,0.671,0.241,0.04
468.90000000000003,2.05,1.259,0.567,0.87,0.671,0.24,0.04
469.0,2.119,1.315,0.588,0.87,0.67,0.241,0.04
469.1,2.066,1.272,0.572,0.871,0.67,0.24,0.04
469.20000000000005,2.045,1.255,0.565,0.871,0.671,0.241,0.04
469.3,2.076,1.28,0.575,0.87,0.67,0.24,0.04
469.40000000000003,2.13,1.323,0.592,0.871,0.671,0.24,0.04
469.5,2.111,1.308,0.586,0.87,0.671,0.24,0.04
469.6,2.103,1.301,0.583,0.871,0.67,0.241,0.04
469.70000000000005,2.1,1.299,0.582,0.871,0.67,0.241,0.04
469.8,2.098,1.298,0.582,0.87,0.671,0.241,0.04
469.90000000000003,2.058,1.265,0.569,0.87,0.67,0.24,0.04
470.0,2.122,1.317,0.589,0.87,0.67,0.241,0.04
470.1,2.107,1.305,0.585,0.871,0.671,0.241,0.04
470.20000000000005,2.061,1.268,0.57,0.87,0.67,0.241,0.04
470.3,2.083,1.286,0.577,0.871,0.67,0.241,0.04
470.40000000000003,2.052,1.26,0.567,0.871,0.67,0.241,0.04
470.5,2.039,1.25,0.563,0.872,0.67,0.241,0.04
470.6,2.115,1.311,0.587,0.871,0.67,0.242,0.04
470.70000000000005,2.145,1.336,0.597,0.871,0.671,0.241,0.04
470.8,2.117,1.313,0.588,0.871,0.67,0.242,0.039
470.90000000000003,2.105,1.303,0.584,0.871,0.671,0.241,0.039
471.0,2.101,1.3,0.583,0.871,0.671,0.241,0.04
471.1,2.099,1.298,0.582,0.872,0.671,0.241,0.04
471.20000000000005,2.098,1.298,0.582,0.871,0.671,0.242,0.04
471.3,2.058,1.265,0.569,0.87,0.671,0.241,0.04
471.40000000000003,2.082,1.284,0.577,0.871,0.671,0.242,0.04
471.5,2.051,1.26,0.567,0.871,0.672,0.242,0.04
471.6,2.1,1.3,0.582,0.871,0.671,0.242,0.04
471.70000000000005,2.115,1.311,0.587,0.87,0.672,0.242,0.04
471.8,2.145,1.336,0.597,0.871,0.672,0.241,0.04
471.90000000000003,2.099,1.298,0.582,0.871,0.671,0.242,0.04
472.0,2.115,1.311,0.587,0.87,0.672,0.241,0.04
472.1,2.105,1.303,0.584,0.871,0.671,0.242,0.04
472.20000000000005,2.039,1.25,0.563,0.871,0.672,0.242,0.04
472.3,2.105,1.303,0.584,0.871,0.672,0.242,0.04
472.40000000000003,2.117,1.313,0.588,0.87,0.672,0.242,0.039
472.5,2.141,1.333,0.595,0.87,0.671,0.242,0.04
472.6,2.098,1.298,0.582,0.871,0.671,0.242,0.04
472.70000000000005,2.058,1.265,0.569,0.87,0.67,0.242,0.039
472.8,2.041,1.252,0.564,0.87,0.671,0.242,0.04
472.90000000000003,2.075,1.279,0.575,0.871,0.672,0.242,0.039
473.0,2.089,1.29,0.579,0.871,0.671,0.242,0.039
473.1,2.094,1.294,0.58,0.871,0.671,0.242,0.04
473.20000000000005,2.056,1.264,0.569,0.872,0.672,0.243,0.04
473.3,2.081,1.284,0.576,0.871,0.672,0.242,0.04
473.40000000000003,2.091,1.292,0.58,0.87,0.672,0.243,0.039
473.5,2.097,1.296,0.581,0.871,0.672,0.242,0.039
473.6,2.095,1.295,0.581,0.87,0.672,0.242,0.039
473.70000000000005,2.097,1.297,0.581,0.87,0.672,0.242,0.04
473.8,2.098,1.297,0.582,0.871,0.672,0.243,0.04
473.90000000000003,2.138,1.33,0.594,0.87,0.671,0.243,0.04
474.0,2.114,1.31,0.587,0.871,0.671,0.243,0.04
474.1,2.097,1.297,0.582,0.87,0.671,0.243,0.039
474.20000000000005,2.104,1.303,0.584,0.871,0.672,0.243,0.039
474.3,2.1,1.299,0.582,0.871,0.672,0.243,0.039
474.40000000000003,2.099,1.298,0.582,0.871,0.671,0.243,0.039
474.5,2.058,1.265,0.569,0.872,0.672,0.244,0.04
474.6,2.082,1.284,0.577,0.872,0.672,0.243,0.04
474.70000000000005,2.132,1.325,0.592,0.872,0.672,0.244,0.039
474.8,2.111,1.308,0.586,0.871,0.672,0.244,0.04
474.90000000000003,2.103,1.302,0.583,0.872,0.672,0.244,0.04
475.0,2.1,1.299,0.582,0.872,0.672,0.244,0.039
475.1,2.099,1.298,0.582,0.873,0.672,0.244,0.04
475.20000000000005,2.058,1.265,0.569,0.872,0.672,0.244,0.04
475.3,2.041,1.252,0.564,0.872,0.672,0.244,0.04
475.40000000000003,2.075,1.279,0.575,0.872,0.672,0.244,0.04
475.5,2.048,1.258,0.566,0.872,0.672,0.244,0.04
475.6,2.078,1.281,0.575,0.873,0.673,0.244,0.04
475.70000000000005,2.09,1.291,0.579,0.872,0.673,0.244,0.04
475.8,2.135,1.328,0.593,0.872,0.672,0.244,0.04
475.90000000000003,2.113,1.309,0.586,0.871,0.672,0.244,0.04
476.0,2.063,1.27,0.571,0.872,0.672,0.243,0.04
476.1,2.084,1.286,0.577,0.872,0.673,0.244,0.04
476.20000000000005,2.092,1.293,0.58,0.871,0.672,0.244,0.04
476.3,2.095,1.296,0.581,0.872,0.672,0.244,0.04
476.40000000000003,2.097,1.297,0.581,0.872,0.672,0.244,0.04
476.5,2.097,1.297,0.581,0.872,0.673,0.244,0.04
476.6,2.098,1.297,0.582,0.872,0.673,0.245,0.04
476.70000000000005,2.057,1.265,0.569,0.872,0.672,0.244,0.04
476.8,2.041,1.252,0.564,0.872,0.672,0.245,0.04
476.90000000000003,2.035,1.247,0.562,0.873,0.673,0.244,0.04
477.0,2.032,1.245,0.561,0.873,0.672,0.244,0.04
477.1,2.071,1.276,0.573,0.873,0.673,0.244,0.04
477.20000000000005,2.087,1.289,0.578,0.873,0.673,0.244,0.039
477.3,2.053,1.261,0.568,0.873,0.672,0.244,0.04
477.40000000000003,2.08,1.283,0.576,0.873,0.673,0.245,0.04
477.5,2.05,1.259,0.567,0.873,0.672,0.245,0.04
477.6,2.038,1.25,0.563,0.873,0.672,0.245,0.04
477.70000000000005,1.994,1.214,0.549,0.873,0.672,0.245,0.04
477.8,2.016,1.231,0.556,0.873,0.673,0.245,0.04
477.90000000000003,2.065,1.271,0.571,0.874,0.673,0.245,0.04
478.0,2.044,1.254,0.565,0.874,0.673,0.246,0.04
478.1,2.076,1.28,0.575,0.873,0.673,0.246,0.04
478.20000000000005,2.049,1.258,0.566,0.874,0.673,0.245,0.04
478.3,2.038,1.249,0.563,0.873,0.673,0.245,0.04
478.40000000000003,2.033,1.246,0.561,0.873,0.673,0.245,0.04
478.5,2.032,1.244,0.561,0.873,0.672,0.245,0.04
478.6,2.112,1.309,0.586,0.874,0.673,0.245,0.04
478.70000000000005,2.103,1.302,0.583,0.874,0.673,0.245,0.041
478.8,2.06,1.267,0.57,0.873,0.673,0.245,0.04
478.90000000000003,2.082,1.285,0.577,0.874,0.673,0.246,0.04
479.0,2.051,1.26,0.567,0.874,0.673,0.245,0.04
479.1,2.039,1.25,0.563,0.874,0.673,0.245,0.04
479.20000000000005,2.034,1.246,0.562,0.874,0.673,0.245,0.04
479.3,2.072,1.277,0.574,0.874,0.673,0.246,0.041
479.40000000000003,2.047,1.257,0.566,0.874,0.673,0.246,0.04
