Time,CO (MCS),Ethanol (MCS),VOC (MCS),NO2 (GM),Ethanol (GM),VOC (GM),CO (GM)
0.0,2.311,1.473,0.649,0.897,0.641,0.375,0.091
0.1,2.316,1.477,0.651,0.898,0.641,0.376,0.091
0.2,2.318,1.479,0.651,0.898,0.641,0.376,0.091
0.30000000000000004,2.319,1.479,0.652,0.897,0.641,0.377,0.091
0.4,2.319,1.479,0.652,0.898,0.641,0.377,0.091
0.5,2.32,1.48,0.652,0.898,0.641,0.377,0.091
0.6000000000000001,2.32,1.48,0.652,0.898,0.642,0.376,0.09
0.7000000000000001,2.351,1.506,0.662,0.898,0.641,0.376,0.09
0.8,2.363,1.516,0.666,0.897,0.641,0.375,0.09
0.9,2.368,1.52,0.667,0.897,0.641,0.375,0.089
1.0,2.37,1.522,0.668,0.897,0.641,0.375,0.089
1.1,2.371,1.522,0.668,0.897,0.641,0.374,0.088
1.2000000000000002,2.371,1.523,0.668,0.896,0.641,0.374,0.088
1.3,2.371,1.523,0.668,0.897,0.641,0.373,0.088
1.4000000000000001,2.371,1.523,0.668,0.896,0.641,0.374,0.088
1.5,2.371,1.523,0.668,0.896,0.641,0.373,0.088
1.6,2.371,1.523,0.668,0.896,0.641,0.373,0.088
1.7000000000000002,2.371,1.523,0.668,0.896,0.641,0.373,0.087
1.8,2.371,1.523,0.668,0.897,0.642,0.372,0.087
1.9000000000000001,2.371,1.523,0.668,0.896,0.642,0.372,0.088
2.0,2.403,1.549,0.678,0.897,0.641,0.372,0.087
2.1,2.384,1.533,0.672,0.896,0.641,0.372,0.088
2.2,2.376,1.527,0.67,0.896,0.641,0.372,0.087
2.3000000000000003,2.373,1.525,0.669,0.896,0.641,0.372,0.087
2.4000000000000004,2.372,1.524,0.669,0.896,0.642,0.372,0.087
2.5,2.372,1.523,0.668,0.896,0.641,0.372,0.087
2.6,2.371,1.523,0.668,0.896,0.641,0.372,0.087
2.7,2.371,1.523,0.668,0.896,0.641,0.372,0.087
2.8000000000000003,2.371,1.523,0.668,0.896,0.641,0.372,0.087
2.9000000000000004,2.34,1.497,0.658,0.897,0.641,0.372,0.087
3.0,2.39,1.539,0.674,0.896,0.641,0.372,0.087
3.1,2.379,1.529,0.671,0.896,0.641,0.372,0.087
3.2,2.374,1.525,0.669,0.896,0.642,0.372,0.087
3.3000000000000003,2.373,1.524,0.669,0.896,0.641,0.372,0.087
3.4000000000000004,2.372,1.523,0.668,0.897,0.641,0.372,0.087
3.5,2.372,1.523,0.668,0.896,0.641,0.372,0.087
3.6,2.371,1.523,0.668,0.897,0.642,0.372,0.088
3.7,2.403,1.549,0.678,0.897,0.642,0.372,0.088
3.8000000000000003,2.384,1.533,0.672,0.896,0.642,0.372,0.087
3.9000000000000004,2.376,1.527,0.67,0.896,0.642,0.372,0.087
4.0,2.373,1.525,0.669,0.896,0.642,0.372,0.087
4.1000000000000005,2.372,1.524,0.669,0.896,0.642,0.372,0.087
4.2,2.372,1.523,0.668,0.897,0.642,0.372,0.087
4.3,2.371,1.523,0.668,0.896,0.642,0.372,0.087
4.4,2.371,1.523,0.668,0.896,0.642,0.372,0.087
4.5,2.371,1.523,0.668,0.896,0.642,0.373,0.087
4.6000000000000005,2.371,1.523,0.668,0.896,0.642,0.373,0.088
4.7,2.371,1.523,0.668,0.896,0.642,0.373,0.087
4.800000000000001,2.371,1.523,0.668,0.896,0.642,0.373,0.087
4.9,2.371,1.523,0.668,0.896,0.642,0.373,0.087
5.0,2.371,1.523,0.668,0.896,0.642,0.373,0.088
5.1000000000000005,2.371,1.523,0.668,0.896,0.642,0.373,0.087
5.2,2.371,1.523,0.668,0.896,0.642,0.374,0.088
5.300000000000001,2.403,1.549,0.678,0.896,0.642,0.374,0.087
5.4,2.415,1.56,0.682,0.897,0.642,0.374,0.088
5.5,2.42,1.564,0.684,0.896,0.642,0.374,0.088
5.6000000000000005,2.422,1.566,0.685,0.896,0.642,0.374,0.088
5.7,2.392,1.54,0.675,0.897,0.642,0.374,0.088
5.800000000000001,2.379,1.53,0.671,0.896,0.642,0.375,0.088
5.9,2.313,1.474,0.65,0.896,0.642,0.375,0.088
6.0,2.379,1.53,0.671,0.897,0.642,0.375,0.088
6.1000000000000005,2.406,1.552,0.679,0.897,0.642,0.375,0.088
6.2,2.416,1.561,0.683,0.898,0.642,0.375,0.088
6.300000000000001,2.42,1.564,0.684,0.897,0.642,0.376,0.088
6.4,2.422,1.566,0.685,0.897,0.642,0.376,0.088
6.5,2.423,1.566,0.685,0.897,0.642,0.377,0.088
6.6000000000000005,2.423,1.567,0.685,0.898,0.642,0.377,0.088
6.7,2.423,1.567,0.685,0.898,0.642,0.377,0.087
6.800000000000001,2.423,1.567,0.685,0.897,0.642,0.376,0.087
6.9,2.392,1.54,0.675,0.897,0.642,0.377,0.087
7.0,2.38,1.53,0.671,0.897,0.643,0.376,0.088
7.1000000000000005,2.406,1.552,0.679,0.896,0.642,0.376,0.087
7.2,2.385,1.535,0.673,0.896,0.642,0.375,0.087
7.300000000000001,2.377,1.528,0.67,0.896,0.642,0.374,0.086
7.4,2.374,1.525,0.669,0.894,0.642,0.373,0.085
7.5,2.372,1.524,0.669,0.893,0.642,0.373,0.085
7.6000000000000005,2.372,1.523,0.668,0.893,0.642,0.373,0.086
7.7,2.371,1.523,0.668,0.893,0.642,0.373,0.086
7.800000000000001,2.371,1.523,0.668,0.892,0.642,0.373,0.087
7.9,2.371,1.523,0.668,0.893,0.642,0.373,0.086
8.0,2.403,1.549,0.678,0.895,0.642,0.374,0.087
8.1,2.384,1.533,0.672,0.895,0.642,0.374,0.087
8.200000000000001,2.376,1.527,0.67,0.896,0.642,0.374,0.086
8.3,2.373,1.525,0.669,0.896,0.642,0.374,0.087
8.4,2.372,1.524,0.669,0.896,0.642,0.374,0.087
8.5,2.372,1.523,0.668,0.896,0.642,0.374,0.087
8.6,2.371,1.523,0.668,0.896,0.642,0.374,0.087
8.700000000000001,2.371,1.523,0.668,0.896,0.642,0.374,0.086
8.8,2.371,1.523,0.668,0.896,0.642,0.374,0.086
8.9,2.371,1.523,0.668,0.896,0.642,0.374,0.087
9.0,2.371,1.523,0.668,0.896,0.642,0.374,0.087
9.1,2.371,1.523,0.668,0.896,0.643,0.374,0.087
9.200000000000001,2.371,1.523,0.668,0.896,0.642,0.374,0.087
9.3,2.434,1.576,0.688,0.896,0.642,0.374,0.087
9.4,2.396,1.544,0.676,0.896,0.642,0.375,0.087
9.5,2.381,1.531,0.672,0.896,0.642,0.375,0.087
9.600000000000001,2.313,1.475,0.65,0.897,0.642,0.376,0.087
9.700000000000001,2.379,1.53,0.671,0.897,0.642,0.376,0.087
9.8,2.406,1.552,0.679,0.896,0.642,0.376,0.087
9.9,2.448,1.587,0.693,0.897,0.642,0.376,0.087
10.0,2.433,1.575,0.688,0.897,0.642,0.377,0.087
10.100000000000001,2.427,1.57,0.686,0.896,0.643,0.376,0.087
10.200000000000001,2.425,1.568,0.685,0.896,0.642,0.376,0.087
10.3,2.424,1.567,0.685,0.897,0.642,0.377,0.087
10.4,2.424,1.567,0.685,0.896,0.642,0.377,0.087
10.5,2.423,1.567,0.685,0.897,0.643,0.377,0.087
10.600000000000001,2.392,1.54,0.675,0.897,0.642,0.377,0.087
10.700000000000001,2.411,1.556,0.681,0.897,0.643,0.377,0.087
10.8,2.418,1.563,0.683,0.897,0.642,0.378,0.087
10.9,2.421,1.565,0.684,0.897,0.642,0.378,0.087
11.0,2.423,1.566,0.685,0.896,0.642,0.378,0.087
11.100000000000001,2.423,1.566,0.685,0.896,0.643,0.378,0.087
11.200000000000001,2.423,1.567,0.685,0.897,0.642,0.378,0.087
11.3,2.423,1.567,0.685,0.897,0.642,0.378,0.087
11.4,2.423,1.567,0.685,0.897,0.642,0.378,0.087
11.5,2.423,1.567,0.685,0.898,0.643,0.379,0.088
11.600000000000001,2.423,1.567,0.685,0.898,0.643,0.379,0.087
11.700000000000001,2.455,1.593,0.695,0.898,0.642,0.38,0.088
11.8,2.467,1.604,0.699,0.897,0.643,0.38,0.087
11.9,2.441,1.582,0.691,0.897,0.643,0.38,0.088
12.0,2.43,1.573,0.687,0.898,0.642,0.38,0.088
12.100000000000001,2.426,1.569,0.686,0.897,0.642,0.38,0.088
12.200000000000001,2.424,1.568,0.685,0.897,0.642,0.38,0.087
12.3,2.424,1.567,0.685,0.898,0.643,0.381,0.088
12.4,2.423,1.567,0.685,0.898,0.642,0.38,0.088
12.5,2.423,1.567,0.685,0.897,0.642,0.381,0.088
12.600000000000001,2.423,1.567,0.685,0.898,0.642,0.381,0.088
12.700000000000001,2.455,1.593,0.695,0.898,0.643,0.382,0.088
12.8,2.436,1.577,0.689,0.898,0.642,0.382,0.088
12.9,2.428,1.571,0.687,0.899,0.643,0.383,0.088
13.0,2.457,1.595,0.696,0.898,0.642,0.382,0.088
13.100000000000001,2.437,1.578,0.689,0.898,0.643,0.383,0.087
13.200000000000001,2.46,1.598,0.697,0.898,0.643,0.383,0.088
13.3,2.693,1.801,0.772,0.899,0.643,0.383,0.088
13.4,2.563,1.687,0.73,0.898,0.642,0.384,0.087
13.5,2.479,1.615,0.703,0.899,0.643,0.384,0.088
13.600000000000001,2.477,1.613,0.702,0.899,0.643,0.384,0.088
13.700000000000001,2.445,1.585,0.692,0.899,0.643,0.384,0.088
13.8,2.432,1.574,0.688,0.898,0.643,0.385,0.087
13.9,2.458,1.596,0.696,0.899,0.642,0.385,0.088
14.0,2.437,1.579,0.689,0.899,0.643,0.385,0.088
14.100000000000001,2.46,1.598,0.697,0.898,0.643,0.385,0.088
14.200000000000001,2.469,1.606,0.7,0.899,0.643,0.386,0.088
14.3,2.473,1.609,0.701,0.899,0.643,0.385,0.088
14.4,2.475,1.61,0.701,0.899,0.644,0.385,0.088
14.5,2.475,1.611,0.702,0.898,0.643,0.386,0.087
14.600000000000001,2.444,1.584,0.692,0.898,0.643,0.385,0.088
14.700000000000001,2.432,1.574,0.688,0.898,0.644,0.386,0.088
14.8,2.395,1.543,0.676,0.898,0.644,0.386,0.088
14.9,2.444,1.584,0.691,0.899,0.643,0.386,0.088
15.0,2.463,1.6,0.698,0.899,0.644,0.386,0.088
15.100000000000001,2.47,1.607,0.7,0.9,0.643,0.387,0.088
15.200000000000001,2.473,1.609,0.701,0.9,0.643,0.388,0.088
15.3,2.475,1.61,0.701,0.899,0.643,0.387,0.089
15.4,2.475,1.611,0.702,0.9,0.644,0.388,0.088
15.5,2.475,1.611,0.702,0.9,0.644,0.388,0.088
15.600000000000001,2.475,1.611,0.702,0.9,0.643,0.388,0.089
15.700000000000001,2.476,1.611,0.702,0.901,0.643,0.389,0.089
15.8,2.476,1.611,0.702,0.9,0.644,0.389,0.089
15.9,2.476,1.611,0.702,0.901,0.644,0.389,0.089
16.0,2.476,1.611,0.702,0.901,0.643,0.39,0.088
16.1,2.476,1.611,0.702,0.901,0.643,0.39,0.089
16.2,2.476,1.611,0.702,0.9,0.643,0.39,0.09
16.3,2.476,1.611,0.702,0.901,0.643,0.39,0.089
16.400000000000002,2.476,1.611,0.702,0.901,0.644,0.391,0.088
16.5,2.476,1.611,0.702,0.901,0.644,0.391,0.089
16.6,2.476,1.611,0.702,0.901,0.644,0.391,0.088
16.7,2.476,1.611,0.702,0.901,0.644,0.391,0.089
16.8,2.476,1.611,0.702,0.9,0.643,0.391,0.088
16.900000000000002,2.476,1.611,0.702,0.901,0.644,0.391,0.088
17.0,2.476,1.611,0.702,0.901,0.644,0.391,0.088
17.1,2.476,1.611,0.702,0.9,0.644,0.391,0.088
17.2,2.476,1.611,0.702,0.9,0.644,0.391,0.088
17.3,2.476,1.611,0.702,0.9,0.644,0.391,0.088
17.400000000000002,2.476,1.611,0.702,0.901,0.644,0.391,0.089
17.5,2.476,1.611,0.702,0.9,0.644,0.391,0.088
17.6,2.476,1.611,0.702,0.9,0.644,0.391,0.088
17.7,2.476,1.611,0.702,0.9,0.644,0.391,0.089
17.8,2.507,1.638,0.712,0.901,0.644,0.392,0.089
17.900000000000002,2.488,1.622,0.706,0.9,0.643,0.392,0.089
18.0,2.481,1.615,0.703,0.901,0.644,0.393,0.089
18.1,2.478,1.613,0.702,0.901,0.644,0.392,0.089
18.2,2.476,1.612,0.702,0.901,0.644,0.393,0.089
18.3,2.476,1.611,0.702,0.901,0.644,0.393,0.089
18.400000000000002,2.476,1.611,0.702,0.901,0.644,0.394,0.089
18.5,2.476,1.611,0.702,0.901,0.644,0.394,0.089
18.6,2.476,1.611,0.702,0.901,0.644,0.395,0.09
18.7,2.539,1.665,0.722,0.902,0.644,0.395,0.089
18.8,2.501,1.633,0.71,0.901,0.644,0.396,0.089
18.900000000000002,2.492,1.625,0.707,0.902,0.645,0.396,0.09
19.0,2.577,1.698,0.735,0.901,0.644,0.397,0.089
19.1,2.548,1.673,0.725,0.902,0.644,0.396,0.089
19.200000000000003,2.568,1.69,0.731,0.902,0.645,0.397,0.089
19.3,2.576,1.697,0.734,0.902,0.644,0.398,0.09
19.400000000000002,2.547,1.672,0.725,0.902,0.644,0.398,0.089
19.5,2.536,1.662,0.721,0.902,0.644,0.398,0.089
19.6,2.531,1.659,0.72,0.902,0.645,0.398,0.09
19.700000000000003,2.517,1.647,0.715,0.901,0.645,0.396,0.09
19.8,2.435,1.577,0.689,0.902,0.644,0.399,0.089
19.900000000000002,2.491,1.624,0.707,0.902,0.644,0.399,0.09
20.0,2.545,1.671,0.724,0.902,0.644,0.4,0.09
20.1,2.566,1.689,0.731,0.903,0.645,0.4,0.09
20.200000000000003,2.512,1.642,0.713,0.903,0.645,0.401,0.09
20.3,2.522,1.65,0.717,0.902,0.644,0.401,0.09
20.400000000000002,2.557,1.681,0.728,0.902,0.644,0.401,0.09
20.5,2.54,1.666,0.722,0.902,0.644,0.402,0.09
20.6,2.564,1.687,0.73,0.902,0.645,0.402,0.09
20.700000000000003,2.543,1.668,0.723,0.902,0.645,0.402,0.09
20.8,2.534,1.661,0.72,0.902,0.644,0.403,0.09
20.900000000000002,2.53,1.658,0.719,0.902,0.644,0.403,0.09
21.0,2.593,1.711,0.739,0.903,0.645,0.404,0.09
21.1,2.617,1.733,0.747,0.903,0.645,0.404,0.09
21.200000000000003,2.564,1.687,0.73,0.903,0.645,0.404,0.09
21.3,2.574,1.695,0.733,0.903,0.645,0.405,0.091
21.400000000000002,2.546,1.672,0.725,0.902,0.645,0.404,0.09
21.5,2.567,1.689,0.731,0.903,0.645,0.405,0.091
21.6,2.544,1.669,0.724,0.902,0.645,0.405,0.09
21.700000000000003,2.534,1.661,0.721,0.903,0.645,0.405,0.09
21.8,2.531,1.658,0.719,0.902,0.645,0.405,0.09
21.900000000000002,2.529,1.657,0.719,0.902,0.645,0.405,0.09
22.0,2.528,1.656,0.719,0.902,0.645,0.405,0.09
22.1,2.528,1.656,0.719,0.903,0.645,0.406,0.09
22.200000000000003,2.528,1.656,0.719,0.902,0.645,0.406,0.09
22.3,2.528,1.656,0.719,0.902,0.645,0.405,0.089
22.400000000000002,2.528,1.656,0.719,0.902,0.645,0.405,0.089
22.5,2.528,1.656,0.719,0.902,0.645,0.405,0.09
22.6,2.528,1.656,0.719,0.902,0.645,0.405,0.09
22.700000000000003,2.528,1.656,0.719,0.901,0.645,0.405,0.09
22.8,2.528,1.656,0.719,0.901,0.645,0.405,0.09
22.900000000000002,2.528,1.656,0.719,0.902,0.645,0.405,0.089
23.0,2.528,1.656,0.719,0.902,0.645,0.405,0.09
23.1,2.528,1.656,0.719,0.902,0.645,0.405,0.089
23.200000000000003,2.528,1.656,0.719,0.902,0.645,0.405,0.09
23.3,2.528,1.656,0.719,0.902,0.645,0.406,0.089
23.400000000000002,2.528,1.656,0.719,0.903,0.645,0.405,0.09
23.5,2.528,1.656,0.719,0.902,0.644,0.406,0.09
23.6,2.528,1.656,0.719,0.902,0.645,0.406,0.09
23.700000000000003,2.497,1.629,0.708,0.903,0.645,0.406,0.09
23.8,2.515,1.645,0.715,0.902,0.645,0.407,0.09
23.900000000000002,2.523,1.652,0.717,0.902,0.645,0.407,0.09
24.0,2.784,1.881,0.802,0.902,0.645,0.407,0.089
24.1,2.694,1.801,0.772,0.902,0.645,0.408,0.089
24.200000000000003,2.594,1.714,0.74,0.902,0.645,0.408,0.089
24.3,2.555,1.679,0.727,0.902,0.645,0.409,0.09
24.400000000000002,2.539,1.665,0.722,0.902,0.645,0.409,0.09
24.5,2.532,1.66,0.72,0.902,0.645,0.409,0.089
24.6,2.53,1.657,0.719,0.901,0.645,0.409,0.09
24.700000000000003,2.529,1.656,0.719,0.902,0.645,0.41,0.089
24.8,2.528,1.656,0.719,0.902,0.645,0.41,0.09
24.900000000000002,2.528,1.656,0.719,0.902,0.645,0.41,0.089
25.0,2.528,1.656,0.719,0.902,0.646,0.41,0.09
25.1,2.528,1.656,0.719,0.902,0.645,0.41,0.089
25.200000000000003,2.528,1.656,0.719,0.902,0.645,0.409,0.089
25.3,2.528,1.656,0.719,0.901,0.645,0.41,0.09
25.400000000000002,2.56,1.683,0.729,0.902,0.646,0.41,0.089
25.5,2.541,1.667,0.723,0.901,0.645,0.41,0.089
25.6,2.533,1.66,0.72,0.901,0.645,0.41,0.089
25.700000000000003,2.562,1.685,0.729,0.902,0.645,0.409,0.089
25.8,2.542,1.667,0.723,0.901,0.645,0.41,0.089
25.900000000000002,2.533,1.661,0.72,0.902,0.645,0.41,0.089
26.0,2.53,1.658,0.719,0.902,0.646,0.41,0.089
26.1,2.529,1.657,0.719,0.902,0.646,0.41,0.089
26.200000000000003,2.56,1.683,0.729,0.902,0.646,0.411,0.089
26.3,2.573,1.694,0.733,0.902,0.646,0.412,0.089
26.400000000000002,2.578,1.698,0.735,0.902,0.646,0.412,0.089
26.5,2.58,1.7,0.735,0.902,0.646,0.412,0.089
26.6,2.58,1.701,0.735,0.902,0.646,0.412,0.09
26.700000000000003,2.581,1.701,0.736,0.904,0.646,0.412,0.09
26.8,2.581,1.701,0.736,0.903,0.646,0.412,0.09
26.900000000000002,2.581,1.701,0.736,0.903,0.645,0.413,0.09
27.0,2.581,1.701,0.736,0.903,0.645,0.413,0.09
27.1,2.581,1.701,0.736,0.904,0.646,0.413,0.09
27.200000000000003,2.581,1.701,0.736,0.903,0.646,0.413,0.09
27.3,2.549,1.674,0.725,0.903,0.646,0.413,0.09
27.400000000000002,2.568,1.69,0.732,0.904,0.646,0.414,0.09
27.5,2.544,1.67,0.724,0.904,0.646,0.414,0.09
27.6,2.566,1.689,0.731,0.905,0.645,0.415,0.091
27.700000000000003,2.575,1.696,0.734,0.905,0.646,0.415,0.09
27.8,2.579,1.699,0.735,0.905,0.646,0.415,0.091
27.900000000000002,2.58,1.7,0.735,0.905,0.646,0.416,0.09
28.0,2.58,1.701,0.736,0.906,0.646,0.416,0.09
28.1,2.581,1.701,0.736,0.905,0.645,0.416,0.09
28.200000000000003,2.581,1.701,0.736,0.905,0.646,0.417,0.09
28.3,2.581,1.701,0.736,0.906,0.646,0.417,0.09
28.400000000000002,2.581,1.701,0.736,0.905,0.646,0.417,0.091
28.5,2.581,1.701,0.736,0.906,0.646,0.417,0.091
28.6,2.581,1.701,0.736,0.906,0.645,0.418,0.091
28.700000000000003,2.581,1.701,0.736,0.906,0.645,0.418,0.091
28.8,2.581,1.701,0.736,0.905,0.646,0.418,0.091
28.900000000000002,2.581,1.701,0.736,0.906,0.645,0.418,0.091
29.0,2.709,1.813,0.777,0.906,0.645,0.419,0.09
29.1,2.664,1.774,0.763,0.905,0.645,0.419,0.091
29.200000000000003,2.614,1.73,0.746,0.906,0.646,0.42,0.091
29.3,2.594,1.713,0.74,0.906,0.646,0.42,0.09
29.400000000000002,2.586,1.706,0.737,0.906,0.646,0.42,0.091
29.5,2.583,1.703,0.736,0.906,0.646,0.42,0.09
29.6,2.582,1.702,0.736,0.906,0.646,0.42,0.09
29.700000000000003,2.581,1.702,0.736,0.906,0.646,0.42,0.09
29.8,2.581,1.701,0.736,0.906,0.646,0.42,0.09
29.900000000000002,2.581,1.701,0.736,0.905,0.646,0.42,0.089
30.0,2.549,1.674,0.725,0.905,0.646,0.42,0.09
30.1,2.568,1.69,0.732,0.906,0.647,0.42,0.09
30.200000000000003,2.576,1.697,0.734,0.906,0.646,0.42,0.09
30.3,2.579,1.7,0.735,0.906,0.646,0.42,0.09
30.400000000000002,2.58,1.701,0.735,0.905,0.646,0.42,0.091
30.5,2.581,1.701,0.736,0.906,0.646,0.421,0.09
30.6,2.581,1.701,0.736,0.906,0.646,0.421,0.091
30.700000000000003,2.581,1.701,0.736,0.906,0.646,0.421,0.09
30.8,2.581,1.701,0.736,0.906,0.646,0.422,0.091
30.900000000000002,2.581,1.701,0.736,0.906,0.647,0.422,0.091
31.0,2.581,1.701,0.736,0.906,0.646,0.421,0.091
31.1,2.581,1.701,0.736,0.906,0.646,0.422,0.09
31.200000000000003,2.581,1.701,0.736,0.906,0.646,0.422,0.091
31.3,2.581,1.701,0.736,0.907,0.646,0.422,0.091
31.400000000000002,2.581,1.701,0.736,0.907,0.646,0.422,0.091
31.5,2.581,1.701,0.736,0.907,0.646,0.423,0.091
31.6,2.581,1.701,0.736,0.908,0.647,0.423,0.091
31.700000000000003,2.581,1.701,0.736,0.907,0.646,0.423,0.091
31.8,2.581,1.701,0.736,0.907,0.646,0.423,0.091
31.900000000000002,2.581,1.701,0.736,0.907,0.646,0.424,0.091
32.0,2.581,1.701,0.736,0.907,0.646,0.424,0.091
32.1,2.581,1.701,0.736,0.908,0.646,0.425,0.091
32.2,2.581,1.701,0.736,0.908,0.647,0.426,0.091
32.300000000000004,2.581,1.701,0.736,0.908,0.647,0.425,0.091
32.4,2.581,1.701,0.736,0.909,0.647,0.426,0.091
32.5,2.581,1.701,0.736,0.909,0.646,0.426,0.091
32.6,2.581,1.701,0.736,0.908,0.647,0.426,0.091
32.7,2.581,1.701,0.736,0.909,0.647,0.426,0.091
32.800000000000004,2.581,1.701,0.736,0.909,0.647,0.427,0.091
32.9,2.581,1.701,0.736,0.909,0.647,0.427,0.091
33.0,2.581,1.701,0.736,0.908,0.647,0.428,0.091
33.1,2.581,1.701,0.736,0.909,0.647,0.428,0.091
33.2,2.581,1.701,0.736,0.909,0.647,0.427,0.091
33.300000000000004,2.581,1.701,0.736,0.909,0.647,0.428,0.09
33.4,2.581,1.701,0.736,0.908,0.647,0.427,0.091
33.5,2.581,1.701,0.736,0.908,0.647,0.428,0.091
33.6,2.581,1.701,0.736,0.908,0.646,0.428,0.09
33.7,2.581,1.701,0.736,0.907,0.647,0.427,0.091
33.800000000000004,2.581,1.701,0.736,0.907,0.647,0.428,0.091
33.9,2.581,1.701,0.736,0.907,0.647,0.428,0.091
34.0,2.581,1.701,0.736,0.906,0.647,0.428,0.09
34.1,2.581,1.701,0.736,0.907,0.646,0.428,0.09
34.2,2.581,1.701,0.736,0.907,0.647,0.428,0.091
34.300000000000004,2.581,1.701,0.736,0.906,0.646,0.428,0.09
34.4,2.581,1.701,0.736,0.907,0.646,0.428,0.091
34.5,2.581,1.701,0.736,0.906,0.647,0.428,0.09
34.6,2.581,1.701,0.736,0.906,0.647,0.428,0.091
34.7,2.581,1.701,0.736,0.907,0.647,0.428,0.091
34.800000000000004,2.581,1.701,0.736,0.906,0.646,0.428,0.091
34.9,2.581,1.701,0.736,0.906,0.647,0.428,0.091
35.0,2.581,1.701,0.736,0.905,0.647,0.428,0.09
35.1,2.581,1.701,0.736,0.906,0.648,0.428,0.09
35.2,2.581,1.701,0.736,0.906,0.647,0.428,0.09
35.300000000000004,2.581,1.701,0.736,0.905,0.646,0.428,0.09
35.4,2.581,1.701,0.736,0.905,0.647,0.428,0.09
35.5,2.581,1.701,0.736,0.905,0.646,0.428,0.09
35.6,2.581,1.701,0.736,0.906,0.647,0.428,0.09
35.7,2.581,1.701,0.736,0.906,0.647,0.428,0.089
35.800000000000004,2.677,1.785,0.767,0.906,0.647,0.428,0.09
35.9,2.683,1.79,0.769,0.906,0.647,0.428,0.091
36.0,2.686,1.792,0.77,0.907,0.647,0.428,0.091
36.1,2.623,1.738,0.749,0.907,0.647,0.429,0.091
36.2,2.629,1.743,0.751,0.907,0.647,0.429,0.09
36.300000000000004,2.6,1.718,0.742,0.906,0.647,0.429,0.09
36.4,2.589,1.708,0.738,0.907,0.647,0.43,0.091
36.5,2.616,1.731,0.747,0.907,0.648,0.43,0.091
36.6,2.627,1.741,0.75,0.908,0.647,0.43,0.091
36.7,2.631,1.745,0.752,0.908,0.647,0.431,0.092
36.800000000000004,2.633,1.746,0.752,0.908,0.647,0.43,0.091
36.9,2.602,1.719,0.742,0.909,0.647,0.431,0.091
37.0,2.621,1.736,0.749,0.908,0.647,0.431,0.091
37.1,2.629,1.743,0.751,0.909,0.648,0.431,0.091
37.2,2.632,1.745,0.752,0.909,0.647,0.431,0.091
37.300000000000004,2.633,1.746,0.753,0.908,0.648,0.431,0.091
37.4,2.634,1.747,0.753,0.908,0.648,0.431,0.091
37.5,2.602,1.719,0.742,0.908,0.648,0.432,0.091
37.6,2.589,1.709,0.738,0.908,0.647,0.432,0.091
37.7,2.616,1.732,0.747,0.908,0.647,0.432,0.091
37.800000000000004,2.627,1.741,0.75,0.908,0.648,0.432,0.091
37.9,2.631,1.745,0.752,0.908,0.647,0.432,0.092
38.0,2.633,1.746,0.752,0.908,0.648,0.433,0.091
38.1,2.633,1.747,0.753,0.907,0.648,0.433,0.091
38.2,2.634,1.747,0.753,0.907,0.648,0.433,0.091
38.300000000000004,2.634,1.747,0.753,0.908,0.647,0.433,0.091
38.400000000000006,2.602,1.72,0.742,0.907,0.648,0.433,0.091
38.5,2.621,1.736,0.749,0.908,0.648,0.432,0.091
38.6,2.629,1.743,0.751,0.908,0.649,0.433,0.091
38.7,2.632,1.745,0.752,0.908,0.648,0.433,0.091
38.800000000000004,2.633,1.746,0.753,0.908,0.648,0.433,0.091
38.900000000000006,2.634,1.747,0.753,0.909,0.648,0.434,0.091
39.0,2.634,1.747,0.753,0.909,0.648,0.434,0.092
39.1,2.634,1.747,0.753,0.909,0.648,0.434,0.091
39.2,2.634,1.747,0.753,0.909,0.648,0.434,0.092
39.300000000000004,2.634,1.747,0.753,0.908,0.649,0.434,0.092
39.400000000000006,2.634,1.747,0.753,0.908,0.648,0.434,0.091
39.5,2.634,1.747,0.753,0.909,0.648,0.434,0.091
39.6,2.634,1.747,0.753,0.909,0.648,0.434,0.091
39.7,2.57,1.692,0.732,0.908,0.649,0.434,0.091
39.800000000000004,2.609,1.725,0.745,0.908,0.648,0.434,0.091
39.900000000000006,2.624,1.738,0.75,0.909,0.647,0.434,0.091
40.0,2.63,1.744,0.751,0.909,0.648,0.435,0.091
40.1,2.664,1.774,0.763,0.908,0.648,0.434,0.09
40.2,2.646,1.758,0.757,0.908,0.648,0.434,0.091
40.300000000000004,2.639,1.751,0.754,0.908,0.649,0.435,0.091
40.400000000000006,2.636,1.749,0.753,0.907,0.648,0.434,0.091
40.5,2.635,1.748,0.753,0.908,0.648,0.435,0.091
40.6,2.602,1.72,0.743,0.908,0.649,0.436,0.091
40.7,2.621,1.736,0.749,0.908,0.648,0.436,0.091
40.800000000000004,2.629,1.743,0.751,0.908,0.648,0.436,0.092
40.900000000000006,2.632,1.745,0.752,0.908,0.649,0.436,0.091
41.0,2.633,1.746,0.753,0.909,0.649,0.436,0.091
41.1,2.634,1.747,0.753,0.909,0.649,0.436,0.091
41.2,2.634,1.747,0.753,0.909,0.648,0.436,0.09
41.300000000000004,2.666,1.775,0.763,0.909,0.649,0.436,0.091
41.400000000000006,2.647,1.758,0.757,0.909,0.648,0.437,0.091
41.5,2.639,1.752,0.754,0.909,0.648,0.436,0.091
41.6,2.636,1.749,0.753,0.909,0.649,0.436,0.091
41.7,2.667,1.776,0.763,0.909,0.649,0.437,0.09
41.800000000000004,2.647,1.759,0.757,0.909,0.649,0.437,0.091
41.900000000000006,2.639,1.752,0.755,0.909,0.649,0.437,0.091
42.0,2.636,1.749,0.753,0.909,0.649,0.437,0.091
42.1,2.603,1.72,0.743,0.91,0.649,0.438,0.091
42.2,2.622,1.736,0.749,0.909,0.649,0.437,0.091
42.300000000000004,2.629,1.743,0.751,0.909,0.649,0.437,0.091
42.400000000000006,2.664,1.773,0.763,0.909,0.649,0.437,0.091
42.5,2.678,1.785,0.767,0.909,0.649,0.437,0.092
42.6,2.652,1.762,0.759,0.909,0.649,0.437,0.091
42.7,2.673,1.781,0.765,0.909,0.649,0.438,0.091
42.800000000000004,2.714,1.817,0.779,0.909,0.649,0.438,0.091
42.900000000000006,2.666,1.775,0.763,0.909,0.649,0.438,0.092
43.0,2.647,1.758,0.757,0.909,0.649,0.438,0.091
43.1,2.639,1.752,0.754,0.909,0.649,0.439,0.091
43.2,2.668,1.777,0.764,0.909,0.649,0.438,0.091
43.300000000000004,2.648,1.759,0.757,0.908,0.649,0.438,0.091
43.400000000000006,2.639,1.752,0.755,0.909,0.649,0.438,0.091
43.5,2.636,1.749,0.754,0.908,0.649,0.437,0.091
43.6,2.603,1.72,0.743,0.909,0.649,0.438,0.091
43.7,2.654,1.764,0.759,0.909,0.649,0.439,0.091
43.800000000000004,2.642,1.754,0.755,0.908,0.649,0.439,0.091
43.900000000000006,2.669,1.778,0.764,0.909,0.649,0.439,0.091
44.0,2.648,1.759,0.757,0.909,0.649,0.439,0.092
44.1,2.672,1.78,0.765,0.909,0.649,0.439,0.091
44.2,2.681,1.788,0.768,0.909,0.649,0.439,0.091
44.300000000000004,2.653,1.764,0.759,0.909,0.649,0.44,0.091
44.400000000000006,2.673,1.782,0.766,0.909,0.65,0.44,0.091
44.5,2.682,1.789,0.768,0.909,0.649,0.44,0.092
44.6,2.685,1.792,0.769,0.909,0.649,0.44,0.091
44.7,2.654,1.765,0.759,0.909,0.649,0.441,0.091
44.800000000000004,2.674,1.782,0.766,0.909,0.649,0.44,0.09
44.900000000000006,2.682,1.789,0.768,0.909,0.65,0.44,0.091
45.0,2.685,1.792,0.769,0.909,0.649,0.44,0.091
45.1,2.654,1.765,0.759,0.909,0.649,0.44,0.091
45.2,2.674,1.782,0.766,0.909,0.649,0.439,0.091
45.300000000000004,2.682,1.789,0.768,0.908,0.649,0.439,0.09
45.400000000000006,2.653,1.764,0.759,0.909,0.649,0.44,0.091
45.5,2.674,1.782,0.766,0.909,0.649,0.441,0.091
45.6,2.682,1.789,0.768,0.909,0.65,0.441,0.091
45.7,2.685,1.792,0.769,0.909,0.65,0.441,0.091
45.800000000000004,2.686,1.793,0.77,0.91,0.65,0.441,0.091
45.900000000000006,2.655,1.765,0.76,0.909,0.65,0.441,0.091
46.0,2.674,1.782,0.766,0.91,0.649,0.442,0.091
46.1,2.682,1.789,0.768,0.91,0.649,0.442,0.091
46.2,2.685,1.792,0.769,0.91,0.65,0.442,0.092
46.300000000000004,2.654,1.765,0.759,0.91,0.649,0.442,0.091
46.400000000000006,2.642,1.754,0.755,0.91,0.649,0.442,0.091
46.5,2.669,1.778,0.764,0.91,0.649,0.442,0.091
46.6,2.68,1.787,0.768,0.91,0.65,0.442,0.091
46.7,2.684,1.791,0.769,0.909,0.65,0.442,0.091
46.800000000000004,2.686,1.793,0.77,0.909,0.649,0.442,0.091
46.900000000000006,2.687,1.793,0.77,0.909,0.649,0.442,0.09
47.0,2.687,1.793,0.77,0.909,0.65,0.442,0.091
47.1,2.655,1.766,0.76,0.909,0.65,0.442,0.091
47.2,2.642,1.755,0.756,0.909,0.65,0.442,0.09
47.300000000000004,2.669,1.778,0.764,0.909,0.65,0.442,0.091
47.400000000000006,2.68,1.787,0.768,0.909,0.65,0.442,0.091
47.5,2.684,1.791,0.769,0.91,0.649,0.442,0.091
47.6,2.686,1.793,0.77,0.909,0.65,0.443,0.091
47.7,2.687,1.793,0.77,0.909,0.65,0.443,0.091
47.800000000000004,2.655,1.766,0.76,0.91,0.65,0.442,0.091
47.900000000000006,2.674,1.782,0.766,0.909,0.65,0.443,0.091
48.0,2.682,1.789,0.768,0.909,0.65,0.444,0.091
48.1,2.685,1.792,0.769,0.909,0.65,0.444,0.091
48.2,2.686,1.793,0.77,0.91,0.65,0.444,0.091
48.300000000000004,2.687,1.793,0.77,0.909,0.65,0.444,0.091
48.400000000000006,2.687,1.793,0.77,0.91,0.65,0.444,0.091
48.5,2.687,1.794,0.77,0.909,0.65,0.444,0.091
48.6,2.687,1.794,0.77,0.909,0.649,0.444,0.091
48.7,2.687,1.794,0.77,0.909,0.65,0.444,0.091
48.800000000000004,2.687,1.794,0.77,0.909,0.649,0.444,0.091
48.900000000000006,2.655,1.766,0.76,0.909,0.65,0.444,0.09
49.0,2.642,1.755,0.756,0.908,0.65,0.444,0.091
49.1,2.637,1.75,0.754,0.908,0.649,0.444,0.09
49.2,2.667,1.776,0.764,0.909,0.65,0.444,0.091
49.300000000000004,2.647,1.759,0.757,0.908,0.649,0.444,0.09
49.400000000000006,2.671,1.78,0.765,0.909,0.65,0.444,0.091
49.5,2.681,1.788,0.768,0.909,0.65,0.444,0.091
49.6,2.685,1.791,0.769,0.909,0.65,0.444,0.09
49.7,2.654,1.765,0.759,0.909,0.65,0.444,0.09
49.800000000000004,2.682,1.789,0.768,0.908,0.649,0.444,0.091
49.900000000000006,2.685,1.792,0.769,0.908,0.65,0.444,0.091
50.0,2.686,1.793,0.77,0.909,0.65,0.445,0.091
50.1,2.687,1.793,0.77,0.909,0.65,0.445,0.091
50.2,2.687,1.793,0.77,0.91,0.65,0.445,0.091
50.300000000000004,2.592,1.711,0.739,0.909,0.65,0.445,0.091
50.400000000000006,2.649,1.76,0.758,0.91,0.65,0.446,0.091
50.5,2.672,1.78,0.765,0.91,0.65,0.445,0.091
50.6,2.681,1.788,0.768,0.909,0.65,0.446,0.091
50.7,2.685,1.791,0.769,0.91,0.65,0.446,0.091
50.800000000000004,2.718,1.821,0.78,0.91,0.65,0.446,0.091
50.900000000000006,2.7,1.804,0.774,0.91,0.65,0.446,0.091
51.0,2.692,1.798,0.772,0.91,0.65,0.446,0.091
51.1,2.674,1.782,0.766,0.908,0.65,0.444,0.091
51.2,2.689,1.795,0.771,0.91,0.65,0.446,0.091
51.300000000000004,2.688,1.794,0.77,0.91,0.65,0.447,0.091
51.400000000000006,2.688,1.794,0.77,0.91,0.65,0.446,0.091
51.5,2.687,1.794,0.77,0.91,0.651,0.447,0.091
51.6,2.687,1.794,0.77,0.91,0.65,0.447,0.091
51.7,2.687,1.794,0.77,0.91,0.651,0.447,0.091
51.800000000000004,2.719,1.822,0.781,0.91,0.651,0.447,0.091
51.900000000000006,2.7,1.805,0.774,0.91,0.65,0.448,0.091
52.0,2.692,1.798,0.772,0.911,0.651,0.448,0.091
52.1,2.689,1.795,0.771,0.91,0.65,0.448,0.091
52.2,2.688,1.794,0.77,0.911,0.65,0.448,0.09
52.300000000000004,2.688,1.794,0.77,0.91,0.65,0.448,0.091
52.400000000000006,2.687,1.794,0.77,0.91,0.65,0.448,0.091
52.5,2.687,1.794,0.77,0.911,0.65,0.449,0.091
52.6,2.687,1.794,0.77,0.911,0.651,0.448,0.091
52.7,2.687,1.794,0.77,0.911,0.65,0.449,0.092
52.800000000000004,2.687,1.794,0.77,0.911,0.65,0.449,0.092
52.900000000000006,2.687,1.794,0.77,0.911,0.65,0.449,0.091
53.0,2.687,1.794,0.77,0.91,0.65,0.449,0.091
53.1,2.687,1.794,0.77,0.91,0.65,0.449,0.091
53.2,2.687,1.794,0.77,0.91,0.65,0.449,0.091
53.300000000000004,2.687,1.794,0.77,0.91,0.651,0.449,0.091
53.400000000000006,2.687,1.794,0.77,0.911,0.65,0.449,0.091
53.5,2.687,1.794,0.77,0.91,0.65,0.449,0.091
53.6,2.687,1.794,0.77,0.911,0.651,0.45,0.091
53.7,2.687,1.794,0.77,0.911,0.65,0.45,0.092
53.800000000000004,2.719,1.822,0.781,0.912,0.651,0.45,0.091
53.900000000000006,2.7,1.805,0.774,0.912,0.65,0.45,0.091
54.0,2.692,1.798,0.772,0.912,0.65,0.45,0.092
54.1,2.689,1.795,0.771,0.911,0.65,0.45,0.091
54.2,2.72,1.822,0.781,0.911,0.65,0.45,0.091
54.300000000000004,2.7,1.805,0.774,0.91,0.651,0.45,0.09
54.400000000000006,2.693,1.798,0.772,0.911,0.65,0.451,0.091
54.5,2.689,1.795,0.771,0.911,0.651,0.45,0.091
54.6,2.688,1.794,0.77,0.911,0.651,0.451,0.091
54.7,2.688,1.794,0.77,0.912,0.65,0.451,0.091
54.800000000000004,2.687,1.794,0.77,0.911,0.651,0.452,0.091
54.900000000000006,2.687,1.794,0.77,0.911,0.651,0.451,0.091
55.0,2.687,1.794,0.77,0.911,0.65,0.451,0.092
55.1,2.687,1.794,0.77,0.912,0.651,0.452,0.091
55.2,2.687,1.794,0.77,0.911,0.651,0.452,0.092
55.300000000000004,2.687,1.794,0.77,0.911,0.65,0.452,0.092
55.400000000000006,2.687,1.794,0.77,0.912,0.65,0.453,0.091
55.5,2.719,1.822,0.781,0.912,0.651,0.452,0.091
55.6,2.7,1.805,0.774,0.911,0.651,0.452,0.092
55.7,2.725,1.826,0.782,0.912,0.65,0.453,0.092
55.800000000000004,2.734,1.835,0.785,0.911,0.651,0.452,0.091
55.900000000000006,2.706,1.81,0.776,0.912,0.65,0.453,0.092
56.0,2.727,1.828,0.783,0.912,0.651,0.453,0.092
56.1,2.735,1.836,0.786,0.913,0.651,0.453,0.093
56.2,2.739,1.839,0.787,0.913,0.651,0.453,0.092
56.300000000000004,2.708,1.812,0.777,0.912,0.651,0.453,0.091
56.400000000000006,2.728,1.829,0.783,0.913,0.651,0.453,0.092
56.5,2.736,1.836,0.786,0.913,0.651,0.453,0.091
56.6,2.707,1.81,0.776,0.912,0.651,0.453,0.092
56.7,2.695,1.8,0.773,0.912,0.651,0.453,0.092
56.800000000000004,2.69,1.796,0.771,0.912,0.652,0.453,0.091
56.900000000000006,2.721,1.823,0.781,0.911,0.651,0.453,0.092
57.0,2.733,1.833,0.785,0.911,0.651,0.453,0.091
57.1,2.738,1.838,0.786,0.912,0.651,0.454,0.091
57.2,2.74,1.839,0.787,0.912,0.651,0.454,0.091
57.300000000000004,2.74,1.84,0.787,0.913,0.651,0.454,0.091
57.400000000000006,2.741,1.84,0.787,0.912,0.651,0.454,0.091
57.5,2.709,1.812,0.777,0.912,0.651,0.454,0.092
57.6,2.728,1.829,0.783,0.912,0.65,0.454,0.091
57.7,2.736,1.836,0.786,0.911,0.651,0.453,0.091
57.800000000000004,2.707,1.811,0.776,0.911,0.651,0.454,0.091
57.900000000000006,2.695,1.8,0.773,0.911,0.651,0.454,0.092
58.0,2.69,1.796,0.771,0.91,0.651,0.454,0.092
58.1,2.721,1.823,0.781,0.91,0.651,0.453,0.091
58.2,2.701,1.805,0.774,0.91,0.651,0.454,0.091
58.300000000000004,2.661,1.77,0.761,0.909,0.651,0.453,0.091
58.400000000000006,2.677,1.784,0.767,0.91,0.651,0.454,0.091
58.5,2.715,1.818,0.779,0.911,0.651,0.453,0.091
58.6,2.698,1.803,0.774,0.91,0.651,0.453,0.091
58.7,2.692,1.797,0.772,0.91,0.652,0.454,0.091
58.800000000000004,2.689,1.795,0.771,0.91,0.651,0.453,0.09
58.900000000000006,2.688,1.794,0.77,0.91,0.652,0.453,0.091
59.0,2.72,1.822,0.781,0.909,0.651,0.453,0.091
59.1,2.7,1.805,0.774,0.909,0.651,0.453,0.091
59.2,2.692,1.798,0.772,0.909,0.651,0.453,0.092
59.300000000000004,2.689,1.795,0.771,0.91,0.651,0.453,0.091
59.400000000000006,2.688,1.794,0.77,0.909,0.652,0.453,0.091
59.5,2.688,1.794,0.77,0.909,0.651,0.453,0.091
59.6,2.687,1.794,0.77,0.909,0.651,0.453,0.09
59.7,2.687,1.794,0.77,0.909,0.652,0.453,0.091
59.800000000000004,2.719,1.822,0.781,0.909,0.651,0.453,0.091
59.900000000000006,2.7,1.805,0.774,0.909,0.652,0.454,0.091
60.0,2.725,1.826,0.782,0.909,0.651,0.454,0.091
60.1,2.702,1.807,0.775,0.909,0.652,0.454,0.091
60.2,2.725,1.827,0.783,0.909,0.652,0.453,0.091
60.300000000000004,2.703,1.807,0.775,0.909,0.652,0.454,0.091
60.400000000000006,2.726,1.827,0.783,0.909,0.652,0.454,0.092
60.5,2.735,1.835,0.786,0.91,0.651,0.454,0.091
60.6,2.738,1.838,0.787,0.91,0.651,0.455,0.092
60.7,2.599,1.745,0.747,0.863,0.618,0.431,0.087
60.800000000000004,2.488,1.67,0.715,0.827,0.591,0.413,0.084
60.900000000000006,2.383,1.597,0.684,0.797,0.57,0.398,0.081
61.0,2.315,1.552,0.665,0.774,0.554,0.386,0.078
61.1,2.261,1.516,0.649,0.755,0.54,0.377,0.076
61.2,2.218,1.487,0.637,0.74,0.529,0.37,0.075
61.300000000000004,2.183,1.464,0.627,0.729,0.521,0.364,0.073
61.400000000000006,2.155,1.446,0.619,0.719,0.514,0.359,0.073
61.5,2.133,1.432,0.613,0.711,0.509,0.356,0.072
61.6,2.116,1.42,0.608,0.705,0.504,0.353,0.071
61.7,2.101,1.411,0.604,0.7,0.5,0.351,0.071
61.800000000000004,2.09,1.403,0.601,0.696,0.498,0.349,0.07
61.900000000000006,2.081,1.397,0.598,0.693,0.495,0.347,0.07
62.0,2.074,1.392,0.596,0.691,0.494,0.346,0.07
62.1,2.068,1.389,0.594,0.689,0.492,0.345,0.069
62.2,2.064,1.386,0.593,0.687,0.491,0.344,0.069
62.300000000000004,2.06,1.383,0.592,0.686,0.49,0.344,0.069
62.400000000000006,2.057,1.381,0.591,0.685,0.49,0.343,0.069
62.5,2.055,1.38,0.59,0.684,0.489,0.343,0.069
62.6,2.045,1.371,0.587,0.684,0.489,0.343,0.069
62.7,2.037,1.365,0.585,0.683,0.488,0.343,0.068
62.800000000000004,2.031,1.359,0.583,0.683,0.488,0.342,0.068
62.900000000000006,2.026,1.355,0.581,0.683,0.488,0.342,0.068
63.0,2.021,1.352,0.58,0.683,0.488,0.342,0.068
63.1,2.018,1.349,0.579,0.682,0.488,0.342,0.068
63.2,2.016,1.347,0.578,0.682,0.487,0.341,0.068
63.300000000000004,2.014,1.345,0.577,0.682,0.487,0.341,0.068
63.400000000000006,2.012,1.344,0.577,0.682,0.487,0.341,0.068
63.5,2.003,1.336,0.574,0.682,0.487,0.341,0.067
63.6,2.003,1.336,0.574,0.682,0.487,0.34,0.067
63.7,2.004,1.337,0.574,0.682,0.487,0.34,0.067
63.800000000000004,1.996,1.33,0.572,0.681,0.487,0.34,0.067
63.900000000000006,1.99,1.325,0.57,0.681,0.487,0.339,0.067
64.0,1.985,1.321,0.568,0.681,0.487,0.339,0.067
64.10000000000001,1.981,1.317,0.567,0.68,0.487,0.339,0.067
64.2,1.978,1.315,0.566,0.68,0.487,0.338,0.066
64.3,1.976,1.312,0.565,0.68,0.487,0.338,0.066
64.4,1.966,1.304,0.562,0.68,0.487,0.338,0.066
64.5,1.95,1.29,0.557,0.679,0.487,0.337,0.066
64.60000000000001,1.945,1.286,0.555,0.679,0.487,0.337,0.066
64.7,1.941,1.283,0.554,0.679,0.487,0.336,0.066
64.8,1.93,1.273,0.55,0.679,0.487,0.336,0.066
64.9,1.921,1.266,0.548,0.678,0.487,0.335,0.066
65.0,1.914,1.26,0.545,0.678,0.487,0.335,0.066
65.10000000000001,1.909,1.255,0.543,0.678,0.487,0.334,0.065
65.2,1.904,1.251,0.542,0.678,0.487,0.334,0.065
65.3,1.901,1.248,0.541,0.677,0.487,0.333,0.065
65.4,1.898,1.246,0.54,0.677,0.487,0.333,0.065
65.5,1.904,1.25,0.542,0.677,0.487,0.333,0.065
65.60000000000001,1.9,1.247,0.541,0.677,0.487,0.332,0.065
65.7,1.905,1.252,0.542,0.677,0.487,0.332,0.065
65.8,1.902,1.249,0.541,0.676,0.487,0.331,0.064
65.9,1.899,1.246,0.54,0.676,0.487,0.331,0.064
66.0,1.888,1.237,0.537,0.676,0.487,0.33,0.064
66.10000000000001,1.88,1.23,0.534,0.676,0.487,0.329,0.064
66.2,1.874,1.225,0.532,0.675,0.487,0.329,0.064
66.3,1.876,1.227,0.533,0.675,0.487,0.328,0.064
66.4,1.87,1.222,0.531,0.675,0.487,0.328,0.064
66.5,1.866,1.218,0.53,0.675,0.487,0.327,0.064
66.60000000000001,1.862,1.215,0.528,0.675,0.487,0.327,0.064
66.7,1.859,1.212,0.527,0.674,0.487,0.326,0.063
66.8,1.849,1.204,0.524,0.674,0.487,0.326,0.063
66.9,1.841,1.197,0.522,0.674,0.487,0.325,0.063
67.0,1.834,1.191,0.519,0.674,0.487,0.325,0.063
67.10000000000001,1.829,1.187,0.518,0.673,0.487,0.324,0.063
67.2,1.825,1.183,0.516,0.673,0.487,0.323,0.063
67.3,1.822,1.18,0.515,0.673,0.487,0.323,0.062
67.4,1.819,1.178,0.515,0.673,0.487,0.322,0.062
67.5,1.817,1.176,0.514,0.673,0.487,0.322,0.062
67.60000000000001,1.815,1.175,0.513,0.673,0.487,0.321,0.062
67.7,1.822,1.18,0.515,0.673,0.487,0.321,0.062
67.8,1.827,1.185,0.517,0.673,0.487,0.321,0.062
67.9,1.831,1.188,0.518,0.673,0.487,0.32,0.062
68.0,1.834,1.191,0.519,0.672,0.487,0.32,0.062
68.10000000000001,1.845,1.2,0.523,0.672,0.487,0.319,0.062
68.2,1.845,1.201,0.523,0.673,0.487,0.319,0.062
68.3,1.846,1.201,0.523,0.673,0.487,0.319,0.062
68.4,1.854,1.208,0.526,0.673,0.487,0.318,0.062
68.5,1.853,1.207,0.525,0.672,0.487,0.318,0.062
68.60000000000001,1.852,1.206,0.525,0.672,0.487,0.318,0.062
68.7,1.883,1.233,0.535,0.672,0.487,0.317,0.062
68.8,1.868,1.22,0.53,0.672,0.487,0.317,0.062
68.9,1.856,1.21,0.526,0.672,0.487,0.317,0.062
69.0,1.846,1.201,0.523,0.672,0.487,0.316,0.062
69.10000000000001,1.831,1.188,0.518,0.672,0.487,0.316,0.062
69.2,1.819,1.178,0.514,0.672,0.487,0.315,0.062
69.3,1.809,1.17,0.511,0.672,0.487,0.315,0.062
69.4,1.793,1.157,0.506,0.672,0.487,0.315,0.062
69.5,1.788,1.152,0.505,0.672,0.487,0.315,0.062
69.60000000000001,1.785,1.149,0.504,0.672,0.487,0.314,0.062
69.7,1.782,1.147,0.503,0.672,0.487,0.314,0.062
69.8,1.779,1.145,0.502,0.672,0.487,0.314,0.062
69.9,1.785,1.15,0.504,0.672,0.487,0.313,0.061
70.0,1.79,1.154,0.505,0.672,0.487,0.313,0.061
70.10000000000001,1.794,1.157,0.506,0.672,0.487,0.313,0.061
70.2,1.797,1.159,0.507,0.672,0.487,0.312,0.061
70.3,1.799,1.161,0.508,0.672,0.487,0.312,0.061
70.4,1.785,1.15,0.504,0.672,0.487,0.312,0.061
70.5,1.782,1.147,0.503,0.672,0.487,0.311,0.061
70.60000000000001,1.787,1.152,0.504,0.672,0.487,0.311,0.061
70.7,1.792,1.155,0.506,0.672,0.487,0.311,0.061
70.8,1.795,1.158,0.507,0.672,0.487,0.31,0.061
70.9,1.79,1.154,0.505,0.671,0.487,0.31,0.061
71.0,1.794,1.157,0.506,0.671,0.487,0.31,0.061
71.10000000000001,1.789,1.153,0.505,0.671,0.487,0.309,0.061
71.2,1.785,1.149,0.504,0.671,0.487,0.309,0.061
71.3,1.782,1.147,0.503,0.671,0.487,0.309,0.061
71.4,1.779,1.145,0.502,0.671,0.487,0.308,0.061
71.5,1.77,1.137,0.499,0.672,0.487,0.308,0.06
71.60000000000001,1.77,1.137,0.499,0.671,0.487,0.308,0.06
71.7,1.77,1.137,0.499,0.671,0.487,0.307,0.06
71.8,1.77,1.137,0.499,0.671,0.487,0.307,0.06
71.9,1.77,1.137,0.499,0.671,0.487,0.306,0.06
72.0,1.77,1.137,0.499,0.671,0.487,0.306,0.06
72.10000000000001,1.77,1.137,0.499,0.671,0.487,0.306,0.06
72.2,1.77,1.137,0.499,0.671,0.486,0.306,0.06
72.3,1.77,1.137,0.499,0.671,0.486,0.305,0.06
72.4,1.762,1.13,0.496,0.671,0.486,0.305,0.06
72.5,1.763,1.131,0.497,0.671,0.487,0.305,0.06
72.60000000000001,1.757,1.126,0.495,0.671,0.487,0.305,0.06
72.7,1.76,1.128,0.496,0.671,0.487,0.304,0.06
72.8,1.762,1.13,0.496,0.671,0.487,0.304,0.06
72.9,1.755,1.125,0.494,0.671,0.487,0.304,0.06
73.0,1.758,1.127,0.495,0.671,0.486,0.304,0.06
73.10000000000001,1.753,1.122,0.493,0.67,0.486,0.303,0.06
73.2,1.756,1.125,0.494,0.67,0.486,0.303,0.06
73.3,1.759,1.128,0.495,0.67,0.487,0.303,0.06
73.4,1.761,1.129,0.496,0.67,0.487,0.303,0.06
73.5,1.763,1.131,0.497,0.67,0.487,0.302,0.06
73.60000000000001,1.756,1.125,0.495,0.67,0.487,0.302,0.06
73.7,1.759,1.128,0.495,0.67,0.487,0.302,0.06
73.8,1.753,1.123,0.494,0.67,0.487,0.302,0.06
73.9,1.757,1.126,0.495,0.67,0.487,0.301,0.06
74.0,1.752,1.121,0.493,0.67,0.487,0.301,0.06
74.10000000000001,1.747,1.118,0.492,0.67,0.487,0.301,0.06
74.2,1.744,1.115,0.491,0.67,0.487,0.3,0.06
74.3,1.742,1.113,0.49,0.67,0.487,0.3,0.06
74.4,1.739,1.111,0.489,0.67,0.486,0.3,0.059
74.5,1.745,1.116,0.491,0.67,0.486,0.3,0.059
74.60000000000001,1.743,1.114,0.49,0.67,0.486,0.299,0.059
74.7,1.74,1.112,0.489,0.67,0.487,0.299,0.059
74.8,1.738,1.11,0.489,0.67,0.487,0.299,0.059
74.9,1.737,1.109,0.488,0.67,0.486,0.299,0.059
75.0,1.736,1.108,0.488,0.67,0.486,0.298,0.059
75.10000000000001,1.735,1.107,0.488,0.67,0.486,0.298,0.059
75.2,1.734,1.107,0.487,0.67,0.486,0.298,0.059
75.3,1.733,1.106,0.487,0.67,0.486,0.297,0.059
75.4,1.733,1.106,0.487,0.67,0.486,0.297,0.059
75.5,1.733,1.106,0.487,0.67,0.486,0.297,0.059
75.60000000000001,1.732,1.105,0.487,0.67,0.486,0.297,0.059
75.7,1.724,1.099,0.484,0.67,0.486,0.296,0.059
75.8,1.726,1.1,0.485,0.67,0.486,0.296,0.059
75.9,1.727,1.101,0.485,0.67,0.486,0.296,0.059
76.0,1.72,1.095,0.483,0.67,0.487,0.296,0.059
76.10000000000001,1.714,1.09,0.481,0.67,0.487,0.295,0.059
76.2,1.718,1.093,0.482,0.67,0.487,0.295,0.059
76.3,1.72,1.095,0.483,0.67,0.487,0.295,0.059
76.4,1.723,1.097,0.484,0.67,0.487,0.295,0.059
76.5,1.724,1.099,0.484,0.67,0.487,0.295,0.059
76.60000000000001,1.726,1.1,0.485,0.67,0.487,0.295,0.059
76.7,1.735,1.107,0.488,0.67,0.487,0.294,0.059
76.80000000000001,1.734,1.107,0.487,0.67,0.487,0.294,0.059
76.9,1.733,1.106,0.487,0.67,0.487,0.294,0.059
77.0,1.733,1.106,0.487,0.67,0.487,0.294,0.059
77.10000000000001,1.732,1.105,0.487,0.67,0.487,0.294,0.059
77.2,1.732,1.105,0.487,0.67,0.487,0.294,0.059
77.30000000000001,1.748,1.118,0.492,0.67,0.487,0.294,0.059
77.4,1.744,1.115,0.491,0.67,0.487,0.294,0.059
77.5,1.742,1.113,0.49,0.67,0.487,0.293,0.059
77.60000000000001,1.732,1.105,0.487,0.67,0.487,0.293,0.059
77.7,1.732,1.105,0.487,0.67,0.486,0.293,0.059
77.80000000000001,1.724,1.098,0.484,0.67,0.486,0.293,0.059
77.9,1.718,1.093,0.482,0.67,0.486,0.293,0.059
78.0,1.72,1.095,0.483,0.67,0.486,0.292,0.059
78.10000000000001,1.715,1.091,0.481,0.67,0.486,0.292,0.059
78.2,1.71,1.087,0.48,0.67,0.486,0.292,0.059
78.30000000000001,1.707,1.084,0.479,0.67,0.486,0.292,0.059
78.4,1.704,1.082,0.478,0.669,0.486,0.291,0.059
78.5,1.709,1.086,0.48,0.669,0.486,0.291,0.059
78.60000000000001,1.714,1.09,0.481,0.669,0.486,0.291,0.059
78.7,1.717,1.093,0.482,0.669,0.486,0.291,0.059
78.80000000000001,1.72,1.095,0.483,0.669,0.486,0.291,0.059
78.9,1.722,1.097,0.484,0.669,0.486,0.291,0.059
79.0,1.716,1.092,0.482,0.669,0.486,0.29,0.059
79.10000000000001,1.712,1.088,0.48,0.669,0.486,0.29,0.059
79.2,1.715,1.091,0.481,0.669,0.486,0.29,0.059
79.30000000000001,1.719,1.094,0.482,0.669,0.487,0.29,0.059
79.4,1.713,1.09,0.481,0.669,0.486,0.29,0.059
79.5,1.709,1.086,0.48,0.669,0.486,0.29,0.059
79.60000000000001,1.706,1.083,0.478,0.669,0.486,0.29,0.059
79.7,1.703,1.081,0.478,0.669,0.486,0.29,0.059
79.80000000000001,1.709,1.086,0.479,0.669,0.487,0.29,0.059
79.9,1.713,1.089,0.481,0.669,0.487,0.29,0.059
80.0,1.717,1.092,0.482,0.669,0.487,0.29,0.059
80.10000000000001,1.72,1.095,0.483,0.669,0.486,0.289,0.059
80.2,1.722,1.097,0.484,0.669,0.486,0.289,0.059
80.30000000000001,1.724,1.098,0.484,0.669,0.486,0.289,0.059
80.4,1.733,1.106,0.487,0.669,0.486,0.289,0.059
80.5,1.725,1.099,0.485,0.669,0.486,0.289,0.059
80.60000000000001,1.718,1.094,0.482,0.669,0.487,0.289,0.059
80.7,1.713,1.089,0.481,0.669,0.487,0.289,0.059
80.80000000000001,1.717,1.092,0.482,0.669,0.487,0.288,0.059
80.9,1.751,1.121,0.493,0.669,0.487,0.288,0.059
81.0,1.739,1.111,0.489,0.669,0.486,0.288,0.059
81.10000000000001,1.738,1.11,0.489,0.669,0.486,0.288,0.059
81.2,1.729,1.102,0.486,0.669,0.486,0.288,0.059
81.30000000000001,1.729,1.103,0.486,0.669,0.486,0.288,0.059
81.4,1.722,1.097,0.484,0.669,0.486,0.288,0.059
81.5,1.724,1.098,0.484,0.669,0.486,0.288,0.059
81.60000000000001,1.717,1.093,0.482,0.669,0.486,0.287,0.059
81.7,1.72,1.095,0.483,0.669,0.486,0.287,0.059
81.80000000000001,1.722,1.097,0.484,0.669,0.486,0.287,0.059
81.9,1.716,1.092,0.482,0.669,0.486,0.287,0.059
82.0,1.712,1.088,0.48,0.669,0.486,0.287,0.059
82.10000000000001,1.708,1.085,0.479,0.669,0.486,0.287,0.059
82.2,1.705,1.082,0.478,0.669,0.486,0.287,0.059
82.30000000000001,1.702,1.08,0.477,0.669,0.486,0.287,0.059
82.4,1.708,1.085,0.479,0.669,0.486,0.287,0.059
82.5,1.705,1.083,0.478,0.669,0.486,0.287,0.059
82.60000000000001,1.703,1.081,0.477,0.669,0.486,0.286,0.059
82.7,1.701,1.079,0.477,0.669,0.486,0.286,0.059
82.80000000000001,1.699,1.078,0.476,0.669,0.486,0.286,0.059
82.9,1.698,1.077,0.476,0.669,0.487,0.286,0.059
83.0,1.697,1.076,0.476,0.669,0.487,0.286,0.059
83.10000000000001,1.696,1.075,0.475,0.669,0.486,0.285,0.059
83.2,1.688,1.068,0.473,0.669,0.486,0.285,0.059
83.30000000000001,1.689,1.069,0.473,0.669,0.486,0.285,0.059
83.4,1.689,1.07,0.473,0.669,0.486,0.285,0.059
83.5,1.69,1.07,0.473,0.669,0.486,0.285,0.059
83.60000000000001,1.691,1.071,0.474,0.669,0.486,0.285,0.059
83.7,1.691,1.071,0.474,0.669,0.486,0.284,0.059
83.80000000000001,1.691,1.071,0.474,0.669,0.486,0.284,0.059
83.9,1.692,1.071,0.474,0.669,0.486,0.284,0.059
84.0,1.692,1.072,0.474,0.669,0.486,0.284,0.059
84.10000000000001,1.692,1.072,0.474,0.669,0.486,0.284,0.059
84.2,1.692,1.072,0.474,0.669,0.486,0.284,0.059
84.30000000000001,1.7,1.078,0.477,0.669,0.486,0.284,0.059
84.4,1.699,1.077,0.476,0.669,0.486,0.284,0.059
84.5,1.697,1.076,0.476,0.669,0.486,0.284,0.059
84.60000000000001,1.689,1.069,0.473,0.669,0.486,0.283,0.059
84.7,1.69,1.07,0.473,0.669,0.486,0.283,0.059
84.80000000000001,1.69,1.07,0.473,0.669,0.486,0.283,0.059
84.9,1.691,1.071,0.474,0.669,0.486,0.283,0.059
85.0,1.691,1.071,0.474,0.669,0.486,0.283,0.059
85.10000000000001,1.691,1.071,0.474,0.669,0.486,0.283,0.059
85.2,1.692,1.071,0.474,0.669,0.486,0.282,0.059
85.30000000000001,1.692,1.072,0.474,0.669,0.486,0.282,0.059
85.4,1.692,1.072,0.474,0.669,0.486,0.282,0.059
85.5,1.692,1.072,0.474,0.669,0.486,0.282,0.059
85.60000000000001,1.692,1.072,0.474,0.669,0.486,0.282,0.059
85.7,1.692,1.072,0.474,0.669,0.486,0.281,0.059
85.80000000000001,1.692,1.072,0.474,0.669,0.486,0.281,0.059
85.9,1.692,1.072,0.474,0.669,0.486,0.281,0.059
86.0,1.693,1.072,0.474,0.669,0.486,0.281,0.059
86.10000000000001,1.693,1.072,0.474,0.669,0.486,0.281,0.059
86.2,1.693,1.072,0.474,0.669,0.486,0.28,0.059
86.30000000000001,1.685,1.066,0.472,0.669,0.486,0.28,0.059
86.4,1.679,1.061,0.47,0.669,0.486,0.28,0.059
86.5,1.682,1.063,0.471,0.669,0.486,0.28,0.059
86.60000000000001,1.684,1.065,0.471,0.669,0.486,0.28,0.059
86.7,1.693,1.073,0.474,0.668,0.486,0.279,0.059
86.80000000000001,1.693,1.073,0.474,0.668,0.486,0.279,0.059
86.9,1.693,1.073,0.474,0.668,0.486,0.279,0.059
87.0,1.685,1.066,0.472,0.669,0.486,0.279,0.059
87.10000000000001,1.687,1.068,0.472,0.669,0.486,0.278,0.059
87.2,1.688,1.068,0.473,0.669,0.486,0.278,0.059
87.30000000000001,1.689,1.069,0.473,0.669,0.486,0.278,0.058
87.4,1.69,1.07,0.473,0.669,0.486,0.278,0.058
87.5,1.69,1.07,0.473,0.669,0.486,0.278,0.059
87.60000000000001,1.691,1.071,0.474,0.669,0.486,0.278,0.058
87.7,1.691,1.071,0.474,0.669,0.486,0.278,0.059
87.80000000000001,1.691,1.071,0.474,0.669,0.486,0.278,0.059
87.9,1.692,1.072,0.474,0.669,0.486,0.278,0.059
88.0,1.692,1.072,0.474,0.669,0.486,0.278,0.059
88.10000000000001,1.692,1.072,0.474,0.669,0.486,0.278,0.059
88.2,1.692,1.072,0.474,0.669,0.486,0.278,0.059
88.30000000000001,1.7,1.078,0.477,0.669,0.486,0.278,0.059
88.4,1.699,1.077,0.476,0.669,0.486,0.278,0.059
88.5,1.697,1.076,0.476,0.669,0.486,0.278,0.059
88.60000000000001,1.696,1.075,0.475,0.669,0.486,0.278,0.059
88.7,1.68,1.062,0.47,0.669,0.486,0.278,0.059
88.80000000000001,1.683,1.064,0.471,0.669,0.486,0.277,0.059
88.9,1.685,1.066,0.472,0.669,0.486,0.277,0.059
89.0,1.686,1.067,0.472,0.669,0.486,0.277,0.059
89.10000000000001,1.68,1.062,0.47,0.669,0.486,0.277,0.059
89.2,1.683,1.064,0.471,0.669,0.486,0.277,0.059
89.30000000000001,1.685,1.066,0.472,0.669,0.486,0.277,0.059
89.4,1.686,1.067,0.472,0.669,0.486,0.277,0.059
89.5,1.688,1.068,0.473,0.669,0.486,0.277,0.059
89.60000000000001,1.689,1.069,0.473,0.669,0.486,0.277,0.059
89.7,2.036,1.29,0.57,0.805,0.586,0.333,0.071
89.80000000000001,2.175,1.378,0.609,0.86,0.625,0.356,0.076
89.9,2.231,1.413,0.625,0.881,0.641,0.365,0.078
90.0,2.253,1.428,0.631,0.89,0.648,0.369,0.079
90.10000000000001,2.262,1.433,0.634,0.894,0.65,0.37,0.079
90.2,2.266,1.435,0.635,0.895,0.651,0.371,0.079
90.30000000000001,2.267,1.436,0.635,0.896,0.651,0.37,0.079
90.4,2.268,1.437,0.635,0.896,0.652,0.371,0.079
90.5,2.268,1.437,0.635,0.896,0.652,0.37,0.079
90.60000000000001,2.237,1.412,0.626,0.896,0.652,0.371,0.079
90.7,2.256,1.427,0.632,0.896,0.653,0.37,0.079
90.80000000000001,2.233,1.408,0.624,0.896,0.652,0.37,0.08
90.9,2.254,1.425,0.631,0.896,0.652,0.37,0.079
91.0,2.232,1.407,0.624,0.894,0.652,0.369,0.079
91.10000000000001,2.223,1.4,0.621,0.893,0.652,0.369,0.079
91.2,2.25,1.422,0.63,0.893,0.652,0.369,0.079
91.30000000000001,2.261,1.431,0.633,0.893,0.652,0.369,0.079
91.4,2.235,1.409,0.625,0.893,0.652,0.369,0.079
91.5,2.255,1.426,0.631,0.893,0.651,0.368,0.079
91.60000000000001,2.263,1.432,0.634,0.893,0.652,0.369,0.079
91.7,2.266,1.435,0.635,0.893,0.652,0.368,0.079
91.80000000000001,2.267,1.436,0.635,0.893,0.652,0.368,0.079
91.9,2.33,1.488,0.655,0.894,0.652,0.368,0.079
92.0,2.355,1.509,0.663,0.895,0.652,0.368,0.079
92.10000000000001,2.272,1.44,0.637,0.896,0.653,0.368,0.079
92.2,2.363,1.516,0.666,0.896,0.653,0.368,0.079
92.30000000000001,2.399,1.547,0.677,0.896,0.652,0.367,0.08
92.4,2.414,1.559,0.682,0.896,0.653,0.368,0.08
92.5,2.419,1.563,0.684,0.896,0.652,0.369,0.081
92.60000000000001,2.422,1.565,0.684,0.896,0.652,0.369,0.08
92.7,2.423,1.566,0.685,0.897,0.652,0.369,0.081
92.80000000000001,2.392,1.54,0.675,0.896,0.652,0.37,0.081
92.9,2.38,1.53,0.671,0.897,0.652,0.37,0.08
93.0,2.375,1.526,0.669,0.898,0.652,0.371,0.081
93.10000000000001,2.342,1.498,0.659,0.898,0.652,0.371,0.081
93.2,2.328,1.487,0.655,0.899,0.653,0.372,0.081
93.30000000000001,2.323,1.483,0.653,0.898,0.653,0.372,0.081
93.4,2.321,1.481,0.652,0.899,0.652,0.372,0.081
93.5,2.32,1.48,0.652,0.9,0.652,0.373,0.081
93.60000000000001,2.32,1.48,0.652,0.9,0.652,0.373,0.081
93.7,2.32,1.48,0.652,0.9,0.653,0.373,0.082
93.80000000000001,2.351,1.506,0.662,0.901,0.652,0.374,0.081
93.9,2.332,1.49,0.656,0.901,0.652,0.374,0.081
94.0,2.325,1.484,0.653,0.901,0.653,0.374,0.082
94.10000000000001,2.353,1.507,0.662,0.901,0.652,0.375,0.081
94.2,2.364,1.517,0.666,0.901,0.653,0.375,0.081
94.30000000000001,2.337,1.494,0.657,0.901,0.652,0.375,0.082
94.4,2.358,1.512,0.664,0.901,0.652,0.375,0.082
94.5,2.335,1.492,0.657,0.902,0.652,0.375,0.082
94.60000000000001,2.326,1.485,0.654,0.901,0.652,0.376,0.082
94.7,2.322,1.482,0.653,0.902,0.652,0.377,0.082
94.80000000000001,2.321,1.48,0.652,0.902,0.652,0.377,0.082
94.9,2.351,1.506,0.662,0.902,0.652,0.377,0.082
95.0,2.332,1.49,0.656,0.902,0.652,0.378,0.082
95.10000000000001,2.356,1.51,0.663,0.902,0.652,0.378,0.082
95.2,2.365,1.518,0.666,0.903,0.652,0.378,0.083
95.30000000000001,2.338,1.495,0.658,0.902,0.652,0.379,0.083
95.4,2.358,1.512,0.664,0.903,0.652,0.379,0.083
95.5,2.366,1.518,0.667,0.903,0.652,0.38,0.083
95.60000000000001,2.369,1.521,0.668,0.902,0.652,0.38,0.082
95.7,2.37,1.522,0.668,0.903,0.652,0.38,0.083
95.80000000000001,2.371,1.523,0.668,0.903,0.653,0.38,0.082
95.9,2.371,1.523,0.668,0.903,0.652,0.38,0.083
96.0,2.371,1.523,0.668,0.903,0.652,0.381,0.083
96.10000000000001,2.371,1.523,0.668,0.904,0.652,0.381,0.083
96.2,2.371,1.523,0.668,0.904,0.652,0.381,0.083
96.30000000000001,2.371,1.523,0.668,0.903,0.652,0.382,0.083
96.4,2.371,1.523,0.668,0.904,0.653,0.382,0.083
96.5,2.371,1.523,0.668,0.904,0.653,0.383,0.083
96.60000000000001,2.371,1.523,0.668,0.905,0.653,0.384,0.083
96.7,2.371,1.523,0.668,0.905,0.653,0.384,0.083
96.80000000000001,2.371,1.523,0.668,0.905,0.653,0.384,0.083
96.9,2.371,1.523,0.668,0.905,0.653,0.384,0.082
97.0,2.371,1.523,0.668,0.905,0.653,0.385,0.083
97.10000000000001,2.371,1.523,0.668,0.905,0.653,0.385,0.083
97.2,2.371,1.523,0.668,0.905,0.653,0.385,0.084
97.30000000000001,2.434,1.576,0.688,0.905,0.653,0.385,0.084
97.4,2.396,1.544,0.676,0.905,0.653,0.386,0.084
97.5,2.381,1.531,0.672,0.905,0.653,0.386,0.084
97.60000000000001,2.407,1.553,0.68,0.906,0.653,0.386,0.084
97.7,2.385,1.535,0.673,0.905,0.653,0.387,0.084
97.80000000000001,2.377,1.528,0.67,0.906,0.653,0.387,0.084
97.9,2.374,1.525,0.669,0.906,0.653,0.388,0.084
98.0,2.372,1.524,0.669,0.905,0.653,0.388,0.084
98.10000000000001,2.403,1.55,0.678,0.906,0.653,0.388,0.084
98.2,2.415,1.56,0.682,0.906,0.653,0.388,0.084
98.30000000000001,2.42,1.564,0.684,0.906,0.652,0.388,0.084
98.4,2.422,1.566,0.685,0.906,0.653,0.388,0.084
98.5,2.454,1.593,0.695,0.905,0.652,0.388,0.084
98.60000000000001,2.467,1.604,0.699,0.905,0.653,0.389,0.084
98.7,2.441,1.582,0.691,0.906,0.652,0.389,0.084
98.80000000000001,2.43,1.573,0.687,0.906,0.653,0.39,0.084
98.9,2.395,1.543,0.676,0.906,0.653,0.389,0.085
99.0,2.381,1.531,0.671,0.906,0.652,0.39,0.084
99.10000000000001,2.375,1.526,0.67,0.906,0.652,0.39,0.084
99.2,2.404,1.55,0.679,0.906,0.653,0.39,0.084
99.30000000000001,2.416,1.56,0.682,0.906,0.652,0.39,0.085
99.4,2.42,1.564,0.684,0.906,0.653,0.391,0.084
99.5,2.453,1.592,0.695,0.906,0.653,0.391,0.084
99.60000000000001,2.467,1.604,0.699,0.906,0.652,0.391,0.084
99.7,2.441,1.581,0.691,0.906,0.652,0.392,0.084
99.80000000000001,2.43,1.573,0.687,0.906,0.652,0.392,0.084
99.9,2.426,1.569,0.686,0.905,0.652,0.393,0.085
100.0,2.424,1.568,0.685,0.906,0.653,0.392,0.085
100.10000000000001,2.424,1.567,0.685,0.906,0.652,0.393,0.086
100.2,2.423,1.567,0.685,0.906,0.653,0.393,0.085
100.30000000000001,2.423,1.567,0.685,0.906,0.652,0.393,0.085
100.4,2.423,1.567,0.685,0.906,0.653,0.394,0.086
100.5,2.392,1.54,0.675,0.906,0.653,0.394,0.085
100.60000000000001,2.411,1.556,0.681,0.906,0.652,0.394,0.086
100.7,2.418,1.563,0.683,0.906,0.652,0.394,0.085
100.80000000000001,2.421,1.565,0.684,0.907,0.652,0.394,0.085
100.9,2.423,1.566,0.685,0.906,0.653,0.395,0.085
101.0,2.423,1.566,0.685,0.906,0.652,0.395,0.086
101.10000000000001,2.423,1.567,0.685,0.906,0.652,0.395,0.085
101.2,2.423,1.567,0.685,0.906,0.652,0.396,0.085
101.30000000000001,2.423,1.567,0.685,0.906,0.652,0.396,0.085
101.4,2.423,1.567,0.685,0.906,0.652,0.396,0.085
101.5,2.423,1.567,0.685,0.906,0.652,0.396,0.086
101.60000000000001,2.423,1.567,0.685,0.906,0.652,0.396,0.086
101.7,2.423,1.567,0.685,0.906,0.653,0.396,0.086
101.80000000000001,2.392,1.54,0.675,0.906,0.653,0.396,0.086
101.9,2.411,1.556,0.681,0.905,0.652,0.397,0.086
102.0,2.418,1.563,0.683,0.906,0.652,0.397,0.086
102.10000000000001,2.421,1.565,0.684,0.906,0.652,0.397,0.086
102.2,2.423,1.566,0.685,0.906,0.653,0.398,0.086
102.30000000000001,2.423,1.566,0.685,0.906,0.653,0.398,0.086
102.4,2.423,1.567,0.685,0.907,0.653,0.398,0.086
102.5,2.423,1.567,0.685,0.906,0.652,0.398,0.086
102.60000000000001,2.423,1.567,0.685,0.906,0.652,0.398,0.086
102.7,2.423,1.567,0.685,0.906,0.652,0.398,0.086
102.80000000000001,2.423,1.567,0.685,0.906,0.653,0.399,0.086
102.9,2.423,1.567,0.685,0.906,0.652,0.398,0.085
103.0,2.423,1.567,0.685,0.906,0.652,0.398,0.086
103.10000000000001,2.423,1.567,0.685,0.905,0.653,0.399,0.086
103.2,2.423,1.567,0.685,0.906,0.653,0.399,0.086
103.30000000000001,2.423,1.567,0.685,0.907,0.652,0.4,0.086
103.4,2.423,1.567,0.685,0.906,0.653,0.4,0.086
103.5,2.423,1.567,0.685,0.906,0.652,0.401,0.086
103.60000000000001,2.423,1.567,0.685,0.906,0.652,0.401,0.086
103.7,2.455,1.593,0.695,0.906,0.652,0.401,0.086
103.80000000000001,2.436,1.577,0.689,0.906,0.652,0.401,0.086
103.9,2.428,1.571,0.687,0.906,0.653,0.401,0.087
104.0,2.457,1.595,0.696,0.906,0.653,0.401,0.086
104.10000000000001,2.437,1.578,0.689,0.907,0.652,0.402,0.087
104.2,2.46,1.598,0.697,0.907,0.652,0.402,0.086
104.30000000000001,2.469,1.606,0.7,0.907,0.653,0.402,0.086
104.4,2.568,1.691,0.732,0.908,0.652,0.402,0.086
104.5,2.481,1.616,0.704,0.907,0.652,0.403,0.086
104.60000000000001,2.478,1.613,0.702,0.907,0.653,0.403,0.086
104.7,2.445,1.585,0.692,0.908,0.652,0.403,0.087
104.80000000000001,2.432,1.574,0.688,0.907,0.652,0.402,0.086
104.9,2.458,1.596,0.696,0.907,0.652,0.402,0.086
105.0,2.437,1.579,0.689,0.907,0.652,0.403,0.087
105.10000000000001,2.46,1.598,0.697,0.907,0.652,0.404,0.087
105.2,2.469,1.606,0.7,0.907,0.652,0.404,0.087
105.30000000000001,2.442,1.582,0.691,0.907,0.652,0.404,0.086
105.4,2.462,1.6,0.697,0.907,0.653,0.404,0.087
105.5,2.47,1.606,0.7,0.907,0.653,0.405,0.087
105.60000000000001,2.473,1.609,0.701,0.907,0.652,0.405,0.086
105.7,2.475,1.61,0.701,0.907,0.653,0.405,0.087
105.80000000000001,2.475,1.611,0.702,0.908,0.652,0.405,0.087
105.9,2.475,1.611,0.702,0.908,0.653,0.405,0.087
106.0,2.475,1.611,0.702,0.908,0.652,0.405,0.087
106.10000000000001,2.507,1.638,0.712,0.908,0.653,0.406,0.087
106.2,2.488,1.622,0.706,0.908,0.653,0.406,0.087
106.30000000000001,2.481,1.615,0.703,0.908,0.653,0.406,0.087
106.4,2.446,1.586,0.692,0.907,0.652,0.406,0.087
106.5,2.464,1.601,0.698,0.907,0.652,0.406,0.087
106.60000000000001,2.44,1.58,0.69,0.907,0.653,0.406,0.087
106.7,2.461,1.599,0.697,0.908,0.653,0.407,0.087
106.80000000000001,2.47,1.606,0.7,0.907,0.652,0.406,0.086
106.9,2.473,1.609,0.701,0.908,0.653,0.407,0.087
107.0,2.475,1.61,0.701,0.908,0.653,0.407,0.087
107.10000000000001,2.475,1.611,0.702,0.909,0.653,0.407,0.087
107.2,2.475,1.611,0.702,0.908,0.653,0.407,0.087
107.30000000000001,2.475,1.611,0.702,0.908,0.652,0.407,0.087
107.4,2.476,1.611,0.702,0.907,0.652,0.407,0.087
107.5,2.476,1.611,0.702,0.908,0.652,0.408,0.087
107.60000000000001,2.476,1.611,0.702,0.909,0.653,0.408,0.087
107.7,2.476,1.611,0.702,0.908,0.653,0.409,0.087
107.80000000000001,2.476,1.611,0.702,0.908,0.653,0.409,0.087
107.9,2.476,1.611,0.702,0.909,0.653,0.409,0.087
108.0,2.476,1.611,0.702,0.908,0.652,0.409,0.087
108.10000000000001,2.476,1.611,0.702,0.908,0.652,0.41,0.087
108.2,2.476,1.611,0.702,0.908,0.653,0.409,0.087
108.30000000000001,2.476,1.611,0.702,0.908,0.653,0.41,0.087
108.4,2.476,1.611,0.702,0.908,0.653,0.41,0.087
108.5,2.476,1.611,0.702,0.908,0.653,0.409,0.087
108.60000000000001,2.476,1.611,0.702,0.908,0.653,0.41,0.087
108.7,2.476,1.611,0.702,0.908,0.653,0.41,0.087
108.80000000000001,2.476,1.611,0.702,0.908,0.653,0.41,0.087
108.9,2.476,1.611,0.702,0.907,0.653,0.41,0.087
109.0,2.476,1.611,0.702,0.908,0.652,0.411,0.087
109.10000000000001,2.476,1.611,0.702,0.908,0.652,0.412,0.088
109.2,2.476,1.611,0.702,0.908,0.653,0.412,0.087
109.30000000000001,2.476,1.611,0.702,0.909,0.652,0.412,0.087
109.4,2.476,1.611,0.702,0.908,0.653,0.412,0.087
109.5,2.476,1.611,0.702,0.908,0.652,0.412,0.088
109.60000000000001,2.476,1.611,0.702,0.908,0.652,0.412,0.087
109.7,2.476,1.611,0.702,0.908,0.653,0.413,0.088
109.80000000000001,2.476,1.611,0.702,0.908,0.653,0.412,0.088
109.9,2.476,1.611,0.702,0.908,0.652,0.413,0.088
110.0,2.507,1.638,0.712,0.908,0.653,0.413,0.088
110.10000000000001,2.488,1.622,0.706,0.909,0.653,0.413,0.087
110.2,2.512,1.642,0.713,0.908,0.652,0.413,0.088
110.30000000000001,2.49,1.624,0.706,0.907,0.652,0.413,0.088
110.4,2.608,1.726,0.745,0.908,0.653,0.414,0.088
110.5,2.497,1.63,0.709,0.909,0.653,0.414,0.088
110.60000000000001,2.484,1.619,0.705,0.908,0.653,0.414,0.087
110.7,2.479,1.614,0.703,0.908,0.653,0.414,0.088
110.80000000000001,2.54,1.666,0.723,0.908,0.653,0.414,0.087
110.9,2.501,1.633,0.71,0.908,0.652,0.414,0.088
111.0,2.486,1.62,0.705,0.908,0.653,0.414,0.088
111.10000000000001,2.48,1.615,0.703,0.908,0.653,0.415,0.088
111.2,2.509,1.639,0.712,0.908,0.652,0.415,0.088
111.30000000000001,2.52,1.649,0.716,0.908,0.653,0.415,0.088
111.4,2.525,1.653,0.718,0.907,0.652,0.416,0.088
111.5,2.527,1.655,0.718,0.908,0.653,0.416,0.088
111.60000000000001,2.496,1.629,0.708,0.908,0.653,0.416,0.088
111.7,2.515,1.645,0.714,0.909,0.652,0.416,0.088
111.80000000000001,2.491,1.625,0.707,0.908,0.653,0.416,0.088
111.9,2.513,1.643,0.714,0.909,0.652,0.417,0.087
112.0,2.522,1.651,0.717,0.909,0.653,0.416,0.088
112.10000000000001,2.494,1.627,0.708,0.909,0.653,0.417,0.088
112.2,2.483,1.617,0.704,0.908,0.652,0.417,0.089
112.30000000000001,2.479,1.614,0.703,0.909,0.653,0.417,0.088
112.4,2.508,1.639,0.712,0.909,0.653,0.417,0.088
112.5,2.489,1.622,0.706,0.909,0.653,0.417,0.089
112.60000000000001,2.481,1.616,0.703,0.909,0.652,0.418,0.088
112.7,2.478,1.613,0.702,0.909,0.653,0.418,0.088
112.80000000000001,2.476,1.612,0.702,0.909,0.653,0.418,0.089
112.9,2.507,1.638,0.712,0.909,0.653,0.418,0.089
113.0,2.52,1.649,0.716,0.909,0.653,0.418,0.089
113.10000000000001,2.493,1.626,0.707,0.908,0.653,0.418,0.089
113.2,2.483,1.617,0.704,0.908,0.653,0.418,0.088
113.30000000000001,2.478,1.613,0.703,0.909,0.653,0.419,0.088
113.4,2.508,1.639,0.712,0.908,0.653,0.418,0.088
113.5,2.52,1.649,0.716,0.908,0.653,0.419,0.088
113.60000000000001,2.525,1.653,0.718,0.909,0.653,0.42,0.089
113.7,2.527,1.655,0.718,0.908,0.652,0.42,0.089
113.80000000000001,2.465,1.602,0.698,0.909,0.653,0.42,0.089
113.9,2.471,1.607,0.7,0.909,0.653,0.42,0.089
114.0,2.474,1.61,0.701,0.909,0.653,0.42,0.089
114.10000000000001,2.506,1.637,0.712,0.908,0.653,0.42,0.089
114.2,2.519,1.648,0.716,0.909,0.652,0.42,0.089
114.30000000000001,2.525,1.653,0.717,0.909,0.653,0.42,0.088
114.4,2.527,1.655,0.718,0.909,0.652,0.42,0.089
114.5,2.528,1.655,0.718,0.909,0.652,0.421,0.089
114.60000000000001,2.528,1.656,0.719,0.909,0.652,0.42,0.089
114.7,2.465,1.602,0.698,0.909,0.652,0.42,0.088
114.80000000000001,2.503,1.634,0.711,0.908,0.653,0.421,0.089
114.9,2.518,1.647,0.715,0.909,0.652,0.42,0.089
115.0,2.524,1.652,0.717,0.908,0.653,0.421,0.089
115.10000000000001,2.526,1.655,0.718,0.909,0.653,0.421,0.089
115.2,2.527,1.655,0.718,0.909,0.652,0.421,0.088
115.30000000000001,2.528,1.656,0.719,0.909,0.652,0.422,0.089
115.4,2.528,1.656,0.719,0.909,0.653,0.422,0.089
115.5,2.528,1.656,0.719,0.909,0.653,0.422,0.089
115.60000000000001,2.528,1.656,0.719,0.908,0.653,0.422,0.089
115.7,2.528,1.656,0.719,0.909,0.653,0.422,0.09
115.80000000000001,2.528,1.656,0.719,0.909,0.652,0.422,0.09
115.9,2.528,1.656,0.719,0.909,0.653,0.422,0.089
116.0,2.528,1.656,0.719,0.909,0.653,0.422,0.089
116.10000000000001,2.528,1.656,0.719,0.909,0.653,0.422,0.089
116.2,2.528,1.656,0.719,0.909,0.652,0.423,0.089
116.30000000000001,2.56,1.683,0.729,0.909,0.653,0.423,0.089
116.4,2.541,1.667,0.723,0.908,0.653,0.423,0.089
116.5,2.533,1.66,0.72,0.909,0.652,0.423,0.089
116.60000000000001,2.53,1.658,0.719,0.909,0.652,0.423,0.089
116.7,2.529,1.657,0.719,0.909,0.653,0.424,0.089
116.80000000000001,2.528,1.656,0.719,0.909,0.653,0.423,0.089
116.9,2.528,1.656,0.719,0.909,0.653,0.423,0.089
117.0,2.497,1.629,0.708,0.909,0.653,0.424,0.089
117.10000000000001,2.515,1.645,0.715,0.909,0.653,0.424,0.089
117.2,2.523,1.652,0.717,0.909,0.653,0.425,0.089
117.30000000000001,2.526,1.654,0.718,0.909,0.653,0.425,0.09
117.4,2.527,1.655,0.718,0.909,0.653,0.424,0.089
117.5,2.528,1.656,0.719,0.909,0.653,0.425,0.089
117.60000000000001,2.528,1.656,0.719,0.909,0.653,0.425,0.089
117.7,2.528,1.656,0.719,0.909,0.653,0.426,0.089
117.80000000000001,2.528,1.656,0.719,0.909,0.653,0.425,0.089
117.9,2.528,1.656,0.719,0.909,0.653,0.426,0.089
118.0,2.528,1.656,0.719,0.909,0.653,0.426,0.089
118.10000000000001,2.528,1.656,0.719,0.91,0.653,0.426,0.089
118.2,2.528,1.656,0.719,0.909,0.653,0.426,0.089
118.30000000000001,2.528,1.656,0.719,0.909,0.653,0.426,0.089
118.4,2.56,1.683,0.729,0.909,0.653,0.427,0.089
118.5,2.541,1.667,0.723,0.909,0.653,0.427,0.089
118.60000000000001,2.533,1.66,0.72,0.909,0.653,0.427,0.089
118.7,2.53,1.658,0.719,0.909,0.653,0.426,0.089
118.80000000000001,2.529,1.657,0.719,0.909,0.653,0.427,0.089
118.9,2.56,1.683,0.729,0.909,0.653,0.427,0.089
119.0,2.541,1.667,0.723,0.909,0.653,0.426,0.089
119.10000000000001,2.533,1.66,0.72,0.909,0.653,0.427,0.09
119.2,2.53,1.658,0.719,0.91,0.653,0.428,0.09
119.30000000000001,2.561,1.684,0.729,0.909,0.653,0.427,0.089
119.4,2.541,1.667,0.723,0.909,0.654,0.427,0.09
119.5,2.533,1.66,0.72,0.909,0.653,0.428,0.089
119.60000000000001,2.53,1.658,0.719,0.909,0.653,0.428,0.089
119.7,2.529,1.657,0.719,0.909,0.653,0.428,0.089
119.80000000000001,2.56,1.683,0.729,0.909,0.653,0.428,0.09
119.9,2.573,1.694,0.733,0.909,0.653,0.428,0.089
120.0,2.546,1.671,0.724,0.909,0.653,0.428,0.089
120.10000000000001,2.535,1.662,0.721,0.91,0.653,0.429,0.09
120.2,2.531,1.658,0.72,0.909,0.653,0.429,0.089
120.30000000000001,2.529,1.657,0.719,0.909,0.654,0.429,0.089
120.4,2.56,1.683,0.729,0.909,0.653,0.429,0.089
120.5,2.541,1.667,0.723,0.909,0.653,0.429,0.089
120.60000000000001,2.565,1.688,0.73,0.909,0.653,0.429,0.089
120.7,2.574,1.696,0.734,0.909,0.654,0.43,0.089
120.80000000000001,2.515,1.645,0.714,0.909,0.654,0.429,0.089
120.9,2.523,1.652,0.717,0.909,0.653,0.429,0.089
121.0,2.526,1.654,0.718,0.909,0.653,0.429,0.09
121.10000000000001,2.559,1.682,0.729,0.909,0.653,0.429,0.09
121.2,2.54,1.666,0.723,0.909,0.653,0.43,0.089
121.30000000000001,2.565,1.687,0.73,0.909,0.653,0.429,0.089
121.4,2.543,1.668,0.723,0.909,0.653,0.43,0.09
121.5,2.534,1.661,0.721,0.909,0.653,0.43,0.089
121.60000000000001,2.53,1.658,0.719,0.91,0.654,0.43,0.09
121.7,2.529,1.657,0.719,0.91,0.653,0.43,0.089
121.80000000000001,2.528,1.656,0.719,0.91,0.653,0.431,0.089
121.9,2.528,1.656,0.719,0.909,0.654,0.431,0.09
122.0,2.528,1.656,0.719,0.909,0.653,0.43,0.09
122.10000000000001,2.528,1.656,0.719,0.909,0.654,0.431,0.09
122.2,2.56,1.683,0.729,0.909,0.654,0.431,0.089
122.30000000000001,2.572,1.694,0.733,0.91,0.653,0.431,0.089
122.4,2.577,1.698,0.735,0.909,0.653,0.431,0.09
122.5,2.548,1.673,0.725,0.909,0.653,0.431,0.089
122.60000000000001,2.536,1.663,0.721,0.91,0.653,0.431,0.09
122.7,2.531,1.659,0.72,0.909,0.653,0.432,0.089
122.80000000000001,2.435,1.577,0.689,0.91,0.653,0.432,0.09
122.9,2.523,1.652,0.717,0.91,0.653,0.432,0.09
123.0,2.526,1.654,0.718,0.91,0.653,0.432,0.09
123.10000000000001,2.527,1.655,0.718,0.91,0.653,0.432,0.09
123.2,2.528,1.656,0.719,0.909,0.653,0.433,0.09
123.30000000000001,2.528,1.656,0.719,0.91,0.653,0.433,0.09
123.4,2.56,1.683,0.729,0.91,0.653,0.433,0.09
123.5,2.541,1.667,0.723,0.91,0.653,0.433,0.09
123.60000000000001,2.565,1.687,0.73,0.91,0.653,0.433,0.09
123.7,2.574,1.696,0.734,0.91,0.653,0.433,0.09
123.80000000000001,2.547,1.672,0.725,0.909,0.653,0.433,0.09
123.9,2.535,1.662,0.721,0.91,0.654,0.433,0.089
124.0,2.531,1.658,0.72,0.91,0.654,0.433,0.089
124.10000000000001,2.561,1.684,0.729,0.91,0.653,0.434,0.09
124.2,2.573,1.694,0.733,0.911,0.653,0.434,0.09
124.30000000000001,2.578,1.699,0.735,0.91,0.653,0.434,0.09
124.4,2.58,1.7,0.735,0.909,0.654,0.434,0.09
124.5,2.58,1.701,0.735,0.91,0.653,0.434,0.09
124.60000000000001,2.581,1.701,0.736,0.91,0.653,0.434,0.09
124.7,2.581,1.701,0.736,0.911,0.653,0.434,0.09
124.80000000000001,2.581,1.701,0.736,0.91,0.653,0.435,0.09
124.9,2.581,1.701,0.736,0.91,0.653,0.435,0.09
125.0,2.549,1.674,0.725,0.91,0.653,0.434,0.09
125.10000000000001,2.568,1.69,0.732,0.91,0.653,0.435,0.09
125.2,2.576,1.697,0.734,0.911,0.654,0.435,0.09
125.30000000000001,2.579,1.7,0.735,0.91,0.654,0.434,0.09
125.4,2.58,1.701,0.735,0.91,0.653,0.435,0.09
125.5,2.581,1.701,0.736,0.91,0.653,0.436,0.09
125.60000000000001,2.581,1.701,0.736,0.91,0.653,0.436,0.09
125.7,2.549,1.674,0.725,0.91,0.653,0.436,0.09
125.80000000000001,2.536,1.663,0.721,0.911,0.653,0.436,0.09
125.9,2.563,1.686,0.73,0.91,0.653,0.436,0.09
126.0,2.574,1.695,0.733,0.91,0.654,0.436,0.089
126.10000000000001,2.578,1.699,0.735,0.911,0.653,0.436,0.09
126.2,2.58,1.7,0.735,0.91,0.653,0.436,0.09
126.30000000000001,2.58,1.701,0.735,0.91,0.653,0.436,0.09
126.4,2.581,1.701,0.736,0.91,0.653,0.436,0.089
126.5,2.581,1.701,0.736,0.911,0.653,0.437,0.09
126.60000000000001,2.581,1.701,0.736,0.91,0.654,0.436,0.09
126.7,2.581,1.701,0.736,0.91,0.653,0.437,0.09
126.80000000000001,2.581,1.701,0.736,0.91,0.654,0.437,0.091
126.9,2.549,1.674,0.725,0.91,0.654,0.437,0.09
127.0,2.6,1.718,0.742,0.911,0.654,0.437,0.09
127.10000000000001,2.589,1.708,0.738,0.911,0.654,0.437,0.09
127.2,2.616,1.731,0.747,0.91,0.653,0.437,0.09
127.30000000000001,2.563,1.686,0.73,0.91,0.653,0.438,0.09
127.4,2.574,1.695,0.733,0.91,0.654,0.437,0.09
127.5,2.578,1.699,0.735,0.911,0.654,0.437,0.09
127.60000000000001,2.58,1.7,0.735,0.91,0.653,0.438,0.09
127.7,2.58,1.701,0.735,0.91,0.654,0.437,0.09
127.80000000000001,2.581,1.701,0.736,0.91,0.653,0.438,0.09
127.9,2.581,1.701,0.736,0.91,0.653,0.438,0.09
128.0,2.613,1.729,0.746,0.91,0.654,0.438,0.091
128.1,2.594,1.712,0.74,0.91,0.654,0.438,0.09
128.20000000000002,2.586,1.706,0.737,0.91,0.654,0.438,0.09
128.3,2.647,1.758,0.757,0.91,0.654,0.439,0.09
128.4,2.607,1.724,0.744,0.91,0.654,0.438,0.09
128.5,2.591,1.71,0.739,0.91,0.654,0.438,0.09
128.6,2.585,1.705,0.737,0.91,0.653,0.439,0.09
128.70000000000002,2.583,1.703,0.736,0.911,0.653,0.438,0.09
128.8,2.582,1.702,0.736,0.911,0.654,0.438,0.09
128.9,2.581,1.701,0.736,0.91,0.654,0.439,0.09
129.0,2.581,1.701,0.736,0.91,0.654,0.439,0.09
129.1,2.581,1.701,0.736,0.91,0.653,0.439,0.09
129.20000000000002,2.581,1.701,0.736,0.91,0.653,0.439,0.09
129.3,2.677,1.785,0.767,0.91,0.653,0.439,0.09
129.4,2.619,1.735,0.748,0.911,0.654,0.439,0.091
129.5,2.596,1.715,0.741,0.91,0.654,0.439,0.09
129.6,2.619,1.734,0.748,0.911,0.653,0.439,0.09
129.70000000000002,2.596,1.714,0.741,0.911,0.654,0.44,0.09
129.8,2.587,1.707,0.738,0.911,0.654,0.44,0.09
129.9,2.583,1.703,0.736,0.91,0.654,0.44,0.09
130.0,2.582,1.702,0.736,0.911,0.653,0.441,0.09
130.1,2.581,1.702,0.736,0.91,0.654,0.441,0.09
130.20000000000002,2.581,1.701,0.736,0.91,0.654,0.441,0.09
130.3,2.581,1.701,0.736,0.911,0.654,0.441,0.09
130.4,2.581,1.701,0.736,0.911,0.654,0.441,0.09
130.5,2.581,1.701,0.736,0.911,0.654,0.44,0.09
130.6,2.581,1.701,0.736,0.911,0.654,0.441,0.09
130.70000000000002,2.581,1.701,0.736,0.912,0.654,0.441,0.09
130.8,2.581,1.701,0.736,0.911,0.654,0.441,0.09
130.9,2.581,1.701,0.736,0.911,0.654,0.441,0.089
131.0,2.581,1.701,0.736,0.912,0.654,0.441,0.09
131.1,2.581,1.701,0.736,0.911,0.654,0.442,0.091
131.20000000000002,2.581,1.701,0.736,0.911,0.654,0.442,0.09
131.3,2.581,1.701,0.736,0.912,0.654,0.442,0.09
131.4,2.581,1.701,0.736,0.911,0.654,0.442,0.09
131.5,2.581,1.701,0.736,0.911,0.654,0.442,0.09
131.6,2.613,1.729,0.746,0.911,0.654,0.442,0.091
131.70000000000002,2.594,1.712,0.74,0.912,0.655,0.442,0.09
131.8,2.586,1.706,0.737,0.912,0.655,0.442,0.09
131.9,2.583,1.703,0.736,0.913,0.654,0.442,0.09
132.0,2.582,1.702,0.736,0.911,0.654,0.442,0.09
132.1,2.581,1.702,0.736,0.91,0.654,0.442,0.09
132.20000000000002,2.581,1.701,0.736,0.912,0.654,0.443,0.09
132.3,2.613,1.729,0.746,0.911,0.654,0.444,0.091
132.4,2.594,1.712,0.74,0.912,0.654,0.444,0.09
132.5,2.586,1.706,0.737,0.912,0.654,0.443,0.091
132.6,2.583,1.703,0.736,0.912,0.654,0.443,0.091
132.70000000000002,2.582,1.702,0.736,0.912,0.654,0.443,0.091
132.8,2.581,1.702,0.736,0.912,0.655,0.443,0.09
132.9,2.581,1.701,0.736,0.912,0.654,0.444,0.09
133.0,2.581,1.701,0.736,0.912,0.655,0.444,0.091
133.1,2.581,1.701,0.736,0.912,0.654,0.443,0.09
133.20000000000002,2.581,1.701,0.736,0.911,0.654,0.444,0.09
133.3,2.581,1.701,0.736,0.912,0.655,0.444,0.09
133.4,2.613,1.729,0.746,0.912,0.654,0.444,0.09
133.5,2.625,1.74,0.75,0.912,0.654,0.444,0.091
133.6,2.599,1.717,0.741,0.912,0.655,0.444,0.091
133.70000000000002,2.588,1.707,0.738,0.912,0.655,0.444,0.091
133.8,2.584,1.704,0.737,0.911,0.654,0.444,0.09
133.9,2.614,1.73,0.746,0.912,0.655,0.444,0.09
134.0,2.594,1.713,0.74,0.911,0.654,0.444,0.09
134.1,2.586,1.706,0.737,0.912,0.654,0.444,0.09
134.20000000000002,2.615,1.731,0.747,0.913,0.654,0.445,0.091
134.3,2.594,1.713,0.74,0.912,0.655,0.445,0.09
134.4,2.586,1.706,0.737,0.912,0.655,0.444,0.09
134.5,2.583,1.703,0.736,0.913,0.654,0.445,0.09
134.6,2.582,1.702,0.736,0.912,0.655,0.444,0.09
134.70000000000002,2.581,1.702,0.736,0.912,0.654,0.445,0.09
134.8,2.581,1.701,0.736,0.913,0.654,0.445,0.09
134.9,2.581,1.701,0.736,0.912,0.654,0.445,0.091
135.0,2.613,1.729,0.746,0.911,0.654,0.445,0.09
135.1,2.594,1.712,0.74,0.912,0.655,0.445,0.09
135.20000000000002,2.586,1.706,0.737,0.912,0.655,0.445,0.09
135.3,2.583,1.703,0.736,0.912,0.654,0.445,0.091
135.4,2.582,1.702,0.736,0.912,0.654,0.445,0.09
135.5,2.487,1.621,0.705,0.911,0.654,0.445,0.09
135.6,2.543,1.669,0.724,0.911,0.654,0.445,0.091
135.70000000000002,2.566,1.688,0.731,0.912,0.654,0.445,0.09
135.8,2.575,1.696,0.734,0.912,0.654,0.445,0.091
135.9,2.578,1.699,0.735,0.911,0.654,0.446,0.091
136.0,2.612,1.728,0.746,0.912,0.654,0.446,0.09
136.1,2.593,1.712,0.74,0.911,0.654,0.445,0.09
136.20000000000002,2.586,1.706,0.737,0.911,0.654,0.445,0.09
136.3,2.583,1.703,0.736,0.912,0.655,0.446,0.09
136.4,2.582,1.702,0.736,0.912,0.655,0.446,0.09
136.5,2.581,1.702,0.736,0.912,0.654,0.446,0.091
136.6,2.581,1.701,0.736,0.912,0.655,0.446,0.091
136.70000000000002,2.613,1.729,0.746,0.912,0.655,0.446,0.091
136.8,2.625,1.74,0.75,0.913,0.655,0.447,0.09
136.9,2.631,1.744,0.752,0.913,0.655,0.446,0.09
137.0,2.601,1.718,0.742,0.912,0.654,0.447,0.09
137.1,2.589,1.708,0.738,0.912,0.655,0.448,0.09
137.20000000000002,2.616,1.732,0.747,0.912,0.654,0.448,0.091
137.3,2.595,1.713,0.74,0.913,0.655,0.447,0.09
137.4,2.586,1.706,0.737,0.913,0.655,0.447,0.09
137.5,2.583,1.703,0.736,0.912,0.654,0.447,0.09
137.6,2.582,1.702,0.736,0.912,0.655,0.447,0.09
137.70000000000002,2.645,1.757,0.756,0.912,0.654,0.448,0.09
137.8,2.607,1.724,0.744,0.912,0.655,0.448,0.091
137.9,2.623,1.738,0.749,0.912,0.654,0.448,0.09
138.0,2.598,1.716,0.741,0.912,0.655,0.448,0.09
138.1,2.619,1.735,0.748,0.913,0.654,0.448,0.091
138.20000000000002,2.628,1.742,0.751,0.912,0.655,0.448,0.091
138.3,2.6,1.718,0.742,0.912,0.655,0.448,0.091
138.4,2.588,1.708,0.738,0.912,0.655,0.448,0.09
138.5,2.584,1.704,0.737,0.913,0.654,0.448,0.09
138.6,2.582,1.702,0.736,0.912,0.654,0.448,0.091
138.70000000000002,2.581,1.702,0.736,0.911,0.655,0.448,0.091
138.8,2.581,1.701,0.736,0.912,0.655,0.448,0.09
138.9,2.613,1.729,0.746,0.911,0.654,0.449,0.09
139.0,2.625,1.74,0.75,0.912,0.654,0.449,0.09
139.1,2.631,1.744,0.752,0.913,0.655,0.448,0.09
139.20000000000002,2.633,1.746,0.752,0.912,0.655,0.448,0.091
139.3,2.602,1.719,0.742,0.912,0.655,0.449,0.091
139.4,2.589,1.708,0.738,0.913,0.654,0.449,0.091
139.5,2.584,1.704,0.737,0.912,0.655,0.448,0.091
139.6,2.582,1.702,0.736,0.913,0.655,0.449,0.09
139.70000000000002,2.581,1.702,0.736,0.912,0.655,0.449,0.09
139.8,2.581,1.701,0.736,0.912,0.655,0.449,0.09
139.9,2.613,1.729,0.746,0.912,0.655,0.449,0.09
140.0,2.625,1.74,0.75,0.913,0.655,0.45,0.09
140.1,2.599,1.717,0.741,0.913,0.655,0.45,0.09
140.20000000000002,2.588,1.707,0.738,0.912,0.655,0.45,0.09
140.3,2.584,1.704,0.737,0.912,0.655,0.45,0.091
140.4,2.614,1.73,0.746,0.912,0.656,0.45,0.09
140.5,2.5,1.632,0.709,0.913,0.655,0.45,0.091
140.6,2.548,1.674,0.725,0.913,0.655,0.45,0.09
140.70000000000002,2.6,1.718,0.742,0.913,0.655,0.45,0.091
140.8,2.62,1.735,0.748,0.913,0.654,0.449,0.091
140.9,2.628,1.742,0.751,0.912,0.655,0.45,0.09
141.0,2.632,1.745,0.752,0.913,0.655,0.45,0.09
141.1,2.601,1.719,0.742,0.913,0.655,0.45,0.091
141.20000000000002,2.621,1.736,0.749,0.912,0.655,0.45,0.09
141.3,2.597,1.715,0.741,0.912,0.654,0.45,0.091
141.4,2.619,1.734,0.748,0.911,0.655,0.45,0.091
141.5,2.596,1.714,0.741,0.912,0.656,0.45,0.091
141.6,2.619,1.734,0.748,0.913,0.655,0.45,0.091
141.70000000000002,2.596,1.714,0.741,0.912,0.656,0.45,0.091
141.8,2.619,1.734,0.748,0.913,0.655,0.45,0.09
141.9,2.596,1.714,0.741,0.912,0.654,0.451,0.091
142.0,2.619,1.734,0.748,0.912,0.655,0.45,0.091
142.1,2.66,1.77,0.761,0.913,0.654,0.45,0.091
142.20000000000002,2.644,1.756,0.756,0.912,0.654,0.451,0.091
142.3,2.638,1.751,0.754,0.913,0.655,0.451,0.09
142.4,2.636,1.749,0.753,0.913,0.655,0.452,0.091
142.5,2.635,1.748,0.753,0.913,0.655,0.451,0.091
142.6,2.634,1.747,0.753,0.912,0.655,0.452,0.091
142.70000000000002,2.634,1.747,0.753,0.913,0.655,0.452,0.091
142.8,2.634,1.747,0.753,0.913,0.654,0.452,0.09
142.9,2.634,1.747,0.753,0.913,0.655,0.452,0.09
143.0,2.602,1.72,0.743,0.912,0.654,0.452,0.091
143.1,2.621,1.736,0.749,0.913,0.655,0.452,0.09
143.20000000000002,2.629,1.743,0.751,0.913,0.654,0.452,0.09
143.3,2.632,1.745,0.752,0.913,0.654,0.452,0.091
143.4,2.601,1.719,0.742,0.913,0.655,0.452,0.091
143.5,2.557,1.681,0.728,0.913,0.655,0.452,0.091
143.6,2.603,1.721,0.743,0.912,0.655,0.452,0.091
143.70000000000002,2.622,1.737,0.749,0.913,0.656,0.452,0.091
143.8,2.629,1.743,0.751,0.913,0.656,0.452,0.09
143.9,2.632,1.745,0.752,0.913,0.655,0.452,0.091
144.0,2.601,1.719,0.742,0.913,0.656,0.452,0.091
144.1,2.589,1.708,0.738,0.913,0.655,0.452,0.091
144.20000000000002,2.584,1.704,0.737,0.913,0.655,0.452,0.091
144.3,2.582,1.702,0.736,0.913,0.655,0.453,0.091
144.4,2.613,1.729,0.746,0.913,0.656,0.453,0.091
144.5,2.626,1.74,0.75,0.913,0.655,0.452,0.091
144.6,2.631,1.744,0.752,0.913,0.655,0.453,0.09
144.70000000000002,2.633,1.746,0.752,0.913,0.655,0.452,0.091
144.8,2.633,1.747,0.753,0.913,0.656,0.453,0.091
144.9,2.634,1.747,0.753,0.913,0.656,0.452,0.091
145.0,2.634,1.747,0.753,0.913,0.655,0.453,0.091
145.1,2.634,1.747,0.753,0.913,0.655,0.452,0.091
145.20000000000002,2.602,1.72,0.743,0.913,0.656,0.453,0.091
145.3,2.621,1.736,0.749,0.912,0.656,0.453,0.091
145.4,2.629,1.743,0.751,0.913,0.655,0.452,0.091
145.5,2.632,1.745,0.752,0.912,0.655,0.453,0.091
145.6,2.633,1.746,0.753,0.913,0.655,0.453,0.09
145.70000000000002,2.634,1.747,0.753,0.913,0.655,0.453,0.09
145.8,2.634,1.747,0.753,0.913,0.655,0.453,0.091
145.9,2.666,1.775,0.763,0.913,0.655,0.453,0.091
146.0,2.647,1.758,0.757,0.913,0.656,0.453,0.091
146.1,2.639,1.752,0.754,0.913,0.655,0.454,0.091
146.20000000000002,2.636,1.749,0.753,0.913,0.655,0.454,0.091
146.3,2.635,1.748,0.753,0.913,0.656,0.454,0.091
146.4,2.634,1.747,0.753,0.913,0.655,0.454,0.091
146.5,2.634,1.747,0.753,0.913,0.656,0.454,0.091
146.6,2.634,1.747,0.753,0.913,0.655,0.453,0.091
146.70000000000002,2.634,1.747,0.753,0.913,0.655,0.453,0.091
146.8,2.634,1.747,0.753,0.914,0.656,0.454,0.091
146.9,2.634,1.747,0.753,0.914,0.656,0.454,0.091
147.0,2.634,1.747,0.753,0.914,0.656,0.454,0.091
147.1,2.634,1.747,0.753,0.913,0.656,0.454,0.091
147.20000000000002,2.634,1.747,0.753,0.913,0.656,0.454,0.091
147.3,2.634,1.747,0.753,0.913,0.656,0.455,0.091
147.4,2.634,1.747,0.753,0.913,0.657,0.454,0.091
147.5,2.634,1.747,0.753,0.914,0.656,0.454,0.092
147.6,2.634,1.747,0.753,0.913,0.656,0.454,0.091
147.70000000000002,2.602,1.72,0.743,0.913,0.656,0.454,0.091
147.8,2.621,1.736,0.749,0.913,0.655,0.454,0.091
147.9,2.629,1.743,0.751,0.914,0.656,0.454,0.091
148.0,2.632,1.745,0.752,0.913,0.657,0.454,0.091
148.1,2.633,1.746,0.753,0.913,0.656,0.455,0.091
148.20000000000002,2.634,1.747,0.753,0.913,0.655,0.454,0.091
148.3,2.634,1.747,0.753,0.913,0.655,0.454,0.091
148.4,2.634,1.747,0.753,0.913,0.655,0.454,0.091
148.5,2.634,1.747,0.753,0.913,0.655,0.455,0.091
148.6,2.634,1.747,0.753,0.913,0.656,0.455,0.091
148.70000000000002,2.634,1.747,0.753,0.913,0.656,0.454,0.091
148.8,2.634,1.747,0.753,0.913,0.656,0.454,0.091
148.9,2.634,1.747,0.753,0.913,0.656,0.455,0.091
149.0,2.634,1.747,0.753,0.913,0.656,0.455,0.091
149.1,2.634,1.747,0.753,0.913,0.656,0.455,0.091
149.20000000000002,2.634,1.747,0.753,0.913,0.655,0.455,0.091
149.3,2.666,1.775,0.763,0.913,0.656,0.455,0.091
149.4,2.647,1.758,0.757,0.913,0.656,0.455,0.091
149.5,2.633,1.746,0.753,0.914,0.657,0.455,0.091
149.6,2.671,1.779,0.765,0.913,0.657,0.454,0.091
149.70000000000002,2.636,1.749,0.754,0.914,0.656,0.455,0.092
149.8,2.629,1.743,0.751,0.914,0.657,0.455,0.091
149.9,2.634,1.747,0.753,0.913,0.656,0.456,0.09
150.0,2.649,1.76,0.758,0.913,0.656,0.455,0.091
150.1,2.602,1.72,0.743,0.914,0.656,0.455,0.091
150.20000000000002,2.635,1.748,0.753,0.914,0.656,0.455,0.091
150.3,2.632,1.745,0.752,0.914,0.657,0.455,0.091
150.4,2.634,1.747,0.753,0.913,0.656,0.455,0.091
150.5,2.621,1.736,0.749,0.913,0.657,0.455,0.091
150.6,2.64,1.752,0.755,0.913,0.656,0.455,0.091
150.70000000000002,2.634,1.747,0.753,0.914,0.656,0.455,0.091
150.8,2.634,1.747,0.753,0.913,0.656,0.456,0.091
150.9,2.634,1.747,0.753,0.914,0.657,0.456,0.091
151.0,2.634,1.747,0.753,0.913,0.656,0.456,0.091
151.1,2.634,1.747,0.753,0.913,0.656,0.456,0.091
151.20000000000002,2.634,1.747,0.753,0.913,0.656,0.456,0.091
151.3,2.634,1.747,0.753,0.913,0.656,0.456,0.091
151.4,2.634,1.747,0.753,0.913,0.656,0.456,0.091
151.5,2.666,1.775,0.763,0.914,0.657,0.456,0.091
151.6,2.615,1.731,0.747,0.914,0.656,0.456,0.091
151.70000000000002,2.626,1.741,0.75,0.913,0.656,0.457,0.091
151.8,2.631,1.745,0.752,0.913,0.656,0.456,0.091
151.9,2.633,1.746,0.752,0.913,0.656,0.457,0.091
152.0,2.633,1.747,0.753,0.913,0.657,0.457,0.092
152.1,2.634,1.747,0.753,0.913,0.656,0.458,0.091
152.20000000000002,2.634,1.747,0.753,0.913,0.657,0.457,0.091
152.3,2.634,1.747,0.753,0.914,0.657,0.457,0.091
152.4,2.634,1.747,0.753,0.914,0.656,0.457,0.091
152.5,2.634,1.747,0.753,0.913,0.656,0.457,0.091
152.6,2.634,1.747,0.753,0.914,0.657,0.457,0.091
152.70000000000002,2.634,1.747,0.753,0.913,0.657,0.458,0.091
152.8,2.634,1.747,0.753,0.913,0.657,0.457,0.091
152.9,2.634,1.747,0.753,0.914,0.657,0.457,0.091
153.0,2.634,1.747,0.753,0.914,0.656,0.457,0.091
153.1,2.634,1.747,0.753,0.913,0.657,0.457,0.091
153.20000000000002,2.634,1.747,0.753,0.913,0.657,0.457,0.091
153.3,2.634,1.747,0.753,0.914,0.656,0.457,0.091
153.4,2.634,1.747,0.753,0.913,0.657,0.458,0.091
153.5,2.666,1.775,0.763,0.913,0.657,0.458,0.092
153.60000000000002,2.647,1.758,0.757,0.913,0.657,0.458,0.091
153.70000000000002,2.639,1.752,0.754,0.914,0.657,0.458,0.092
153.8,2.636,1.749,0.753,0.914,0.657,0.458,0.091
153.9,2.635,1.748,0.753,0.913,0.656,0.458,0.091
154.0,2.634,1.747,0.753,0.913,0.657,0.457,0.091
154.10000000000002,2.634,1.747,0.753,0.914,0.656,0.458,0.091
154.20000000000002,2.634,1.747,0.753,0.913,0.657,0.458,0.091
154.3,2.634,1.747,0.753,0.914,0.656,0.458,0.091
154.4,2.634,1.747,0.753,0.913,0.656,0.458,0.091
154.5,2.634,1.747,0.753,0.914,0.657,0.458,0.092
154.60000000000002,2.634,1.747,0.753,0.914,0.656,0.458,0.092
154.70000000000002,2.666,1.775,0.763,0.914,0.657,0.458,0.091
154.8,2.647,1.758,0.757,0.914,0.656,0.458,0.091
154.9,2.639,1.752,0.754,0.914,0.657,0.458,0.092
155.0,2.636,1.749,0.753,0.913,0.657,0.458,0.091
155.10000000000002,2.635,1.748,0.753,0.914,0.657,0.459,0.092
155.20000000000002,2.666,1.775,0.763,0.914,0.657,0.46,0.091
155.3,2.525,1.681,0.723,0.868,0.623,0.436,0.087
155.4,2.413,1.605,0.69,0.83,0.597,0.417,0.083
155.5,2.323,1.544,0.665,0.8,0.575,0.402,0.08
155.60000000000002,2.243,1.489,0.641,0.777,0.558,0.39,0.077
155.70000000000002,2.187,1.452,0.625,0.757,0.544,0.381,0.076
155.8,2.143,1.422,0.613,0.742,0.533,0.373,0.074
155.9,2.107,1.398,0.602,0.73,0.525,0.367,0.073
156.0,2.087,1.386,0.597,0.72,0.518,0.362,0.072
156.10000000000002,2.07,1.377,0.592,0.713,0.512,0.358,0.071
156.20000000000002,2.041,1.355,0.584,0.706,0.508,0.355,0.07
156.3,2.026,1.345,0.579,0.702,0.504,0.352,0.07
156.4,2.014,1.337,0.576,0.697,0.501,0.35,0.069
156.5,2.004,1.33,0.573,0.694,0.499,0.348,0.069
156.60000000000002,1.996,1.325,0.571,0.692,0.497,0.347,0.069
156.70000000000002,1.967,1.3,0.561,0.69,0.496,0.346,0.069
156.8,1.958,1.294,0.559,0.688,0.495,0.345,0.069
156.9,1.952,1.289,0.557,0.687,0.494,0.344,0.068
157.0,1.947,1.285,0.555,0.686,0.493,0.344,0.068
157.10000000000002,1.943,1.282,0.554,0.685,0.493,0.344,0.068
157.20000000000002,1.947,1.286,0.556,0.684,0.492,0.343,0.068
157.3,1.943,1.283,0.554,0.684,0.492,0.343,0.068
157.4,1.94,1.28,0.553,0.683,0.491,0.342,0.068
157.5,1.929,1.271,0.55,0.683,0.491,0.342,0.068
157.60000000000002,1.928,1.271,0.55,0.682,0.491,0.342,0.068
157.70000000000002,1.928,1.271,0.549,0.682,0.491,0.342,0.067
157.8,1.927,1.271,0.549,0.682,0.491,0.341,0.067
157.9,1.927,1.27,0.549,0.682,0.491,0.341,0.067
158.0,1.927,1.27,0.549,0.682,0.491,0.341,0.067
158.10000000000002,1.935,1.277,0.552,0.681,0.491,0.341,0.067
158.20000000000002,1.933,1.275,0.551,0.681,0.491,0.34,0.067
158.3,1.924,1.267,0.548,0.681,0.491,0.34,0.067
158.4,1.916,1.261,0.546,0.681,0.49,0.34,0.067
158.5,1.91,1.256,0.544,0.681,0.49,0.339,0.067
158.60000000000002,1.906,1.252,0.542,0.68,0.49,0.339,0.067
158.70000000000002,1.902,1.249,0.541,0.68,0.49,0.339,0.067
158.8,1.891,1.239,0.538,0.68,0.49,0.339,0.067
158.9,1.89,1.239,0.537,0.68,0.49,0.339,0.067
159.0,1.889,1.238,0.537,0.68,0.49,0.338,0.067
159.10000000000002,1.881,1.231,0.534,0.68,0.49,0.338,0.066
159.20000000000002,1.874,1.225,0.532,0.68,0.49,0.338,0.066
159.3,1.877,1.227,0.533,0.68,0.49,0.338,0.066
159.4,1.871,1.222,0.531,0.68,0.49,0.338,0.066
159.5,1.874,1.225,0.532,0.68,0.49,0.338,0.066
159.60000000000002,1.869,1.22,0.53,0.68,0.49,0.338,0.066
159.70000000000002,1.872,1.223,0.532,0.68,0.49,0.338,0.066
159.8,1.875,1.226,0.533,0.679,0.49,0.338,0.066
159.9,1.87,1.221,0.531,0.679,0.49,0.337,0.066
160.0,1.865,1.217,0.529,0.679,0.49,0.337,0.066
160.10000000000002,1.862,1.214,0.528,0.679,0.49,0.337,0.066
160.20000000000002,1.859,1.212,0.527,0.679,0.49,0.336,0.066
160.3,1.864,1.217,0.529,0.679,0.49,0.336,0.065
160.4,1.861,1.214,0.528,0.679,0.49,0.336,0.065
160.5,1.858,1.211,0.527,0.679,0.49,0.336,0.065
160.60000000000002,1.856,1.21,0.526,0.679,0.49,0.335,0.065
160.70000000000002,1.854,1.208,0.526,0.679,0.49,0.335,0.065
160.8,1.853,1.207,0.525,0.679,0.49,0.335,0.065
160.9,1.852,1.206,0.525,0.679,0.49,0.334,0.065
161.0,1.851,1.205,0.525,0.679,0.49,0.334,0.065
161.10000000000002,1.85,1.205,0.525,0.679,0.49,0.334,0.065
161.20000000000002,1.85,1.204,0.524,0.679,0.49,0.333,0.064
161.3,1.849,1.204,0.524,0.679,0.49,0.333,0.064
161.4,1.849,1.203,0.524,0.679,0.49,0.333,0.064
161.5,1.849,1.203,0.524,0.678,0.49,0.332,0.064
161.60000000000002,1.856,1.21,0.526,0.678,0.49,0.332,0.064
161.70000000000002,1.854,1.208,0.526,0.678,0.49,0.331,0.064
161.8,1.853,1.207,0.525,0.678,0.49,0.331,0.064
161.9,1.844,1.199,0.523,0.678,0.491,0.331,0.064
162.0,1.845,1.2,0.523,0.678,0.491,0.33,0.064
162.10000000000002,1.845,1.2,0.523,0.678,0.49,0.33,0.064
162.20000000000002,1.846,1.201,0.523,0.678,0.49,0.329,0.064
162.3,1.846,1.201,0.523,0.677,0.49,0.329,0.064
162.4,1.838,1.195,0.521,0.677,0.49,0.328,0.064
162.5,1.832,1.19,0.519,0.677,0.491,0.328,0.064
162.60000000000002,1.828,1.185,0.517,0.677,0.491,0.328,0.064
162.70000000000002,1.824,1.182,0.516,0.677,0.491,0.327,0.064
162.8,1.821,1.18,0.515,0.676,0.491,0.327,0.063
162.9,1.818,1.178,0.514,0.676,0.49,0.327,0.063
163.0,1.808,1.169,0.511,0.676,0.49,0.326,0.063
163.10000000000002,1.801,1.163,0.509,0.676,0.49,0.326,0.063
163.20000000000002,1.794,1.157,0.507,0.676,0.49,0.325,0.063
163.3,1.789,1.153,0.505,0.676,0.49,0.325,0.063
163.4,1.785,1.15,0.504,0.676,0.491,0.324,0.063
163.5,1.782,1.147,0.503,0.676,0.49,0.324,0.063
163.60000000000002,1.78,1.145,0.502,0.675,0.49,0.323,0.063
163.70000000000002,1.778,1.143,0.501,0.675,0.49,0.323,0.063
163.8,1.776,1.142,0.501,0.675,0.49,0.323,0.063
163.9,1.775,1.141,0.5,0.675,0.49,0.322,0.063
164.0,1.774,1.14,0.5,0.675,0.49,0.322,0.063
164.10000000000002,1.773,1.139,0.5,0.675,0.49,0.322,0.063
164.20000000000002,1.78,1.145,0.502,0.675,0.49,0.321,0.062
164.3,1.778,1.144,0.501,0.675,0.491,0.321,0.062
164.4,1.776,1.142,0.501,0.675,0.491,0.321,0.062
164.5,1.775,1.141,0.5,0.674,0.49,0.32,0.062
164.60000000000002,1.774,1.14,0.5,0.674,0.49,0.32,0.062
164.70000000000002,1.773,1.139,0.5,0.674,0.49,0.319,0.062
164.8,1.772,1.139,0.5,0.674,0.49,0.319,0.062
164.9,1.772,1.138,0.499,0.674,0.49,0.318,0.062
165.0,1.771,1.138,0.499,0.674,0.491,0.318,0.062
165.10000000000002,1.771,1.138,0.499,0.674,0.49,0.317,0.062
165.20000000000002,1.771,1.137,0.499,0.674,0.491,0.317,0.062
165.3,1.771,1.137,0.499,0.674,0.491,0.316,0.061
165.4,1.77,1.137,0.499,0.674,0.49,0.316,0.061
165.5,1.77,1.137,0.499,0.674,0.49,0.316,0.061
165.60000000000002,1.77,1.137,0.499,0.673,0.49,0.315,0.061
165.70000000000002,1.77,1.137,0.499,0.673,0.491,0.315,0.061
165.8,1.77,1.137,0.499,0.673,0.49,0.314,0.061
165.9,1.77,1.137,0.499,0.673,0.49,0.314,0.061
166.0,1.77,1.137,0.499,0.673,0.49,0.314,0.061
166.10000000000002,1.77,1.137,0.499,0.673,0.49,0.313,0.061
166.20000000000002,1.77,1.137,0.499,0.673,0.49,0.313,0.061
166.3,1.762,1.13,0.496,0.673,0.49,0.312,0.061
166.4,1.756,1.125,0.494,0.673,0.49,0.312,0.061
166.5,1.751,1.121,0.493,0.673,0.49,0.311,0.061
166.60000000000002,1.747,1.117,0.491,0.673,0.49,0.311,0.061
166.70000000000002,1.744,1.115,0.49,0.673,0.49,0.311,0.061
166.8,1.741,1.113,0.49,0.672,0.49,0.31,0.061
166.9,1.739,1.111,0.489,0.672,0.49,0.31,0.061
167.0,1.737,1.11,0.488,0.672,0.49,0.309,0.061
167.10000000000002,1.736,1.109,0.488,0.672,0.49,0.309,0.061
167.20000000000002,1.735,1.108,0.488,0.672,0.49,0.309,0.061
167.3,1.734,1.107,0.487,0.672,0.49,0.308,0.061
167.4,1.734,1.106,0.487,0.672,0.49,0.308,0.06
167.5,1.733,1.106,0.487,0.672,0.49,0.308,0.06
167.60000000000002,1.733,1.106,0.487,0.672,0.49,0.307,0.06
167.70000000000002,1.732,1.105,0.487,0.672,0.49,0.307,0.06
167.8,1.732,1.105,0.487,0.671,0.49,0.306,0.06
167.9,1.732,1.105,0.487,0.671,0.49,0.306,0.06
168.0,1.732,1.105,0.487,0.671,0.49,0.305,0.06
168.10000000000002,1.724,1.098,0.484,0.671,0.49,0.305,0.06
168.20000000000002,1.725,1.099,0.485,0.671,0.49,0.305,0.06
168.3,1.719,1.094,0.483,0.671,0.49,0.304,0.06
168.4,1.714,1.09,0.481,0.671,0.49,0.304,0.06
168.5,1.709,1.086,0.48,0.671,0.49,0.303,0.06
168.60000000000002,1.706,1.083,0.478,0.67,0.49,0.303,0.06
168.70000000000002,1.711,1.088,0.48,0.67,0.49,0.303,0.06
168.8,1.707,1.085,0.479,0.671,0.49,0.302,0.06
168.9,1.712,1.088,0.48,0.67,0.491,0.302,0.06
169.0,1.708,1.085,0.479,0.67,0.49,0.302,0.06
169.10000000000002,1.705,1.083,0.478,0.67,0.491,0.301,0.059
169.20000000000002,1.703,1.081,0.477,0.67,0.491,0.301,0.059
169.3,1.701,1.079,0.477,0.67,0.49,0.3,0.059
169.4,1.699,1.078,0.476,0.67,0.491,0.3,0.059
169.5,1.69,1.07,0.473,0.67,0.491,0.299,0.059
169.60000000000002,1.691,1.071,0.474,0.67,0.49,0.299,0.059
169.70000000000002,1.691,1.071,0.474,0.67,0.49,0.298,0.059
169.8,1.691,1.071,0.474,0.67,0.491,0.298,0.059
169.9,1.692,1.071,0.474,0.67,0.491,0.298,0.059
170.0,1.692,1.072,0.474,0.67,0.49,0.297,0.059
170.10000000000002,1.692,1.072,0.474,0.669,0.49,0.297,0.059
170.20000000000002,1.684,1.066,0.472,0.669,0.49,0.297,0.059
170.3,1.678,1.061,0.47,0.669,0.49,0.296,0.059
170.4,1.674,1.057,0.468,0.669,0.491,0.296,0.059
170.5,1.677,1.06,0.469,0.669,0.49,0.295,0.059
170.60000000000002,1.681,1.062,0.47,0.669,0.49,0.295,0.059
170.70000000000002,1.675,1.058,0.469,0.669,0.49,0.295,0.059
170.8,1.671,1.055,0.467,0.669,0.49,0.294,0.059
170.9,1.668,1.052,0.466,0.669,0.49,0.294,0.059
171.0,1.665,1.05,0.466,0.669,0.49,0.293,0.059
171.10000000000002,1.663,1.048,0.465,0.669,0.49,0.293,0.059
171.20000000000002,1.661,1.046,0.464,0.669,0.49,0.292,0.059
171.3,1.66,1.045,0.464,0.669,0.49,0.292,0.059
171.4,1.659,1.044,0.464,0.669,0.49,0.292,0.058
171.5,1.658,1.044,0.463,0.668,0.49,0.291,0.058
171.60000000000002,1.657,1.043,0.463,0.668,0.49,0.291,0.058
171.70000000000002,1.657,1.043,0.463,0.668,0.49,0.29,0.058
171.8,1.656,1.042,0.463,0.668,0.49,0.29,0.058
171.9,1.656,1.042,0.463,0.667,0.49,0.29,0.058
172.0,1.656,1.042,0.463,0.667,0.49,0.289,0.058
172.10000000000002,1.655,1.042,0.462,0.667,0.49,0.289,0.058
172.20000000000002,1.663,1.048,0.465,0.667,0.49,0.288,0.058
172.3,1.669,1.053,0.467,0.667,0.49,0.288,0.058
172.4,1.674,1.057,0.468,0.667,0.49,0.288,0.058
172.5,1.678,1.06,0.469,0.667,0.49,0.287,0.058
172.60000000000002,1.681,1.062,0.47,0.667,0.49,0.287,0.058
172.70000000000002,1.683,1.064,0.471,0.667,0.49,0.287,0.058
172.8,1.685,1.066,0.472,0.667,0.49,0.287,0.058
172.9,1.679,1.061,0.47,0.667,0.49,0.287,0.058
173.0,1.682,1.063,0.471,0.667,0.49,0.287,0.058
173.10000000000002,1.684,1.065,0.471,0.667,0.49,0.286,0.058
173.20000000000002,1.686,1.066,0.472,0.667,0.49,0.286,0.058
173.3,1.687,1.068,0.472,0.667,0.49,0.286,0.058
173.4,1.688,1.069,0.473,0.667,0.49,0.285,0.058
173.5,1.689,1.069,0.473,0.667,0.49,0.285,0.058
173.60000000000002,1.69,1.07,0.473,0.667,0.49,0.285,0.058
173.70000000000002,1.683,1.064,0.471,0.667,0.49,0.285,0.058
173.8,1.685,1.066,0.472,0.667,0.49,0.284,0.058
173.9,1.686,1.067,0.472,0.667,0.49,0.284,0.058
174.0,1.68,1.062,0.47,0.667,0.49,0.284,0.058
174.10000000000002,1.683,1.064,0.471,0.667,0.49,0.284,0.058
174.20000000000002,1.677,1.059,0.469,0.667,0.49,0.284,0.058
174.3,1.68,1.062,0.47,0.667,0.49,0.283,0.058
174.4,1.675,1.058,0.469,0.667,0.49,0.283,0.058
174.5,1.671,1.054,0.467,0.667,0.49,0.283,0.058
174.60000000000002,1.668,1.052,0.466,0.666,0.49,0.283,0.058
174.70000000000002,1.696,1.075,0.475,0.666,0.49,0.283,0.058
174.8,1.688,1.068,0.473,0.666,0.49,0.282,0.058
174.9,1.681,1.063,0.471,0.667,0.49,0.282,0.058
175.0,1.676,1.058,0.469,0.667,0.49,0.282,0.058
175.10000000000002,1.679,1.061,0.47,0.667,0.49,0.282,0.058
175.20000000000002,1.674,1.057,0.468,0.667,0.49,0.282,0.058
175.3,1.678,1.06,0.47,0.667,0.49,0.282,0.058
175.4,1.673,1.056,0.468,0.667,0.49,0.282,0.058
175.5,1.677,1.059,0.469,0.667,0.49,0.282,0.059
175.60000000000002,1.68,1.062,0.47,0.667,0.49,0.281,0.058
175.70000000000002,1.683,1.064,0.471,0.667,0.49,0.281,0.058
175.8,1.677,1.059,0.469,0.667,0.49,0.281,0.059
175.9,1.673,1.056,0.468,0.667,0.49,0.281,0.059
176.0,1.669,1.053,0.467,0.666,0.49,0.28,0.059
176.10000000000002,1.666,1.05,0.466,0.667,0.49,0.28,0.058
176.20000000000002,1.664,1.048,0.465,0.667,0.49,0.28,0.058
176.3,1.662,1.047,0.464,0.667,0.49,0.28,0.059
176.4,1.66,1.046,0.464,0.667,0.49,0.28,0.059
176.5,1.659,1.045,0.464,0.667,0.49,0.28,0.059
176.60000000000002,1.666,1.05,0.466,0.668,0.49,0.28,0.058
176.70000000000002,1.664,1.048,0.465,0.668,0.49,0.279,0.059
176.8,1.662,1.047,0.464,0.668,0.49,0.279,0.058
176.9,1.66,1.046,0.464,0.668,0.49,0.279,0.058
177.0,1.659,1.045,0.464,0.668,0.49,0.279,0.058
177.10000000000002,1.658,1.044,0.463,0.668,0.49,0.279,0.058
177.20000000000002,1.658,1.043,0.463,0.668,0.49,0.279,0.058
177.3,1.657,1.043,0.463,0.668,0.49,0.279,0.058
177.4,1.656,1.042,0.463,0.668,0.49,0.279,0.058
177.5,1.671,1.055,0.468,0.669,0.49,0.279,0.058
177.60000000000002,1.676,1.058,0.469,0.669,0.49,0.278,0.058
177.70000000000002,1.679,1.061,0.47,0.669,0.49,0.278,0.058
177.8,1.674,1.057,0.468,0.669,0.49,0.278,0.058
177.9,1.686,1.067,0.472,0.669,0.49,0.278,0.059
178.0,1.679,1.061,0.47,0.669,0.49,0.278,0.059
178.10000000000002,1.682,1.064,0.471,0.669,0.49,0.278,0.059
178.20000000000002,1.677,1.059,0.469,0.669,0.49,0.278,0.059
178.3,1.672,1.055,0.468,0.669,0.49,0.278,0.059
178.4,1.676,1.059,0.469,0.669,0.49,0.278,0.059
178.5,1.672,1.055,0.468,0.669,0.49,0.278,0.059
178.60000000000002,1.676,1.059,0.469,0.669,0.49,0.278,0.059
178.70000000000002,1.672,1.055,0.468,0.669,0.49,0.278,0.059
178.8,1.668,1.052,0.467,0.669,0.49,0.278,0.059
178.9,1.666,1.05,0.466,0.669,0.49,0.278,0.059
179.0,1.671,1.054,0.467,0.669,0.49,0.278,0.059
179.10000000000002,1.675,1.058,0.469,0.669,0.49,0.278,0.059
179.20000000000002,1.671,1.055,0.467,0.669,0.49,0.278,0.059
179.3,1.675,1.058,0.469,0.669,0.49,0.278,0.059
179.4,1.671,1.055,0.467,0.669,0.49,0.278,0.059
179.5,1.668,1.052,0.466,0.669,0.49,0.277,0.059
179.60000000000002,1.658,1.043,0.463,0.669,0.49,0.277,0.059
179.70000000000002,1.657,1.043,0.463,0.669,0.49,0.277,0.058
179.8,1.656,1.042,0.463,0.669,0.49,0.277,0.058
179.9,1.656,1.042,0.463,0.669,0.49,0.276,0.058
180.0,1.656,1.042,0.463,0.668,0.49,0.276,0.058
180.10000000000002,1.656,1.042,0.462,0.668,0.49,0.276,0.058
180.20000000000002,1.655,1.041,0.462,0.668,0.49,0.276,0.058
180.3,1.655,1.041,0.462,0.668,0.49,0.275,0.058
180.4,1.647,1.035,0.46,0.667,0.49,0.275,0.058
180.5,1.649,1.036,0.46,0.667,0.49,0.275,0.058
180.60000000000002,1.65,1.037,0.461,0.667,0.49,0.275,0.058
180.70000000000002,1.651,1.038,0.461,0.667,0.49,0.275,0.058
180.8,1.652,1.038,0.461,0.667,0.49,0.275,0.058
180.9,1.652,1.039,0.461,0.666,0.49,0.274,0.058
181.0,1.653,1.039,0.462,0.666,0.49,0.274,0.058
181.10000000000002,1.653,1.04,0.462,0.666,0.49,0.274,0.058
181.20000000000002,1.653,1.04,0.462,0.666,0.49,0.274,0.058
181.3,1.654,1.04,0.462,0.666,0.49,0.274,0.058
181.4,1.669,1.053,0.467,0.666,0.49,0.274,0.058
181.5,1.666,1.051,0.466,0.666,0.49,0.273,0.058
181.60000000000002,1.664,1.049,0.465,0.666,0.49,0.273,0.058
181.70000000000002,1.662,1.047,0.465,0.666,0.49,0.273,0.058
181.8,1.661,1.046,0.464,0.666,0.49,0.273,0.058
181.9,1.659,1.045,0.464,0.666,0.49,0.273,0.058
182.0,1.658,1.044,0.463,0.666,0.49,0.273,0.058
182.10000000000002,1.658,1.043,0.463,0.666,0.49,0.272,0.058
182.20000000000002,1.657,1.043,0.463,0.666,0.49,0.272,0.058
182.3,1.656,1.042,0.463,0.666,0.49,0.272,0.058
182.4,1.656,1.042,0.463,0.666,0.49,0.272,0.058
182.5,1.656,1.042,0.463,0.666,0.49,0.272,0.058
182.60000000000002,1.656,1.042,0.462,0.666,0.49,0.272,0.058
182.70000000000002,1.663,1.048,0.465,0.666,0.49,0.272,0.058
182.8,1.661,1.046,0.464,0.666,0.49,0.272,0.058
182.9,1.66,1.045,0.464,0.666,0.49,0.272,0.058
183.0,1.659,1.044,0.464,0.666,0.49,0.272,0.058
183.10000000000002,1.658,1.044,0.463,0.666,0.49,0.272,0.058
183.20000000000002,1.657,1.043,0.463,0.666,0.49,0.272,0.058
183.3,1.657,1.043,0.463,0.666,0.49,0.272,0.058
183.4,1.656,1.042,0.463,0.667,0.49,0.272,0.058
183.5,1.656,1.042,0.463,0.667,0.49,0.271,0.058
183.60000000000002,1.656,1.042,0.463,0.667,0.49,0.272,0.058
183.70000000000002,1.655,1.042,0.462,0.667,0.49,0.271,0.058
183.8,1.655,1.041,0.462,0.667,0.49,0.271,0.058
183.9,1.655,1.041,0.462,0.667,0.49,0.271,0.058
184.0,1.655,1.041,0.462,0.667,0.49,0.272,0.058
184.10000000000002,1.655,1.041,0.462,0.667,0.49,0.271,0.058
184.20000000000002,1.663,1.047,0.465,0.667,0.49,0.271,0.058
184.3,1.661,1.046,0.464,0.668,0.49,0.271,0.058
184.4,1.66,1.045,0.464,0.667,0.49,0.271,0.058
184.5,1.659,1.044,0.463,0.668,0.49,0.271,0.058
184.60000000000002,1.994,1.255,0.557,0.805,0.59,0.326,0.071
184.70000000000002,2.128,1.339,0.594,0.859,0.63,0.347,0.075
184.8,2.181,1.372,0.609,0.88,0.646,0.356,0.077
184.9,2.203,1.386,0.615,0.888,0.653,0.359,0.078
185.0,2.211,1.391,0.618,0.893,0.655,0.36,0.077
185.10000000000002,2.215,1.393,0.619,0.895,0.656,0.361,0.077
185.20000000000002,2.216,1.394,0.619,0.895,0.657,0.361,0.078
185.3,2.217,1.394,0.619,0.894,0.657,0.361,0.078
185.4,2.217,1.395,0.619,0.893,0.657,0.36,0.078
185.5,2.217,1.395,0.619,0.893,0.657,0.36,0.077
185.60000000000002,2.217,1.395,0.619,0.892,0.657,0.36,0.078
185.70000000000002,2.187,1.37,0.61,0.895,0.657,0.36,0.078
185.8,2.205,1.385,0.615,0.895,0.657,0.36,0.078
185.9,2.212,1.391,0.618,0.894,0.657,0.36,0.078
186.0,2.215,1.393,0.619,0.893,0.657,0.36,0.078
186.10000000000002,2.186,1.369,0.609,0.895,0.657,0.359,0.078
186.20000000000002,2.174,1.359,0.606,0.894,0.656,0.36,0.078
186.3,2.169,1.356,0.604,0.895,0.657,0.36,0.079
186.4,2.167,1.354,0.604,0.896,0.657,0.361,0.078
186.5,2.167,1.353,0.603,0.896,0.657,0.361,0.078
186.60000000000002,2.197,1.378,0.613,0.896,0.657,0.361,0.078
186.70000000000002,2.209,1.388,0.617,0.896,0.657,0.361,0.078
186.8,2.183,1.367,0.609,0.896,0.657,0.361,0.078
186.9,2.173,1.359,0.605,0.896,0.657,0.361,0.078
187.0,2.169,1.355,0.604,0.896,0.657,0.361,0.079
187.10000000000002,2.167,1.354,0.604,0.894,0.657,0.361,0.078
187.20000000000002,2.197,1.378,0.613,0.895,0.657,0.361,0.079
187.3,2.209,1.388,0.617,0.896,0.657,0.361,0.079
187.4,2.245,1.417,0.628,0.896,0.657,0.361,0.078
187.5,2.228,1.404,0.623,0.896,0.657,0.362,0.078
187.60000000000002,2.252,1.424,0.63,0.896,0.657,0.361,0.079
187.70000000000002,2.262,1.432,0.633,0.896,0.657,0.362,0.079
187.8,2.266,1.435,0.635,0.896,0.657,0.362,0.079
187.9,2.267,1.436,0.635,0.896,0.657,0.363,0.079
188.0,2.237,1.411,0.626,0.897,0.658,0.364,0.079
188.10000000000002,2.256,1.427,0.632,0.897,0.657,0.364,0.079
188.20000000000002,2.263,1.433,0.634,0.897,0.657,0.364,0.079
188.3,2.266,1.435,0.635,0.897,0.657,0.364,0.08
188.4,2.267,1.436,0.635,0.898,0.657,0.365,0.08
188.5,2.268,1.437,0.635,0.898,0.657,0.365,0.08
188.60000000000002,2.268,1.437,0.635,0.898,0.657,0.366,0.08
188.70000000000002,2.299,1.463,0.645,0.899,0.657,0.366,0.08
188.8,2.281,1.447,0.639,0.899,0.658,0.366,0.08
188.9,2.273,1.441,0.637,0.899,0.658,0.367,0.08
189.0,2.301,1.464,0.646,0.9,0.657,0.367,0.081
189.10000000000002,2.281,1.448,0.64,0.9,0.657,0.367,0.081
189.20000000000002,2.273,1.441,0.637,0.901,0.657,0.367,0.081
189.3,2.301,1.464,0.646,0.9,0.657,0.367,0.081
189.4,2.251,1.423,0.63,0.9,0.657,0.368,0.081
189.5,2.261,1.431,0.633,0.901,0.657,0.369,0.081
189.60000000000002,2.265,1.435,0.635,0.901,0.657,0.369,0.081
189.70000000000002,2.267,1.436,0.635,0.901,0.657,0.369,0.081
189.8,2.268,1.437,0.635,0.901,0.657,0.37,0.081
189.9,2.268,1.437,0.635,0.901,0.657,0.37,0.081
190.0,2.299,1.463,0.645,0.901,0.657,0.37,0.081
190.10000000000002,2.281,1.447,0.639,0.901,0.657,0.371,0.081
190.20000000000002,2.304,1.467,0.647,0.901,0.657,0.371,0.081
190.3,2.283,1.449,0.64,0.901,0.657,0.372,0.081
190.4,2.274,1.442,0.637,0.901,0.657,0.372,0.081
190.5,2.271,1.439,0.636,0.9,0.656,0.372,0.08
190.60000000000002,2.3,1.463,0.646,0.9,0.656,0.371,0.081
190.70000000000002,2.281,1.447,0.64,0.9,0.656,0.371,0.081
190.8,2.273,1.441,0.637,0.901,0.657,0.372,0.08
190.9,2.27,1.439,0.636,0.9,0.656,0.372,0.08
191.0,2.269,1.438,0.636,0.9,0.656,0.372,0.081
191.10000000000002,2.33,1.489,0.655,0.901,0.656,0.373,0.081
191.20000000000002,2.293,1.458,0.643,0.901,0.656,0.374,0.081
191.3,2.278,1.445,0.639,0.902,0.657,0.374,0.082
191.4,2.303,1.466,0.647,0.902,0.657,0.374,0.082
191.5,2.313,1.474,0.65,0.902,0.657,0.375,0.082
191.60000000000002,2.317,1.477,0.651,0.903,0.657,0.375,0.083
191.70000000000002,2.319,1.479,0.652,0.902,0.656,0.375,0.083
191.8,2.319,1.479,0.652,0.902,0.656,0.375,0.082
191.9,2.319,1.48,0.652,0.902,0.657,0.376,0.083
192.0,2.289,1.454,0.642,0.903,0.657,0.376,0.082
192.10000000000002,2.215,1.393,0.619,0.902,0.657,0.377,0.082
192.20000000000002,2.278,1.445,0.639,0.903,0.657,0.377,0.082
192.3,2.303,1.466,0.647,0.902,0.657,0.377,0.083
192.4,2.313,1.474,0.65,0.903,0.657,0.378,0.083
192.5,2.317,1.477,0.651,0.903,0.657,0.378,0.082
192.60000000000002,2.319,1.479,0.652,0.903,0.657,0.379,0.082
192.70000000000002,2.319,1.479,0.652,0.903,0.657,0.378,0.082
192.8,2.319,1.48,0.652,0.903,0.658,0.379,0.082
192.9,2.32,1.48,0.652,0.903,0.657,0.379,0.083
193.0,2.32,1.48,0.652,0.903,0.657,0.379,0.082
193.10000000000002,2.32,1.48,0.652,0.903,0.657,0.38,0.082
193.20000000000002,2.32,1.48,0.652,0.903,0.657,0.38,0.083
193.3,2.32,1.48,0.652,0.903,0.657,0.38,0.083
193.4,2.32,1.48,0.652,0.902,0.657,0.38,0.083
193.5,2.32,1.48,0.652,0.902,0.657,0.381,0.083
193.60000000000002,2.32,1.48,0.652,0.903,0.656,0.381,0.083
193.70000000000002,2.32,1.48,0.652,0.903,0.657,0.381,0.083
193.8,2.351,1.506,0.662,0.903,0.657,0.382,0.083
193.9,2.332,1.49,0.656,0.903,0.657,0.382,0.083
194.0,2.356,1.51,0.663,0.903,0.657,0.383,0.083
194.10000000000002,2.334,1.492,0.656,0.903,0.657,0.384,0.083
194.20000000000002,2.325,1.484,0.654,0.903,0.657,0.384,0.083
194.3,2.322,1.482,0.653,0.903,0.656,0.384,0.083
194.4,2.229,1.404,0.623,0.902,0.657,0.383,0.083
194.5,2.314,1.476,0.65,0.902,0.656,0.384,0.082
194.60000000000002,2.348,1.504,0.661,0.903,0.657,0.384,0.083
194.70000000000002,2.331,1.489,0.656,0.903,0.657,0.385,0.083
194.8,2.324,1.484,0.653,0.904,0.657,0.385,0.084
194.9,2.321,1.481,0.652,0.905,0.657,0.386,0.083
195.0,2.351,1.506,0.662,0.905,0.657,0.385,0.084
195.10000000000002,2.363,1.516,0.666,0.905,0.657,0.386,0.084
195.20000000000002,2.337,1.494,0.657,0.905,0.658,0.386,0.083
195.3,2.327,1.486,0.654,0.905,0.658,0.387,0.084
195.4,2.353,1.508,0.663,0.905,0.657,0.387,0.084
195.5,2.333,1.491,0.656,0.906,0.657,0.388,0.084
195.60000000000002,2.356,1.51,0.663,0.906,0.657,0.388,0.084
195.70000000000002,2.365,1.518,0.666,0.905,0.657,0.388,0.084
195.8,2.338,1.495,0.658,0.905,0.658,0.388,0.084
195.9,2.327,1.486,0.654,0.906,0.657,0.388,0.084
196.0,2.354,1.508,0.663,0.905,0.657,0.389,0.084
196.10000000000002,2.364,1.517,0.666,0.906,0.657,0.388,0.085
196.20000000000002,2.368,1.521,0.667,0.905,0.657,0.388,0.085
196.3,2.339,1.496,0.658,0.905,0.658,0.388,0.084
196.4,2.358,1.512,0.664,0.905,0.657,0.389,0.084
196.5,2.366,1.519,0.667,0.905,0.657,0.388,0.084
196.60000000000002,2.369,1.521,0.668,0.905,0.657,0.389,0.085
196.70000000000002,2.371,1.522,0.668,0.906,0.657,0.389,0.084
196.8,2.371,1.523,0.668,0.905,0.657,0.389,0.085
196.9,2.371,1.523,0.668,0.906,0.658,0.39,0.084
197.0,2.371,1.523,0.668,0.905,0.658,0.39,0.084
197.10000000000002,2.371,1.523,0.668,0.905,0.657,0.39,0.085
197.20000000000002,2.371,1.523,0.668,0.905,0.657,0.39,0.085
197.3,2.371,1.523,0.668,0.905,0.657,0.39,0.085
197.4,2.371,1.523,0.668,0.905,0.657,0.391,0.085
197.5,2.371,1.523,0.668,0.906,0.658,0.39,0.085
197.60000000000002,2.403,1.549,0.678,0.905,0.658,0.391,0.084
197.70000000000002,2.384,1.533,0.672,0.905,0.657,0.391,0.085
197.8,2.376,1.527,0.67,0.906,0.657,0.391,0.084
197.9,2.373,1.525,0.669,0.905,0.657,0.392,0.084
198.0,2.372,1.524,0.669,0.905,0.657,0.392,0.085
198.10000000000002,2.372,1.523,0.668,0.906,0.658,0.392,0.085
198.20000000000002,2.371,1.523,0.668,0.906,0.657,0.393,0.085
198.3,2.371,1.523,0.668,0.906,0.657,0.392,0.085
198.4,2.371,1.523,0.668,0.906,0.657,0.392,0.085
198.5,2.371,1.523,0.668,0.905,0.657,0.393,0.085
198.60000000000002,2.371,1.523,0.668,0.905,0.657,0.393,0.085
198.70000000000002,2.371,1.523,0.668,0.906,0.657,0.393,0.086
198.8,2.371,1.523,0.668,0.906,0.657,0.394,0.086
198.9,2.371,1.523,0.668,0.905,0.657,0.394,0.086
199.0,2.371,1.523,0.668,0.905,0.657,0.394,0.085
199.10000000000002,2.371,1.523,0.668,0.905,0.657,0.394,0.085
199.20000000000002,2.371,1.523,0.668,0.905,0.657,0.394,0.086
199.3,2.371,1.523,0.668,0.906,0.657,0.395,0.085
199.4,2.465,1.603,0.698,0.906,0.658,0.394,0.086
199.5,2.409,1.555,0.68,0.906,0.657,0.395,0.086
199.60000000000002,2.386,1.536,0.673,0.906,0.657,0.395,0.086
199.70000000000002,2.377,1.528,0.67,0.906,0.657,0.396,0.085
199.8,2.374,1.525,0.669,0.906,0.657,0.396,0.085
199.9,2.372,1.524,0.669,0.907,0.657,0.396,0.086
200.0,2.372,1.523,0.668,0.906,0.657,0.396,0.086
200.10000000000002,2.371,1.523,0.668,0.906,0.657,0.397,0.086
200.20000000000002,2.371,1.523,0.668,0.907,0.657,0.396,0.085
200.3,2.371,1.523,0.668,0.906,0.657,0.396,0.086
200.4,2.371,1.523,0.668,0.906,0.657,0.396,0.086
200.5,2.371,1.523,0.668,0.906,0.657,0.397,0.085
200.60000000000002,2.371,1.523,0.668,0.906,0.657,0.397,0.086
200.70000000000002,2.371,1.523,0.668,0.906,0.657,0.397,0.086
200.8,2.371,1.523,0.668,0.906,0.657,0.397,0.085
200.9,2.371,1.523,0.668,0.906,0.658,0.397,0.086
201.0,2.371,1.523,0.668,0.906,0.657,0.398,0.086
201.10000000000002,2.371,1.523,0.668,0.906,0.657,0.398,0.086
201.20000000000002,2.371,1.523,0.668,0.906,0.657,0.398,0.086
201.3,2.371,1.523,0.668,0.906,0.658,0.398,0.086
201.4,2.371,1.523,0.668,0.906,0.657,0.398,0.086
201.5,2.371,1.523,0.668,0.906,0.657,0.399,0.086
201.60000000000002,2.371,1.523,0.668,0.906,0.658,0.398,0.086
201.70000000000002,2.371,1.523,0.668,0.906,0.657,0.399,0.086
201.8,2.371,1.523,0.668,0.906,0.657,0.399,0.086
201.9,2.371,1.523,0.668,0.906,0.657,0.399,0.086
202.0,2.403,1.549,0.678,0.906,0.657,0.399,0.086
202.10000000000002,2.384,1.533,0.672,0.906,0.657,0.4,0.086
202.20000000000002,2.376,1.527,0.67,0.906,0.657,0.4,0.086
202.3,2.373,1.525,0.669,0.907,0.657,0.4,0.086
202.4,2.372,1.524,0.669,0.906,0.658,0.4,0.086
202.5,2.341,1.497,0.659,0.907,0.657,0.401,0.086
202.60000000000002,2.39,1.539,0.674,0.907,0.658,0.401,0.086
202.70000000000002,2.379,1.529,0.671,0.906,0.657,0.402,0.086
202.8,2.406,1.552,0.679,0.906,0.657,0.401,0.086
202.9,2.385,1.534,0.673,0.906,0.657,0.401,0.086
203.0,2.377,1.528,0.67,0.906,0.657,0.401,0.086
203.10000000000002,2.374,1.525,0.669,0.907,0.657,0.401,0.086
203.20000000000002,2.403,1.55,0.679,0.906,0.657,0.401,0.086
203.3,2.415,1.56,0.682,0.907,0.657,0.402,0.086
203.4,2.389,1.538,0.674,0.906,0.657,0.402,0.086
203.5,2.41,1.555,0.681,0.907,0.658,0.402,0.086
203.60000000000002,2.387,1.536,0.673,0.906,0.657,0.402,0.086
203.70000000000002,2.409,1.554,0.68,0.907,0.657,0.402,0.087
203.8,2.417,1.562,0.683,0.906,0.658,0.402,0.087
203.9,2.452,1.591,0.694,0.907,0.658,0.402,0.086
204.0,2.404,1.55,0.679,0.906,0.657,0.403,0.086
204.10000000000002,2.384,1.534,0.672,0.907,0.657,0.402,0.086
204.20000000000002,2.408,1.554,0.68,0.906,0.657,0.403,0.087
204.3,2.417,1.561,0.683,0.907,0.657,0.404,0.087
204.4,2.39,1.538,0.674,0.906,0.657,0.404,0.087
204.5,2.41,1.555,0.681,0.906,0.657,0.404,0.087
204.60000000000002,2.387,1.536,0.673,0.906,0.657,0.404,0.086
204.70000000000002,2.409,1.554,0.68,0.907,0.657,0.404,0.087
204.8,2.386,1.536,0.673,0.906,0.657,0.404,0.086
204.9,2.377,1.528,0.67,0.906,0.657,0.404,0.087
205.0,2.405,1.551,0.679,0.907,0.657,0.404,0.087
205.10000000000002,2.416,1.561,0.683,0.906,0.657,0.404,0.087
205.20000000000002,2.42,1.564,0.684,0.906,0.657,0.404,0.087
205.3,2.422,1.566,0.685,0.906,0.657,0.404,0.087
205.4,2.392,1.54,0.675,0.906,0.657,0.405,0.086
205.5,2.411,1.556,0.681,0.907,0.657,0.405,0.087
205.60000000000002,2.418,1.562,0.683,0.907,0.657,0.405,0.087
205.70000000000002,2.421,1.565,0.684,0.906,0.658,0.405,0.086
205.8,2.391,1.54,0.675,0.906,0.657,0.405,0.087
205.9,2.379,1.53,0.671,0.907,0.657,0.406,0.087
206.0,2.406,1.552,0.679,0.906,0.657,0.405,0.087
206.10000000000002,2.416,1.561,0.683,0.906,0.657,0.405,0.087
206.20000000000002,2.389,1.538,0.674,0.907,0.657,0.405,0.087
206.3,2.41,1.555,0.681,0.907,0.657,0.406,0.087
206.4,2.418,1.562,0.683,0.908,0.657,0.406,0.086
206.5,2.644,1.758,0.756,0.907,0.657,0.407,0.087
206.60000000000002,2.543,1.67,0.724,0.907,0.658,0.407,0.087
206.70000000000002,2.471,1.608,0.7,0.907,0.657,0.408,0.087
206.8,2.442,1.583,0.691,0.906,0.657,0.408,0.087
206.9,2.431,1.573,0.687,0.907,0.657,0.408,0.087
207.0,2.426,1.569,0.686,0.906,0.658,0.408,0.087
207.10000000000002,2.425,1.568,0.685,0.907,0.657,0.409,0.087
207.20000000000002,2.424,1.567,0.685,0.906,0.658,0.408,0.087
207.3,2.423,1.567,0.685,0.906,0.657,0.409,0.087
207.4,2.423,1.567,0.685,0.906,0.657,0.409,0.087
207.5,2.423,1.567,0.685,0.907,0.657,0.409,0.087
207.60000000000002,2.423,1.567,0.685,0.906,0.657,0.409,0.087
207.70000000000002,2.423,1.567,0.685,0.907,0.657,0.409,0.087
207.8,2.392,1.54,0.675,0.907,0.657,0.409,0.088
207.9,2.411,1.556,0.681,0.907,0.657,0.409,0.087
208.0,2.418,1.563,0.683,0.907,0.657,0.41,0.087
208.10000000000002,2.421,1.565,0.684,0.906,0.657,0.41,0.087
208.20000000000002,2.423,1.566,0.685,0.906,0.657,0.411,0.086
208.3,2.423,1.566,0.685,0.907,0.657,0.41,0.087
208.4,2.423,1.567,0.685,0.906,0.657,0.41,0.087
208.5,2.423,1.567,0.685,0.907,0.657,0.41,0.087
208.60000000000002,2.423,1.567,0.685,0.907,0.657,0.411,0.087
208.70000000000002,2.423,1.567,0.685,0.907,0.657,0.41,0.087
208.8,2.423,1.567,0.685,0.906,0.657,0.41,0.087
208.9,2.423,1.567,0.685,0.907,0.657,0.411,0.087
209.0,2.423,1.567,0.685,0.908,0.657,0.412,0.087
209.10000000000002,2.423,1.567,0.685,0.908,0.657,0.412,0.087
209.20000000000002,2.423,1.567,0.685,0.907,0.657,0.412,0.087
209.3,2.423,1.567,0.685,0.908,0.657,0.412,0.087
209.4,2.423,1.567,0.685,0.907,0.657,0.412,0.087
209.5,2.423,1.567,0.685,0.908,0.656,0.412,0.087
209.60000000000002,2.423,1.567,0.685,0.907,0.657,0.412,0.087
209.70000000000002,2.423,1.567,0.685,0.907,0.657,0.412,0.087
209.8,2.423,1.567,0.685,0.907,0.657,0.412,0.087
209.9,2.423,1.567,0.685,0.907,0.656,0.412,0.088
210.0,2.423,1.567,0.685,0.908,0.657,0.412,0.087
210.10000000000002,2.423,1.567,0.685,0.908,0.657,0.412,0.087
210.20000000000002,2.423,1.567,0.685,0.907,0.657,0.413,0.087
210.3,2.423,1.567,0.685,0.908,0.657,0.412,0.087
210.4,2.423,1.567,0.685,0.908,0.657,0.413,0.087
210.5,2.423,1.567,0.685,0.907,0.657,0.413,0.087
210.60000000000002,2.423,1.567,0.685,0.907,0.658,0.413,0.087
210.70000000000002,2.423,1.567,0.685,0.908,0.658,0.413,0.087
210.8,2.423,1.567,0.685,0.908,0.658,0.413,0.087
210.9,2.423,1.567,0.685,0.908,0.657,0.413,0.087
211.0,2.423,1.567,0.685,0.908,0.657,0.413,0.087
211.10000000000002,2.423,1.567,0.685,0.908,0.657,0.413,0.087
211.20000000000002,2.423,1.567,0.685,0.907,0.657,0.413,0.087
211.3,2.423,1.567,0.685,0.908,0.657,0.414,0.087
211.4,2.423,1.567,0.685,0.907,0.657,0.414,0.087
211.5,2.423,1.567,0.685,0.908,0.657,0.414,0.087
211.60000000000002,2.423,1.567,0.685,0.908,0.657,0.414,0.087
211.70000000000002,2.423,1.567,0.685,0.908,0.657,0.414,0.087
211.8,2.423,1.567,0.685,0.908,0.658,0.414,0.087
211.9,2.455,1.593,0.695,0.908,0.657,0.414,0.087
212.0,2.436,1.577,0.689,0.908,0.657,0.414,0.087
212.10000000000002,2.428,1.571,0.687,0.907,0.657,0.415,0.088
212.20000000000002,2.52,1.649,0.716,0.908,0.657,0.415,0.088
212.3,2.431,1.573,0.687,0.907,0.657,0.415,0.087
212.4,2.458,1.596,0.696,0.908,0.658,0.416,0.087
212.5,2.437,1.578,0.689,0.908,0.658,0.416,0.087
212.60000000000002,2.429,1.571,0.687,0.908,0.658,0.415,0.087
212.70000000000002,2.425,1.569,0.686,0.909,0.657,0.416,0.087
212.8,2.424,1.567,0.685,0.908,0.657,0.415,0.088
212.9,2.455,1.594,0.695,0.908,0.657,0.416,0.088
213.0,2.436,1.577,0.689,0.909,0.657,0.416,0.088
213.10000000000002,2.46,1.598,0.697,0.908,0.657,0.416,0.088
213.20000000000002,2.438,1.579,0.69,0.907,0.657,0.416,0.087
213.3,2.46,1.598,0.697,0.908,0.657,0.416,0.087
213.4,2.438,1.579,0.69,0.908,0.657,0.417,0.088
213.5,2.429,1.572,0.687,0.908,0.658,0.416,0.087
213.60000000000002,2.457,1.595,0.696,0.908,0.657,0.417,0.088
213.70000000000002,2.437,1.578,0.689,0.907,0.658,0.417,0.088
213.8,2.429,1.571,0.687,0.908,0.657,0.417,0.087
213.9,2.457,1.595,0.696,0.908,0.657,0.417,0.087
214.0,2.437,1.578,0.689,0.909,0.657,0.416,0.088
214.10000000000002,2.46,1.598,0.697,0.908,0.657,0.417,0.087
214.20000000000002,2.469,1.606,0.7,0.908,0.657,0.417,0.087
214.3,2.442,1.582,0.691,0.909,0.657,0.418,0.087
214.4,2.431,1.573,0.687,0.909,0.657,0.418,0.087
214.5,2.458,1.596,0.696,0.908,0.658,0.418,0.088
214.60000000000002,2.468,1.605,0.699,0.909,0.657,0.417,0.088
214.70000000000002,2.473,1.609,0.701,0.908,0.657,0.418,0.088
214.8,2.474,1.61,0.701,0.908,0.657,0.418,0.087
214.9,2.475,1.611,0.702,0.909,0.658,0.417,0.088
215.0,2.444,1.584,0.692,0.908,0.657,0.417,0.087
215.10000000000002,2.463,1.6,0.698,0.908,0.657,0.418,0.087
215.20000000000002,2.47,1.607,0.7,0.909,0.657,0.418,0.088
215.3,2.474,1.609,0.701,0.908,0.658,0.418,0.087
215.4,2.475,1.61,0.701,0.908,0.657,0.418,0.088
215.5,2.475,1.611,0.702,0.907,0.657,0.418,0.087
215.60000000000002,2.475,1.611,0.702,0.907,0.657,0.418,0.088
215.70000000000002,2.475,1.611,0.702,0.908,0.657,0.419,0.088
215.8,2.476,1.611,0.702,0.908,0.657,0.418,0.087
215.9,2.444,1.584,0.692,0.908,0.657,0.419,0.087
216.0,2.463,1.6,0.698,0.908,0.657,0.419,0.087
216.10000000000002,2.471,1.607,0.7,0.908,0.657,0.42,0.087
216.20000000000002,2.474,1.609,0.701,0.908,0.657,0.42,0.087
216.3,2.475,1.61,0.701,0.908,0.657,0.42,0.087
216.4,2.475,1.611,0.702,0.908,0.658,0.42,0.087
216.5,2.475,1.611,0.702,0.909,0.657,0.42,0.088
216.60000000000002,2.444,1.584,0.692,0.908,0.657,0.42,0.087
216.70000000000002,2.463,1.6,0.698,0.908,0.657,0.42,0.088
216.8,2.471,1.607,0.7,0.908,0.657,0.42,0.088
216.9,2.474,1.609,0.701,0.908,0.657,0.42,0.088
217.0,2.475,1.61,0.701,0.908,0.657,0.42,0.088
217.10000000000002,2.475,1.611,0.702,0.907,0.657,0.42,0.087
217.20000000000002,2.475,1.611,0.702,0.908,0.657,0.42,0.087
217.3,2.475,1.611,0.702,0.908,0.657,0.42,0.088
217.4,2.476,1.611,0.702,0.908,0.657,0.42,0.088
217.5,2.444,1.584,0.692,0.908,0.657,0.421,0.089
217.60000000000002,2.463,1.6,0.698,0.908,0.657,0.42,0.088
217.70000000000002,2.471,1.607,0.7,0.908,0.657,0.421,0.087
217.8,2.474,1.609,0.701,0.908,0.657,0.42,0.087
217.9,2.475,1.61,0.701,0.909,0.657,0.42,0.087
218.0,2.475,1.611,0.702,0.908,0.657,0.421,0.088
218.10000000000002,2.475,1.611,0.702,0.908,0.657,0.421,0.088
218.20000000000002,2.475,1.611,0.702,0.908,0.657,0.421,0.088
218.3,2.476,1.611,0.702,0.908,0.657,0.421,0.088
218.4,2.476,1.611,0.702,0.909,0.658,0.421,0.088
218.5,2.476,1.611,0.702,0.908,0.657,0.422,0.087
218.60000000000002,2.476,1.611,0.702,0.909,0.657,0.421,0.088
218.70000000000002,2.476,1.611,0.702,0.909,0.657,0.422,0.088
218.8,2.476,1.611,0.702,0.908,0.658,0.422,0.088
218.9,2.476,1.611,0.702,0.908,0.657,0.422,0.088
219.0,2.476,1.611,0.702,0.908,0.657,0.421,0.088
219.10000000000002,2.476,1.611,0.702,0.908,0.657,0.422,0.088
219.20000000000002,2.476,1.611,0.702,0.908,0.657,0.422,0.088
219.3,2.476,1.611,0.702,0.908,0.657,0.421,0.089
219.4,2.476,1.611,0.702,0.908,0.657,0.422,0.088
219.5,2.476,1.611,0.702,0.908,0.657,0.422,0.088
219.60000000000002,2.476,1.611,0.702,0.908,0.657,0.422,0.088
219.70000000000002,2.476,1.611,0.702,0.908,0.657,0.422,0.088
219.8,2.476,1.611,0.702,0.908,0.657,0.422,0.088
219.9,2.476,1.611,0.702,0.908,0.657,0.422,0.088
220.0,2.476,1.611,0.702,0.908,0.657,0.422,0.088
220.10000000000002,2.444,1.584,0.692,0.908,0.657,0.422,0.088
220.20000000000002,2.463,1.6,0.698,0.908,0.657,0.423,0.088
220.3,2.471,1.607,0.7,0.908,0.657,0.423,0.088
220.4,2.474,1.609,0.701,0.908,0.657,0.422,0.088
220.5,2.475,1.61,0.701,0.908,0.657,0.423,0.088
220.60000000000002,2.475,1.611,0.702,0.909,0.658,0.423,0.088
220.70000000000002,2.475,1.611,0.702,0.908,0.657,0.422,0.088
220.8,2.475,1.611,0.702,0.908,0.658,0.423,0.088
220.9,2.476,1.611,0.702,0.907,0.657,0.423,0.088
221.0,2.476,1.611,0.702,0.908,0.657,0.423,0.088
221.10000000000002,2.476,1.611,0.702,0.908,0.657,0.423,0.088
221.20000000000002,2.476,1.611,0.702,0.907,0.658,0.423,0.088
221.3,2.476,1.611,0.702,0.908,0.657,0.423,0.088
221.4,2.476,1.611,0.702,0.908,0.657,0.423,0.088
221.5,2.476,1.611,0.702,0.908,0.657,0.423,0.088
221.60000000000002,2.476,1.611,0.702,0.909,0.658,0.424,0.088
221.70000000000002,2.476,1.611,0.702,0.908,0.657,0.424,0.088
221.8,2.476,1.611,0.702,0.908,0.657,0.423,0.088
221.9,2.476,1.611,0.702,0.908,0.657,0.424,0.089
222.0,2.476,1.611,0.702,0.908,0.657,0.424,0.088
222.10000000000002,2.476,1.611,0.702,0.908,0.657,0.424,0.089
222.20000000000002,2.476,1.611,0.702,0.908,0.657,0.424,0.089
222.3,2.476,1.611,0.702,0.908,0.658,0.425,0.088
222.4,2.476,1.611,0.702,0.908,0.657,0.425,0.089
222.5,2.444,1.584,0.692,0.908,0.657,0.425,0.088
222.60000000000002,2.463,1.6,0.698,0.909,0.657,0.424,0.089
222.70000000000002,2.471,1.607,0.7,0.908,0.657,0.425,0.088
222.8,2.505,1.636,0.711,0.908,0.658,0.425,0.088
222.9,2.487,1.621,0.706,0.908,0.657,0.425,0.088
223.0,2.512,1.642,0.713,0.908,0.657,0.425,0.089
223.10000000000002,2.49,1.623,0.706,0.909,0.657,0.425,0.088
223.20000000000002,2.481,1.616,0.704,0.908,0.657,0.426,0.089
223.3,2.509,1.64,0.713,0.908,0.657,0.425,0.088
223.4,2.458,1.596,0.696,0.909,0.657,0.426,0.089
223.5,2.468,1.605,0.699,0.908,0.657,0.426,0.089
223.60000000000002,2.473,1.609,0.701,0.909,0.657,0.426,0.089
223.70000000000002,2.506,1.637,0.711,0.909,0.657,0.425,0.089
223.8,2.456,1.595,0.696,0.909,0.657,0.426,0.089
223.9,2.468,1.605,0.699,0.908,0.657,0.426,0.088
224.0,2.472,1.608,0.701,0.908,0.657,0.426,0.089
224.10000000000002,2.474,1.61,0.701,0.907,0.657,0.426,0.089
224.20000000000002,2.475,1.611,0.702,0.908,0.657,0.426,0.089
224.3,2.475,1.611,0.702,0.908,0.657,0.426,0.088
224.4,2.475,1.611,0.702,0.908,0.657,0.426,0.089
224.5,2.476,1.611,0.702,0.908,0.657,0.426,0.088
224.60000000000002,2.476,1.611,0.702,0.909,0.657,0.426,0.089
224.70000000000002,2.476,1.611,0.702,0.908,0.657,0.426,0.088
224.8,2.476,1.611,0.702,0.908,0.657,0.426,0.089
224.9,2.476,1.611,0.702,0.908,0.657,0.426,0.088
225.0,2.476,1.611,0.702,0.908,0.657,0.427,0.088
225.10000000000002,2.507,1.638,0.712,0.909,0.657,0.426,0.089
225.20000000000002,2.488,1.622,0.706,0.908,0.657,0.427,0.089
225.3,2.481,1.615,0.703,0.908,0.657,0.427,0.088
225.4,2.478,1.613,0.702,0.909,0.657,0.428,0.088
225.5,2.476,1.612,0.702,0.908,0.657,0.428,0.089
225.60000000000002,2.476,1.611,0.702,0.908,0.657,0.428,0.089
225.70000000000002,2.476,1.611,0.702,0.909,0.657,0.428,0.088
225.8,2.476,1.611,0.702,0.909,0.657,0.427,0.088
225.9,2.476,1.611,0.702,0.908,0.657,0.428,0.088
226.0,2.476,1.611,0.702,0.908,0.657,0.428,0.088
226.10000000000002,2.476,1.611,0.702,0.909,0.658,0.428,0.089
226.20000000000002,2.476,1.611,0.702,0.908,0.658,0.428,0.089
226.3,2.476,1.611,0.702,0.908,0.657,0.428,0.089
226.4,2.476,1.611,0.702,0.909,0.657,0.428,0.088
226.5,2.476,1.611,0.702,0.908,0.657,0.428,0.089
226.60000000000002,2.413,1.558,0.682,0.908,0.657,0.428,0.089
226.70000000000002,2.482,1.617,0.704,0.909,0.657,0.428,0.088
226.8,2.478,1.613,0.703,0.909,0.657,0.428,0.089
226.9,2.414,1.559,0.682,0.909,0.657,0.428,0.089
227.0,2.451,1.59,0.694,0.909,0.657,0.428,0.089
227.10000000000002,2.466,1.603,0.699,0.909,0.657,0.428,0.088
227.20000000000002,2.472,1.608,0.7,0.908,0.657,0.428,0.089
227.3,2.474,1.61,0.701,0.909,0.657,0.428,0.089
227.4,2.475,1.611,0.702,0.909,0.657,0.428,0.089
227.5,2.475,1.611,0.702,0.909,0.657,0.429,0.089
227.60000000000002,2.475,1.611,0.702,0.909,0.657,0.428,0.089
227.70000000000002,2.507,1.638,0.712,0.908,0.657,0.429,0.089
227.8,2.457,1.595,0.696,0.909,0.657,0.429,0.088
227.9,2.468,1.605,0.699,0.909,0.657,0.429,0.089
228.0,2.504,1.635,0.711,0.909,0.657,0.429,0.089
228.10000000000002,2.487,1.621,0.705,0.909,0.657,0.428,0.088
228.20000000000002,2.48,1.615,0.703,0.908,0.657,0.429,0.089
228.3,2.477,1.613,0.702,0.909,0.657,0.429,0.089
228.4,2.476,1.612,0.702,0.909,0.658,0.429,0.089
228.5,2.476,1.611,0.702,0.909,0.657,0.429,0.089
228.60000000000002,2.476,1.611,0.702,0.909,0.657,0.429,0.089
228.70000000000002,2.476,1.611,0.702,0.909,0.657,0.429,0.089
228.8,2.507,1.638,0.712,0.908,0.657,0.429,0.088
228.9,2.488,1.622,0.706,0.909,0.657,0.429,0.088
229.0,2.481,1.615,0.703,0.909,0.657,0.429,0.089
229.10000000000002,2.478,1.613,0.702,0.909,0.657,0.429,0.089
229.20000000000002,2.445,1.585,0.692,0.909,0.658,0.429,0.089
229.3,2.463,1.601,0.698,0.909,0.657,0.429,0.089
229.4,2.471,1.607,0.7,0.909,0.658,0.429,0.088
229.5,2.474,1.609,0.701,0.909,0.657,0.429,0.088
229.60000000000002,2.475,1.61,0.701,0.909,0.657,0.429,0.088
229.70000000000002,2.475,1.611,0.702,0.909,0.658,0.43,0.089
229.8,2.475,1.611,0.702,0.909,0.658,0.43,0.089
229.9,2.475,1.611,0.702,0.909,0.658,0.43,0.088
230.0,2.476,1.611,0.702,0.909,0.658,0.43,0.089
230.10000000000002,2.476,1.611,0.702,0.909,0.658,0.43,0.089
230.20000000000002,2.476,1.611,0.702,0.909,0.658,0.43,0.088
230.3,2.476,1.611,0.702,0.909,0.658,0.43,0.089
230.4,2.476,1.611,0.702,0.908,0.658,0.43,0.088
230.5,2.476,1.611,0.702,0.909,0.658,0.43,0.088
230.60000000000002,2.476,1.611,0.702,0.909,0.657,0.43,0.089
230.70000000000002,2.476,1.611,0.702,0.909,0.657,0.43,0.088
230.8,2.476,1.611,0.702,0.909,0.658,0.43,0.089
230.9,2.476,1.611,0.702,0.909,0.657,0.431,0.089
231.0,2.476,1.611,0.702,0.909,0.657,0.43,0.088
231.10000000000002,2.507,1.638,0.712,0.909,0.658,0.43,0.089
231.20000000000002,2.488,1.622,0.706,0.909,0.658,0.43,0.089
231.3,2.481,1.615,0.703,0.909,0.657,0.431,0.089
231.4,2.478,1.613,0.702,0.909,0.657,0.43,0.088
231.5,2.476,1.612,0.702,0.909,0.658,0.43,0.089
231.60000000000002,2.476,1.611,0.702,0.909,0.657,0.43,0.089
231.70000000000002,2.476,1.611,0.702,0.909,0.657,0.43,0.089
231.8,2.476,1.611,0.702,0.909,0.658,0.43,0.089
231.9,2.476,1.611,0.702,0.909,0.658,0.431,0.088
232.0,2.476,1.611,0.702,0.909,0.658,0.431,0.088
232.10000000000002,2.476,1.611,0.702,0.909,0.657,0.43,0.089
232.20000000000002,2.476,1.611,0.702,0.909,0.658,0.431,0.089
232.3,2.444,1.584,0.692,0.909,0.657,0.43,0.089
232.4,2.495,1.627,0.708,0.909,0.658,0.431,0.088
232.5,2.483,1.618,0.704,0.909,0.658,0.431,0.088
232.60000000000002,2.479,1.614,0.703,0.909,0.657,0.431,0.089
232.70000000000002,2.477,1.612,0.702,0.909,0.657,0.431,0.089
232.8,2.476,1.611,0.702,0.909,0.658,0.431,0.088
232.9,2.476,1.611,0.702,0.909,0.658,0.431,0.088
233.0,2.476,1.611,0.702,0.909,0.658,0.432,0.089
233.10000000000002,2.571,1.693,0.732,0.908,0.658,0.431,0.089
233.20000000000002,2.514,1.644,0.714,0.909,0.658,0.432,0.089
233.3,2.491,1.624,0.707,0.909,0.658,0.432,0.089
233.4,2.482,1.616,0.704,0.909,0.658,0.432,0.088
233.5,2.478,1.613,0.702,0.909,0.657,0.432,0.088
233.60000000000002,2.477,1.612,0.702,0.909,0.658,0.431,0.089
233.70000000000002,2.476,1.611,0.702,0.909,0.657,0.432,0.088
233.8,2.476,1.611,0.702,0.909,0.657,0.432,0.089
233.9,2.476,1.611,0.702,0.909,0.657,0.432,0.089
234.0,2.476,1.611,0.702,0.909,0.658,0.433,0.089
234.10000000000002,2.476,1.611,0.702,0.909,0.658,0.433,0.088
234.20000000000002,2.476,1.611,0.702,0.909,0.658,0.433,0.089
234.3,2.476,1.611,0.702,0.909,0.658,0.433,0.089
234.4,2.476,1.611,0.702,0.909,0.658,0.433,0.089
234.5,2.476,1.611,0.702,0.909,0.658,0.433,0.089
234.60000000000002,2.476,1.611,0.702,0.909,0.658,0.433,0.089
234.70000000000002,2.476,1.611,0.702,0.909,0.658,0.433,0.089
234.8,2.476,1.611,0.702,0.909,0.657,0.433,0.089
234.9,2.476,1.611,0.702,0.909,0.657,0.433,0.089
235.0,2.476,1.611,0.702,0.909,0.658,0.433,0.088
235.10000000000002,2.476,1.611,0.702,0.91,0.658,0.433,0.088
235.20000000000002,2.476,1.611,0.702,0.909,0.658,0.433,0.089
235.3,2.476,1.611,0.702,0.909,0.658,0.433,0.089
235.4,2.476,1.611,0.702,0.909,0.658,0.433,0.089
235.5,2.507,1.638,0.712,0.909,0.657,0.433,0.089
235.60000000000002,2.488,1.622,0.706,0.909,0.658,0.433,0.088
235.70000000000002,2.512,1.642,0.713,0.909,0.657,0.433,0.089
235.8,2.49,1.624,0.706,0.909,0.657,0.433,0.089
235.9,2.481,1.616,0.704,0.908,0.657,0.433,0.089
236.0,2.509,1.64,0.713,0.909,0.657,0.433,0.089
236.10000000000002,2.521,1.65,0.716,0.909,0.658,0.434,0.089
236.20000000000002,2.494,1.626,0.708,0.909,0.658,0.434,0.089
236.3,2.483,1.617,0.704,0.909,0.658,0.433,0.089
236.4,2.478,1.614,0.703,0.909,0.657,0.433,0.089
236.5,2.477,1.612,0.702,0.908,0.657,0.433,0.089
236.60000000000002,2.476,1.611,0.702,0.909,0.657,0.434,0.089
236.70000000000002,2.476,1.611,0.702,0.91,0.657,0.434,0.089
236.8,2.476,1.611,0.702,0.909,0.657,0.433,0.089
236.9,2.476,1.611,0.702,0.909,0.658,0.434,0.089
237.0,2.476,1.611,0.702,0.909,0.657,0.433,0.089
237.10000000000002,2.507,1.638,0.712,0.909,0.657,0.433,0.089
237.20000000000002,2.488,1.622,0.706,0.909,0.658,0.434,0.088
237.3,2.481,1.615,0.703,0.909,0.657,0.434,0.089
237.4,2.605,1.722,0.743,0.909,0.657,0.434,0.089
237.5,2.527,1.656,0.718,0.909,0.658,0.434,0.089
237.60000000000002,2.496,1.629,0.708,0.909,0.657,0.434,0.089
237.70000000000002,2.484,1.618,0.704,0.909,0.658,0.434,0.089
237.8,2.51,1.641,0.713,0.909,0.658,0.434,0.089
237.9,2.489,1.623,0.706,0.909,0.658,0.434,0.089
238.0,2.481,1.616,0.704,0.909,0.658,0.434,0.089
238.10000000000002,2.478,1.613,0.702,0.909,0.657,0.434,0.089
238.20000000000002,2.476,1.612,0.702,0.909,0.658,0.434,0.089
238.3,2.476,1.611,0.702,0.909,0.658,0.434,0.089
238.4,2.476,1.611,0.702,0.909,0.657,0.434,0.089
238.5,2.476,1.611,0.702,0.909,0.658,0.434,0.089
238.60000000000002,2.476,1.611,0.702,0.909,0.658,0.435,0.089
238.70000000000002,2.476,1.611,0.702,0.909,0.657,0.435,0.089
238.8,2.476,1.611,0.702,0.909,0.657,0.435,0.089
238.9,2.476,1.611,0.702,0.909,0.657,0.435,0.089
239.0,2.476,1.611,0.702,0.909,0.658,0.435,0.089
239.10000000000002,2.507,1.638,0.712,0.909,0.658,0.434,0.089
239.20000000000002,2.488,1.622,0.706,0.909,0.657,0.435,0.089
239.3,2.481,1.615,0.703,0.909,0.658,0.435,0.089
239.4,2.478,1.613,0.702,0.909,0.657,0.435,0.088
239.5,2.476,1.612,0.702,0.909,0.658,0.435,0.089
239.60000000000002,2.476,1.611,0.702,0.909,0.657,0.436,0.089
239.70000000000002,2.476,1.611,0.702,0.909,0.657,0.436,0.089
239.8,2.476,1.611,0.702,0.909,0.658,0.435,0.089
239.9,2.476,1.611,0.702,0.909,0.658,0.435,0.089
240.0,2.476,1.611,0.702,0.909,0.658,0.434,0.089
240.10000000000002,2.476,1.611,0.702,0.909,0.658,0.435,0.089
240.20000000000002,2.507,1.638,0.712,0.909,0.658,0.436,0.089
240.3,2.52,1.649,0.716,0.909,0.657,0.436,0.089
240.4,2.493,1.626,0.707,0.909,0.657,0.436,0.088
240.5,2.483,1.617,0.704,0.909,0.657,0.436,0.089
240.60000000000002,2.51,1.64,0.713,0.909,0.658,0.436,0.089
240.70000000000002,2.521,1.65,0.716,0.909,0.658,0.436,0.089
240.8,2.494,1.626,0.708,0.909,0.658,0.436,0.089
240.9,2.483,1.617,0.704,0.909,0.658,0.436,0.089
241.0,2.478,1.614,0.703,0.909,0.658,0.436,0.089
241.10000000000002,2.477,1.612,0.702,0.909,0.657,0.436,0.089
241.20000000000002,2.476,1.611,0.702,0.909,0.658,0.436,0.088
241.3,2.476,1.611,0.702,0.909,0.658,0.436,0.088
241.4,2.507,1.638,0.712,0.909,0.657,0.436,0.089
241.5,2.52,1.649,0.716,0.909,0.657,0.436,0.089
241.60000000000002,2.493,1.626,0.707,0.909,0.658,0.436,0.088
241.70000000000002,2.483,1.617,0.704,0.909,0.658,0.436,0.089
241.8,2.478,1.613,0.703,0.909,0.658,0.436,0.089
241.9,2.477,1.612,0.702,0.909,0.658,0.436,0.089
242.0,2.476,1.611,0.702,0.909,0.658,0.436,0.089
242.10000000000002,2.476,1.611,0.702,0.909,0.658,0.436,0.089
242.20000000000002,2.476,1.611,0.702,0.909,0.658,0.436,0.089
242.3,2.476,1.611,0.702,0.909,0.658,0.436,0.089
242.4,2.476,1.611,0.702,0.909,0.658,0.436,0.089
242.5,2.476,1.611,0.702,0.909,0.658,0.436,0.089
242.60000000000002,2.476,1.611,0.702,0.909,0.658,0.436,0.089
242.70000000000002,2.476,1.611,0.702,0.909,0.658,0.436,0.088
242.8,2.476,1.611,0.702,0.909,0.658,0.436,0.088
242.9,2.476,1.611,0.702,0.909,0.658,0.436,0.089
243.0,2.507,1.638,0.712,0.909,0.658,0.436,0.089
243.10000000000002,2.488,1.622,0.706,0.909,0.658,0.436,0.089
243.20000000000002,2.481,1.615,0.703,0.909,0.658,0.436,0.089
243.3,2.478,1.613,0.702,0.909,0.658,0.436,0.089
243.4,2.54,1.666,0.722,0.909,0.658,0.436,0.089
243.5,2.501,1.633,0.71,0.909,0.658,0.436,0.089
243.60000000000002,2.486,1.62,0.705,0.909,0.658,0.436,0.089
243.70000000000002,2.48,1.615,0.703,0.91,0.658,0.436,0.089
243.8,2.477,1.612,0.702,0.909,0.658,0.437,0.089
243.9,2.476,1.612,0.702,0.909,0.658,0.437,0.089
244.0,2.476,1.611,0.702,0.91,0.658,0.436,0.089
244.10000000000002,2.476,1.611,0.702,0.909,0.658,0.437,0.089
244.20000000000002,2.476,1.611,0.702,0.909,0.658,0.437,0.089
244.3,2.476,1.611,0.702,0.909,0.658,0.436,0.089
244.4,2.476,1.611,0.702,0.91,0.658,0.437,0.089
244.5,2.476,1.611,0.702,0.909,0.659,0.437,0.089
244.60000000000002,2.476,1.611,0.702,0.909,0.658,0.437,0.089
244.70000000000002,2.507,1.638,0.712,0.909,0.658,0.437,0.089
244.8,2.488,1.622,0.706,0.909,0.658,0.437,0.089
244.9,2.481,1.615,0.703,0.909,0.658,0.437,0.089
245.0,2.478,1.613,0.702,0.909,0.658,0.437,0.089
245.10000000000002,2.476,1.612,0.702,0.909,0.658,0.437,0.089
245.20000000000002,2.476,1.611,0.702,0.91,0.658,0.437,0.089
245.3,2.476,1.611,0.702,0.909,0.658,0.437,0.089
245.4,2.476,1.611,0.702,0.909,0.658,0.437,0.089
245.5,2.476,1.611,0.702,0.91,0.658,0.437,0.089
245.60000000000002,2.476,1.611,0.702,0.91,0.658,0.437,0.089
245.70000000000002,2.476,1.611,0.702,0.909,0.658,0.437,0.089
245.8,2.476,1.611,0.702,0.91,0.658,0.437,0.089
245.9,2.476,1.611,0.702,0.91,0.658,0.437,0.089
246.0,2.507,1.638,0.712,0.91,0.658,0.438,0.089
246.10000000000002,2.488,1.622,0.706,0.909,0.658,0.437,0.089
246.20000000000002,2.512,1.642,0.713,0.909,0.658,0.437,0.089
246.3,2.49,1.624,0.706,0.91,0.658,0.437,0.089
246.4,2.481,1.616,0.704,0.91,0.658,0.437,0.089
246.5,2.478,1.613,0.702,0.909,0.658,0.438,0.089
246.60000000000002,2.476,1.612,0.702,0.91,0.658,0.438,0.089
246.70000000000002,2.507,1.638,0.712,0.909,0.658,0.437,0.088
246.8,2.488,1.622,0.706,0.909,0.658,0.437,0.089
246.9,2.481,1.615,0.703,0.909,0.658,0.438,0.089
247.0,2.478,1.613,0.702,0.909,0.658,0.438,0.089
247.10000000000002,2.383,1.533,0.672,0.91,0.658,0.438,0.089
247.20000000000002,2.438,1.58,0.69,0.91,0.659,0.438,0.089
247.3,2.461,1.599,0.697,0.909,0.658,0.437,0.089
247.4,2.47,1.606,0.7,0.909,0.659,0.438,0.089
247.5,2.473,1.609,0.701,0.91,0.658,0.438,0.089
247.60000000000002,2.475,1.61,0.701,0.91,0.658,0.437,0.089
247.70000000000002,2.507,1.638,0.712,0.91,0.659,0.438,0.089
247.8,2.52,1.649,0.716,0.91,0.658,0.438,0.089
247.9,2.431,1.573,0.687,0.91,0.658,0.438,0.089
248.0,2.458,1.596,0.696,0.909,0.658,0.438,0.089
248.10000000000002,2.5,1.632,0.71,0.91,0.658,0.438,0.088
248.20000000000002,2.517,1.646,0.715,0.91,0.659,0.438,0.088
248.3,2.492,1.625,0.707,0.909,0.658,0.438,0.089
248.4,2.482,1.617,0.704,0.91,0.658,0.438,0.089
248.5,2.478,1.613,0.703,0.91,0.658,0.438,0.089
248.60000000000002,2.477,1.612,0.702,0.91,0.658,0.438,0.089
248.70000000000002,2.476,1.611,0.702,0.91,0.658,0.438,0.089
248.8,2.476,1.611,0.702,0.91,0.658,0.438,0.089
248.9,2.476,1.611,0.702,0.91,0.658,0.438,0.089
249.0,2.476,1.611,0.702,0.909,0.659,0.438,0.089
249.10000000000002,2.476,1.611,0.702,0.91,0.658,0.438,0.089
249.20000000000002,2.476,1.611,0.702,0.91,0.658,0.438,0.089
249.3,2.476,1.611,0.702,0.91,0.658,0.438,0.088
249.4,2.349,1.529,0.666,0.864,0.625,0.416,0.084
249.5,2.256,1.47,0.64,0.826,0.598,0.398,0.08
249.60000000000002,2.174,1.416,0.617,0.797,0.576,0.384,0.078
249.70000000000002,2.101,1.367,0.595,0.773,0.559,0.372,0.075
249.8,2.05,1.334,0.581,0.754,0.545,0.363,0.073
249.9,2.009,1.307,0.569,0.739,0.535,0.356,0.072
250.0,1.977,1.286,0.56,0.727,0.526,0.35,0.071
250.10000000000002,1.951,1.269,0.553,0.717,0.519,0.345,0.07
250.20000000000002,1.93,1.256,0.547,0.71,0.513,0.342,0.069
250.3,1.905,1.238,0.54,0.703,0.509,0.339,0.069
250.4,1.894,1.231,0.537,0.699,0.505,0.336,0.068
250.5,1.884,1.225,0.534,0.694,0.503,0.334,0.068
250.60000000000002,1.877,1.221,0.532,0.691,0.5,0.333,0.067
250.70000000000002,1.871,1.217,0.53,0.689,0.499,0.332,0.067
250.8,1.866,1.214,0.529,0.687,0.497,0.331,0.067
250.9,1.863,1.212,0.528,0.685,0.496,0.33,0.067
251.0,1.852,1.203,0.525,0.684,0.495,0.329,0.067
251.10000000000002,1.843,1.196,0.522,0.683,0.494,0.328,0.067
251.20000000000002,1.836,1.191,0.52,0.682,0.494,0.328,0.067
251.3,1.83,1.187,0.518,0.681,0.493,0.328,0.067
251.4,1.834,1.19,0.519,0.681,0.493,0.327,0.066
251.5,1.829,1.186,0.518,0.68,0.493,0.327,0.066
251.60000000000002,1.825,1.182,0.516,0.68,0.492,0.327,0.066
251.70000000000002,1.821,1.18,0.515,0.679,0.492,0.327,0.066
251.8,1.819,1.178,0.514,0.679,0.492,0.327,0.066
251.9,1.817,1.176,0.514,0.679,0.492,0.326,0.066
252.0,1.815,1.175,0.513,0.679,0.492,0.326,0.066
252.10000000000002,1.814,1.173,0.513,0.679,0.492,0.326,0.066
252.20000000000002,1.813,1.173,0.512,0.679,0.492,0.326,0.066
252.3,1.812,1.172,0.512,0.679,0.492,0.326,0.065
252.4,1.811,1.171,0.512,0.678,0.492,0.326,0.065
252.5,1.811,1.171,0.512,0.678,0.492,0.325,0.065
252.60000000000002,1.81,1.171,0.512,0.678,0.492,0.325,0.065
252.70000000000002,1.81,1.17,0.512,0.678,0.492,0.325,0.065
252.8,1.81,1.17,0.512,0.678,0.492,0.325,0.065
252.9,1.809,1.17,0.511,0.678,0.492,0.324,0.065
253.0,1.809,1.17,0.511,0.678,0.492,0.324,0.065
253.10000000000002,1.801,1.163,0.509,0.678,0.492,0.324,0.065
253.20000000000002,1.795,1.158,0.507,0.678,0.492,0.324,0.065
253.3,1.79,1.153,0.505,0.678,0.492,0.324,0.065
253.4,1.786,1.15,0.504,0.678,0.492,0.324,0.065
253.5,1.79,1.154,0.505,0.678,0.492,0.324,0.065
253.60000000000002,1.786,1.15,0.504,0.678,0.492,0.324,0.065
253.70000000000002,1.783,1.148,0.503,0.678,0.492,0.323,0.065
253.8,1.78,1.145,0.502,0.678,0.492,0.324,0.065
253.9,1.778,1.144,0.501,0.678,0.492,0.324,0.065
254.0,1.776,1.142,0.501,0.678,0.492,0.324,0.065
254.10000000000002,1.775,1.141,0.5,0.678,0.492,0.323,0.065
254.20000000000002,1.774,1.14,0.5,0.678,0.492,0.323,0.065
254.3,1.773,1.139,0.5,0.678,0.492,0.323,0.065
254.4,1.772,1.139,0.5,0.678,0.492,0.323,0.065
254.5,1.772,1.138,0.499,0.678,0.492,0.323,0.065
254.60000000000002,1.787,1.151,0.504,0.678,0.492,0.323,0.065
254.70000000000002,1.784,1.148,0.503,0.678,0.492,0.323,0.064
254.8,1.781,1.146,0.502,0.678,0.492,0.323,0.064
254.9,1.786,1.151,0.504,0.678,0.492,0.322,0.064
255.0,1.791,1.154,0.506,0.678,0.492,0.322,0.064
255.10000000000002,1.787,1.151,0.504,0.677,0.492,0.322,0.064
255.20000000000002,1.783,1.148,0.503,0.677,0.492,0.321,0.064
255.3,1.78,1.146,0.502,0.677,0.492,0.321,0.064
255.4,1.778,1.144,0.502,0.677,0.492,0.321,0.064
255.5,1.777,1.142,0.501,0.677,0.492,0.32,0.064
255.60000000000002,1.767,1.135,0.498,0.677,0.492,0.32,0.064
255.70000000000002,1.76,1.129,0.496,0.676,0.492,0.319,0.063
255.8,1.754,1.124,0.494,0.676,0.492,0.319,0.063
255.9,1.75,1.12,0.492,0.676,0.492,0.318,0.063
256.0,1.746,1.117,0.491,0.676,0.492,0.318,0.063
256.1,1.743,1.114,0.49,0.676,0.492,0.317,0.063
256.2,1.741,1.112,0.489,0.676,0.492,0.317,0.063
256.3,1.731,1.104,0.486,0.676,0.492,0.317,0.063
256.40000000000003,1.731,1.104,0.486,0.676,0.492,0.316,0.063
256.5,1.731,1.104,0.486,0.676,0.492,0.316,0.063
256.6,1.731,1.104,0.486,0.676,0.492,0.316,0.063
256.7,1.731,1.104,0.486,0.676,0.492,0.315,0.062
256.8,1.731,1.104,0.486,0.675,0.492,0.315,0.062
256.90000000000003,1.731,1.104,0.486,0.675,0.492,0.315,0.062
257.0,1.731,1.104,0.486,0.675,0.492,0.314,0.062
257.1,1.723,1.098,0.484,0.675,0.492,0.314,0.062
257.2,1.725,1.099,0.484,0.675,0.492,0.314,0.062
257.3,1.718,1.094,0.482,0.675,0.492,0.313,0.062
257.40000000000003,1.721,1.096,0.483,0.675,0.492,0.313,0.062
257.5,1.715,1.091,0.481,0.675,0.492,0.313,0.062
257.6,1.718,1.094,0.482,0.675,0.492,0.312,0.062
257.7,1.713,1.089,0.481,0.674,0.492,0.312,0.062
257.8,1.709,1.086,0.479,0.674,0.492,0.312,0.062
257.90000000000003,1.706,1.083,0.478,0.674,0.492,0.311,0.062
258.0,1.703,1.081,0.478,0.674,0.492,0.311,0.062
258.1,1.701,1.079,0.477,0.674,0.492,0.31,0.062
258.2,1.699,1.078,0.476,0.674,0.492,0.31,0.062
258.3,1.706,1.083,0.478,0.674,0.492,0.31,0.062
258.40000000000003,1.703,1.081,0.478,0.674,0.492,0.309,0.062
258.5,1.701,1.079,0.477,0.674,0.492,0.309,0.062
258.6,1.699,1.078,0.476,0.674,0.492,0.309,0.061
258.7,1.698,1.077,0.476,0.673,0.492,0.308,0.061
258.8,1.697,1.076,0.476,0.673,0.492,0.308,0.061
258.90000000000003,1.696,1.075,0.475,0.673,0.492,0.308,0.061
259.0,1.695,1.075,0.475,0.673,0.492,0.307,0.061
259.1,1.695,1.074,0.475,0.673,0.492,0.307,0.061
259.2,1.694,1.074,0.475,0.673,0.492,0.307,0.061
259.3,1.694,1.073,0.475,0.673,0.492,0.306,0.061
259.40000000000003,1.694,1.073,0.475,0.673,0.492,0.306,0.061
259.5,1.694,1.073,0.475,0.673,0.492,0.306,0.061
259.6,1.693,1.073,0.474,0.673,0.492,0.305,0.061
259.7,1.693,1.073,0.474,0.673,0.492,0.305,0.061
259.8,1.693,1.073,0.474,0.673,0.492,0.305,0.061
259.90000000000003,1.693,1.073,0.474,0.673,0.492,0.305,0.061
260.0,1.701,1.079,0.477,0.673,0.492,0.305,0.061
260.1,1.699,1.078,0.476,0.673,0.492,0.304,0.061
260.2,1.706,1.083,0.478,0.673,0.492,0.304,0.061
260.3,1.711,1.087,0.48,0.673,0.492,0.304,0.061
260.40000000000003,1.707,1.084,0.479,0.673,0.492,0.304,0.061
260.5,1.704,1.082,0.478,0.673,0.492,0.303,0.061
260.6,1.71,1.086,0.48,0.673,0.492,0.303,0.061
260.7,1.714,1.09,0.481,0.673,0.492,0.303,0.061
260.8,1.71,1.086,0.48,0.673,0.492,0.303,0.061
260.90000000000003,1.706,1.084,0.479,0.673,0.492,0.303,0.061
261.0,1.704,1.081,0.478,0.673,0.493,0.303,0.061
261.1,1.701,1.08,0.477,0.673,0.493,0.303,0.061
261.2,1.7,1.078,0.476,0.673,0.493,0.303,0.061
261.3,1.698,1.077,0.476,0.673,0.493,0.303,0.061
261.40000000000003,1.697,1.076,0.476,0.673,0.493,0.303,0.061
261.5,1.696,1.075,0.475,0.673,0.493,0.302,0.061
261.6,1.696,1.075,0.475,0.673,0.493,0.302,0.061
261.7,1.695,1.074,0.475,0.673,0.493,0.302,0.061
261.8,1.687,1.067,0.472,0.673,0.493,0.302,0.061
261.90000000000003,1.68,1.062,0.47,0.672,0.493,0.301,0.061
262.0,1.683,1.064,0.471,0.672,0.493,0.301,0.061
262.1,1.677,1.059,0.469,0.672,0.493,0.301,0.061
262.2,1.673,1.056,0.468,0.672,0.493,0.301,0.061
262.3,1.669,1.053,0.467,0.672,0.493,0.3,0.061
262.40000000000003,1.666,1.05,0.466,0.672,0.493,0.3,0.06
262.5,1.664,1.048,0.465,0.672,0.493,0.299,0.06
262.6,1.662,1.047,0.464,0.672,0.493,0.299,0.06
262.7,1.653,1.039,0.462,0.672,0.493,0.298,0.06
262.8,1.653,1.04,0.462,0.672,0.493,0.298,0.06
262.90000000000003,1.653,1.04,0.462,0.672,0.492,0.298,0.06
263.0,1.654,1.04,0.462,0.672,0.492,0.297,0.06
263.1,1.654,1.04,0.462,0.671,0.492,0.297,0.06
263.2,1.654,1.04,0.462,0.671,0.492,0.297,0.06
263.3,1.654,1.04,0.462,0.671,0.492,0.296,0.06
263.40000000000003,1.662,1.047,0.464,0.671,0.492,0.296,0.06
263.5,1.66,1.046,0.464,0.671,0.492,0.296,0.06
263.6,1.659,1.045,0.464,0.671,0.492,0.296,0.06
263.7,1.658,1.044,0.463,0.671,0.492,0.295,0.06
263.8,1.658,1.043,0.463,0.671,0.492,0.295,0.059
263.90000000000003,1.657,1.043,0.463,0.671,0.492,0.295,0.059
264.0,1.656,1.042,0.463,0.671,0.492,0.294,0.059
264.1,1.656,1.042,0.463,0.671,0.492,0.294,0.059
264.2,1.656,1.042,0.463,0.671,0.492,0.294,0.059
264.3,1.656,1.042,0.462,0.671,0.492,0.293,0.059
264.40000000000003,1.655,1.041,0.462,0.671,0.492,0.293,0.059
264.5,1.655,1.041,0.462,0.67,0.492,0.293,0.059
264.6,1.655,1.041,0.462,0.671,0.492,0.292,0.059
264.7,1.655,1.041,0.462,0.67,0.492,0.292,0.059
264.8,1.655,1.041,0.462,0.67,0.492,0.292,0.059
264.90000000000003,1.655,1.041,0.462,0.67,0.492,0.291,0.059
265.0,1.655,1.041,0.462,0.67,0.492,0.291,0.059
265.1,1.655,1.041,0.462,0.67,0.492,0.291,0.059
265.2,1.655,1.041,0.462,0.67,0.492,0.291,0.059
265.3,1.655,1.041,0.462,0.67,0.492,0.29,0.059
265.40000000000003,1.662,1.047,0.465,0.67,0.492,0.29,0.059
265.5,1.661,1.046,0.464,0.67,0.492,0.29,0.059
265.6,1.659,1.045,0.464,0.67,0.492,0.289,0.059
265.7,1.658,1.044,0.463,0.67,0.493,0.289,0.059
265.8,1.658,1.043,0.463,0.67,0.493,0.289,0.059
265.90000000000003,1.657,1.043,0.463,0.67,0.493,0.288,0.059
266.0,1.657,1.042,0.463,0.67,0.493,0.288,0.059
266.1,1.656,1.042,0.463,0.67,0.493,0.288,0.059
266.2,1.656,1.042,0.463,0.67,0.493,0.288,0.059
266.3,1.656,1.042,0.462,0.67,0.493,0.287,0.059
266.40000000000003,1.655,1.042,0.462,0.67,0.493,0.287,0.059
266.5,1.671,1.054,0.467,0.67,0.493,0.287,0.059
266.6,1.667,1.051,0.466,0.67,0.493,0.286,0.059
266.7,1.665,1.049,0.465,0.67,0.493,0.286,0.059
266.8,1.663,1.048,0.465,0.67,0.493,0.285,0.059
266.90000000000003,1.661,1.046,0.464,0.67,0.493,0.285,0.059
267.0,1.66,1.045,0.464,0.669,0.493,0.285,0.059
267.1,1.659,1.044,0.463,0.669,0.493,0.285,0.059
267.2,1.658,1.044,0.463,0.669,0.493,0.284,0.059
267.3,1.665,1.049,0.465,0.669,0.493,0.284,0.059
267.40000000000003,1.663,1.048,0.465,0.669,0.493,0.284,0.059
267.5,1.661,1.046,0.464,0.669,0.493,0.284,0.059
267.6,1.652,1.039,0.461,0.669,0.493,0.283,0.059
267.7,1.653,1.039,0.462,0.669,0.493,0.283,0.059
267.8,1.653,1.04,0.462,0.669,0.493,0.283,0.059
267.90000000000003,1.646,1.034,0.459,0.669,0.493,0.282,0.059
268.0,1.64,1.029,0.458,0.669,0.493,0.282,0.059
268.1,1.635,1.025,0.456,0.669,0.493,0.282,0.059
268.2,1.631,1.022,0.455,0.669,0.493,0.282,0.059
268.3,1.628,1.019,0.454,0.669,0.493,0.282,0.059
268.40000000000003,1.626,1.018,0.453,0.669,0.493,0.281,0.059
268.5,1.624,1.016,0.453,0.669,0.493,0.281,0.059
268.6,1.623,1.015,0.452,0.669,0.493,0.28,0.059
268.7,1.62,1.013,0.451,0.669,0.493,0.28,0.058
268.8,1.62,1.012,0.451,0.669,0.493,0.28,0.058
268.90000000000003,1.619,1.012,0.451,0.669,0.493,0.279,0.058
269.0,1.619,1.011,0.451,0.668,0.493,0.279,0.058
269.1,1.618,1.011,0.451,0.668,0.493,0.278,0.058
269.2,1.618,1.011,0.451,0.667,0.493,0.278,0.058
269.3,1.618,1.011,0.45,0.667,0.493,0.278,0.058
269.40000000000003,1.617,1.01,0.45,0.667,0.493,0.277,0.058
269.5,1.617,1.01,0.45,0.667,0.493,0.277,0.058
269.6,1.617,1.01,0.45,0.666,0.493,0.277,0.058
269.7,1.617,1.01,0.45,0.666,0.493,0.276,0.058
269.8,1.621,1.014,0.452,0.669,0.493,0.28,0.058
269.90000000000003,1.617,1.01,0.45,0.666,0.493,0.276,0.058
270.0,1.617,1.01,0.45,0.666,0.493,0.276,0.058
270.1,1.617,1.01,0.45,0.666,0.493,0.275,0.058
270.2,1.617,1.01,0.45,0.666,0.493,0.275,0.058
270.3,1.617,1.01,0.45,0.666,0.493,0.275,0.058
270.40000000000003,1.617,1.01,0.45,0.666,0.493,0.274,0.058
270.5,1.617,1.01,0.45,0.666,0.493,0.274,0.058
270.6,1.617,1.01,0.45,0.666,0.493,0.274,0.058
270.7,1.617,1.01,0.45,0.665,0.493,0.273,0.058
270.8,1.617,1.01,0.45,0.665,0.493,0.273,0.058
270.90000000000003,1.617,1.01,0.45,0.666,0.493,0.273,0.058
271.0,1.617,1.01,0.45,0.666,0.493,0.273,0.058
271.1,1.617,1.01,0.45,0.666,0.493,0.273,0.058
271.2,1.617,1.01,0.45,0.666,0.493,0.273,0.058
271.3,1.617,1.01,0.45,0.666,0.493,0.273,0.058
271.40000000000003,1.617,1.01,0.45,0.665,0.493,0.272,0.058
271.5,1.617,1.01,0.45,0.666,0.493,0.272,0.058
271.6,1.617,1.01,0.45,0.665,0.493,0.272,0.058
271.7,1.617,1.01,0.45,0.665,0.493,0.272,0.058
271.8,1.609,1.004,0.448,0.665,0.492,0.272,0.058
271.90000000000003,1.611,1.005,0.448,0.665,0.492,0.272,0.058
272.0,1.612,1.006,0.449,0.665,0.492,0.272,0.058
272.1,1.613,1.007,0.449,0.665,0.493,0.272,0.058
272.2,1.614,1.007,0.449,0.665,0.493,0.271,0.058
272.3,1.584,0.983,0.44,0.665,0.493,0.271,0.058
272.40000000000003,1.591,0.989,0.442,0.665,0.493,0.271,0.058
272.5,1.596,0.993,0.444,0.665,0.493,0.271,0.058
272.6,1.6,0.996,0.445,0.665,0.493,0.271,0.058
272.7,1.596,0.993,0.444,0.665,0.493,0.271,0.058
272.8,1.6,0.996,0.445,0.665,0.493,0.271,0.058
272.90000000000003,1.603,0.999,0.446,0.665,0.493,0.27,0.058
273.0,1.598,0.995,0.444,0.665,0.493,0.27,0.058
273.1,1.602,0.998,0.446,0.665,0.493,0.27,0.058
273.2,1.605,1,0.446,0.665,0.493,0.27,0.058
273.3,1.615,1.008,0.45,0.665,0.493,0.27,0.058
273.40000000000003,1.608,1.003,0.447,0.665,0.493,0.27,0.058
273.5,1.609,1.004,0.448,0.665,0.493,0.269,0.058
273.6,1.611,1.005,0.448,0.665,0.493,0.269,0.058
273.7,1.612,1.006,0.449,0.665,0.493,0.269,0.058
273.8,1.621,1.013,0.451,0.665,0.493,0.269,0.058
273.90000000000003,1.62,1.012,0.451,0.665,0.493,0.269,0.058
274.0,1.619,1.012,0.451,0.665,0.493,0.268,0.058
274.1,1.619,1.011,0.451,0.665,0.493,0.268,0.058
274.2,1.618,1.011,0.451,0.665,0.493,0.268,0.058
274.3,1.618,1.011,0.451,0.665,0.493,0.268,0.058
274.40000000000003,1.618,1.011,0.45,0.665,0.493,0.268,0.058
274.5,1.617,1.01,0.45,0.666,0.493,0.268,0.058
274.6,1.617,1.01,0.45,0.666,0.493,0.268,0.058
274.7,1.61,1.004,0.448,0.666,0.493,0.268,0.058
274.8,1.603,0.999,0.446,0.666,0.493,0.267,0.058
274.90000000000003,1.606,1.001,0.447,0.666,0.493,0.267,0.058
275.0,1.608,1.003,0.447,0.666,0.493,0.267,0.058
275.1,1.61,1.004,0.448,0.666,0.493,0.267,0.058
275.2,1.611,1.005,0.448,0.667,0.493,0.267,0.058
275.3,1.597,0.994,0.444,0.667,0.493,0.267,0.058
275.40000000000003,1.593,0.991,0.443,0.667,0.493,0.267,0.058
275.5,1.598,0.995,0.444,0.667,0.493,0.267,0.058
275.6,1.602,0.998,0.446,0.667,0.493,0.267,0.059
275.7,1.605,1,0.446,0.667,0.493,0.267,0.059
275.8,1.607,1.002,0.447,0.667,0.493,0.267,0.059
275.90000000000003,1.609,1.004,0.448,0.667,0.493,0.267,0.058
276.0,1.611,1.005,0.448,0.667,0.493,0.267,0.059
276.1,1.612,1.006,0.449,0.668,0.493,0.267,0.059
276.2,1.613,1.007,0.449,0.668,0.493,0.267,0.059
276.3,1.614,1.007,0.449,0.668,0.493,0.267,0.059
276.40000000000003,1.607,1.002,0.447,0.668,0.493,0.267,0.059
276.5,1.601,0.997,0.445,0.668,0.493,0.267,0.059
276.6,1.604,1,0.446,0.668,0.493,0.267,0.059
276.7,1.607,1.002,0.447,0.668,0.493,0.267,0.059
276.8,1.601,0.997,0.445,0.668,0.493,0.267,0.059
276.90000000000003,1.604,1,0.446,0.668,0.493,0.267,0.059
277.0,1.607,1.002,0.447,0.667,0.493,0.267,0.059
277.1,1.609,1.003,0.448,0.668,0.493,0.266,0.058
277.2,1.61,1.005,0.448,0.667,0.493,0.266,0.058
277.3,1.604,0.999,0.446,0.667,0.493,0.266,0.059
277.40000000000003,1.599,0.995,0.445,0.667,0.493,0.266,0.058
277.5,1.602,0.998,0.446,0.667,0.493,0.266,0.058
277.6,1.605,1.001,0.447,0.667,0.493,0.266,0.058
277.7,1.608,1.002,0.447,0.666,0.493,0.265,0.058
277.8,1.609,1.004,0.448,0.666,0.493,0.265,0.058
277.90000000000003,1.603,0.999,0.446,0.666,0.493,0.265,0.058
278.0,1.598,0.995,0.444,0.666,0.493,0.265,0.058
278.1,1.594,0.992,0.443,0.665,0.493,0.264,0.058
278.2,1.591,0.989,0.442,0.665,0.493,0.264,0.058
278.3,1.589,0.987,0.441,0.665,0.493,0.264,0.058
278.40000000000003,1.594,0.992,0.443,0.665,0.493,0.264,0.058
278.5,1.591,0.989,0.442,0.665,0.493,0.264,0.058
278.6,1.906,1.183,0.529,0.8,0.593,0.317,0.069
278.7,2.062,1.285,0.574,0.854,0.633,0.338,0.075
278.8,2.094,1.301,0.582,0.876,0.649,0.346,0.077
278.90000000000003,2.107,1.308,0.585,0.885,0.656,0.35,0.077
279.0,2.143,1.335,0.596,0.889,0.658,0.35,0.078
279.1,2.126,1.321,0.591,0.889,0.659,0.351,0.078
279.2,2.15,1.34,0.598,0.89,0.659,0.351,0.077
279.3,2.16,1.348,0.601,0.89,0.659,0.352,0.078
279.40000000000003,2.164,1.351,0.602,0.89,0.66,0.352,0.078
279.5,2.165,1.352,0.603,0.891,0.66,0.352,0.077
279.6,2.166,1.353,0.603,0.89,0.659,0.352,0.077
279.7,2.166,1.353,0.603,0.891,0.66,0.352,0.078
279.8,2.166,1.353,0.603,0.89,0.66,0.351,0.078
279.90000000000003,2.166,1.353,0.603,0.89,0.66,0.352,0.078
280.0,2.166,1.353,0.603,0.891,0.66,0.352,0.078
280.1,2.166,1.353,0.603,0.891,0.66,0.351,0.078
280.2,2.166,1.353,0.603,0.891,0.66,0.351,0.078
280.3,2.166,1.353,0.603,0.89,0.661,0.352,0.078
280.40000000000003,2.166,1.353,0.603,0.891,0.66,0.351,0.078
280.5,2.166,1.353,0.603,0.892,0.66,0.352,0.078
280.6,2.166,1.353,0.603,0.892,0.66,0.351,0.078
280.7,2.166,1.353,0.603,0.891,0.66,0.352,0.078
280.8,2.166,1.353,0.603,0.891,0.659,0.351,0.078
280.90000000000003,2.136,1.328,0.594,0.892,0.659,0.351,0.078
281.0,2.154,1.343,0.599,0.892,0.66,0.351,0.078
281.1,2.161,1.349,0.602,0.892,0.66,0.35,0.078
281.2,2.134,1.327,0.593,0.892,0.66,0.351,0.078
281.3,2.123,1.318,0.59,0.891,0.66,0.352,0.078
281.40000000000003,2.119,1.314,0.588,0.892,0.66,0.351,0.078
281.5,2.117,1.313,0.588,0.892,0.66,0.351,0.078
281.6,2.116,1.312,0.587,0.893,0.661,0.351,0.079
281.7,2.146,1.337,0.597,0.893,0.66,0.352,0.078
281.8,2.158,1.347,0.601,0.893,0.661,0.352,0.079
281.90000000000003,2.163,1.35,0.602,0.895,0.66,0.353,0.079
282.0,2.165,1.352,0.603,0.896,0.66,0.352,0.079
282.1,2.166,1.353,0.603,0.896,0.66,0.353,0.079
282.2,2.166,1.353,0.603,0.896,0.661,0.353,0.079
282.3,2.166,1.353,0.603,0.896,0.66,0.354,0.079
282.40000000000003,2.166,1.353,0.603,0.897,0.661,0.354,0.079
282.5,2.166,1.353,0.603,0.897,0.66,0.354,0.079
282.6,2.166,1.353,0.603,0.897,0.66,0.354,0.079
282.7,2.166,1.353,0.603,0.896,0.661,0.355,0.079
282.8,2.166,1.353,0.603,0.897,0.661,0.355,0.079
282.90000000000003,2.197,1.378,0.613,0.897,0.661,0.356,0.08
283.0,2.178,1.363,0.607,0.898,0.66,0.356,0.08
283.1,2.202,1.382,0.614,0.897,0.66,0.356,0.079
283.2,2.18,1.365,0.608,0.898,0.66,0.356,0.079
283.3,2.172,1.358,0.605,0.898,0.66,0.357,0.08
283.40000000000003,2.199,1.38,0.614,0.898,0.66,0.357,0.08
283.5,2.21,1.389,0.617,0.898,0.66,0.358,0.08
283.6,2.214,1.392,0.618,0.898,0.661,0.358,0.08
283.7,2.216,1.394,0.619,0.899,0.66,0.358,0.08
283.8,2.217,1.394,0.619,0.899,0.66,0.358,0.08
283.90000000000003,2.217,1.395,0.619,0.899,0.66,0.359,0.08
284.0,2.217,1.395,0.619,0.899,0.66,0.359,0.081
284.1,2.217,1.395,0.619,0.9,0.66,0.36,0.08
284.2,2.217,1.395,0.619,0.899,0.66,0.36,0.08
284.3,2.187,1.37,0.61,0.9,0.661,0.36,0.08
284.40000000000003,2.144,1.335,0.596,0.9,0.661,0.361,0.081
284.5,2.188,1.371,0.61,0.9,0.66,0.361,0.08
284.6,2.205,1.385,0.616,0.901,0.66,0.361,0.081
284.7,2.243,1.416,0.628,0.9,0.66,0.361,0.081
284.8,2.227,1.403,0.623,0.901,0.661,0.362,0.081
284.90000000000003,2.221,1.398,0.621,0.901,0.66,0.362,0.081
285.0,2.219,1.396,0.62,0.9,0.661,0.362,0.081
285.1,2.218,1.395,0.619,0.901,0.66,0.362,0.081
285.2,2.217,1.395,0.619,0.9,0.661,0.363,0.081
285.3,2.217,1.395,0.619,0.901,0.66,0.364,0.08
285.40000000000003,2.217,1.395,0.619,0.901,0.66,0.364,0.081
285.5,2.217,1.395,0.619,0.9,0.66,0.364,0.081
285.6,2.217,1.395,0.619,0.901,0.66,0.364,0.081
285.7,2.217,1.395,0.619,0.901,0.66,0.364,0.081
285.8,2.217,1.395,0.619,0.901,0.66,0.365,0.081
285.90000000000003,2.217,1.395,0.619,0.901,0.66,0.365,0.081
286.0,2.217,1.395,0.619,0.901,0.66,0.365,0.081
286.1,2.217,1.395,0.619,0.901,0.66,0.366,0.082
286.2,2.217,1.395,0.619,0.901,0.66,0.366,0.082
286.3,2.217,1.395,0.619,0.901,0.661,0.365,0.082
286.40000000000003,2.217,1.395,0.619,0.901,0.66,0.366,0.082
286.5,2.248,1.42,0.629,0.901,0.66,0.366,0.082
286.6,2.26,1.43,0.633,0.901,0.66,0.366,0.081
286.7,2.265,1.434,0.634,0.901,0.66,0.367,0.082
286.8,2.236,1.411,0.625,0.901,0.66,0.367,0.082
286.90000000000003,2.255,1.426,0.631,0.901,0.66,0.367,0.082
287.0,2.263,1.433,0.634,0.901,0.66,0.368,0.083
287.1,2.266,1.435,0.635,0.901,0.66,0.367,0.083
287.2,2.267,1.436,0.635,0.902,0.66,0.368,0.082
287.3,2.268,1.437,0.635,0.901,0.66,0.369,0.082
287.40000000000003,2.268,1.437,0.635,0.901,0.66,0.369,0.082
287.5,2.299,1.463,0.645,0.902,0.659,0.369,0.082
287.6,2.281,1.447,0.639,0.901,0.66,0.37,0.083
287.7,2.273,1.441,0.637,0.901,0.66,0.369,0.083
287.8,2.27,1.439,0.636,0.901,0.66,0.37,0.083
287.90000000000003,2.269,1.438,0.636,0.902,0.66,0.37,0.082
288.0,2.269,1.437,0.636,0.902,0.66,0.371,0.083
288.1,2.268,1.437,0.636,0.902,0.66,0.371,0.083
288.2,2.268,1.437,0.636,0.902,0.66,0.372,0.083
288.3,2.299,1.463,0.645,0.902,0.66,0.372,0.083
288.40000000000003,2.281,1.447,0.639,0.902,0.66,0.372,0.083
288.5,2.273,1.441,0.637,0.902,0.66,0.372,0.083
288.6,2.27,1.439,0.636,0.902,0.659,0.372,0.083
288.7,2.269,1.438,0.636,0.902,0.659,0.372,0.083
288.8,2.269,1.437,0.636,0.903,0.66,0.373,0.083
288.90000000000003,2.268,1.437,0.636,0.902,0.66,0.373,0.083
289.0,2.268,1.437,0.636,0.902,0.66,0.373,0.083
289.1,2.268,1.437,0.635,0.902,0.66,0.373,0.083
289.2,2.268,1.437,0.635,0.902,0.659,0.374,0.083
289.3,2.268,1.437,0.635,0.902,0.66,0.374,0.083
289.40000000000003,2.268,1.437,0.635,0.901,0.66,0.374,0.083
289.5,2.268,1.437,0.635,0.902,0.66,0.374,0.083
289.6,2.299,1.463,0.645,0.903,0.66,0.375,0.083
289.7,2.281,1.447,0.639,0.902,0.66,0.375,0.084
289.8,2.273,1.441,0.637,0.902,0.66,0.375,0.083
289.90000000000003,2.27,1.439,0.636,0.902,0.66,0.375,0.083
290.0,2.269,1.438,0.636,0.902,0.659,0.375,0.084
290.1,2.299,1.463,0.645,0.902,0.659,0.375,0.083
290.2,2.281,1.447,0.639,0.902,0.66,0.376,0.084
290.3,2.273,1.441,0.637,0.902,0.66,0.376,0.084
290.40000000000003,2.27,1.439,0.636,0.902,0.66,0.376,0.084
290.5,2.3,1.463,0.646,0.902,0.66,0.377,0.084
290.6,2.281,1.447,0.64,0.903,0.659,0.377,0.084
290.7,2.273,1.441,0.637,0.902,0.659,0.377,0.083
290.8,2.301,1.464,0.646,0.902,0.659,0.377,0.084
290.90000000000003,2.281,1.448,0.64,0.903,0.66,0.377,0.084
291.0,2.273,1.441,0.637,0.903,0.659,0.377,0.084
291.1,2.27,1.439,0.636,0.902,0.659,0.378,0.083
291.2,2.269,1.438,0.636,0.902,0.66,0.378,0.084
291.3,2.269,1.437,0.636,0.902,0.659,0.379,0.084
291.40000000000003,2.299,1.463,0.645,0.902,0.659,0.379,0.084
291.5,2.311,1.473,0.649,0.902,0.659,0.379,0.084
291.6,2.316,1.477,0.651,0.903,0.66,0.378,0.084
291.7,2.257,1.428,0.632,0.902,0.659,0.378,0.084
291.8,2.326,1.485,0.654,0.902,0.659,0.379,0.084
291.90000000000003,2.291,1.456,0.643,0.902,0.66,0.38,0.084
292.0,2.277,1.445,0.638,0.902,0.66,0.38,0.084
292.1,2.272,1.44,0.637,0.903,0.66,0.38,0.084
292.2,2.301,1.464,0.646,0.902,0.66,0.38,0.084
292.3,2.312,1.473,0.649,0.903,0.659,0.38,0.084
292.40000000000003,2.286,1.451,0.641,0.902,0.659,0.381,0.084
292.5,2.275,1.443,0.638,0.903,0.659,0.381,0.084
292.6,2.271,1.439,0.636,0.902,0.659,0.381,0.084
292.7,2.3,1.464,0.646,0.903,0.659,0.381,0.084
292.8,2.312,1.473,0.649,0.903,0.659,0.381,0.084
292.90000000000003,2.317,1.477,0.651,0.903,0.659,0.382,0.085
293.0,2.318,1.479,0.651,0.903,0.66,0.382,0.084
293.1,2.319,1.479,0.652,0.903,0.66,0.382,0.084
293.2,2.289,1.454,0.642,0.902,0.66,0.383,0.084
293.3,2.307,1.469,0.648,0.903,0.66,0.382,0.085
293.40000000000003,2.284,1.45,0.64,0.904,0.66,0.383,0.084
293.5,2.305,1.468,0.647,0.903,0.66,0.384,0.084
293.6,2.283,1.449,0.64,0.902,0.659,0.384,0.084
293.7,2.305,1.468,0.647,0.902,0.659,0.384,0.084
293.8,2.314,1.475,0.65,0.903,0.66,0.384,0.084
293.90000000000003,2.317,1.478,0.651,0.903,0.659,0.384,0.084
294.0,2.319,1.479,0.652,0.902,0.66,0.384,0.084
294.1,2.319,1.479,0.652,0.903,0.66,0.384,0.085
294.2,2.258,1.429,0.632,0.903,0.659,0.384,0.084
294.3,2.295,1.459,0.644,0.903,0.659,0.385,0.085
294.40000000000003,2.31,1.471,0.649,0.903,0.659,0.385,0.084
294.5,2.254,1.425,0.631,0.903,0.659,0.385,0.084
294.6,2.293,1.458,0.644,0.903,0.66,0.385,0.084
294.7,2.309,1.471,0.649,0.903,0.659,0.385,0.084
294.8,2.315,1.476,0.651,0.903,0.66,0.385,0.085
294.90000000000003,2.318,1.478,0.651,0.903,0.659,0.386,0.084
295.0,2.319,1.479,0.652,0.903,0.66,0.386,0.084
295.1,2.319,1.479,0.652,0.902,0.659,0.386,0.084
295.2,2.32,1.48,0.652,0.903,0.659,0.386,0.084
295.3,2.289,1.454,0.642,0.903,0.659,0.386,0.085
295.40000000000003,2.307,1.469,0.648,0.903,0.659,0.386,0.084
295.5,2.284,1.45,0.64,0.903,0.659,0.387,0.084
295.6,2.305,1.468,0.647,0.903,0.659,0.387,0.084
295.7,2.314,1.475,0.65,0.903,0.659,0.388,0.085
295.8,2.317,1.478,0.651,0.903,0.66,0.388,0.084
295.90000000000003,2.321,1.481,0.652,0.903,0.659,0.388,0.085
296.0,2.319,1.48,0.652,0.903,0.66,0.388,0.085
296.1,2.32,1.48,0.652,0.904,0.659,0.389,0.085
296.2,2.327,1.486,0.654,0.903,0.659,0.388,0.086
296.3,2.319,1.479,0.652,0.903,0.659,0.388,0.085
296.40000000000003,2.289,1.454,0.642,0.903,0.659,0.388,0.085
296.5,2.32,1.48,0.652,0.904,0.659,0.389,0.085
296.6,2.323,1.482,0.653,0.903,0.66,0.388,0.085
296.7,2.32,1.48,0.652,0.904,0.659,0.389,0.085
296.8,2.319,1.479,0.652,0.903,0.659,0.388,0.085
296.90000000000003,2.32,1.48,0.652,0.903,0.66,0.389,0.085
297.0,2.338,1.495,0.658,0.903,0.659,0.388,0.086
297.1,2.32,1.48,0.652,0.904,0.659,0.389,0.085
297.2,2.32,1.48,0.652,0.904,0.659,0.389,0.086
297.3,2.32,1.48,0.652,0.904,0.66,0.39,0.085
297.40000000000003,2.32,1.48,0.652,0.903,0.659,0.389,0.085
297.5,2.351,1.506,0.662,0.903,0.659,0.389,0.086
297.6,2.332,1.49,0.656,0.903,0.658,0.39,0.085
297.7,2.325,1.484,0.653,0.904,0.659,0.39,0.085
297.8,2.322,1.481,0.652,0.904,0.659,0.39,0.085
297.90000000000003,2.32,1.48,0.652,0.903,0.659,0.39,0.086
298.0,2.32,1.48,0.652,0.903,0.659,0.391,0.085
298.1,2.32,1.48,0.652,0.903,0.659,0.39,0.086
298.2,2.32,1.48,0.652,0.903,0.658,0.391,0.085
298.3,2.32,1.48,0.652,0.902,0.658,0.391,0.086
298.40000000000003,2.32,1.48,0.652,0.903,0.658,0.391,0.086
298.5,2.32,1.48,0.652,0.903,0.659,0.391,0.085
298.6,2.32,1.48,0.652,0.904,0.658,0.391,0.085
298.7,2.32,1.48,0.652,0.903,0.658,0.391,0.084
298.8,2.32,1.48,0.652,0.904,0.659,0.391,0.085
298.90000000000003,2.32,1.48,0.652,0.904,0.659,0.392,0.086
299.0,2.32,1.48,0.652,0.903,0.659,0.392,0.085
299.1,2.32,1.48,0.652,0.903,0.658,0.391,0.086
299.2,2.32,1.48,0.652,0.903,0.659,0.392,0.085
299.3,2.32,1.48,0.652,0.904,0.659,0.392,0.085
299.40000000000003,2.32,1.48,0.652,0.903,0.659,0.392,0.085
299.5,2.32,1.48,0.652,0.903,0.659,0.392,0.085
299.6,2.32,1.48,0.652,0.903,0.659,0.393,0.086
299.7,2.351,1.506,0.662,0.903,0.659,0.393,0.086
299.8,2.332,1.49,0.656,0.903,0.659,0.393,0.085
299.90000000000003,2.325,1.484,0.653,0.904,0.659,0.393,0.086
300.0,2.353,1.507,0.662,0.904,0.659,0.393,0.086
300.1,2.364,1.517,0.666,0.903,0.658,0.393,0.086
300.2,2.337,1.494,0.657,0.904,0.658,0.394,0.086
300.3,2.358,1.512,0.664,0.903,0.659,0.394,0.086
300.40000000000003,2.366,1.518,0.667,0.903,0.658,0.394,0.085
300.5,2.327,1.486,0.654,0.903,0.659,0.394,0.085
300.6,2.354,1.508,0.663,0.904,0.659,0.394,0.086
300.7,2.338,1.495,0.658,0.903,0.658,0.394,0.086
300.8,2.364,1.517,0.666,0.904,0.658,0.394,0.086
300.90000000000003,2.368,1.521,0.667,0.903,0.658,0.395,0.086
301.0,2.37,1.522,0.668,0.903,0.658,0.395,0.085
301.1,2.34,1.497,0.658,0.903,0.658,0.396,0.086
301.2,2.328,1.486,0.654,0.903,0.658,0.395,0.086
301.3,2.323,1.482,0.653,0.904,0.658,0.396,0.085
301.40000000000003,2.321,1.481,0.652,0.904,0.658,0.396,0.086
301.5,2.32,1.48,0.652,0.905,0.659,0.395,0.086
301.6,2.351,1.506,0.662,0.904,0.658,0.396,0.086
301.7,2.332,1.49,0.656,0.903,0.659,0.396,0.086
301.8,2.356,1.51,0.663,0.904,0.658,0.396,0.086
301.90000000000003,2.365,1.518,0.666,0.904,0.658,0.396,0.086
302.0,2.369,1.521,0.668,0.903,0.658,0.396,0.086
302.1,2.37,1.522,0.668,0.904,0.658,0.396,0.086
302.2,2.34,1.497,0.658,0.903,0.658,0.396,0.085
302.3,2.359,1.512,0.664,0.903,0.659,0.396,0.086
302.40000000000003,2.366,1.519,0.667,0.903,0.658,0.396,0.085
302.5,2.338,1.495,0.658,0.904,0.659,0.397,0.086
302.6,2.327,1.486,0.654,0.903,0.658,0.396,0.086
302.7,2.354,1.508,0.663,0.904,0.658,0.396,0.086
302.8,2.364,1.517,0.666,0.903,0.658,0.397,0.086
302.90000000000003,2.368,1.521,0.667,0.904,0.658,0.397,0.086
303.0,2.37,1.522,0.668,0.904,0.658,0.397,0.086
303.1,2.34,1.497,0.658,0.903,0.658,0.396,0.086
303.2,2.328,1.486,0.654,0.903,0.658,0.397,0.086
303.3,2.354,1.508,0.663,0.903,0.658,0.397,0.086
303.40000000000003,2.364,1.517,0.666,0.904,0.658,0.397,0.086
303.5,2.369,1.521,0.667,0.903,0.658,0.397,0.086
303.6,2.339,1.496,0.658,0.904,0.659,0.398,0.086
303.7,2.358,1.512,0.664,0.904,0.658,0.397,0.086
303.8,2.397,1.545,0.677,0.903,0.658,0.397,0.086
303.90000000000003,2.351,1.506,0.662,0.904,0.658,0.398,0.086
304.0,2.332,1.49,0.656,0.903,0.657,0.398,0.086
304.1,2.356,1.51,0.663,0.903,0.658,0.398,0.086
304.2,2.334,1.492,0.656,0.904,0.658,0.398,0.086
304.3,2.325,1.484,0.654,0.903,0.658,0.398,0.086
304.40000000000003,2.353,1.508,0.662,0.903,0.658,0.398,0.086
304.5,2.364,1.517,0.666,0.903,0.658,0.398,0.086
304.6,2.368,1.52,0.667,0.904,0.658,0.398,0.086
304.7,2.37,1.522,0.668,0.904,0.658,0.398,0.086
304.8,2.34,1.497,0.658,0.903,0.658,0.399,0.086
304.90000000000003,2.328,1.486,0.654,0.904,0.658,0.399,0.086
305.0,2.323,1.482,0.653,0.903,0.659,0.399,0.086
305.1,2.321,1.481,0.652,0.904,0.658,0.399,0.086
305.2,2.351,1.506,0.662,0.904,0.658,0.399,0.086
305.3,2.332,1.49,0.656,0.904,0.659,0.399,0.086
305.40000000000003,2.325,1.484,0.653,0.904,0.659,0.399,0.087
305.5,2.353,1.507,0.662,0.904,0.658,0.4,0.086
305.6,2.364,1.517,0.666,0.903,0.658,0.4,0.086
305.7,2.368,1.52,0.667,0.904,0.658,0.4,0.086
305.8,2.37,1.522,0.668,0.904,0.658,0.4,0.086
305.90000000000003,2.371,1.523,0.668,0.904,0.659,0.401,0.086
306.0,2.371,1.523,0.668,0.904,0.658,0.4,0.086
306.1,2.371,1.523,0.668,0.904,0.658,0.4,0.087
306.2,2.371,1.523,0.668,0.904,0.659,0.4,0.086
306.3,2.371,1.523,0.668,0.903,0.658,0.401,0.086
306.40000000000003,2.371,1.523,0.668,0.903,0.658,0.4,0.086
306.5,2.371,1.523,0.668,0.903,0.658,0.401,0.086
306.6,2.371,1.523,0.668,0.904,0.658,0.401,0.087
306.7,2.371,1.523,0.668,0.903,0.658,0.401,0.086
306.8,2.371,1.523,0.668,0.903,0.658,0.401,0.086
306.90000000000003,2.371,1.523,0.668,0.904,0.657,0.401,0.086
307.0,2.371,1.523,0.668,0.904,0.658,0.401,0.086
307.1,2.371,1.523,0.668,0.904,0.658,0.401,0.086
307.20000000000005,2.371,1.523,0.668,0.904,0.658,0.401,0.086
307.3,2.371,1.523,0.668,0.905,0.658,0.401,0.086
307.40000000000003,2.371,1.523,0.668,0.904,0.658,0.402,0.086
307.5,2.371,1.523,0.668,0.903,0.657,0.402,0.086
307.6,2.403,1.549,0.678,0.904,0.658,0.402,0.086
307.70000000000005,2.384,1.533,0.672,0.904,0.658,0.402,0.086
307.8,2.376,1.527,0.67,0.903,0.658,0.402,0.086
307.90000000000003,2.373,1.525,0.669,0.904,0.658,0.402,0.086
308.0,2.372,1.524,0.669,0.904,0.659,0.402,0.086
308.1,2.372,1.523,0.668,0.903,0.658,0.402,0.086
308.20000000000005,2.371,1.523,0.668,0.903,0.658,0.402,0.086
308.3,2.371,1.523,0.668,0.904,0.658,0.402,0.086
308.40000000000003,2.371,1.523,0.668,0.904,0.658,0.402,0.086
308.5,2.371,1.523,0.668,0.903,0.658,0.403,0.086
308.6,2.371,1.523,0.668,0.904,0.658,0.403,0.086
308.70000000000005,2.371,1.523,0.668,0.904,0.658,0.404,0.086
308.8,2.371,1.523,0.668,0.904,0.658,0.403,0.087
308.90000000000003,2.371,1.523,0.668,0.905,0.658,0.404,0.086
309.0,2.371,1.523,0.668,0.904,0.658,0.404,0.086
309.1,2.34,1.497,0.658,0.904,0.658,0.404,0.086
309.20000000000005,2.359,1.513,0.664,0.904,0.658,0.404,0.087
309.3,2.366,1.519,0.667,0.905,0.658,0.404,0.086
309.40000000000003,2.369,1.521,0.668,0.904,0.658,0.404,0.086
309.5,2.433,1.575,0.688,0.903,0.658,0.404,0.086
309.6,2.427,1.57,0.686,0.904,0.658,0.404,0.086
309.70000000000005,2.394,1.542,0.675,0.904,0.658,0.404,0.086
309.8,2.38,1.53,0.671,0.904,0.658,0.404,0.086
309.90000000000003,2.375,1.526,0.669,0.904,0.657,0.404,0.086
310.0,2.373,1.524,0.669,0.903,0.658,0.404,0.086
310.1,2.372,1.523,0.669,0.904,0.658,0.404,0.086
310.20000000000005,2.372,1.523,0.668,0.903,0.658,0.404,0.086
310.3,2.31,1.471,0.649,0.904,0.658,0.404,0.086
310.40000000000003,2.347,1.502,0.66,0.904,0.658,0.404,0.086
310.5,2.361,1.515,0.665,0.904,0.658,0.405,0.086
310.6,2.367,1.52,0.667,0.905,0.658,0.405,0.086
310.70000000000005,2.37,1.522,0.668,0.904,0.658,0.404,0.086
310.8,2.402,1.549,0.678,0.903,0.658,0.404,0.086
310.90000000000003,2.415,1.56,0.682,0.904,0.658,0.404,0.087
311.0,2.389,1.538,0.674,0.905,0.658,0.405,0.086
311.1,2.378,1.529,0.671,0.904,0.657,0.404,0.086
311.20000000000005,2.374,1.525,0.669,0.904,0.658,0.405,0.086
311.3,2.372,1.524,0.669,0.903,0.658,0.405,0.086
311.40000000000003,2.372,1.523,0.668,0.904,0.658,0.405,0.087
311.5,2.372,1.523,0.668,0.905,0.658,0.405,0.086
311.6,2.371,1.523,0.668,0.904,0.658,0.405,0.086
311.70000000000005,2.371,1.523,0.668,0.904,0.658,0.405,0.086
311.8,2.371,1.523,0.668,0.904,0.658,0.405,0.086
311.90000000000003,2.279,1.446,0.639,0.903,0.658,0.406,0.086
312.0,2.334,1.492,0.657,0.904,0.658,0.405,0.087
312.1,2.357,1.511,0.664,0.904,0.657,0.406,0.086
312.20000000000005,2.365,1.518,0.666,0.904,0.657,0.406,0.087
312.3,2.369,1.521,0.668,0.903,0.658,0.406,0.086
312.40000000000003,2.37,1.522,0.668,0.904,0.658,0.406,0.087
312.5,2.371,1.523,0.668,0.905,0.658,0.406,0.086
312.6,2.371,1.523,0.668,0.904,0.658,0.406,0.086
312.70000000000005,2.371,1.523,0.668,0.904,0.658,0.406,0.087
312.8,2.34,1.497,0.658,0.905,0.658,0.406,0.086
312.90000000000003,2.39,1.539,0.674,0.905,0.658,0.406,0.087
313.0,2.379,1.529,0.671,0.905,0.658,0.406,0.086
313.1,2.374,1.525,0.669,0.904,0.658,0.406,0.086
313.20000000000005,2.467,1.604,0.699,0.904,0.657,0.407,0.086
313.3,2.409,1.555,0.681,0.904,0.658,0.406,0.086
313.40000000000003,2.387,1.536,0.673,0.905,0.658,0.407,0.086
313.5,2.377,1.528,0.67,0.904,0.658,0.406,0.087
313.6,2.374,1.525,0.669,0.904,0.658,0.406,0.086
313.70000000000005,2.372,1.524,0.669,0.903,0.658,0.406,0.086
313.8,2.372,1.523,0.668,0.904,0.658,0.406,0.086
313.90000000000003,2.371,1.523,0.668,0.904,0.658,0.407,0.086
314.0,2.371,1.523,0.668,0.905,0.657,0.406,0.087
314.1,2.403,1.549,0.678,0.904,0.658,0.407,0.086
314.20000000000005,2.384,1.533,0.672,0.904,0.657,0.407,0.087
314.3,2.376,1.527,0.67,0.904,0.657,0.407,0.087
314.40000000000003,2.405,1.551,0.679,0.904,0.657,0.407,0.086
314.5,2.385,1.534,0.673,0.905,0.658,0.407,0.086
314.6,2.377,1.527,0.67,0.904,0.658,0.407,0.087
314.70000000000005,2.373,1.525,0.669,0.904,0.658,0.407,0.087
314.8,2.372,1.524,0.669,0.905,0.658,0.408,0.087
314.90000000000003,2.372,1.523,0.668,0.904,0.658,0.408,0.086
315.0,2.371,1.523,0.668,0.905,0.658,0.407,0.087
315.1,2.371,1.523,0.668,0.904,0.658,0.407,0.087
315.20000000000005,2.403,1.549,0.678,0.904,0.658,0.408,0.087
315.3,2.384,1.533,0.672,0.905,0.658,0.408,0.086
315.40000000000003,2.376,1.527,0.67,0.905,0.658,0.409,0.087
315.5,2.405,1.551,0.679,0.905,0.658,0.408,0.087
315.6,2.385,1.534,0.673,0.905,0.658,0.409,0.087
315.70000000000005,2.377,1.527,0.67,0.905,0.658,0.409,0.087
315.8,2.373,1.525,0.669,0.905,0.658,0.409,0.087
315.90000000000003,2.372,1.524,0.669,0.905,0.658,0.409,0.086
316.0,2.403,1.549,0.678,0.905,0.658,0.408,0.087
316.1,2.415,1.56,0.682,0.905,0.658,0.409,0.087
316.20000000000005,2.483,1.617,0.704,0.904,0.658,0.41,0.087
316.3,2.416,1.561,0.683,0.904,0.658,0.409,0.086
316.40000000000003,2.389,1.538,0.674,0.905,0.658,0.409,0.087
316.5,2.41,1.555,0.681,0.904,0.658,0.409,0.087
316.6,2.387,1.536,0.673,0.905,0.658,0.409,0.086
316.70000000000005,2.409,1.554,0.68,0.904,0.658,0.409,0.086
316.8,2.386,1.536,0.673,0.904,0.659,0.409,0.087
316.90000000000003,2.377,1.528,0.67,0.905,0.658,0.409,0.087
317.0,2.374,1.525,0.669,0.905,0.658,0.409,0.087
317.1,2.372,1.524,0.669,0.905,0.658,0.41,0.087
317.20000000000005,2.403,1.55,0.678,0.905,0.658,0.409,0.086
317.3,2.415,1.56,0.682,0.905,0.658,0.41,0.087
317.40000000000003,2.389,1.538,0.674,0.905,0.658,0.41,0.087
317.5,2.41,1.555,0.681,0.905,0.658,0.41,0.087
317.6,2.387,1.536,0.673,0.905,0.658,0.41,0.087
317.70000000000005,2.409,1.554,0.68,0.905,0.658,0.41,0.087
317.8,2.386,1.536,0.673,0.905,0.658,0.41,0.087
317.90000000000003,2.408,1.554,0.68,0.905,0.658,0.41,0.087
318.0,2.386,1.535,0.673,0.905,0.657,0.41,0.087
318.1,2.377,1.528,0.67,0.905,0.658,0.41,0.087
318.20000000000005,2.374,1.525,0.669,0.904,0.658,0.41,0.086
318.3,2.372,1.524,0.669,0.905,0.658,0.41,0.086
318.40000000000003,2.403,1.55,0.678,0.905,0.658,0.41,0.086
318.5,2.415,1.56,0.682,0.905,0.658,0.41,0.087
318.6,2.389,1.538,0.674,0.905,0.658,0.411,0.087
318.70000000000005,2.41,1.555,0.681,0.905,0.658,0.41,0.087
318.8,2.39,1.539,0.674,0.905,0.658,0.411,0.087
318.90000000000003,2.473,1.609,0.701,0.905,0.658,0.411,0.087
319.0,2.412,1.557,0.681,0.905,0.658,0.412,0.086
319.1,2.388,1.537,0.674,0.904,0.658,0.411,0.087
319.20000000000005,2.347,1.502,0.661,0.904,0.657,0.412,0.086
319.3,2.393,1.541,0.675,0.905,0.658,0.412,0.086
319.40000000000003,2.442,1.583,0.691,0.904,0.658,0.412,0.087
319.5,2.4,1.547,0.677,0.905,0.658,0.412,0.087
319.6,2.383,1.533,0.672,0.905,0.658,0.412,0.087
319.70000000000005,2.376,1.527,0.67,0.905,0.659,0.412,0.086
319.8,2.418,1.562,0.683,0.905,0.658,0.411,0.086
319.90000000000003,2.403,1.55,0.679,0.905,0.658,0.412,0.087
320.0,2.51,1.641,0.713,0.905,0.658,0.412,0.086
320.1,2.373,1.524,0.669,0.904,0.658,0.412,0.086
320.20000000000005,2.427,1.57,0.686,0.905,0.658,0.412,0.086
320.3,2.456,1.595,0.695,0.904,0.658,0.412,0.086
320.40000000000003,2.436,1.578,0.689,0.905,0.658,0.412,0.086
320.5,2.429,1.571,0.687,0.905,0.658,0.412,0.087
320.6,2.394,1.542,0.676,0.906,0.658,0.412,0.086
320.70000000000005,2.38,1.531,0.671,0.905,0.658,0.412,0.086
320.8,2.375,1.526,0.67,0.905,0.658,0.413,0.087
320.90000000000003,2.435,1.577,0.689,0.905,0.658,0.412,0.087
321.0,2.397,1.545,0.677,0.905,0.658,0.412,0.087
321.1,2.413,1.558,0.682,0.905,0.658,0.412,0.086
321.20000000000005,2.45,1.59,0.694,0.904,0.658,0.413,0.086
321.3,2.465,1.603,0.698,0.905,0.658,0.412,0.086
321.40000000000003,2.44,1.581,0.69,0.904,0.658,0.412,0.086
321.5,2.461,1.599,0.697,0.905,0.657,0.412,0.086
321.6,2.439,1.58,0.69,0.905,0.658,0.412,0.087
321.70000000000005,2.398,1.546,0.677,0.905,0.658,0.413,0.087
321.8,2.54,1.667,0.722,0.905,0.658,0.413,0.087
321.90000000000003,2.533,1.66,0.72,0.905,0.657,0.413,0.086
322.0,2.467,1.604,0.699,0.905,0.658,0.413,0.087
322.1,2.441,1.582,0.691,0.904,0.658,0.414,0.086
322.20000000000005,2.493,1.626,0.707,0.905,0.658,0.413,0.087
322.3,2.483,1.617,0.704,0.905,0.658,0.414,0.087
322.40000000000003,2.447,1.587,0.693,0.905,0.658,0.414,0.086
322.5,2.433,1.575,0.688,0.905,0.658,0.413,0.086
322.6,2.427,1.57,0.686,0.904,0.658,0.414,0.086
322.70000000000005,2.394,1.542,0.675,0.905,0.658,0.414,0.086
322.8,2.38,1.53,0.671,0.905,0.658,0.413,0.086
322.90000000000003,2.406,1.552,0.679,0.905,0.658,0.414,0.086
323.0,2.385,1.535,0.673,0.906,0.658,0.413,0.087
323.1,2.408,1.554,0.68,0.905,0.658,0.414,0.086
323.20000000000005,2.417,1.562,0.683,0.905,0.658,0.414,0.087
323.3,2.421,1.565,0.684,0.905,0.658,0.414,0.086
323.40000000000003,2.391,1.54,0.675,0.904,0.658,0.414,0.086
323.5,2.41,1.556,0.681,0.905,0.657,0.414,0.086
323.6,2.418,1.562,0.683,0.906,0.658,0.414,0.087
323.70000000000005,2.421,1.565,0.684,0.905,0.658,0.414,0.086
323.8,2.422,1.566,0.685,0.905,0.658,0.415,0.086
323.90000000000003,2.423,1.566,0.685,0.906,0.658,0.414,0.087
324.0,2.392,1.54,0.675,0.905,0.658,0.414,0.087
324.1,2.38,1.53,0.671,0.906,0.658,0.414,0.087
324.20000000000005,2.406,1.552,0.679,0.906,0.658,0.414,0.087
324.3,2.416,1.561,0.683,0.905,0.658,0.415,0.087
324.40000000000003,2.421,1.564,0.684,0.906,0.658,0.415,0.087
324.5,2.391,1.54,0.675,0.906,0.658,0.415,0.087
324.6,2.41,1.556,0.681,0.905,0.658,0.415,0.087
324.70000000000005,2.418,1.562,0.683,0.905,0.658,0.415,0.087
324.8,2.421,1.565,0.684,0.905,0.658,0.415,0.086
324.90000000000003,2.422,1.566,0.685,0.905,0.658,0.414,0.087
325.0,2.392,1.54,0.675,0.906,0.658,0.415,0.086
325.1,2.411,1.556,0.681,0.906,0.658,0.415,0.087
325.20000000000005,2.45,1.589,0.693,0.905,0.658,0.415,0.087
325.3,2.434,1.576,0.688,0.905,0.658,0.414,0.087
325.40000000000003,2.428,1.57,0.686,0.905,0.658,0.415,0.086
325.5,2.425,1.568,0.685,0.905,0.658,0.414,0.087
325.6,2.424,1.567,0.685,0.905,0.658,0.415,0.086
325.70000000000005,2.424,1.567,0.685,0.905,0.657,0.415,0.086
325.8,2.392,1.541,0.675,0.905,0.658,0.415,0.087
325.90000000000003,2.38,1.53,0.671,0.906,0.658,0.414,0.086
326.0,2.375,1.526,0.669,0.906,0.658,0.415,0.087
326.1,2.373,1.524,0.669,0.905,0.658,0.415,0.087
326.20000000000005,2.403,1.55,0.678,0.905,0.658,0.416,0.086
326.3,2.384,1.534,0.672,0.905,0.658,0.416,0.087
326.40000000000003,2.408,1.553,0.68,0.905,0.658,0.416,0.086
326.5,2.417,1.561,0.683,0.905,0.658,0.415,0.087
326.6,2.421,1.565,0.684,0.906,0.658,0.416,0.087
326.70000000000005,2.422,1.566,0.685,0.905,0.658,0.416,0.087
326.8,2.423,1.566,0.685,0.905,0.659,0.416,0.087
326.90000000000003,2.423,1.567,0.685,0.905,0.658,0.416,0.087
327.0,2.392,1.54,0.675,0.905,0.658,0.416,0.087
327.1,2.38,1.53,0.671,0.905,0.658,0.416,0.087
327.20000000000005,2.406,1.552,0.679,0.905,0.658,0.416,0.086
327.3,2.385,1.535,0.673,0.905,0.658,0.416,0.087
327.40000000000003,2.377,1.528,0.67,0.905,0.658,0.416,0.087
327.5,2.405,1.551,0.679,0.905,0.658,0.416,0.087
327.6,2.416,1.56,0.683,0.906,0.658,0.416,0.087
327.70000000000005,2.42,1.564,0.684,0.906,0.658,0.416,0.087
327.8,2.422,1.566,0.685,0.905,0.658,0.417,0.087
327.90000000000003,2.423,1.566,0.685,0.905,0.657,0.417,0.086
328.0,2.423,1.567,0.685,0.905,0.658,0.416,0.087
328.1,2.423,1.567,0.685,0.905,0.658,0.417,0.087
328.20000000000005,2.423,1.567,0.685,0.905,0.658,0.417,0.086
328.3,2.423,1.567,0.685,0.906,0.658,0.416,0.087
328.40000000000003,2.455,1.593,0.695,0.906,0.658,0.417,0.086
328.5,2.405,1.551,0.679,0.905,0.658,0.417,0.087
328.6,2.416,1.56,0.683,0.906,0.657,0.416,0.086
328.70000000000005,2.42,1.564,0.684,0.905,0.658,0.416,0.087
328.8,2.422,1.566,0.685,0.905,0.658,0.417,0.087
328.90000000000003,2.423,1.566,0.685,0.905,0.658,0.417,0.086
329.0,2.423,1.567,0.685,0.906,0.658,0.417,0.087
329.1,2.423,1.567,0.685,0.905,0.658,0.417,0.087
329.20000000000005,2.423,1.567,0.685,0.905,0.658,0.417,0.086
329.3,2.423,1.567,0.685,0.905,0.658,0.417,0.086
329.40000000000003,2.423,1.567,0.685,0.906,0.658,0.417,0.087
329.5,2.423,1.567,0.685,0.905,0.658,0.416,0.087
329.6,2.423,1.567,0.685,0.905,0.657,0.417,0.086
329.70000000000005,2.423,1.567,0.685,0.906,0.658,0.417,0.086
329.8,2.423,1.567,0.685,0.905,0.658,0.417,0.087
329.90000000000003,2.423,1.567,0.685,0.905,0.658,0.417,0.087
330.0,2.423,1.567,0.685,0.906,0.658,0.417,0.087
330.1,2.423,1.567,0.685,0.906,0.658,0.417,0.086
330.20000000000005,2.423,1.567,0.685,0.906,0.658,0.417,0.087
330.3,2.423,1.567,0.685,0.906,0.658,0.418,0.087
330.40000000000003,2.423,1.567,0.685,0.906,0.657,0.417,0.086
330.5,2.423,1.567,0.685,0.905,0.657,0.418,0.087
330.6,2.423,1.567,0.685,0.905,0.658,0.417,0.087
330.70000000000005,2.423,1.567,0.685,0.906,0.658,0.418,0.086
330.8,2.423,1.567,0.685,0.905,0.658,0.417,0.087
330.90000000000003,2.423,1.567,0.685,0.906,0.658,0.417,0.087
331.0,2.361,1.514,0.665,0.905,0.658,0.417,0.087
331.1,2.398,1.546,0.677,0.905,0.658,0.418,0.087
331.20000000000005,2.413,1.558,0.682,0.906,0.658,0.418,0.086
331.3,2.419,1.563,0.684,0.906,0.658,0.418,0.087
331.40000000000003,2.422,1.565,0.684,0.905,0.658,0.418,0.087
331.5,2.423,1.566,0.685,0.905,0.657,0.417,0.086
331.6,2.423,1.567,0.685,0.905,0.658,0.418,0.086
331.70000000000005,2.423,1.567,0.685,0.906,0.658,0.418,0.087
331.8,2.423,1.567,0.685,0.905,0.658,0.418,0.087
331.90000000000003,2.423,1.567,0.685,0.905,0.657,0.418,0.087
332.0,2.423,1.567,0.685,0.906,0.658,0.418,0.087
332.1,2.423,1.567,0.685,0.906,0.658,0.418,0.087
332.20000000000005,2.423,1.567,0.685,0.905,0.658,0.418,0.087
332.3,2.423,1.567,0.685,0.906,0.658,0.419,0.087
332.40000000000003,2.423,1.567,0.685,0.905,0.658,0.418,0.087
332.5,2.392,1.54,0.675,0.905,0.658,0.418,0.087
332.6,2.411,1.556,0.681,0.905,0.657,0.418,0.086
332.70000000000005,2.418,1.563,0.683,0.905,0.658,0.418,0.087
332.8,2.421,1.565,0.684,0.905,0.658,0.418,0.086
332.90000000000003,2.423,1.566,0.685,0.905,0.658,0.418,0.087
333.0,2.423,1.566,0.685,0.906,0.658,0.419,0.087
333.1,2.423,1.567,0.685,0.906,0.658,0.419,0.087
333.20000000000005,2.423,1.567,0.685,0.905,0.658,0.419,0.087
333.3,2.423,1.567,0.685,0.906,0.658,0.418,0.087
333.40000000000003,2.423,1.567,0.685,0.906,0.657,0.419,0.087
333.5,2.423,1.567,0.685,0.905,0.658,0.419,0.087
333.6,2.423,1.567,0.685,0.906,0.658,0.418,0.087
333.70000000000005,2.423,1.567,0.685,0.905,0.658,0.419,0.086
333.8,2.423,1.567,0.685,0.906,0.658,0.419,0.087
333.90000000000003,2.423,1.567,0.685,0.906,0.658,0.418,0.087
334.0,2.423,1.567,0.685,0.906,0.658,0.419,0.087
334.1,2.518,1.647,0.715,0.905,0.658,0.419,0.087
334.20000000000005,2.461,1.599,0.697,0.906,0.658,0.419,0.087
334.3,2.438,1.58,0.69,0.906,0.658,0.418,0.087
334.40000000000003,2.429,1.572,0.687,0.906,0.658,0.418,0.086
334.5,2.426,1.569,0.686,0.906,0.658,0.419,0.087
334.6,2.424,1.568,0.685,0.905,0.658,0.419,0.087
334.70000000000005,2.424,1.567,0.685,0.905,0.658,0.42,0.087
334.8,2.423,1.567,0.685,0.905,0.658,0.42,0.087
334.90000000000003,2.423,1.567,0.685,0.906,0.658,0.42,0.086
335.0,2.423,1.567,0.685,0.905,0.657,0.419,0.087
335.1,2.423,1.567,0.685,0.905,0.658,0.42,0.086
335.20000000000005,2.423,1.567,0.685,0.905,0.658,0.419,0.087
335.3,2.392,1.54,0.675,0.905,0.658,0.419,0.087
335.40000000000003,2.38,1.53,0.671,0.906,0.657,0.419,0.087
335.5,2.406,1.552,0.679,0.906,0.657,0.42,0.087
335.6,2.416,1.561,0.683,0.905,0.657,0.419,0.086
335.70000000000005,2.421,1.564,0.684,0.906,0.657,0.42,0.087
335.8,2.422,1.566,0.685,0.905,0.657,0.42,0.087
335.90000000000003,2.392,1.54,0.675,0.905,0.657,0.42,0.087
336.0,2.411,1.556,0.681,0.906,0.658,0.42,0.086
336.1,2.418,1.562,0.683,0.905,0.658,0.42,0.086
336.20000000000005,2.421,1.565,0.684,0.906,0.658,0.42,0.086
336.3,2.422,1.566,0.685,0.906,0.658,0.42,0.086
336.40000000000003,2.423,1.566,0.685,0.906,0.658,0.42,0.086
336.5,2.392,1.54,0.675,0.905,0.658,0.42,0.086
336.6,2.411,1.556,0.681,0.905,0.658,0.42,0.087
336.70000000000005,2.418,1.563,0.683,0.905,0.658,0.42,0.086
336.8,2.421,1.565,0.684,0.905,0.658,0.419,0.086
336.90000000000003,2.422,1.566,0.685,0.906,0.659,0.42,0.087
337.0,2.423,1.566,0.685,0.905,0.658,0.42,0.087
337.1,2.392,1.54,0.675,0.906,0.657,0.419,0.086
337.20000000000005,2.38,1.53,0.671,0.906,0.657,0.42,0.086
337.3,2.375,1.526,0.669,0.905,0.658,0.42,0.087
337.40000000000003,2.404,1.55,0.679,0.905,0.658,0.419,0.086
337.5,2.416,1.56,0.682,0.905,0.658,0.42,0.086
337.6,2.42,1.564,0.684,0.905,0.657,0.42,0.087
337.70000000000005,2.422,1.566,0.685,0.906,0.657,0.42,0.087
337.8,2.392,1.54,0.675,0.905,0.658,0.419,0.087
337.90000000000003,2.411,1.556,0.681,0.906,0.658,0.42,0.087
338.0,2.387,1.536,0.673,0.905,0.657,0.42,0.086
338.1,2.378,1.528,0.67,0.905,0.658,0.42,0.086
338.20000000000005,2.374,1.525,0.669,0.905,0.658,0.42,0.087
338.3,2.372,1.524,0.669,0.905,0.658,0.42,0.086
338.40000000000003,2.372,1.523,0.668,0.905,0.658,0.42,0.086
338.5,2.403,1.549,0.678,0.906,0.658,0.42,0.086
338.6,2.384,1.533,0.672,0.905,0.658,0.42,0.086
338.70000000000005,2.408,1.553,0.68,0.905,0.658,0.42,0.086
338.8,2.386,1.535,0.673,0.905,0.658,0.42,0.086
338.90000000000003,2.408,1.554,0.68,0.905,0.657,0.42,0.087
339.0,2.386,1.535,0.673,0.905,0.658,0.42,0.086
339.1,2.377,1.528,0.67,0.905,0.658,0.419,0.087
339.20000000000005,2.374,1.525,0.669,0.906,0.658,0.419,0.087
339.3,2.372,1.524,0.669,0.906,0.658,0.418,0.086
339.40000000000003,2.372,1.523,0.668,0.905,0.658,0.418,0.086
339.5,2.371,1.523,0.668,0.904,0.658,0.417,0.085
339.6,2.34,1.497,0.658,0.902,0.657,0.415,0.084
339.70000000000005,2.266,1.436,0.635,0.899,0.657,0.414,0.083
339.8,2.237,1.411,0.626,0.899,0.658,0.413,0.084
339.90000000000003,2.194,1.376,0.612,0.897,0.658,0.411,0.083
340.0,2.178,1.362,0.607,0.896,0.657,0.409,0.082
340.1,2.171,1.357,0.605,0.894,0.657,0.407,0.082
340.20000000000005,2.138,1.33,0.594,0.894,0.658,0.406,0.081
340.3,2.124,1.319,0.59,0.892,0.657,0.405,0.081
340.40000000000003,2.089,1.29,0.579,0.89,0.657,0.402,0.08
340.5,2.105,1.303,0.584,0.888,0.657,0.4,0.08
340.6,2.081,1.284,0.576,0.885,0.657,0.398,0.079
340.70000000000005,2.072,1.276,0.573,0.883,0.656,0.397,0.078
340.8,2.068,1.273,0.572,0.882,0.657,0.395,0.078
340.90000000000003,2.066,1.272,0.572,0.88,0.657,0.392,0.078
341.0,2.066,1.272,0.572,0.878,0.656,0.39,0.077
341.1,2.036,1.247,0.562,0.878,0.657,0.388,0.077
341.20000000000005,2.053,1.262,0.568,0.877,0.657,0.385,0.077
341.3,2.031,1.243,0.561,0.875,0.656,0.383,0.077
341.40000000000003,2.021,1.236,0.558,0.874,0.656,0.38,0.076
341.5,2.048,1.257,0.566,0.872,0.656,0.378,0.076
341.6,2.028,1.242,0.56,0.87,0.656,0.375,0.076
341.70000000000005,2.021,1.235,0.557,0.869,0.657,0.373,0.075
341.8,2.017,1.233,0.556,0.867,0.656,0.371,0.075
341.90000000000003,1.986,1.208,0.547,0.865,0.656,0.368,0.074
342.0,1.974,1.198,0.543,0.863,0.655,0.366,0.074
342.1,1.999,1.218,0.551,0.86,0.655,0.363,0.074
342.20000000000005,2.009,1.226,0.554,0.858,0.655,0.36,0.074
342.3,2.013,1.229,0.555,0.857,0.654,0.358,0.075
342.40000000000003,1.984,1.207,0.546,0.856,0.655,0.357,0.075
342.5,2.003,1.221,0.552,0.856,0.655,0.355,0.074
342.6,1.981,1.203,0.545,0.854,0.655,0.352,0.074
342.70000000000005,2.062,1.269,0.57,0.853,0.655,0.35,0.074
342.8,2.034,1.246,0.562,0.853,0.655,0.348,0.074
342.90000000000003,2.023,1.237,0.558,0.853,0.654,0.347,0.074
343.0,1.989,1.21,0.547,0.853,0.654,0.345,0.074
343.1,1.975,1.199,0.543,0.854,0.655,0.343,0.074
343.20000000000005,1.969,1.195,0.541,0.853,0.654,0.341,0.073
343.3,1.967,1.193,0.541,0.852,0.654,0.339,0.073
343.40000000000003,1.867,1.132,0.513,0.809,0.621,0.321,0.069
343.5,1.786,1.083,0.491,0.774,0.594,0.307,0.066
343.6,1.715,1.038,0.471,0.746,0.573,0.295,0.064
343.70000000000005,1.672,1.014,0.46,0.724,0.556,0.286,0.062
343.8,1.638,0.995,0.451,0.706,0.542,0.278,0.061
343.90000000000003,1.611,0.98,0.444,0.693,0.532,0.272,0.06
344.0,1.59,0.967,0.438,0.682,0.523,0.267,0.059
344.1,1.573,0.958,0.433,0.674,0.516,0.264,0.058
344.20000000000005,1.559,0.95,0.429,0.668,0.51,0.261,0.058
344.3,1.548,0.944,0.426,0.663,0.506,0.258,0.058
344.40000000000003,1.539,0.939,0.424,0.66,0.502,0.256,0.057
344.5,1.525,0.929,0.42,0.658,0.5,0.255,0.057
344.6,1.52,0.927,0.419,0.656,0.497,0.254,0.057
344.70000000000005,1.517,0.925,0.418,0.654,0.495,0.253,0.057
344.8,1.514,0.924,0.417,0.653,0.494,0.252,0.056
344.90000000000003,1.512,0.923,0.417,0.653,0.493,0.252,0.056
345.0,1.511,0.922,0.416,0.652,0.492,0.251,0.056
345.1,1.509,0.921,0.416,0.652,0.491,0.251,0.056
345.20000000000005,1.508,0.921,0.416,0.652,0.49,0.251,0.056
345.3,1.507,0.92,0.416,0.652,0.49,0.251,0.056
345.40000000000003,1.514,0.926,0.418,0.653,0.49,0.25,0.056
345.5,1.512,0.925,0.417,0.653,0.489,0.251,0.056
345.6,1.511,0.923,0.417,0.653,0.489,0.25,0.056
345.70000000000005,1.509,0.923,0.416,0.654,0.489,0.25,0.056
345.8,1.516,0.928,0.418,0.654,0.489,0.25,0.056
345.90000000000003,1.521,0.932,0.42,0.654,0.489,0.25,0.056
346.0,1.525,0.935,0.421,0.654,0.489,0.25,0.056
346.1,1.528,0.938,0.422,0.655,0.489,0.25,0.056
346.20000000000005,1.523,0.934,0.421,0.655,0.489,0.25,0.056
346.3,1.527,0.937,0.422,0.655,0.489,0.25,0.056
346.40000000000003,1.53,0.939,0.423,0.656,0.489,0.25,0.056
346.5,1.532,0.941,0.424,0.656,0.489,0.25,0.056
346.6,1.534,0.943,0.424,0.656,0.489,0.25,0.056
346.70000000000005,1.535,0.944,0.425,0.656,0.489,0.25,0.056
346.8,1.537,0.945,0.425,0.656,0.489,0.25,0.056
346.90000000000003,1.538,0.946,0.425,0.656,0.489,0.25,0.056
347.0,1.531,0.94,0.423,0.656,0.489,0.25,0.056
347.1,1.533,0.942,0.424,0.656,0.488,0.25,0.056
347.20000000000005,1.535,0.943,0.424,0.656,0.488,0.25,0.056
347.3,1.536,0.944,0.425,0.656,0.488,0.249,0.056
347.40000000000003,1.537,0.945,0.425,0.656,0.489,0.249,0.056
347.5,1.538,0.946,0.425,0.657,0.489,0.249,0.056
347.6,1.539,0.946,0.426,0.657,0.489,0.249,0.056
347.70000000000005,1.539,0.947,0.426,0.657,0.489,0.249,0.056
347.8,1.54,0.947,0.426,0.657,0.489,0.249,0.056
347.90000000000003,1.54,0.948,0.426,0.657,0.489,0.249,0.056
348.0,1.54,0.948,0.426,0.657,0.489,0.249,0.056
348.1,1.54,0.948,0.426,0.657,0.489,0.249,0.056
348.20000000000005,1.548,0.954,0.429,0.657,0.489,0.249,0.056
348.3,1.547,0.953,0.428,0.657,0.489,0.249,0.056
348.40000000000003,1.546,0.952,0.428,0.658,0.489,0.249,0.056
348.5,1.545,0.952,0.428,0.658,0.489,0.248,0.056
348.6,1.544,0.951,0.427,0.657,0.489,0.248,0.056
348.70000000000005,1.544,0.95,0.427,0.657,0.489,0.248,0.056
348.8,1.543,0.95,0.427,0.657,0.489,0.248,0.056
348.90000000000003,1.543,0.95,0.427,0.657,0.489,0.248,0.056
349.0,1.542,0.95,0.427,0.657,0.489,0.248,0.056
349.1,1.542,0.949,0.427,0.657,0.489,0.248,0.056
349.20000000000005,1.542,0.949,0.427,0.657,0.489,0.248,0.056
349.3,1.542,0.949,0.427,0.657,0.489,0.248,0.056
349.40000000000003,1.542,0.949,0.427,0.657,0.489,0.248,0.056
349.5,1.542,0.949,0.427,0.657,0.489,0.248,0.056
349.6,1.542,0.949,0.427,0.657,0.489,0.248,0.056
349.70000000000005,1.542,0.949,0.427,0.657,0.489,0.248,0.056
349.8,1.542,0.949,0.427,0.658,0.489,0.248,0.056
349.90000000000003,1.541,0.949,0.427,0.658,0.489,0.248,0.056
350.0,1.541,0.949,0.427,0.658,0.489,0.248,0.056
350.1,1.541,0.949,0.427,0.658,0.489,0.248,0.057
350.20000000000005,1.534,0.943,0.424,0.658,0.489,0.248,0.057
350.3,1.535,0.944,0.425,0.658,0.489,0.248,0.057
350.40000000000003,1.537,0.945,0.425,0.658,0.489,0.248,0.057
350.5,1.538,0.946,0.425,0.658,0.489,0.248,0.057
350.6,1.538,0.946,0.426,0.658,0.489,0.248,0.057
350.70000000000005,1.531,0.941,0.423,0.658,0.489,0.248,0.057
350.8,1.526,0.936,0.422,0.658,0.489,0.248,0.057
350.90000000000003,1.529,0.939,0.423,0.658,0.489,0.248,0.057
351.0,1.524,0.935,0.421,0.658,0.489,0.248,0.057
351.1,1.527,0.938,0.422,0.658,0.489,0.248,0.057
351.20000000000005,1.523,0.934,0.421,0.658,0.489,0.248,0.057
351.3,1.526,0.937,0.422,0.658,0.489,0.248,0.057
351.40000000000003,1.529,0.939,0.423,0.658,0.489,0.248,0.057
351.5,1.532,0.941,0.424,0.658,0.489,0.248,0.057
351.6,1.534,0.943,0.424,0.658,0.489,0.248,0.057
351.70000000000005,1.535,0.944,0.425,0.658,0.489,0.248,0.057
351.8,1.529,0.939,0.423,0.658,0.489,0.248,0.057
351.90000000000003,1.531,0.941,0.423,0.658,0.489,0.248,0.057
352.0,1.533,0.942,0.424,0.658,0.489,0.248,0.057
352.1,1.535,0.944,0.425,0.658,0.489,0.248,0.057
352.20000000000005,1.536,0.945,0.425,0.658,0.489,0.248,0.057
352.3,1.537,0.945,0.425,0.658,0.489,0.248,0.057
352.40000000000003,1.531,0.94,0.423,0.658,0.489,0.248,0.057
352.5,1.533,0.942,0.424,0.658,0.489,0.248,0.057
352.6,1.534,0.943,0.424,0.658,0.489,0.248,0.057
352.70000000000005,1.536,0.944,0.425,0.658,0.489,0.248,0.057
352.8,1.537,0.945,0.425,0.658,0.489,0.248,0.057
352.90000000000003,1.538,0.946,0.425,0.658,0.489,0.248,0.057
353.0,1.539,0.946,0.426,0.658,0.489,0.248,0.057
353.1,1.539,0.947,0.426,0.658,0.489,0.248,0.058
353.20000000000005,1.54,0.947,0.426,0.658,0.489,0.248,0.058
353.3,1.54,0.948,0.426,0.658,0.489,0.248,0.058
353.40000000000003,1.54,0.948,0.426,0.658,0.489,0.248,0.058
353.5,1.54,0.948,0.426,0.658,0.489,0.248,0.058
353.6,1.541,0.948,0.426,0.658,0.489,0.248,0.058
353.70000000000005,1.541,0.948,0.426,0.658,0.489,0.248,0.058
353.8,1.548,0.954,0.429,0.658,0.489,0.248,0.058
353.90000000000003,1.547,0.953,0.428,0.658,0.489,0.248,0.058
354.0,1.546,0.952,0.428,0.658,0.489,0.248,0.058
354.1,1.545,0.952,0.428,0.658,0.489,0.248,0.058
354.20000000000005,1.552,0.957,0.43,0.658,0.489,0.248,0.058
354.3,1.557,0.962,0.431,0.658,0.489,0.249,0.058
354.40000000000003,1.562,0.965,0.433,0.658,0.489,0.249,0.058
354.5,1.557,0.962,0.432,0.658,0.489,0.249,0.058
354.6,1.562,0.965,0.433,0.658,0.489,0.249,0.058
354.70000000000005,1.565,0.968,0.434,0.658,0.489,0.249,0.058
354.8,1.56,0.964,0.432,0.658,0.489,0.249,0.058
354.90000000000003,1.557,0.961,0.431,0.658,0.489,0.249,0.058
355.0,1.554,0.959,0.43,0.658,0.489,0.249,0.058
355.1,1.551,0.957,0.43,0.659,0.489,0.249,0.058
355.20000000000005,1.557,0.961,0.431,0.659,0.489,0.25,0.058
355.3,1.561,0.965,0.433,0.659,0.489,0.25,0.058
355.40000000000003,1.557,0.961,0.431,0.659,0.489,0.25,0.058
355.5,1.554,0.959,0.43,0.659,0.489,0.25,0.058
355.6,1.551,0.957,0.43,0.658,0.489,0.249,0.058
355.70000000000005,1.549,0.955,0.429,0.658,0.489,0.249,0.058
355.8,1.555,0.96,0.431,0.658,0.489,0.249,0.058
355.90000000000003,1.56,0.964,0.432,0.658,0.489,0.249,0.058
356.0,1.564,0.967,0.434,0.658,0.489,0.249,0.058
356.1,1.567,0.969,0.434,0.658,0.489,0.249,0.058
356.20000000000005,1.562,0.965,0.433,0.658,0.489,0.249,0.058
356.3,1.558,0.962,0.432,0.658,0.489,0.249,0.058
356.40000000000003,1.554,0.959,0.431,0.658,0.489,0.249,0.057
356.5,1.559,0.963,0.432,0.658,0.489,0.249,0.057
356.6,1.556,0.96,0.431,0.658,0.489,0.249,0.057
356.70000000000005,1.553,0.958,0.43,0.658,0.489,0.248,0.057
356.8,1.558,0.962,0.432,0.658,0.489,0.248,0.057
356.90000000000003,1.555,0.959,0.431,0.658,0.489,0.248,0.057
357.0,1.56,0.963,0.432,0.658,0.489,0.248,0.057
357.1,1.563,0.967,0.433,0.658,0.489,0.248,0.057
357.20000000000005,1.567,0.969,0.434,0.658,0.489,0.248,0.057
357.3,1.569,0.971,0.435,0.658,0.489,0.248,0.057
357.40000000000003,1.571,0.973,0.436,0.658,0.489,0.248,0.057
357.5,1.573,0.974,0.436,0.658,0.489,0.248,0.057
357.6,1.574,0.975,0.437,0.658,0.489,0.248,0.057
357.70000000000005,1.567,0.97,0.435,0.658,0.489,0.248,0.058
357.8,1.57,0.972,0.435,0.658,0.489,0.248,0.058
357.90000000000003,1.571,0.973,0.436,0.658,0.489,0.248,0.058
358.0,1.573,0.974,0.436,0.658,0.489,0.248,0.058
358.1,1.574,0.975,0.437,0.658,0.489,0.248,0.058
358.20000000000005,1.575,0.976,0.437,0.658,0.489,0.248,0.058
358.3,1.576,0.977,0.437,0.658,0.489,0.248,0.058
358.40000000000003,1.576,0.977,0.438,0.658,0.489,0.248,0.058
358.5,1.569,0.971,0.435,0.658,0.489,0.248,0.058
358.6,1.571,0.973,0.436,0.658,0.489,0.248,0.058
358.70000000000005,1.573,0.974,0.436,0.658,0.489,0.248,0.058
358.8,1.574,0.975,0.437,0.658,0.489,0.248,0.058
358.90000000000003,1.575,0.976,0.437,0.658,0.489,0.248,0.058
359.0,1.568,0.97,0.435,0.659,0.489,0.248,0.058
359.1,1.563,0.966,0.433,0.659,0.489,0.248,0.058
359.20000000000005,1.558,0.963,0.432,0.659,0.489,0.248,0.058
359.3,1.555,0.96,0.431,0.658,0.489,0.248,0.058
359.40000000000003,1.552,0.958,0.43,0.658,0.489,0.248,0.058
359.5,1.55,0.956,0.429,0.658,0.489,0.248,0.059
359.6,1.548,0.954,0.429,0.658,0.489,0.248,0.058
359.70000000000005,1.554,0.959,0.431,0.658,0.489,0.248,0.058
359.8,1.552,0.957,0.43,0.658,0.489,0.248,0.058
359.90000000000003,1.557,0.962,0.431,0.658,0.489,0.248,0.058
360.0,1.554,0.959,0.43,0.658,0.489,0.248,0.058
360.1,1.551,0.957,0.43,0.658,0.489,0.248,0.058
360.20000000000005,1.549,0.955,0.429,0.658,0.489,0.248,0.058
360.3,1.548,0.954,0.429,0.658,0.489,0.248,0.058
360.40000000000003,1.547,0.953,0.428,0.658,0.489,0.248,0.058
360.5,1.545,0.952,0.428,0.658,0.489,0.248,0.058
360.6,1.545,0.951,0.428,0.658,0.489,0.248,0.058
360.70000000000005,1.544,0.951,0.427,0.658,0.489,0.248,0.058
360.8,1.543,0.95,0.427,0.658,0.489,0.247,0.058
360.90000000000003,1.551,0.956,0.429,0.658,0.489,0.247,0.058
361.0,1.549,0.955,0.429,0.658,0.489,0.247,0.058
361.1,1.555,0.96,0.431,0.658,0.49,0.247,0.058
361.20000000000005,1.552,0.957,0.43,0.658,0.489,0.247,0.058
361.3,1.557,0.962,0.432,0.658,0.489,0.246,0.058
361.40000000000003,1.554,0.959,0.431,0.658,0.489,0.246,0.058
361.5,1.552,0.957,0.43,0.658,0.489,0.246,0.058
361.6,1.557,0.961,0.431,0.658,0.49,0.246,0.058
361.70000000000005,1.561,0.965,0.433,0.658,0.49,0.246,0.058
361.8,1.565,0.968,0.434,0.658,0.49,0.246,0.058
361.90000000000003,1.568,0.97,0.435,0.658,0.49,0.246,0.058
362.0,1.57,0.972,0.435,0.658,0.49,0.246,0.058
362.1,1.572,0.973,0.436,0.658,0.49,0.245,0.058
362.20000000000005,1.573,0.974,0.436,0.658,0.489,0.245,0.058
362.3,1.567,0.969,0.434,0.658,0.49,0.245,0.058
362.40000000000003,1.569,0.971,0.435,0.658,0.49,0.245,0.058
362.5,1.571,0.973,0.436,0.658,0.49,0.245,0.058
362.6,1.573,0.974,0.436,0.658,0.49,0.245,0.058
362.70000000000005,1.574,0.975,0.437,0.658,0.49,0.245,0.058
362.8,1.575,0.976,0.437,0.658,0.49,0.245,0.058
362.90000000000003,1.576,0.976,0.437,0.658,0.49,0.245,0.058
363.0,1.576,0.977,0.437,0.658,0.49,0.245,0.058
363.1,1.577,0.977,0.438,0.658,0.49,0.245,0.058
363.20000000000005,1.577,0.978,0.438,0.658,0.49,0.245,0.058
363.3,1.578,0.978,0.438,0.658,0.49,0.244,0.058
363.40000000000003,1.578,0.978,0.438,0.658,0.49,0.244,0.058
363.5,1.578,0.978,0.438,0.658,0.49,0.244,0.058
363.6,1.578,0.978,0.438,0.658,0.49,0.244,0.058
363.70000000000005,1.586,0.985,0.44,0.658,0.49,0.244,0.058
363.8,1.584,0.984,0.44,0.658,0.49,0.244,0.058
363.90000000000003,1.576,0.977,0.437,0.658,0.49,0.244,0.058
364.0,1.569,0.971,0.435,0.658,0.49,0.244,0.058
364.1,1.571,0.973,0.436,0.658,0.49,0.244,0.058
364.20000000000005,1.572,0.974,0.436,0.658,0.49,0.244,0.058
364.3,1.566,0.969,0.434,0.658,0.49,0.244,0.058
364.40000000000003,1.569,0.971,0.435,0.658,0.49,0.244,0.058
364.5,1.571,0.973,0.436,0.658,0.49,0.244,0.058
364.6,1.572,0.974,0.436,0.658,0.49,0.244,0.058
364.70000000000005,1.574,0.975,0.437,0.658,0.49,0.244,0.058
364.8,1.575,0.976,0.437,0.658,0.49,0.244,0.058
364.90000000000003,1.576,0.976,0.437,0.658,0.49,0.244,0.058
365.0,1.576,0.977,0.437,0.658,0.49,0.244,0.058
365.1,1.577,0.977,0.438,0.658,0.49,0.244,0.058
365.20000000000005,1.577,0.978,0.438,0.657,0.49,0.244,0.058
365.3,1.578,0.978,0.438,0.657,0.49,0.244,0.058
365.40000000000003,1.578,0.978,0.438,0.657,0.49,0.244,0.058
365.5,1.578,0.978,0.438,0.657,0.49,0.243,0.058
365.6,1.578,0.978,0.438,0.657,0.49,0.243,0.058
365.70000000000005,1.571,0.972,0.436,0.657,0.49,0.243,0.058
365.8,1.572,0.974,0.436,0.657,0.49,0.243,0.058
365.90000000000003,1.574,0.975,0.437,0.657,0.49,0.243,0.058
366.0,1.575,0.976,0.437,0.657,0.49,0.243,0.058
366.1,1.576,0.976,0.437,0.657,0.49,0.243,0.058
366.20000000000005,1.576,0.977,0.437,0.656,0.489,0.243,0.058
366.3,1.577,0.977,0.438,0.656,0.49,0.243,0.058
366.40000000000003,1.577,0.978,0.438,0.656,0.489,0.243,0.058
366.5,1.578,0.978,0.438,0.656,0.49,0.243,0.058
366.6,1.578,0.978,0.438,0.656,0.489,0.243,0.058
366.70000000000005,1.578,0.978,0.438,0.656,0.489,0.243,0.058
366.8,1.578,0.978,0.438,0.656,0.49,0.243,0.057
366.90000000000003,1.571,0.972,0.436,0.656,0.49,0.243,0.057
367.0,1.572,0.974,0.436,0.656,0.49,0.243,0.057
367.1,1.566,0.969,0.434,0.656,0.49,0.242,0.057
367.20000000000005,1.569,0.971,0.435,0.656,0.49,0.242,0.057
367.3,1.571,0.972,0.436,0.656,0.489,0.242,0.057
367.40000000000003,1.572,0.974,0.436,0.656,0.489,0.242,0.057
367.5,1.574,0.975,0.437,0.656,0.489,0.242,0.057
367.6,1.575,0.976,0.437,0.656,0.489,0.242,0.057
367.70000000000005,1.576,0.976,0.437,0.656,0.489,0.241,0.057
367.8,1.576,0.977,0.437,0.656,0.489,0.241,0.057
367.90000000000003,1.584,0.983,0.44,0.655,0.489,0.241,0.057
368.0,1.583,0.983,0.44,0.655,0.489,0.24,0.057
368.1,1.582,0.982,0.439,0.655,0.489,0.24,0.057
368.20000000000005,1.582,0.981,0.439,0.655,0.489,0.24,0.057
368.3,1.581,0.981,0.439,0.654,0.489,0.24,0.057
368.40000000000003,1.581,0.98,0.439,0.654,0.49,0.239,0.057
368.5,1.58,0.98,0.439,0.654,0.49,0.239,0.057
368.6,1.58,0.98,0.439,0.654,0.49,0.239,0.057
368.70000000000005,1.58,0.98,0.439,0.654,0.49,0.239,0.057
368.8,1.58,0.98,0.438,0.654,0.489,0.239,0.057
368.90000000000003,1.579,0.979,0.438,0.654,0.49,0.239,0.057
369.0,1.579,0.979,0.438,0.654,0.49,0.239,0.057
369.1,1.579,0.979,0.438,0.654,0.49,0.239,0.057
369.20000000000005,1.579,0.979,0.438,0.654,0.49,0.238,0.057
369.3,1.579,0.979,0.438,0.654,0.49,0.238,0.057
369.40000000000003,1.579,0.979,0.438,0.654,0.49,0.238,0.057
369.5,1.579,0.979,0.438,0.654,0.49,0.238,0.057
369.6,1.579,0.979,0.438,0.654,0.49,0.238,0.057
369.70000000000005,1.571,0.973,0.436,0.654,0.49,0.237,0.057
369.8,1.565,0.968,0.434,0.654,0.489,0.237,0.057
369.90000000000003,1.568,0.97,0.435,0.654,0.489,0.237,0.057
370.0,1.57,0.972,0.436,0.654,0.489,0.237,0.057
370.1,1.564,0.967,0.434,0.654,0.489,0.237,0.057
370.20000000000005,1.567,0.97,0.435,0.654,0.489,0.237,0.057
370.3,1.57,0.972,0.435,0.654,0.489,0.236,0.057
370.40000000000003,1.571,0.973,0.436,0.654,0.489,0.236,0.057
370.5,1.573,0.974,0.436,0.654,0.489,0.236,0.057
370.6,1.574,0.975,0.437,0.654,0.489,0.236,0.057
370.70000000000005,1.568,0.97,0.435,0.654,0.489,0.236,0.057
370.8,1.57,0.972,0.435,0.654,0.489,0.236,0.057
370.90000000000003,1.572,0.973,0.436,0.655,0.489,0.236,0.057
371.0,1.573,0.974,0.436,0.655,0.49,0.236,0.057
371.1,1.574,0.975,0.437,0.655,0.49,0.236,0.057
371.20000000000005,1.575,0.976,0.437,0.655,0.49,0.236,0.057
371.3,1.576,0.977,0.437,0.655,0.489,0.236,0.057
371.40000000000003,1.577,0.977,0.438,0.655,0.489,0.237,0.057
371.5,1.577,0.977,0.438,0.655,0.489,0.237,0.057
371.6,1.577,0.978,0.438,0.655,0.489,0.237,0.057
371.70000000000005,1.578,0.978,0.438,0.655,0.489,0.237,0.057
371.8,1.578,0.978,0.438,0.655,0.489,0.237,0.058
371.90000000000003,1.578,0.978,0.438,0.655,0.489,0.237,0.058
372.0,1.578,0.979,0.438,0.655,0.49,0.238,0.058
372.1,1.578,0.979,0.438,0.655,0.49,0.238,0.058
372.20000000000005,1.578,0.979,0.438,0.655,0.49,0.238,0.058
372.3,1.579,0.979,0.438,0.656,0.49,0.238,0.058
372.40000000000003,1.579,0.979,0.438,0.656,0.49,0.238,0.058
372.5,1.579,0.979,0.438,0.656,0.489,0.238,0.058
372.6,1.579,0.979,0.438,0.656,0.489,0.238,0.058
372.70000000000005,1.579,0.979,0.438,0.657,0.489,0.238,0.058
372.8,1.579,0.979,0.438,0.657,0.489,0.239,0.058
372.90000000000003,1.579,0.979,0.438,0.657,0.489,0.239,0.058
373.0,1.579,0.979,0.438,0.657,0.49,0.239,0.058
373.1,1.579,0.979,0.438,0.657,0.49,0.239,0.058
373.20000000000005,1.579,0.979,0.438,0.657,0.49,0.239,0.058
373.3,1.579,0.979,0.438,0.657,0.49,0.239,0.058
373.40000000000003,1.901,1.179,0.528,0.791,0.589,0.287,0.07
373.5,2.03,1.259,0.563,0.845,0.63,0.307,0.075
373.6,2.081,1.291,0.578,0.867,0.645,0.315,0.076
373.70000000000005,2.224,1.404,0.622,0.875,0.652,0.318,0.077
373.8,2.129,1.324,0.592,0.878,0.655,0.319,0.077
373.90000000000003,2.121,1.317,0.589,0.879,0.655,0.32,0.077
374.0,2.118,1.314,0.588,0.879,0.656,0.32,0.077
374.1,2.117,1.313,0.588,0.88,0.656,0.32,0.077
374.20000000000005,2.116,1.312,0.587,0.88,0.656,0.32,0.077
374.3,2.146,1.337,0.597,0.881,0.656,0.32,0.077
374.40000000000003,2.128,1.322,0.591,0.88,0.656,0.319,0.077
374.5,2.121,1.316,0.589,0.88,0.656,0.319,0.077
374.6,2.118,1.313,0.588,0.88,0.656,0.318,0.077
374.70000000000005,2.116,1.313,0.588,0.881,0.656,0.318,0.077
374.8,2.146,1.337,0.597,0.879,0.656,0.318,0.077
374.90000000000003,2.158,1.347,0.601,0.879,0.656,0.318,0.077
375.0,2.133,1.326,0.593,0.879,0.657,0.318,0.077
375.1,2.122,1.317,0.589,0.878,0.656,0.317,0.077
375.20000000000005,2.118,1.314,0.588,0.878,0.656,0.317,0.077
375.3,2.087,1.288,0.578,0.879,0.656,0.317,0.077
375.40000000000003,2.104,1.302,0.584,0.878,0.656,0.316,0.077
375.5,2.051,1.26,0.567,0.878,0.656,0.317,0.077
375.6,2.09,1.291,0.579,0.878,0.655,0.316,0.077
375.70000000000005,2.105,1.304,0.584,0.877,0.656,0.316,0.077
375.8,2.112,1.309,0.586,0.877,0.656,0.316,0.077
375.90000000000003,2.114,1.311,0.587,0.877,0.656,0.316,0.077
376.0,2.115,1.311,0.587,0.877,0.656,0.315,0.077
376.1,2.115,1.312,0.587,0.877,0.656,0.315,0.077
376.20000000000005,2.116,1.312,0.587,0.877,0.656,0.316,0.077
376.3,2.116,1.312,0.587,0.877,0.656,0.315,0.077
376.40000000000003,2.116,1.312,0.587,0.877,0.656,0.315,0.077
376.5,2.085,1.287,0.578,0.878,0.657,0.315,0.077
376.6,2.104,1.302,0.583,0.878,0.656,0.315,0.077
376.70000000000005,2.111,1.308,0.586,0.879,0.656,0.316,0.077
376.8,2.144,1.335,0.596,0.88,0.657,0.316,0.077
376.90000000000003,2.127,1.321,0.591,0.881,0.657,0.316,0.078
377.0,2.12,1.316,0.589,0.881,0.657,0.316,0.077
377.1,2.148,1.338,0.597,0.881,0.656,0.317,0.078
377.20000000000005,2.159,1.347,0.601,0.881,0.656,0.316,0.078
377.3,2.163,1.351,0.602,0.882,0.657,0.317,0.078
377.40000000000003,2.165,1.352,0.603,0.882,0.656,0.317,0.078
377.5,2.166,1.353,0.603,0.882,0.656,0.318,0.078
377.6,2.166,1.353,0.603,0.883,0.656,0.318,0.079
377.70000000000005,2.166,1.353,0.603,0.884,0.657,0.319,0.078
377.8,2.166,1.353,0.603,0.884,0.657,0.319,0.078
377.90000000000003,2.166,1.353,0.603,0.884,0.657,0.32,0.078
378.0,2.166,1.353,0.603,0.885,0.657,0.32,0.079
378.1,2.136,1.328,0.594,0.885,0.656,0.321,0.079
378.20000000000005,2.154,1.343,0.599,0.885,0.656,0.32,0.079
378.3,2.161,1.349,0.602,0.885,0.657,0.321,0.079
378.40000000000003,2.104,1.302,0.584,0.886,0.657,0.321,0.079
378.5,2.141,1.333,0.595,0.885,0.657,0.322,0.078
378.6,2.156,1.345,0.6,0.886,0.657,0.322,0.079
378.70000000000005,2.162,1.35,0.602,0.886,0.656,0.322,0.079
378.8,2.134,1.327,0.593,0.886,0.657,0.323,0.079
378.90000000000003,2.153,1.343,0.599,0.886,0.657,0.323,0.079
379.0,2.101,1.3,0.583,0.886,0.657,0.324,0.079
379.1,2.14,1.332,0.595,0.886,0.657,0.324,0.079
379.20000000000005,2.156,1.345,0.6,0.886,0.657,0.324,0.079
379.3,2.193,1.375,0.612,0.886,0.657,0.324,0.079
379.40000000000003,2.177,1.362,0.607,0.887,0.656,0.324,0.079
379.5,2.201,1.381,0.614,0.887,0.656,0.325,0.08
379.6,2.211,1.389,0.617,0.887,0.656,0.325,0.079
379.70000000000005,2.215,1.393,0.618,0.887,0.655,0.325,0.08
379.8,2.216,1.394,0.619,0.887,0.656,0.326,0.08
379.90000000000003,2.217,1.394,0.619,0.887,0.657,0.326,0.08
380.0,2.217,1.395,0.619,0.887,0.657,0.327,0.08
380.1,2.217,1.395,0.619,0.888,0.656,0.327,0.08
380.20000000000005,2.217,1.395,0.619,0.887,0.657,0.327,0.08
380.3,2.217,1.395,0.619,0.887,0.656,0.328,0.08
380.40000000000003,2.187,1.37,0.61,0.887,0.656,0.328,0.081
380.5,2.236,1.41,0.625,0.888,0.657,0.329,0.08
380.6,2.224,1.401,0.622,0.887,0.656,0.329,0.08
380.70000000000005,2.22,1.397,0.62,0.887,0.656,0.329,0.081
380.8,2.249,1.421,0.629,0.888,0.656,0.33,0.081
380.90000000000003,2.261,1.431,0.633,0.889,0.657,0.33,0.081
381.0,2.234,1.409,0.625,0.889,0.656,0.331,0.081
381.1,2.224,1.4,0.621,0.889,0.656,0.331,0.08
381.20000000000005,2.251,1.422,0.63,0.89,0.657,0.332,0.081
381.3,2.261,1.431,0.633,0.889,0.656,0.332,0.081
381.40000000000003,2.265,1.435,0.635,0.89,0.656,0.333,0.081
381.5,2.267,1.436,0.635,0.889,0.656,0.333,0.081
381.6,2.268,1.437,0.635,0.889,0.656,0.333,0.081
381.70000000000005,2.268,1.437,0.635,0.889,0.656,0.334,0.082
381.8,2.268,1.437,0.635,0.889,0.656,0.334,0.081
381.90000000000003,2.268,1.437,0.635,0.89,0.656,0.335,0.081
382.0,2.268,1.437,0.635,0.889,0.656,0.335,0.081
382.1,2.268,1.437,0.635,0.889,0.656,0.335,0.081
382.20000000000005,2.268,1.437,0.635,0.89,0.656,0.336,0.081
382.3,2.268,1.437,0.635,0.89,0.656,0.336,0.082
382.40000000000003,2.268,1.437,0.635,0.889,0.655,0.337,0.082
382.5,2.268,1.437,0.635,0.89,0.655,0.337,0.081
382.6,2.268,1.437,0.635,0.89,0.656,0.338,0.082
382.70000000000005,2.268,1.437,0.635,0.89,0.655,0.338,0.082
382.8,2.268,1.437,0.635,0.89,0.656,0.339,0.082
382.90000000000003,2.268,1.437,0.635,0.891,0.656,0.34,0.083
383.0,2.268,1.437,0.635,0.89,0.656,0.34,0.082
383.1,2.268,1.437,0.635,0.89,0.656,0.34,0.082
383.20000000000005,2.299,1.463,0.645,0.89,0.655,0.34,0.083
383.3,2.281,1.447,0.639,0.89,0.655,0.341,0.082
383.40000000000003,2.304,1.467,0.647,0.89,0.656,0.341,0.083
383.5,2.313,1.474,0.65,0.89,0.655,0.342,0.083
383.6,2.317,1.478,0.651,0.89,0.656,0.342,0.083
383.70000000000005,2.319,1.479,0.652,0.89,0.655,0.343,0.082
383.8,2.35,1.505,0.662,0.891,0.655,0.344,0.083
383.90000000000003,2.332,1.49,0.656,0.891,0.655,0.344,0.083
384.0,2.325,1.484,0.653,0.892,0.655,0.344,0.084
384.1,2.322,1.481,0.652,0.892,0.656,0.345,0.083
384.20000000000005,2.32,1.48,0.652,0.891,0.656,0.345,0.083
384.3,2.32,1.48,0.652,0.891,0.656,0.346,0.083
384.40000000000003,2.32,1.48,0.652,0.892,0.655,0.346,0.083
384.5,2.32,1.48,0.652,0.891,0.656,0.347,0.084
384.6,2.32,1.48,0.652,0.892,0.656,0.347,0.083
384.70000000000005,2.32,1.48,0.652,0.892,0.655,0.348,0.084
384.8,2.32,1.48,0.652,0.892,0.656,0.348,0.084
384.90000000000003,2.32,1.48,0.652,0.892,0.655,0.349,0.083
385.0,2.351,1.506,0.662,0.892,0.656,0.349,0.084
385.1,2.332,1.49,0.656,0.892,0.656,0.35,0.084
385.20000000000005,2.356,1.51,0.663,0.891,0.655,0.35,0.084
385.3,2.365,1.518,0.666,0.892,0.656,0.35,0.084
385.40000000000003,2.338,1.495,0.658,0.892,0.655,0.351,0.084
385.5,2.327,1.486,0.654,0.893,0.655,0.352,0.084
385.6,2.354,1.508,0.663,0.892,0.656,0.352,0.084
385.70000000000005,2.333,1.491,0.656,0.893,0.655,0.353,0.084
385.8,2.356,1.51,0.663,0.893,0.655,0.353,0.084
385.90000000000003,2.365,1.518,0.666,0.893,0.655,0.354,0.085
386.0,2.369,1.521,0.668,0.893,0.654,0.354,0.084
386.1,2.37,1.522,0.668,0.895,0.654,0.355,0.084
386.20000000000005,2.371,1.523,0.668,0.894,0.654,0.355,0.085
386.3,2.371,1.523,0.668,0.893,0.654,0.356,0.085
386.40000000000003,2.371,1.523,0.668,0.893,0.655,0.356,0.085
386.5,2.371,1.523,0.668,0.893,0.655,0.357,0.084
386.6,2.371,1.523,0.668,0.893,0.654,0.357,0.085
386.70000000000005,2.403,1.549,0.678,0.893,0.655,0.358,0.085
386.8,2.384,1.533,0.672,0.893,0.654,0.358,0.085
386.90000000000003,2.376,1.527,0.67,0.895,0.654,0.358,0.085
387.0,2.373,1.525,0.669,0.896,0.655,0.358,0.085
387.1,2.372,1.524,0.669,0.896,0.654,0.359,0.085
387.20000000000005,2.403,1.549,0.678,0.894,0.654,0.359,0.085
387.3,2.415,1.56,0.682,0.893,0.654,0.36,0.085
387.40000000000003,2.42,1.564,0.684,0.895,0.655,0.361,0.085
387.5,2.422,1.566,0.685,0.896,0.655,0.361,0.085
387.6,2.423,1.566,0.685,0.896,0.654,0.362,0.085
387.70000000000005,2.423,1.567,0.685,0.896,0.655,0.362,0.086
387.8,2.423,1.567,0.685,0.896,0.654,0.363,0.086
387.90000000000003,2.423,1.567,0.685,0.896,0.654,0.364,0.086
388.0,2.423,1.567,0.685,0.896,0.654,0.364,0.086
388.1,2.423,1.567,0.685,0.896,0.654,0.364,0.086
388.20000000000005,2.423,1.567,0.685,0.896,0.654,0.365,0.086
388.3,2.423,1.567,0.685,0.896,0.655,0.365,0.086
388.40000000000003,2.455,1.593,0.695,0.896,0.654,0.365,0.086
388.5,2.436,1.577,0.689,0.896,0.655,0.366,0.087
388.6,2.428,1.571,0.687,0.896,0.654,0.366,0.086
388.70000000000005,2.425,1.568,0.686,0.896,0.654,0.367,0.087
388.8,2.424,1.567,0.685,0.896,0.655,0.368,0.087
388.90000000000003,2.424,1.567,0.685,0.896,0.654,0.368,0.086
389.0,2.455,1.593,0.695,0.896,0.654,0.369,0.087
389.1,2.467,1.604,0.699,0.896,0.654,0.37,0.087
389.20000000000005,2.441,1.582,0.691,0.896,0.654,0.37,0.087
389.3,2.462,1.599,0.697,0.896,0.654,0.371,0.087
389.40000000000003,2.47,1.606,0.7,0.896,0.654,0.372,0.087
389.5,2.473,1.609,0.701,0.896,0.655,0.373,0.088
389.6,2.475,1.61,0.701,0.897,0.654,0.373,0.087
389.70000000000005,2.475,1.611,0.702,0.897,0.654,0.374,0.088
389.8,2.475,1.611,0.702,0.896,0.654,0.375,0.088
389.90000000000003,2.475,1.611,0.702,0.897,0.654,0.375,0.088
390.0,2.476,1.611,0.702,0.897,0.654,0.376,0.088
390.1,2.476,1.611,0.702,0.897,0.654,0.376,0.088
390.20000000000005,2.507,1.638,0.712,0.897,0.654,0.377,0.088
390.3,2.52,1.649,0.716,0.897,0.654,0.379,0.088
390.40000000000003,2.525,1.653,0.718,0.897,0.654,0.38,0.089
390.5,2.527,1.655,0.718,0.897,0.654,0.38,0.088
390.6,2.528,1.655,0.718,0.897,0.654,0.381,0.089
390.70000000000005,2.528,1.656,0.719,0.897,0.654,0.383,0.089
390.8,2.528,1.656,0.719,0.898,0.654,0.383,0.089
390.90000000000003,2.528,1.656,0.719,0.897,0.655,0.384,0.09
391.0,2.56,1.683,0.729,0.898,0.655,0.385,0.09
391.1,2.572,1.694,0.733,0.898,0.654,0.386,0.09
391.20000000000005,2.546,1.671,0.724,0.898,0.654,0.386,0.09
391.3,2.567,1.689,0.731,0.898,0.654,0.387,0.09
391.40000000000003,2.575,1.696,0.734,0.898,0.654,0.388,0.09
391.5,2.579,1.699,0.735,0.898,0.653,0.389,0.09
391.6,2.58,1.7,0.735,0.898,0.654,0.389,0.09
391.70000000000005,2.581,1.701,0.736,0.898,0.653,0.39,0.091
391.8,2.581,1.701,0.736,0.898,0.653,0.39,0.091
391.90000000000003,2.581,1.701,0.736,0.899,0.654,0.391,0.091
392.0,2.613,1.729,0.746,0.899,0.654,0.393,0.091
392.1,2.625,1.74,0.75,0.899,0.654,0.394,0.091
392.20000000000005,2.631,1.744,0.752,0.899,0.654,0.395,0.091
392.3,2.633,1.746,0.752,0.899,0.653,0.396,0.092
392.40000000000003,2.602,1.719,0.742,0.899,0.654,0.396,0.091
392.5,2.621,1.736,0.749,0.9,0.654,0.397,0.091
392.6,2.629,1.743,0.751,0.9,0.654,0.397,0.092
392.70000000000005,2.632,1.745,0.752,0.899,0.654,0.398,0.092
392.8,2.633,1.746,0.753,0.9,0.655,0.399,0.092
392.90000000000003,2.634,1.747,0.753,0.9,0.654,0.399,0.092
393.0,2.634,1.747,0.753,0.9,0.654,0.4,0.091
393.1,2.634,1.747,0.753,0.9,0.654,0.401,0.092
393.20000000000005,2.666,1.775,0.763,0.9,0.654,0.401,0.092
393.3,2.679,1.786,0.767,0.9,0.654,0.403,0.092
393.40000000000003,2.684,1.791,0.769,0.9,0.654,0.404,0.092
393.5,2.654,1.765,0.759,0.9,0.654,0.404,0.093
393.6,2.642,1.754,0.755,0.901,0.655,0.405,0.092
393.70000000000005,2.637,1.75,0.754,0.901,0.654,0.405,0.093
393.8,2.635,1.748,0.753,0.901,0.654,0.406,0.093
393.90000000000003,2.666,1.775,0.763,0.901,0.654,0.407,0.093
394.0,2.679,1.786,0.767,0.901,0.654,0.407,0.093
394.1,2.652,1.763,0.759,0.9,0.654,0.408,0.093
394.20000000000005,2.673,1.781,0.766,0.901,0.653,0.409,0.093
394.3,2.682,1.789,0.768,0.9,0.654,0.409,0.094
394.40000000000003,2.685,1.792,0.769,0.901,0.654,0.41,0.093
394.5,2.686,1.793,0.77,0.901,0.654,0.411,0.093
394.6,2.687,1.793,0.77,0.901,0.653,0.412,0.093
394.70000000000005,2.719,1.822,0.781,0.901,0.653,0.412,0.094
394.8,2.732,1.833,0.785,0.901,0.654,0.413,0.094
394.90000000000003,2.705,1.809,0.776,0.902,0.654,0.413,0.094
395.0,2.694,1.8,0.772,0.901,0.654,0.414,0.093
395.1,2.69,1.796,0.771,0.901,0.654,0.415,0.094
395.20000000000005,2.688,1.795,0.77,0.901,0.654,0.416,0.094
395.3,2.72,1.822,0.781,0.901,0.655,0.416,0.094
395.40000000000003,2.7,1.805,0.774,0.901,0.654,0.417,0.094
395.5,2.692,1.798,0.772,0.901,0.653,0.417,0.095
395.6,2.689,1.795,0.771,0.902,0.654,0.418,0.094
395.70000000000005,2.72,1.822,0.781,0.901,0.653,0.419,0.093
395.8,2.733,1.833,0.785,0.902,0.654,0.42,0.094
395.90000000000003,2.738,1.838,0.786,0.901,0.654,0.42,0.094
396.0,2.74,1.839,0.787,0.902,0.654,0.42,0.094
396.1,2.74,1.84,0.787,0.902,0.653,0.421,0.094
396.20000000000005,2.741,1.84,0.787,0.901,0.654,0.421,0.095
396.3,2.741,1.84,0.788,0.902,0.653,0.421,0.095
396.40000000000003,2.709,1.812,0.777,0.902,0.654,0.422,0.095
396.5,2.76,1.858,0.794,0.902,0.653,0.423,0.095
396.6,2.749,1.847,0.79,0.902,0.654,0.423,0.095
396.70000000000005,2.744,1.843,0.789,0.901,0.654,0.424,0.095
396.8,2.742,1.842,0.788,0.902,0.654,0.425,0.095
396.90000000000003,2.741,1.841,0.788,0.902,0.654,0.425,0.094
397.0,2.741,1.841,0.788,0.901,0.653,0.426,0.095
397.1,2.741,1.841,0.788,0.902,0.653,0.426,0.095
397.20000000000005,2.773,1.869,0.798,0.902,0.654,0.427,0.094
397.3,2.786,1.88,0.802,0.902,0.653,0.428,0.095
397.40000000000003,2.759,1.856,0.793,0.902,0.653,0.428,0.094
397.5,2.748,1.847,0.79,0.903,0.653,0.428,0.095
397.6,2.744,1.843,0.788,0.902,0.654,0.429,0.094
397.70000000000005,2.774,1.87,0.798,0.903,0.654,0.429,0.095
397.8,2.787,1.881,0.802,0.902,0.653,0.43,0.095
397.90000000000003,2.759,1.857,0.794,0.902,0.654,0.43,0.095
398.0,2.748,1.847,0.79,0.902,0.653,0.43,0.095
398.1,2.744,1.843,0.788,0.902,0.653,0.431,0.096
398.20000000000005,2.774,1.87,0.798,0.902,0.653,0.431,0.096
398.3,2.787,1.881,0.802,0.903,0.654,0.431,0.095
398.40000000000003,2.759,1.857,0.794,0.903,0.654,0.432,0.095
398.5,2.781,1.875,0.8,0.902,0.654,0.433,0.096
398.6,2.789,1.883,0.803,0.903,0.653,0.433,0.095
398.70000000000005,2.76,1.857,0.794,0.903,0.653,0.434,0.095
398.8,2.781,1.876,0.801,0.903,0.653,0.434,0.095
398.90000000000003,2.789,1.883,0.803,0.903,0.653,0.435,0.095
399.0,2.793,1.886,0.804,0.903,0.653,0.434,0.095
399.1,2.794,1.887,0.805,0.903,0.654,0.435,0.095
399.20000000000005,2.794,1.888,0.805,0.903,0.654,0.435,0.095
399.3,2.762,1.859,0.795,0.903,0.654,0.436,0.096
399.40000000000003,2.782,1.877,0.801,0.903,0.653,0.436,0.096
399.5,2.79,1.883,0.803,0.903,0.653,0.437,0.095
399.6,2.793,1.886,0.804,0.903,0.653,0.437,0.096
399.70000000000005,2.794,1.887,0.805,0.903,0.654,0.438,0.096
399.8,2.794,1.888,0.805,0.903,0.653,0.438,0.096
399.90000000000003,2.795,1.888,0.805,0.903,0.654,0.439,0.096
400.0,2.795,1.888,0.805,0.902,0.653,0.439,0.096
400.1,2.795,1.888,0.805,0.904,0.654,0.439,0.096
400.20000000000005,2.795,1.888,0.805,0.903,0.654,0.439,0.096
400.3,2.827,1.917,0.816,0.904,0.653,0.44,0.096
400.40000000000003,2.906,1.987,0.841,0.903,0.653,0.439,0.095
400.5,2.839,1.927,0.82,0.903,0.653,0.44,0.096
400.6,2.813,1.904,0.811,0.903,0.653,0.441,0.095
400.70000000000005,2.802,1.894,0.807,0.903,0.653,0.442,0.096
400.8,2.798,1.89,0.806,0.903,0.653,0.442,0.096
400.90000000000003,2.796,1.889,0.805,0.903,0.653,0.443,0.096
401.0,2.828,1.917,0.816,0.902,0.653,0.444,0.096
401.1,2.84,1.928,0.82,0.903,0.653,0.444,0.097
401.20000000000005,2.813,1.904,0.811,0.903,0.653,0.444,0.096
401.3,2.835,1.923,0.818,0.903,0.653,0.444,0.096
401.40000000000003,2.811,1.902,0.81,0.903,0.653,0.445,0.096
401.5,2.834,1.922,0.818,0.903,0.653,0.445,0.096
401.6,2.81,1.902,0.81,0.904,0.653,0.445,0.096
401.70000000000005,2.801,1.893,0.807,0.904,0.653,0.445,0.096
401.8,2.797,1.89,0.806,0.903,0.653,0.445,0.097
401.90000000000003,2.828,1.918,0.816,0.903,0.653,0.446,0.096
402.0,2.776,1.871,0.799,0.903,0.653,0.447,0.096
402.1,2.787,1.881,0.803,0.903,0.653,0.447,0.097
402.20000000000005,2.824,1.914,0.815,0.904,0.653,0.448,0.096
402.3,2.807,1.898,0.809,0.904,0.653,0.448,0.096
402.40000000000003,2.832,1.921,0.817,0.903,0.653,0.448,0.096
402.5,2.81,1.901,0.81,0.904,0.653,0.448,0.096
402.6,2.833,1.922,0.818,0.903,0.653,0.448,0.096
402.70000000000005,2.81,1.902,0.81,0.904,0.653,0.448,0.096
402.8,2.801,1.893,0.807,0.904,0.653,0.449,0.096
402.90000000000003,2.797,1.89,0.806,0.905,0.653,0.449,0.096
403.0,2.796,1.889,0.805,0.904,0.653,0.449,0.097
403.1,2.795,1.888,0.805,0.903,0.653,0.45,0.097
403.20000000000005,2.795,1.888,0.805,0.903,0.653,0.45,0.096
403.3,2.795,1.888,0.805,0.904,0.653,0.45,0.097
403.40000000000003,2.795,1.888,0.805,0.903,0.653,0.451,0.097
403.5,2.827,1.917,0.816,0.904,0.653,0.45,0.097
403.6,2.808,1.899,0.809,0.904,0.653,0.451,0.097
403.70000000000005,2.832,1.921,0.817,0.905,0.653,0.452,0.096
403.8,2.842,1.93,0.821,0.905,0.653,0.451,0.097
403.90000000000003,2.846,1.934,0.822,0.905,0.653,0.452,0.097
404.0,2.848,1.935,0.822,0.904,0.653,0.452,0.097
404.1,2.816,1.907,0.812,0.905,0.653,0.453,0.097
404.20000000000005,2.803,1.895,0.808,0.904,0.653,0.452,0.097
404.3,2.766,1.862,0.796,0.904,0.653,0.453,0.097
404.40000000000003,2.783,1.878,0.801,0.905,0.653,0.453,0.097
404.5,2.823,1.913,0.814,0.904,0.653,0.453,0.097
404.6,2.806,1.898,0.809,0.903,0.653,0.454,0.096
404.70000000000005,2.832,1.921,0.817,0.904,0.654,0.453,0.096
404.8,2.81,1.901,0.81,0.904,0.653,0.453,0.097
404.90000000000003,2.833,1.922,0.818,0.905,0.653,0.454,0.096
405.0,2.81,1.902,0.81,0.905,0.653,0.454,0.097
405.1,2.801,1.893,0.807,0.904,0.653,0.454,0.097
405.20000000000005,2.797,1.89,0.806,0.904,0.653,0.455,0.097
405.3,2.796,1.889,0.805,0.905,0.653,0.455,0.096
405.40000000000003,2.828,1.917,0.816,0.904,0.653,0.455,0.096
405.5,2.808,1.9,0.809,0.905,0.653,0.455,0.096
405.6,2.8,1.893,0.807,0.904,0.653,0.456,0.097
405.70000000000005,2.797,1.89,0.806,0.904,0.653,0.456,0.097
405.8,2.796,1.889,0.805,0.903,0.653,0.457,0.097
405.90000000000003,2.828,1.917,0.816,0.904,0.653,0.457,0.097
406.0,2.808,1.9,0.809,0.905,0.653,0.456,0.097
406.1,2.833,1.921,0.817,0.905,0.653,0.457,0.097
406.20000000000005,2.81,1.901,0.81,0.904,0.653,0.457,0.097
406.3,2.801,1.893,0.807,0.905,0.653,0.458,0.097
406.40000000000003,2.797,1.89,0.806,0.904,0.653,0.458,0.097
406.5,2.796,1.889,0.805,0.905,0.653,0.458,0.097
406.6,2.795,1.888,0.805,0.904,0.653,0.458,0.097
406.70000000000005,2.827,1.917,0.816,0.903,0.653,0.459,0.096
406.8,2.84,1.928,0.82,0.904,0.653,0.458,0.097
406.90000000000003,2.813,1.904,0.811,0.904,0.654,0.459,0.097
407.0,2.835,1.923,0.818,0.904,0.653,0.459,0.096
407.1,2.843,1.931,0.821,0.904,0.653,0.459,0.097
407.20000000000005,2.814,1.905,0.811,0.904,0.653,0.459,0.097
407.3,2.803,1.895,0.808,0.903,0.653,0.459,0.097
407.40000000000003,2.798,1.891,0.806,0.904,0.653,0.46,0.097
407.5,2.828,1.918,0.816,0.905,0.653,0.46,0.096
407.6,2.841,1.929,0.82,0.905,0.653,0.46,0.097
407.70000000000005,2.846,1.933,0.822,0.904,0.653,0.46,0.097
407.8,2.848,1.935,0.822,0.904,0.653,0.46,0.097
407.90000000000003,2.816,1.907,0.812,0.904,0.653,0.46,0.097
408.0,2.836,1.924,0.818,0.904,0.653,0.46,0.097
408.1,2.811,1.902,0.81,0.905,0.653,0.461,0.097
408.20000000000005,2.834,1.923,0.818,0.905,0.653,0.46,0.097
408.3,2.843,1.931,0.821,0.905,0.653,0.461,0.097
408.40000000000003,2.846,1.934,0.822,0.905,0.653,0.461,0.097
408.5,2.815,1.906,0.812,0.904,0.653,0.461,0.097
408.6,2.836,1.924,0.818,0.904,0.653,0.461,0.097
408.70000000000005,2.844,1.931,0.821,0.904,0.653,0.461,0.097
408.8,2.814,1.905,0.811,0.905,0.653,0.461,0.097
408.90000000000003,2.835,1.924,0.818,0.904,0.653,0.462,0.097
409.0,2.843,1.931,0.821,0.905,0.653,0.462,0.097
409.1,2.847,1.934,0.822,0.905,0.653,0.462,0.096
409.20000000000005,2.848,1.935,0.823,0.905,0.654,0.462,0.097
409.3,2.849,1.936,0.823,0.904,0.653,0.462,0.097
409.40000000000003,2.849,1.936,0.823,0.905,0.654,0.463,0.097
409.5,2.849,1.936,0.823,0.905,0.653,0.462,0.096
409.6,2.849,1.936,0.823,0.905,0.653,0.463,0.097
409.70000000000005,2.849,1.936,0.823,0.905,0.653,0.463,0.097
409.8,2.816,1.907,0.812,0.905,0.653,0.463,0.097
409.90000000000003,2.803,1.896,0.808,0.904,0.653,0.463,0.097
410.0,2.798,1.891,0.806,0.905,0.653,0.463,0.097
410.1,2.829,1.918,0.816,0.905,0.653,0.463,0.097
410.20000000000005,2.841,1.929,0.82,0.905,0.653,0.463,0.096
410.3,2.813,1.904,0.811,0.905,0.653,0.463,0.096
410.40000000000003,2.802,1.894,0.808,0.905,0.653,0.464,0.097
410.5,2.83,1.919,0.817,0.905,0.653,0.463,0.097
410.6,2.841,1.929,0.82,0.904,0.653,0.463,0.097
410.70000000000005,2.813,1.904,0.811,0.905,0.653,0.464,0.096
410.8,2.835,1.923,0.818,0.905,0.653,0.464,0.097
410.90000000000003,2.843,1.931,0.821,0.905,0.653,0.464,0.097
411.0,2.847,1.934,0.822,0.905,0.653,0.465,0.097
411.1,2.816,1.906,0.812,0.904,0.653,0.465,0.097
411.20000000000005,2.803,1.895,0.808,0.905,0.653,0.465,0.097
411.3,2.798,1.891,0.806,0.904,0.652,0.465,0.097
411.40000000000003,2.829,1.918,0.816,0.905,0.653,0.465,0.098
411.5,2.841,1.929,0.82,0.905,0.653,0.464,0.097
411.6,2.846,1.933,0.822,0.905,0.653,0.465,0.097
411.70000000000005,2.815,1.906,0.812,0.905,0.653,0.465,0.097
411.8,2.803,1.895,0.808,0.904,0.653,0.465,0.097
411.90000000000003,2.831,1.92,0.817,0.905,0.653,0.466,0.097
412.0,2.874,1.959,0.831,0.904,0.653,0.466,0.097
412.1,2.859,1.945,0.826,0.905,0.653,0.466,0.097
412.20000000000005,2.853,1.94,0.824,0.905,0.653,0.466,0.097
412.3,2.851,1.937,0.823,0.904,0.653,0.466,0.096
412.40000000000003,2.85,1.937,0.823,0.905,0.653,0.466,0.097
412.5,2.849,1.936,0.823,0.904,0.653,0.466,0.097
412.6,2.849,1.936,0.823,0.904,0.653,0.466,0.096
412.70000000000005,2.816,1.907,0.812,0.905,0.653,0.466,0.097
412.8,2.836,1.924,0.819,0.905,0.653,0.467,0.097
412.90000000000003,2.844,1.931,0.821,0.904,0.653,0.468,0.097
413.0,2.847,1.934,0.822,0.904,0.653,0.467,0.097
413.1,2.848,1.935,0.823,0.905,0.653,0.467,0.097
413.20000000000005,2.849,1.936,0.823,0.905,0.654,0.466,0.097
413.3,2.816,1.907,0.812,0.904,0.653,0.467,0.097
413.40000000000003,2.803,1.896,0.808,0.905,0.653,0.468,0.097
413.5,2.798,1.891,0.806,0.905,0.653,0.468,0.096
413.6,2.829,1.918,0.816,0.904,0.653,0.468,0.097
413.70000000000005,2.906,1.987,0.842,0.904,0.653,0.468,0.097
413.8,2.839,1.928,0.82,0.905,0.653,0.468,0.097
413.90000000000003,2.845,1.933,0.822,0.905,0.653,0.468,0.096
414.0,2.815,1.906,0.812,0.905,0.653,0.468,0.097
414.1,2.835,1.924,0.818,0.904,0.653,0.468,0.096
414.20000000000005,2.843,1.931,0.821,0.904,0.653,0.468,0.097
414.3,2.847,1.934,0.822,0.905,0.653,0.468,0.097
414.40000000000003,2.848,1.935,0.823,0.905,0.653,0.468,0.096
414.5,2.816,1.907,0.812,0.904,0.653,0.468,0.097
414.6,2.803,1.895,0.808,0.905,0.652,0.468,0.096
414.70000000000005,2.831,1.92,0.817,0.905,0.653,0.468,0.097
414.8,2.842,1.929,0.82,0.904,0.653,0.469,0.097
414.90000000000003,2.846,1.933,0.822,0.905,0.653,0.468,0.096
415.0,2.848,1.935,0.822,0.905,0.653,0.469,0.097
415.1,2.848,1.936,0.823,0.904,0.653,0.468,0.097
415.20000000000005,2.849,1.936,0.823,0.905,0.653,0.469,0.097
415.3,2.849,1.936,0.823,0.905,0.653,0.469,0.097
415.40000000000003,2.849,1.936,0.823,0.905,0.653,0.469,0.097
415.5,2.816,1.907,0.812,0.905,0.653,0.469,0.097
415.6,2.803,1.896,0.808,0.905,0.653,0.469,0.097
415.70000000000005,2.798,1.891,0.806,0.905,0.653,0.469,0.097
415.8,2.796,1.889,0.806,0.905,0.653,0.469,0.097
415.90000000000003,2.795,1.888,0.805,0.905,0.653,0.47,0.096
416.0,2.795,1.888,0.805,0.904,0.653,0.469,0.097
416.1,2.795,1.888,0.805,0.905,0.653,0.469,0.096
416.20000000000005,2.73,1.831,0.784,0.905,0.653,0.469,0.097
416.3,2.769,1.865,0.797,0.904,0.653,0.47,0.097
416.40000000000003,2.817,1.908,0.812,0.905,0.653,0.469,0.096
416.5,2.804,1.896,0.808,0.905,0.653,0.47,0.097
416.6,2.798,1.891,0.806,0.905,0.653,0.469,0.096
416.70000000000005,2.796,1.889,0.806,0.904,0.653,0.47,0.097
416.8,2.795,1.888,0.805,0.904,0.653,0.469,0.097
416.90000000000003,2.827,1.917,0.816,0.905,0.653,0.47,0.097
417.0,2.84,1.928,0.82,0.905,0.653,0.47,0.096
417.1,2.813,1.904,0.811,0.905,0.653,0.469,0.097
417.20000000000005,2.835,1.923,0.818,0.905,0.653,0.47,0.097
417.3,2.811,1.902,0.81,0.905,0.654,0.47,0.097
417.40000000000003,2.801,1.894,0.807,0.905,0.653,0.47,0.096
417.5,2.797,1.89,0.806,0.905,0.653,0.47,0.097
417.6,2.828,1.918,0.816,0.905,0.653,0.47,0.097
417.70000000000005,2.808,1.9,0.809,0.905,0.653,0.471,0.097
417.8,2.8,1.893,0.807,0.905,0.653,0.471,0.097
417.90000000000003,2.797,1.89,0.806,0.905,0.653,0.47,0.097
418.0,2.828,1.917,0.816,0.905,0.653,0.47,0.097
418.1,2.808,1.9,0.809,0.905,0.653,0.471,0.097
418.20000000000005,2.8,1.893,0.807,0.905,0.653,0.471,0.097
418.3,2.797,1.89,0.806,0.905,0.653,0.47,0.096
418.40000000000003,2.828,1.917,0.816,0.905,0.653,0.47,0.097
418.5,2.841,1.929,0.82,0.905,0.653,0.47,0.097
418.6,2.846,1.933,0.822,0.905,0.653,0.471,0.096
418.70000000000005,2.815,1.906,0.812,0.904,0.653,0.47,0.097
418.8,2.803,1.895,0.808,0.905,0.653,0.47,0.096
418.90000000000003,2.798,1.891,0.806,0.905,0.653,0.471,0.096
419.0,2.829,1.918,0.816,0.904,0.653,0.47,0.096
419.1,2.841,1.929,0.82,0.905,0.653,0.471,0.097
419.20000000000005,2.781,1.876,0.801,0.905,0.653,0.471,0.096
419.3,2.822,1.912,0.814,0.904,0.653,0.471,0.097
419.40000000000003,2.806,1.898,0.809,0.905,0.653,0.471,0.097
419.5,2.832,1.921,0.817,0.905,0.653,0.471,0.096
419.6,2.809,1.901,0.81,0.905,0.653,0.471,0.097
419.70000000000005,2.801,1.893,0.807,0.904,0.653,0.47,0.096
419.8,2.797,1.89,0.806,0.905,0.653,0.471,0.096
419.90000000000003,2.796,1.889,0.805,0.904,0.653,0.471,0.096
420.0,2.795,1.888,0.805,0.905,0.653,0.47,0.097
420.1,2.795,1.888,0.805,0.905,0.653,0.471,0.097
420.20000000000005,2.795,1.888,0.805,0.905,0.652,0.471,0.096
420.3,2.795,1.888,0.805,0.905,0.653,0.471,0.096
420.40000000000003,2.795,1.888,0.805,0.904,0.653,0.471,0.097
420.5,2.762,1.859,0.795,0.905,0.653,0.471,0.096
420.6,2.782,1.877,0.801,0.904,0.653,0.471,0.096
420.70000000000005,2.79,1.883,0.803,0.904,0.653,0.471,0.096
420.8,2.793,1.886,0.804,0.904,0.653,0.471,0.097
420.90000000000003,2.794,1.887,0.805,0.905,0.652,0.471,0.096
421.0,2.794,1.888,0.805,0.904,0.653,0.471,0.096
421.1,2.795,1.888,0.805,0.905,0.653,0.472,0.096
421.20000000000005,2.795,1.888,0.805,0.904,0.653,0.471,0.097
421.3,2.795,1.888,0.805,0.905,0.653,0.472,0.096
421.40000000000003,2.762,1.859,0.795,0.904,0.653,0.471,0.097
421.5,2.782,1.877,0.801,0.905,0.653,0.471,0.096
421.6,2.79,1.883,0.803,0.905,0.653,0.471,0.096
421.70000000000005,2.793,1.886,0.804,0.904,0.653,0.472,0.097
421.8,2.794,1.887,0.805,0.905,0.653,0.471,0.096
421.90000000000003,2.794,1.888,0.805,0.905,0.653,0.471,0.096
422.0,2.795,1.888,0.805,0.904,0.653,0.471,0.096
422.1,2.795,1.888,0.805,0.905,0.653,0.471,0.097
422.20000000000005,2.795,1.888,0.805,0.905,0.653,0.471,0.097
422.3,2.795,1.888,0.805,0.905,0.653,0.472,0.097
422.40000000000003,2.795,1.888,0.805,0.905,0.653,0.472,0.096
422.5,2.795,1.888,0.805,0.905,0.653,0.472,0.096
422.6,2.795,1.888,0.805,0.905,0.653,0.472,0.097
422.70000000000005,2.795,1.888,0.805,0.905,0.653,0.471,0.097
422.8,2.762,1.859,0.795,0.905,0.652,0.471,0.096
422.90000000000003,2.782,1.877,0.801,0.905,0.653,0.472,0.096
423.0,2.79,1.883,0.803,0.904,0.653,0.473,0.097
423.1,2.793,1.886,0.804,0.905,0.653,0.473,0.097
423.20000000000005,2.794,1.887,0.805,0.905,0.653,0.473,0.097
423.3,2.827,1.916,0.816,0.905,0.653,0.473,0.096
423.40000000000003,2.808,1.899,0.809,0.904,0.653,0.472,0.097
423.5,2.8,1.893,0.807,0.905,0.653,0.472,0.097
423.6,2.797,1.89,0.806,0.905,0.653,0.472,0.096
423.70000000000005,2.796,1.889,0.805,0.905,0.653,0.473,0.096
423.8,2.795,1.888,0.805,0.905,0.653,0.473,0.097
423.90000000000003,2.795,1.888,0.805,0.904,0.653,0.473,0.096
424.0,2.795,1.888,0.805,0.905,0.653,0.473,0.096
424.1,2.795,1.888,0.805,0.905,0.653,0.473,0.096
424.20000000000005,2.795,1.888,0.805,0.904,0.653,0.473,0.097
424.3,2.795,1.888,0.805,0.905,0.653,0.473,0.096
424.40000000000003,2.795,1.888,0.805,0.904,0.653,0.472,0.096
424.5,2.795,1.888,0.805,0.905,0.653,0.473,0.097
424.6,2.762,1.859,0.795,0.904,0.653,0.472,0.096
424.70000000000005,2.782,1.877,0.801,0.904,0.653,0.472,0.096
424.8,2.79,1.883,0.803,0.905,0.653,0.473,0.096
424.90000000000003,2.793,1.886,0.804,0.905,0.653,0.473,0.096
425.0,2.794,1.887,0.805,0.905,0.653,0.473,0.096
425.1,2.794,1.888,0.805,0.904,0.653,0.473,0.096
425.20000000000005,2.827,1.917,0.816,0.904,0.653,0.472,0.097
425.3,2.808,1.899,0.809,0.905,0.654,0.473,0.097
425.40000000000003,2.8,1.893,0.807,0.905,0.653,0.473,0.096
425.5,2.797,1.89,0.806,0.904,0.653,0.473,0.096
425.6,2.796,1.889,0.805,0.905,0.653,0.472,0.097
425.70000000000005,2.795,1.888,0.805,0.905,0.653,0.473,0.097
425.8,2.795,1.888,0.805,0.904,0.653,0.473,0.096
425.90000000000003,2.762,1.86,0.795,0.905,0.653,0.473,0.096
426.0,2.782,1.877,0.801,0.905,0.653,0.472,0.096
426.1,2.79,1.883,0.803,0.905,0.653,0.473,0.096
426.20000000000005,2.793,1.886,0.804,0.904,0.653,0.473,0.096
426.3,2.794,1.887,0.805,0.904,0.653,0.473,0.096
426.40000000000003,2.794,1.888,0.805,0.904,0.653,0.473,0.096
426.5,2.795,1.888,0.805,0.904,0.653,0.473,0.096
426.6,2.795,1.888,0.805,0.904,0.653,0.473,0.096
426.70000000000005,2.762,1.859,0.795,0.905,0.653,0.473,0.095
426.8,2.814,1.905,0.812,0.904,0.653,0.472,0.095
426.90000000000003,2.835,1.924,0.818,0.903,0.653,0.473,0.096
427.0,2.811,1.902,0.81,0.904,0.653,0.473,0.096
427.1,2.801,1.894,0.807,0.905,0.653,0.473,0.096
427.20000000000005,2.797,1.89,0.806,0.904,0.653,0.473,0.096
427.3,2.796,1.889,0.805,0.905,0.653,0.473,0.096
427.40000000000003,2.795,1.888,0.805,0.904,0.653,0.473,0.096
427.5,2.795,1.888,0.805,0.904,0.653,0.473,0.096
427.6,2.795,1.888,0.805,0.905,0.653,0.473,0.096
427.70000000000005,2.795,1.888,0.805,0.905,0.653,0.472,0.096
427.8,2.762,1.859,0.795,0.905,0.653,0.473,0.096
427.90000000000003,2.782,1.877,0.801,0.905,0.654,0.473,0.096
428.0,2.79,1.883,0.803,0.905,0.653,0.474,0.096
428.1,2.793,1.886,0.804,0.904,0.653,0.473,0.096
428.20000000000005,2.794,1.887,0.805,0.905,0.653,0.473,0.096
428.3,2.794,1.888,0.805,0.905,0.653,0.474,0.096
428.40000000000003,2.795,1.888,0.805,0.905,0.653,0.473,0.096
428.5,2.762,1.859,0.795,0.904,0.653,0.474,0.096
428.6,2.749,1.848,0.79,0.905,0.653,0.473,0.096
428.70000000000005,2.777,1.872,0.799,0.904,0.653,0.473,0.095
428.8,2.755,1.853,0.792,0.904,0.653,0.473,0.096
428.90000000000003,2.747,1.846,0.789,0.903,0.653,0.473,0.097
429.0,2.775,1.871,0.799,0.904,0.653,0.473,0.096
429.1,2.755,1.853,0.792,0.905,0.653,0.473,0.096
429.20000000000005,2.746,1.845,0.789,0.904,0.653,0.473,0.095
429.3,2.743,1.842,0.788,0.904,0.653,0.473,0.095
429.40000000000003,2.774,1.87,0.798,0.904,0.652,0.473,0.095
429.5,2.754,1.852,0.792,0.904,0.653,0.473,0.096
429.6,2.746,1.845,0.789,0.905,0.653,0.473,0.096
429.70000000000005,2.775,1.871,0.799,0.904,0.653,0.473,0.095
429.8,2.755,1.853,0.792,0.905,0.653,0.473,0.096
429.90000000000003,2.682,1.789,0.769,0.904,0.653,0.472,0.096
430.0,2.717,1.82,0.78,0.904,0.653,0.473,0.096
430.1,2.731,1.832,0.784,0.904,0.653,0.473,0.096
430.20000000000005,2.737,1.837,0.786,0.904,0.652,0.473,0.095
430.3,2.739,1.839,0.787,0.903,0.653,0.473,0.096
430.40000000000003,2.773,1.868,0.798,0.904,0.653,0.472,0.096
430.5,2.786,1.88,0.802,0.905,0.653,0.473,0.096
430.6,2.791,1.885,0.804,0.905,0.653,0.473,0.095
430.70000000000005,2.793,1.887,0.805,0.905,0.652,0.473,0.096
430.8,2.794,1.887,0.805,0.904,0.653,0.473,0.095
430.90000000000003,2.762,1.859,0.794,0.904,0.653,0.473,0.095
431.0,2.749,1.848,0.79,0.903,0.653,0.473,0.096
431.1,2.744,1.843,0.789,0.904,0.653,0.473,0.095
431.20000000000005,2.742,1.842,0.788,0.904,0.653,0.472,0.096
