Time,CO (MCS),Ethanol (MCS),VOC (MCS),NO2 (GM),Ethanol (GM),VOC (GM),CO (GM)
0.0,3.234,2.285,0.95,0.965,0.685,0.47,0.056
0.1,3.323,2.368,0.98,0.965,0.685,0.471,0.055
0.2,3.269,2.318,0.962,0.965,0.686,0.471,0.055
0.30000000000000004,3.248,2.298,0.955,0.966,0.686,0.472,0.056
0.4,3.239,2.29,0.952,0.966,0.686,0.473,0.056
0.5,3.236,2.286,0.95,0.966,0.686,0.473,0.056
0.6000000000000001,3.279,2.327,0.965,0.965,0.685,0.473,0.056
0.7000000000000001,3.252,2.301,0.956,0.965,0.686,0.474,0.056
0.8,3.241,2.291,0.952,0.965,0.685,0.474,0.056
0.9,3.236,2.287,0.951,0.965,0.686,0.475,0.056
1.0,3.234,2.285,0.95,0.965,0.686,0.475,0.056
1.1,3.234,2.285,0.95,0.965,0.687,0.476,0.056
1.2000000000000002,3.233,2.285,0.95,0.964,0.686,0.476,0.056
1.3,3.233,2.284,0.95,0.964,0.686,0.476,0.056
1.4000000000000001,3.233,2.284,0.95,0.963,0.686,0.476,0.056
1.5,3.233,2.284,0.95,0.964,0.686,0.476,0.056
1.6,3.233,2.284,0.95,0.964,0.686,0.477,0.056
1.7000000000000002,3.233,2.284,0.95,0.964,0.686,0.477,0.056
1.8,3.278,2.326,0.965,0.963,0.686,0.478,0.056
1.9000000000000001,3.251,2.301,0.956,0.963,0.686,0.477,0.056
2.0,3.24,2.291,0.952,0.962,0.686,0.478,0.056
2.1,3.236,2.287,0.951,0.962,0.686,0.478,0.056
2.2,3.19,2.244,0.935,0.963,0.686,0.479,0.056
2.3000000000000003,3.216,2.268,0.944,0.963,0.686,0.479,0.056
2.4000000000000004,3.226,2.278,0.947,0.964,0.686,0.478,0.056
2.5,3.186,2.241,0.934,0.963,0.687,0.479,0.056
2.6,3.214,2.267,0.943,0.963,0.686,0.479,0.056
2.7,3.226,2.277,0.947,0.962,0.686,0.48,0.055
2.8000000000000003,3.23,2.282,0.949,0.963,0.687,0.48,0.056
2.9000000000000004,3.188,2.242,0.935,0.963,0.686,0.481,0.056
3.0,3.17,2.227,0.929,0.962,0.687,0.481,0.056
3.1,3.164,2.22,0.927,0.962,0.686,0.481,0.056
3.2,3.161,2.218,0.926,0.963,0.686,0.481,0.055
3.3000000000000003,3.16,2.217,0.925,0.962,0.686,0.482,0.056
3.4000000000000004,3.159,2.216,0.925,0.962,0.687,0.482,0.055
3.5,3.204,2.257,0.94,0.962,0.686,0.482,0.056
3.6,3.177,2.233,0.931,0.963,0.686,0.481,0.055
3.7,3.18,2.235,0.932,0.962,0.687,0.482,0.055
3.8000000000000003,3.167,2.224,0.928,0.961,0.686,0.482,0.055
3.9000000000000004,3.211,2.264,0.942,0.962,0.686,0.481,0.055
4.0,3.162,2.219,0.926,0.962,0.686,0.481,0.055
4.1000000000000005,3.16,2.217,0.926,0.963,0.686,0.483,0.055
4.2,3.16,2.217,0.925,0.963,0.687,0.484,0.056
4.3,3.159,2.216,0.925,0.964,0.686,0.484,0.056
4.4,3.159,2.216,0.925,0.964,0.687,0.484,0.056
4.5,3.159,2.216,0.925,0.964,0.687,0.484,0.056
4.6000000000000005,3.159,2.216,0.925,0.963,0.687,0.484,0.056
4.7,3.159,2.216,0.925,0.963,0.686,0.484,0.056
4.800000000000001,3.204,2.257,0.94,0.963,0.686,0.484,0.056
4.9,3.177,2.232,0.931,0.963,0.687,0.484,0.056
5.0,3.166,2.223,0.927,0.963,0.687,0.484,0.056
5.1000000000000005,3.162,2.219,0.926,0.964,0.687,0.485,0.056
5.2,3.16,2.217,0.925,0.963,0.688,0.484,0.056
5.300000000000001,3.16,2.216,0.925,0.963,0.687,0.485,0.055
5.4,3.159,2.216,0.925,0.962,0.688,0.485,0.056
5.5,3.159,2.216,0.925,0.963,0.688,0.485,0.056
5.6000000000000005,3.159,2.216,0.925,0.963,0.687,0.484,0.056
5.7,3.115,2.176,0.91,0.962,0.687,0.485,0.056
5.800000000000001,3.141,2.2,0.919,0.962,0.688,0.485,0.056
5.9,3.152,2.21,0.923,0.962,0.687,0.486,0.055
6.0,3.156,2.213,0.924,0.962,0.687,0.485,0.056
6.1000000000000005,3.158,2.215,0.925,0.962,0.688,0.485,0.055
6.2,3.159,2.216,0.925,0.962,0.687,0.485,0.055
6.300000000000001,3.159,2.216,0.925,0.962,0.687,0.485,0.055
6.4,3.159,2.216,0.925,0.961,0.687,0.486,0.056
6.5,3.159,2.216,0.925,0.962,0.687,0.486,0.055
6.6000000000000005,3.159,2.216,0.925,0.962,0.687,0.486,0.055
6.7,3.159,2.216,0.925,0.961,0.686,0.486,0.055
6.800000000000001,3.159,2.216,0.925,0.962,0.687,0.487,0.056
6.9,3.159,2.216,0.925,0.962,0.687,0.486,0.056
7.0,3.159,2.216,0.925,0.962,0.686,0.486,0.056
7.1000000000000005,3.159,2.216,0.925,0.962,0.686,0.486,0.055
7.2,3.159,2.216,0.925,0.962,0.686,0.486,0.055
7.300000000000001,3.159,2.216,0.925,0.962,0.686,0.487,0.056
7.4,3.159,2.216,0.925,0.962,0.688,0.487,0.055
7.5,3.159,2.216,0.925,0.962,0.687,0.488,0.056
7.6000000000000005,3.204,2.257,0.94,0.963,0.687,0.488,0.055
7.7,3.177,2.232,0.931,0.963,0.687,0.489,0.055
7.800000000000001,3.166,2.223,0.927,0.962,0.688,0.488,0.055
7.9,3.162,2.219,0.926,0.962,0.687,0.489,0.055
8.0,3.16,2.217,0.925,0.963,0.688,0.49,0.056
8.1,3.16,2.216,0.925,0.964,0.689,0.49,0.056
8.200000000000001,3.159,2.216,0.925,0.964,0.688,0.491,0.056
8.3,3.159,2.216,0.925,0.965,0.688,0.491,0.056
8.4,3.159,2.216,0.925,0.964,0.689,0.492,0.056
8.5,3.159,2.216,0.925,0.964,0.688,0.492,0.056
8.6,3.159,2.216,0.925,0.964,0.689,0.492,0.056
8.700000000000001,3.339,2.383,0.985,0.964,0.689,0.492,0.056
8.8,3.231,2.283,0.949,0.965,0.689,0.492,0.056
8.9,3.188,2.243,0.935,0.964,0.689,0.492,0.055
9.0,3.171,2.227,0.929,0.964,0.689,0.492,0.056
9.1,3.164,2.22,0.927,0.964,0.689,0.492,0.056
9.200000000000001,3.161,2.218,0.926,0.964,0.689,0.492,0.056
9.3,3.16,2.217,0.925,0.965,0.689,0.492,0.056
9.4,3.159,2.216,0.925,0.964,0.689,0.492,0.056
9.5,3.204,2.257,0.94,0.965,0.689,0.493,0.056
9.600000000000001,3.177,2.233,0.931,0.964,0.689,0.493,0.055
9.700000000000001,3.166,2.223,0.927,0.965,0.689,0.493,0.056
9.8,3.162,2.219,0.926,0.964,0.689,0.493,0.056
9.9,3.249,2.3,0.955,0.964,0.689,0.493,0.056
10.0,3.195,2.249,0.937,0.964,0.689,0.493,0.056
10.100000000000001,3.174,2.229,0.93,0.965,0.689,0.494,0.057
10.200000000000001,3.165,2.221,0.927,0.965,0.69,0.494,0.056
10.3,3.206,2.259,0.941,0.966,0.69,0.495,0.056
10.4,3.178,2.233,0.931,0.965,0.69,0.495,0.057
10.5,3.167,2.223,0.928,0.966,0.69,0.495,0.056
10.600000000000001,3.162,2.219,0.926,0.966,0.69,0.495,0.057
10.700000000000001,3.16,2.217,0.925,0.965,0.69,0.495,0.057
10.8,3.16,2.217,0.925,0.965,0.69,0.496,0.057
10.9,3.159,2.216,0.925,0.965,0.69,0.495,0.057
11.0,3.204,2.257,0.94,0.965,0.69,0.496,0.056
11.100000000000001,3.266,2.315,0.961,0.966,0.69,0.496,0.057
11.200000000000001,3.158,2.215,0.925,0.965,0.69,0.497,0.057
11.3,3.203,2.257,0.94,0.966,0.69,0.497,0.057
11.4,3.177,2.232,0.931,0.966,0.69,0.497,0.057
11.5,3.166,2.223,0.927,0.966,0.69,0.497,0.057
11.600000000000001,3.162,2.219,0.926,0.965,0.69,0.497,0.057
11.700000000000001,3.16,2.217,0.925,0.966,0.69,0.498,0.057
11.8,3.16,2.216,0.925,0.967,0.69,0.498,0.057
11.9,3.159,2.216,0.925,0.967,0.691,0.497,0.056
12.0,3.159,2.216,0.925,0.966,0.69,0.498,0.057
12.100000000000001,3.159,2.216,0.925,0.967,0.69,0.498,0.057
12.200000000000001,3.204,2.257,0.94,0.966,0.69,0.497,0.057
12.3,3.177,2.232,0.931,0.966,0.691,0.498,0.057
12.4,3.166,2.223,0.927,0.966,0.691,0.498,0.057
12.5,3.162,2.219,0.926,0.966,0.691,0.498,0.057
12.600000000000001,3.16,2.217,0.925,0.967,0.691,0.498,0.056
12.700000000000001,3.16,2.216,0.925,0.966,0.692,0.499,0.057
12.8,3.159,2.216,0.925,0.967,0.691,0.499,0.057
12.9,3.159,2.216,0.925,0.967,0.691,0.5,0.057
13.0,3.159,2.216,0.925,0.966,0.691,0.5,0.057
13.100000000000001,3.115,2.176,0.91,0.967,0.691,0.499,0.057
13.200000000000001,3.141,2.2,0.919,0.966,0.69,0.5,0.056
13.3,3.108,2.169,0.908,0.966,0.691,0.5,0.057
13.4,3.139,2.197,0.918,0.966,0.69,0.499,0.057
13.5,3.151,2.209,0.922,0.966,0.691,0.5,0.057
13.600000000000001,3.156,2.213,0.924,0.966,0.691,0.5,0.057
13.700000000000001,3.158,2.215,0.925,0.966,0.69,0.5,0.056
13.8,3.159,2.216,0.925,0.966,0.69,0.5,0.057
13.9,3.159,2.216,0.925,0.966,0.691,0.5,0.057
14.0,3.159,2.216,0.925,0.966,0.691,0.5,0.057
14.100000000000001,3.115,2.176,0.91,0.966,0.692,0.5,0.057
14.200000000000001,3.141,2.2,0.919,0.966,0.691,0.5,0.057
14.3,3.152,2.21,0.923,0.967,0.691,0.5,0.058
14.4,3.156,2.213,0.924,0.967,0.691,0.5,0.057
14.5,3.158,2.215,0.925,0.967,0.692,0.5,0.057
14.600000000000001,3.114,2.175,0.91,0.966,0.691,0.5,0.058
14.700000000000001,3.097,2.159,0.904,0.966,0.69,0.5,0.057
14.8,3.134,2.193,0.917,0.966,0.691,0.5,0.057
14.9,3.105,2.167,0.907,0.967,0.69,0.5,0.057
15.0,3.137,2.196,0.918,0.966,0.69,0.501,0.057
15.100000000000001,3.106,2.168,0.908,0.967,0.69,0.501,0.057
15.200000000000001,3.138,2.197,0.918,0.966,0.691,0.501,0.058
15.3,3.151,2.208,0.922,0.966,0.691,0.501,0.058
15.4,3.156,2.213,0.924,0.967,0.691,0.501,0.057
15.5,3.158,2.215,0.925,0.967,0.692,0.501,0.058
15.600000000000001,3.159,2.216,0.925,0.966,0.691,0.501,0.057
15.700000000000001,3.159,2.216,0.925,0.966,0.692,0.501,0.057
15.8,3.115,2.176,0.91,0.967,0.692,0.502,0.058
15.9,3.097,2.159,0.905,0.967,0.691,0.502,0.057
16.0,3.179,2.234,0.932,0.968,0.692,0.502,0.058
16.1,3.167,2.223,0.928,0.967,0.692,0.502,0.058
16.2,3.162,2.219,0.926,0.967,0.692,0.502,0.058
16.3,3.16,2.217,0.925,0.967,0.692,0.502,0.057
16.400000000000002,3.071,2.136,0.896,0.967,0.692,0.503,0.058
16.5,3.08,2.144,0.899,0.967,0.692,0.502,0.058
16.6,3.127,2.187,0.915,0.967,0.691,0.503,0.057
16.7,3.102,2.164,0.906,0.968,0.692,0.502,0.057
16.8,3.136,2.195,0.918,0.967,0.692,0.503,0.057
16.900000000000002,3.15,2.208,0.922,0.968,0.692,0.503,0.058
17.0,3.155,2.213,0.924,0.968,0.693,0.503,0.058
17.1,3.113,2.174,0.91,0.967,0.692,0.503,0.058
17.2,3.097,2.159,0.904,0.968,0.692,0.503,0.057
17.3,3.134,2.193,0.917,0.968,0.692,0.503,0.058
17.400000000000002,3.061,2.127,0.893,0.967,0.692,0.503,0.057
17.5,3.12,2.18,0.912,0.968,0.692,0.503,0.058
17.6,3.143,2.202,0.92,0.968,0.692,0.503,0.058
17.7,3.197,2.251,0.938,0.969,0.692,0.503,0.058
17.8,3.174,2.23,0.93,0.968,0.692,0.504,0.058
17.900000000000002,3.165,2.222,0.927,0.968,0.692,0.503,0.058
18.0,3.117,2.178,0.911,0.968,0.692,0.504,0.058
18.1,3.142,2.201,0.92,0.968,0.693,0.505,0.058
18.2,3.108,2.17,0.908,0.968,0.693,0.505,0.058
18.3,3.094,2.157,0.904,0.967,0.692,0.504,0.059
18.400000000000002,3.133,2.192,0.917,0.967,0.692,0.505,0.058
18.5,3.105,2.166,0.907,0.968,0.692,0.505,0.058
18.6,3.093,2.156,0.903,0.968,0.693,0.505,0.058
18.7,3.088,2.151,0.902,0.968,0.692,0.505,0.058
18.8,3.131,2.19,0.916,0.969,0.692,0.506,0.058
18.900000000000002,3.104,2.165,0.907,0.969,0.693,0.505,0.058
19.0,3.093,2.155,0.903,0.969,0.692,0.505,0.058
19.1,3.088,2.151,0.902,0.968,0.692,0.505,0.058
19.200000000000003,3.087,2.15,0.901,0.968,0.693,0.506,0.058
19.3,3.086,2.149,0.901,0.967,0.693,0.506,0.058
19.400000000000002,3.219,2.272,0.945,0.967,0.692,0.506,0.058
19.5,3.183,2.238,0.933,0.968,0.693,0.506,0.058
19.6,3.169,2.225,0.928,0.968,0.693,0.506,0.058
19.700000000000003,3.163,2.22,0.926,0.969,0.693,0.506,0.058
19.8,3.161,2.218,0.926,0.968,0.693,0.506,0.058
19.900000000000002,3.16,2.217,0.925,0.968,0.693,0.506,0.058
20.0,3.204,2.257,0.94,0.967,0.693,0.506,0.058
20.1,3.177,2.233,0.931,0.967,0.693,0.507,0.058
20.200000000000003,3.166,2.223,0.927,0.968,0.693,0.506,0.058
20.3,3.162,2.219,0.926,0.968,0.693,0.507,0.058
20.400000000000002,3.116,2.177,0.911,0.969,0.694,0.508,0.058
20.5,3.142,2.2,0.919,0.969,0.694,0.508,0.058
20.6,3.152,2.21,0.923,0.969,0.693,0.51,0.058
20.700000000000003,3.112,2.173,0.909,0.968,0.693,0.511,0.058
20.8,3.14,2.199,0.919,0.969,0.693,0.512,0.057
20.900000000000002,3.107,2.169,0.908,0.969,0.693,0.512,0.058
21.0,3.094,2.157,0.904,0.969,0.693,0.512,0.058
21.1,3.178,2.233,0.931,0.969,0.694,0.512,0.058
21.200000000000003,3.122,2.183,0.913,0.969,0.694,0.512,0.058
21.3,3.189,2.244,0.935,0.97,0.693,0.512,0.059
21.400000000000002,3.171,2.227,0.929,0.97,0.694,0.512,0.059
21.5,3.12,2.18,0.912,0.971,0.694,0.512,0.059
21.6,3.143,2.202,0.92,0.97,0.694,0.512,0.059
21.700000000000003,3.109,2.17,0.908,0.97,0.693,0.512,0.058
21.8,3.095,2.157,0.904,0.97,0.694,0.513,0.058
21.900000000000002,3.089,2.152,0.902,0.97,0.693,0.513,0.059
22.0,3.131,2.19,0.916,0.969,0.694,0.513,0.059
22.1,3.104,2.165,0.907,0.97,0.694,0.513,0.058
22.200000000000003,3.093,2.155,0.903,0.97,0.694,0.513,0.058
22.3,3.088,2.151,0.902,0.97,0.694,0.513,0.059
22.400000000000002,3.175,2.231,0.93,0.969,0.694,0.513,0.058
22.5,3.21,2.263,0.942,0.97,0.693,0.513,0.059
22.6,3.179,2.235,0.932,0.969,0.693,0.513,0.059
22.700000000000003,3.167,2.224,0.928,0.969,0.694,0.513,0.058
22.8,3.118,2.179,0.911,0.969,0.694,0.513,0.058
22.900000000000002,3.098,2.161,0.905,0.969,0.694,0.513,0.058
23.0,3.135,2.194,0.917,0.969,0.693,0.514,0.058
23.1,3.105,2.167,0.907,0.969,0.694,0.514,0.058
23.200000000000003,3.138,2.196,0.918,0.969,0.694,0.513,0.059
23.3,3.062,2.128,0.893,0.969,0.694,0.514,0.059
23.400000000000002,3.12,2.181,0.912,0.97,0.694,0.514,0.058
23.5,3.099,2.162,0.905,0.969,0.694,0.514,0.058
23.6,3.135,2.194,0.917,0.969,0.694,0.514,0.059
23.700000000000003,3.105,2.167,0.907,0.97,0.695,0.514,0.059
23.8,3.093,2.156,0.903,0.969,0.694,0.514,0.059
23.900000000000002,3.177,2.233,0.931,0.969,0.694,0.514,0.059
24.0,3.122,2.182,0.913,0.97,0.694,0.514,0.059
24.1,3.144,2.203,0.92,0.969,0.693,0.514,0.059
24.200000000000003,3.153,2.211,0.923,0.97,0.694,0.514,0.059
24.3,3.112,2.173,0.91,0.969,0.694,0.514,0.059
24.400000000000002,3.14,2.199,0.919,0.97,0.694,0.514,0.059
24.5,3.152,2.209,0.923,0.969,0.694,0.515,0.059
24.6,3.201,2.254,0.939,0.97,0.694,0.516,0.059
24.700000000000003,3.22,2.272,0.945,0.97,0.694,0.516,0.058
24.8,3.139,2.198,0.919,0.97,0.695,0.515,0.059
24.900000000000002,3.151,2.209,0.922,0.969,0.694,0.514,0.059
25.0,3.112,2.173,0.909,0.97,0.694,0.515,0.059
25.1,3.14,2.199,0.919,0.969,0.694,0.516,0.059
25.200000000000003,3.107,2.169,0.908,0.969,0.695,0.515,0.059
25.3,3.138,2.197,0.918,0.97,0.694,0.515,0.059
25.400000000000002,3.285,2.333,0.967,0.97,0.695,0.516,0.058
25.5,3.209,2.263,0.942,0.97,0.695,0.516,0.059
25.6,3.135,2.194,0.917,0.97,0.695,0.516,0.059
25.700000000000003,3.105,2.167,0.907,0.969,0.695,0.516,0.059
25.8,3.093,2.156,0.903,0.97,0.695,0.516,0.059
25.900000000000002,3.133,2.192,0.916,0.969,0.694,0.516,0.059
26.0,3.193,2.247,0.936,0.97,0.695,0.516,0.059
26.1,3.128,2.188,0.915,0.969,0.694,0.516,0.059
26.200000000000003,3.191,2.246,0.936,0.969,0.694,0.516,0.059
26.3,3.172,2.228,0.929,0.97,0.694,0.516,0.059
26.400000000000002,3.12,2.18,0.912,0.969,0.694,0.516,0.059
26.5,3.099,2.161,0.905,0.969,0.694,0.516,0.059
26.6,3.135,2.194,0.917,0.97,0.695,0.517,0.059
26.700000000000003,3.15,2.207,0.922,0.97,0.695,0.516,0.059
26.8,3.155,2.213,0.924,0.97,0.695,0.517,0.059
26.900000000000002,3.202,2.256,0.939,0.969,0.694,0.516,0.059
27.0,3.176,2.232,0.931,0.97,0.695,0.517,0.059
27.1,3.166,2.222,0.927,0.97,0.694,0.517,0.059
27.200000000000003,3.206,2.26,0.941,0.97,0.695,0.517,0.059
27.3,3.178,2.233,0.931,0.97,0.695,0.517,0.059
27.400000000000002,3.167,2.223,0.928,0.97,0.695,0.516,0.059
27.5,3.207,2.26,0.941,0.969,0.694,0.517,0.059
27.6,3.178,2.234,0.931,0.97,0.695,0.516,0.059
27.700000000000003,3.167,2.223,0.928,0.969,0.694,0.517,0.059
27.8,3.251,2.301,0.956,0.97,0.695,0.517,0.059
27.900000000000002,3.196,2.25,0.937,0.97,0.696,0.518,0.059
28.0,3.174,2.23,0.93,0.97,0.695,0.518,0.059
28.1,3.165,2.222,0.927,0.97,0.695,0.518,0.059
28.200000000000003,3.161,2.218,0.926,0.97,0.695,0.517,0.059
28.3,3.16,2.217,0.925,0.969,0.696,0.517,0.059
28.400000000000002,3.159,2.216,0.925,0.97,0.695,0.517,0.059
28.5,3.159,2.216,0.925,0.97,0.695,0.517,0.06
28.6,3.159,2.216,0.925,0.97,0.695,0.517,0.059
28.700000000000003,3.159,2.216,0.925,0.969,0.695,0.518,0.059
28.8,3.159,2.216,0.925,0.969,0.695,0.517,0.059
28.900000000000002,3.159,2.216,0.925,0.97,0.695,0.518,0.059
29.0,3.159,2.216,0.925,0.97,0.695,0.517,0.059
29.1,3.159,2.216,0.925,0.97,0.695,0.517,0.059
29.200000000000003,3.115,2.176,0.91,0.97,0.695,0.518,0.059
29.3,3.186,2.241,0.934,0.97,0.695,0.518,0.059
29.400000000000002,3.17,2.226,0.929,0.97,0.695,0.518,0.059
29.5,3.253,2.302,0.956,0.97,0.695,0.518,0.059
29.6,3.286,2.333,0.967,0.97,0.695,0.518,0.059
29.700000000000003,3.21,2.263,0.942,0.97,0.696,0.518,0.059
29.8,3.179,2.235,0.932,0.97,0.696,0.518,0.059
29.900000000000002,3.167,2.224,0.928,0.971,0.696,0.519,0.059
30.0,3.162,2.219,0.926,0.97,0.696,0.518,0.059
30.1,3.16,2.217,0.926,0.971,0.697,0.519,0.059
30.200000000000003,3.16,2.217,0.925,0.971,0.696,0.519,0.059
30.3,3.159,2.216,0.925,0.97,0.695,0.518,0.06
30.400000000000002,3.248,2.299,0.955,0.971,0.696,0.518,0.059
30.5,3.239,2.29,0.952,0.97,0.696,0.519,0.059
30.6,3.191,2.246,0.936,0.971,0.696,0.519,0.059
30.700000000000003,3.216,2.269,0.944,0.971,0.696,0.519,0.059
30.8,3.227,2.278,0.947,0.97,0.696,0.519,0.059
30.900000000000002,3.186,2.241,0.934,0.971,0.696,0.519,0.059
31.0,3.17,2.226,0.929,0.971,0.696,0.52,0.059
31.1,3.163,2.22,0.927,0.971,0.696,0.519,0.059
31.200000000000003,3.524,2.56,1.048,0.972,0.697,0.52,0.06
31.3,3.305,2.354,0.974,0.971,0.697,0.52,0.059
31.400000000000002,3.262,2.312,0.959,0.97,0.697,0.52,0.059
31.5,3.2,2.254,0.939,0.971,0.697,0.52,0.059
31.6,3.176,2.231,0.931,0.971,0.697,0.521,0.059
31.700000000000003,3.255,2.305,0.957,0.971,0.697,0.521,0.059
31.8,3.242,2.292,0.953,0.97,0.697,0.52,0.06
31.900000000000002,3.281,2.329,0.966,0.971,0.698,0.521,0.06
32.0,3.253,2.302,0.956,0.971,0.697,0.521,0.059
32.1,3.196,2.251,0.938,0.972,0.697,0.521,0.059
32.2,3.13,2.189,0.915,0.972,0.697,0.522,0.059
32.300000000000004,3.192,2.246,0.936,0.971,0.698,0.522,0.06
32.4,3.172,2.228,0.929,0.972,0.698,0.522,0.059
32.5,3.164,2.221,0.927,0.972,0.698,0.523,0.06
32.6,3.161,2.218,0.926,0.972,0.698,0.522,0.06
32.7,3.204,2.258,0.94,0.972,0.698,0.522,0.059
32.800000000000004,3.177,2.233,0.931,0.972,0.698,0.522,0.06
32.9,3.166,2.223,0.927,0.972,0.698,0.522,0.059
33.0,3.251,2.301,0.956,0.972,0.698,0.522,0.06
33.1,3.196,2.25,0.937,0.972,0.698,0.522,0.059
33.2,3.174,2.23,0.93,0.972,0.698,0.522,0.059
33.300000000000004,3.165,2.222,0.927,0.971,0.698,0.522,0.059
33.4,3.161,2.218,0.926,0.972,0.698,0.522,0.06
33.5,3.16,2.217,0.925,0.972,0.697,0.522,0.06
33.6,3.159,2.216,0.925,0.972,0.698,0.522,0.06
33.7,3.159,2.216,0.925,0.972,0.698,0.522,0.06
33.800000000000004,3.159,2.216,0.925,0.972,0.698,0.523,0.06
33.9,3.293,2.341,0.97,0.971,0.698,0.524,0.06
34.0,3.257,2.307,0.958,0.971,0.698,0.523,0.06
34.1,3.243,2.293,0.953,0.97,0.698,0.522,0.06
34.2,3.193,2.247,0.936,0.971,0.698,0.522,0.06
34.300000000000004,3.173,2.228,0.93,0.97,0.697,0.523,0.06
34.4,3.209,2.262,0.942,0.97,0.698,0.523,0.059
34.5,3.179,2.234,0.932,0.971,0.698,0.523,0.06
34.6,3.167,2.223,0.928,0.971,0.698,0.522,0.06
34.7,3.162,2.219,0.926,0.971,0.698,0.522,0.06
34.800000000000004,3.16,2.217,0.925,0.972,0.698,0.523,0.06
34.9,3.16,2.217,0.925,0.972,0.698,0.523,0.06
35.0,3.159,2.216,0.925,0.972,0.698,0.523,0.059
35.1,3.159,2.216,0.925,0.972,0.698,0.524,0.06
35.2,3.071,2.136,0.896,0.972,0.698,0.524,0.06
35.300000000000004,3.124,2.184,0.913,0.972,0.698,0.524,0.059
35.4,3.145,2.203,0.92,0.971,0.697,0.523,0.06
35.5,3.153,2.211,0.923,0.971,0.698,0.524,0.06
35.6,3.157,2.214,0.924,0.972,0.698,0.524,0.059
35.7,3.158,2.215,0.925,0.971,0.698,0.524,0.06
35.800000000000004,3.159,2.216,0.925,0.971,0.698,0.524,0.06
35.9,3.159,2.216,0.925,0.971,0.698,0.523,0.06
36.0,3.159,2.216,0.925,0.971,0.698,0.523,0.059
36.1,3.204,2.257,0.94,0.971,0.698,0.524,0.06
36.2,3.177,2.232,0.931,0.972,0.698,0.524,0.06
36.300000000000004,3.255,2.305,0.957,0.972,0.698,0.524,0.059
36.4,3.198,2.252,0.938,0.972,0.699,0.524,0.06
36.5,3.175,2.23,0.93,0.973,0.699,0.524,0.06
36.6,3.165,2.222,0.927,0.972,0.698,0.524,0.06
36.7,3.162,2.218,0.926,0.973,0.698,0.524,0.06
36.800000000000004,3.249,2.299,0.955,0.972,0.699,0.524,0.06
36.9,3.284,2.332,0.967,0.973,0.699,0.524,0.06
37.0,3.209,2.262,0.942,0.973,0.699,0.524,0.06
37.1,3.179,2.235,0.932,0.972,0.699,0.524,0.06
37.2,3.256,2.306,0.957,0.972,0.698,0.524,0.06
37.300000000000004,3.154,2.212,0.923,0.971,0.698,0.524,0.06
37.4,3.157,2.214,0.924,0.972,0.698,0.524,0.06
37.5,3.158,2.215,0.925,0.972,0.699,0.524,0.06
37.6,3.159,2.216,0.925,0.972,0.699,0.523,0.06
37.7,3.159,2.216,0.925,0.971,0.699,0.524,0.06
37.800000000000004,3.159,2.216,0.925,0.972,0.699,0.524,0.06
37.9,3.159,2.216,0.925,0.972,0.699,0.524,0.059
38.0,3.384,2.426,1,0.973,0.7,0.525,0.06
38.1,3.294,2.341,0.97,0.973,0.7,0.525,0.06
38.2,3.213,2.266,0.943,0.973,0.7,0.525,0.06
38.300000000000004,3.181,2.236,0.932,0.973,0.7,0.526,0.06
38.400000000000006,3.168,2.224,0.928,0.973,0.7,0.525,0.06
38.5,3.207,2.26,0.941,0.973,0.701,0.525,0.06
38.6,3.178,2.234,0.931,0.973,0.7,0.525,0.06
38.7,3.167,2.223,0.928,0.974,0.7,0.525,0.06
38.800000000000004,3.162,2.219,0.926,0.973,0.7,0.525,0.06
38.900000000000006,3.16,2.217,0.925,0.973,0.701,0.525,0.06
39.0,3.16,2.217,0.925,0.973,0.7,0.525,0.061
39.1,3.159,2.216,0.925,0.973,0.7,0.524,0.06
39.2,3.071,2.136,0.896,0.973,0.701,0.525,0.06
39.300000000000004,3.124,2.184,0.913,0.974,0.701,0.526,0.06
39.400000000000006,3.145,2.203,0.92,0.973,0.701,0.526,0.06
39.5,3.109,2.17,0.909,0.973,0.701,0.526,0.06
39.6,3.139,2.198,0.918,0.972,0.701,0.525,0.06
39.7,3.151,2.209,0.922,0.973,0.7,0.526,0.06
39.800000000000004,3.2,2.254,0.939,0.974,0.701,0.526,0.06
39.900000000000006,3.176,2.231,0.931,0.973,0.701,0.526,0.06
40.0,3.166,2.222,0.927,0.973,0.7,0.526,0.06
40.1,3.162,2.219,0.926,0.973,0.7,0.525,0.061
40.2,3.16,2.217,0.925,0.973,0.701,0.526,0.06
40.300000000000004,3.16,2.216,0.925,0.973,0.701,0.526,0.06
40.400000000000006,3.204,2.257,0.94,0.973,0.701,0.526,0.06
40.5,3.177,2.233,0.931,0.974,0.701,0.525,0.06
40.6,3.166,2.223,0.927,0.973,0.701,0.526,0.06
40.7,3.162,2.219,0.926,0.973,0.7,0.526,0.061
40.800000000000004,3.16,2.217,0.925,0.973,0.7,0.525,0.06
40.900000000000006,3.115,2.176,0.911,0.972,0.701,0.526,0.061
41.0,3.142,2.2,0.919,0.973,0.701,0.526,0.061
41.1,3.152,2.21,0.923,0.973,0.701,0.526,0.06
41.2,3.156,2.214,0.924,0.974,0.701,0.526,0.06
41.300000000000004,3.202,2.256,0.939,0.973,0.701,0.526,0.06
41.400000000000006,3.176,2.232,0.931,0.974,0.701,0.526,0.06
41.5,3.166,2.222,0.927,0.973,0.701,0.526,0.06
41.6,3.162,2.219,0.926,0.973,0.701,0.526,0.061
41.7,3.16,2.217,0.925,0.973,0.701,0.526,0.061
41.800000000000004,3.115,2.176,0.911,0.973,0.701,0.526,0.061
41.900000000000006,3.142,2.2,0.919,0.973,0.701,0.526,0.06
42.0,3.152,2.21,0.923,0.973,0.701,0.526,0.06
42.1,3.156,2.214,0.924,0.973,0.701,0.526,0.06
42.2,3.158,2.215,0.925,0.973,0.701,0.526,0.06
42.300000000000004,3.159,2.216,0.925,0.973,0.701,0.526,0.061
42.400000000000006,3.159,2.216,0.925,0.974,0.702,0.527,0.061
42.5,3.159,2.216,0.925,0.974,0.701,0.527,0.061
42.6,3.159,2.216,0.925,0.973,0.701,0.527,0.06
42.7,3.159,2.216,0.925,0.973,0.702,0.527,0.06
42.800000000000004,3.159,2.216,0.925,0.973,0.701,0.527,0.06
42.900000000000006,3.159,2.216,0.925,0.974,0.701,0.527,0.06
43.0,3.159,2.216,0.925,0.973,0.701,0.527,0.061
43.1,3.159,2.216,0.925,0.973,0.702,0.526,0.06
43.2,3.159,2.216,0.925,0.973,0.701,0.527,0.061
43.300000000000004,3.159,2.216,0.925,0.973,0.701,0.527,0.061
43.400000000000006,3.159,2.216,0.925,0.973,0.702,0.527,0.06
43.5,3.159,2.216,0.925,0.973,0.701,0.526,0.06
43.6,3.159,2.216,0.925,0.973,0.701,0.527,0.061
43.7,3.159,2.216,0.925,0.972,0.701,0.526,0.06
43.800000000000004,3.159,2.216,0.925,0.973,0.701,0.526,0.061
43.900000000000006,3.159,2.216,0.925,0.972,0.701,0.527,0.06
44.0,3.159,2.216,0.925,0.973,0.701,0.527,0.06
44.1,3.159,2.216,0.925,0.973,0.701,0.527,0.061
44.2,3.159,2.216,0.925,0.972,0.701,0.526,0.061
44.300000000000004,3.159,2.216,0.925,0.973,0.701,0.527,0.061
44.400000000000006,3.159,2.216,0.925,0.973,0.702,0.527,0.06
44.5,3.115,2.176,0.91,0.974,0.702,0.527,0.061
44.6,3.141,2.2,0.919,0.973,0.701,0.527,0.06
44.7,3.152,2.21,0.923,0.973,0.703,0.527,0.06
44.800000000000004,3.156,2.213,0.924,0.973,0.704,0.527,0.061
44.900000000000006,3.158,2.215,0.925,0.974,0.704,0.526,0.061
45.0,3.159,2.216,0.925,0.973,0.703,0.527,0.061
45.1,3.159,2.216,0.925,0.973,0.702,0.527,0.06
45.2,3.115,2.176,0.91,0.972,0.702,0.527,0.06
45.300000000000004,3.186,2.241,0.934,0.973,0.701,0.527,0.06
45.400000000000006,3.17,2.226,0.929,0.973,0.703,0.527,0.061
45.5,3.163,2.22,0.926,0.973,0.702,0.527,0.061
45.6,3.161,2.218,0.926,0.973,0.702,0.527,0.061
45.7,3.16,2.217,0.925,0.973,0.701,0.527,0.06
45.800000000000004,3.159,2.216,0.925,0.973,0.702,0.527,0.061
45.900000000000006,3.159,2.216,0.925,0.973,0.703,0.528,0.061
46.0,3.159,2.216,0.925,0.974,0.704,0.527,0.061
46.1,3.159,2.216,0.925,0.973,0.704,0.528,0.06
46.2,3.159,2.216,0.925,0.973,0.702,0.527,0.061
46.300000000000004,3.115,2.176,0.91,0.974,0.703,0.527,0.06
46.400000000000006,3.141,2.2,0.919,0.973,0.703,0.527,0.061
46.5,3.152,2.21,0.923,0.974,0.703,0.527,0.061
46.6,3.156,2.213,0.924,0.973,0.704,0.528,0.061
46.7,3.158,2.215,0.925,0.973,0.704,0.527,0.061
46.800000000000004,3.159,2.216,0.925,0.973,0.704,0.527,0.061
46.900000000000006,3.159,2.216,0.925,0.972,0.704,0.527,0.061
47.0,3.159,2.216,0.925,0.973,0.704,0.527,0.06
47.1,3.159,2.216,0.925,0.973,0.704,0.527,0.061
47.2,3.159,2.216,0.925,0.974,0.704,0.528,0.061
47.300000000000004,3.204,2.257,0.94,0.973,0.704,0.527,0.061
47.400000000000006,3.133,2.192,0.916,0.973,0.704,0.528,0.061
47.5,3.104,2.166,0.907,0.973,0.704,0.527,0.061
47.6,3.137,2.196,0.918,0.973,0.704,0.528,0.061
47.7,3.15,2.208,0.922,0.973,0.704,0.527,0.061
47.800000000000004,3.156,2.213,0.924,0.972,0.703,0.527,0.06
47.900000000000006,3.158,2.215,0.925,0.973,0.702,0.528,0.061
48.0,3.159,2.216,0.925,0.973,0.703,0.528,0.061
48.1,3.159,2.216,0.925,0.973,0.704,0.527,0.061
48.2,3.204,2.257,0.94,0.973,0.704,0.528,0.061
48.300000000000004,3.221,2.273,0.946,0.973,0.704,0.528,0.061
48.400000000000006,3.184,2.239,0.933,0.973,0.704,0.528,0.061
48.5,3.169,2.225,0.928,0.973,0.705,0.529,0.061
48.6,3.163,2.22,0.926,0.973,0.704,0.528,0.06
48.7,3.161,2.218,0.926,0.973,0.702,0.528,0.061
48.800000000000004,3.16,2.217,0.925,0.974,0.703,0.528,0.06
48.900000000000006,3.159,2.216,0.925,0.973,0.704,0.527,0.061
49.0,3.159,2.216,0.925,0.973,0.702,0.527,0.061
49.1,3.115,2.176,0.91,0.973,0.703,0.527,0.061
49.2,3.141,2.2,0.919,0.973,0.704,0.528,0.061
49.300000000000004,3.152,2.21,0.923,0.973,0.704,0.528,0.061
49.400000000000006,3.156,2.213,0.924,0.973,0.704,0.527,0.061
49.5,3.158,2.215,0.925,0.973,0.704,0.527,0.061
49.6,3.159,2.216,0.925,0.973,0.704,0.528,0.061
49.7,3.115,2.175,0.91,0.973,0.704,0.528,0.061
49.800000000000004,3.097,2.159,0.905,0.972,0.703,0.528,0.061
49.900000000000006,3.134,2.193,0.917,0.973,0.704,0.528,0.061
50.0,3.194,2.248,0.937,0.974,0.704,0.528,0.061
50.1,3.173,2.229,0.93,0.973,0.704,0.528,0.061
50.2,3.165,2.221,0.927,0.974,0.703,0.527,0.061
50.300000000000004,3.161,2.218,0.926,0.973,0.704,0.528,0.061
50.400000000000006,3.16,2.217,0.925,0.973,0.704,0.528,0.061
50.5,3.159,2.216,0.925,0.973,0.704,0.527,0.062
50.6,3.159,2.216,0.925,0.973,0.704,0.528,0.061
50.7,3.159,2.216,0.925,0.973,0.704,0.529,0.062
50.800000000000004,3.204,2.257,0.94,0.973,0.704,0.529,0.061
50.900000000000006,3.177,2.232,0.931,0.973,0.704,0.528,0.061
51.0,3.166,2.223,0.927,0.974,0.704,0.529,0.061
51.1,3.162,2.219,0.926,0.973,0.704,0.529,0.061
51.2,3.16,2.217,0.925,0.973,0.704,0.528,0.061
51.300000000000004,3.16,2.216,0.925,0.973,0.704,0.528,0.061
51.400000000000006,3.159,2.216,0.925,0.973,0.703,0.527,0.061
51.5,3.159,2.216,0.925,0.974,0.704,0.528,0.061
51.6,3.159,2.216,0.925,0.974,0.704,0.528,0.061
51.7,3.159,2.216,0.925,0.973,0.704,0.529,0.061
51.800000000000004,3.159,2.216,0.925,0.974,0.704,0.529,0.061
51.900000000000006,3.159,2.216,0.925,0.973,0.705,0.529,0.061
52.0,3.159,2.216,0.925,0.974,0.705,0.529,0.062
52.1,3.159,2.216,0.925,0.974,0.705,0.529,0.061
52.2,3.159,2.216,0.925,0.974,0.705,0.529,0.061
52.300000000000004,3.159,2.216,0.925,0.973,0.704,0.529,0.061
52.400000000000006,3.159,2.216,0.925,0.974,0.704,0.53,0.061
52.5,3.159,2.216,0.925,0.974,0.705,0.529,0.061
52.6,3.204,2.257,0.94,0.974,0.705,0.53,0.061
52.7,3.177,2.232,0.931,0.975,0.705,0.53,0.06
52.800000000000004,3.211,2.264,0.942,0.974,0.705,0.529,0.061
52.900000000000006,3.18,2.235,0.932,0.974,0.704,0.53,0.061
53.0,3.167,2.224,0.928,0.975,0.704,0.529,0.061
53.1,3.162,2.219,0.926,0.974,0.705,0.53,0.061
53.2,3.16,2.217,0.926,0.974,0.704,0.53,0.061
53.300000000000004,3.115,2.176,0.911,0.974,0.704,0.529,0.061
53.400000000000006,3.142,2.2,0.919,0.974,0.705,0.53,0.061
53.5,3.152,2.21,0.923,0.975,0.705,0.53,0.061
53.6,3.201,2.254,0.939,0.974,0.705,0.53,0.061
53.7,3.176,2.231,0.931,0.974,0.704,0.53,0.062
53.800000000000004,3.166,2.222,0.927,0.975,0.705,0.53,0.061
53.900000000000006,3.118,2.178,0.911,0.975,0.705,0.53,0.061
54.0,3.187,2.242,0.934,0.975,0.704,0.53,0.061
54.1,3.17,2.226,0.929,0.974,0.705,0.53,0.061
54.2,3.164,2.22,0.927,0.975,0.705,0.53,0.061
54.300000000000004,3.161,2.218,0.926,0.975,0.705,0.53,0.061
54.400000000000006,3.16,2.217,0.925,0.976,0.705,0.53,0.061
54.5,2.999,2.104,0.878,0.925,0.669,0.503,0.058
54.6,2.892,2.034,0.848,0.886,0.64,0.481,0.055
54.7,2.785,1.957,0.816,0.854,0.617,0.464,0.053
54.800000000000004,2.699,1.896,0.791,0.828,0.599,0.451,0.052
54.900000000000006,2.63,1.848,0.771,0.808,0.584,0.44,0.051
55.0,2.575,1.809,0.755,0.792,0.573,0.431,0.05
55.1,2.532,1.778,0.742,0.779,0.563,0.424,0.049
55.2,2.486,1.743,0.728,0.768,0.556,0.418,0.048
55.300000000000004,2.46,1.725,0.72,0.76,0.55,0.413,0.048
55.400000000000006,2.428,1.7,0.71,0.754,0.545,0.41,0.047
55.5,2.392,1.671,0.699,0.748,0.542,0.407,0.047
55.6,2.352,1.638,0.686,0.744,0.538,0.404,0.046
55.7,2.331,1.621,0.68,0.74,0.536,0.402,0.046
55.800000000000004,2.303,1.597,0.671,0.737,0.534,0.4,0.046
55.900000000000006,2.281,1.579,0.664,0.735,0.532,0.398,0.046
56.0,2.275,1.574,0.662,0.733,0.531,0.397,0.046
56.1,2.258,1.56,0.657,0.731,0.53,0.396,0.045
56.2,2.245,1.549,0.653,0.73,0.529,0.394,0.045
56.300000000000004,2.235,1.54,0.649,0.728,0.529,0.393,0.045
56.400000000000006,2.226,1.533,0.647,0.727,0.528,0.392,0.045
56.5,2.22,1.527,0.645,0.726,0.528,0.391,0.045
56.6,2.214,1.523,0.643,0.725,0.527,0.389,0.044
56.7,2.21,1.519,0.642,0.724,0.527,0.388,0.044
56.800000000000004,2.207,1.516,0.64,0.724,0.527,0.387,0.044
56.900000000000006,2.204,1.514,0.64,0.723,0.527,0.385,0.044
57.0,2.235,1.542,0.65,0.722,0.527,0.384,0.044
57.1,2.227,1.535,0.647,0.722,0.526,0.382,0.044
57.2,2.22,1.529,0.645,0.721,0.526,0.381,0.044
57.300000000000004,2.215,1.524,0.643,0.721,0.526,0.38,0.044
57.400000000000006,2.21,1.52,0.642,0.721,0.526,0.379,0.044
57.5,2.229,1.537,0.648,0.72,0.526,0.377,0.044
57.6,2.222,1.53,0.645,0.72,0.526,0.376,0.043
57.7,2.216,1.525,0.644,0.719,0.526,0.375,0.043
57.800000000000004,2.211,1.521,0.642,0.719,0.526,0.374,0.043
57.900000000000006,2.208,1.518,0.641,0.719,0.526,0.373,0.043
58.0,2.205,1.515,0.64,0.719,0.526,0.372,0.043
58.1,2.203,1.513,0.639,0.718,0.526,0.371,0.043
58.2,2.201,1.511,0.639,0.718,0.526,0.37,0.043
58.300000000000004,2.243,1.55,0.653,0.718,0.526,0.369,0.043
58.400000000000006,2.233,1.541,0.649,0.718,0.526,0.368,0.043
58.5,2.225,1.534,0.647,0.717,0.526,0.368,0.042
58.6,2.219,1.528,0.645,0.717,0.526,0.367,0.043
58.7,2.214,1.523,0.643,0.717,0.526,0.366,0.043
58.800000000000004,2.21,1.52,0.642,0.717,0.526,0.365,0.043
58.900000000000006,2.206,1.517,0.64,0.717,0.526,0.365,0.042
59.0,2.204,1.514,0.64,0.717,0.526,0.364,0.042
59.1,2.202,1.512,0.639,0.717,0.526,0.363,0.042
59.2,2.189,1.501,0.635,0.717,0.526,0.362,0.042
59.300000000000004,2.19,1.502,0.635,0.716,0.526,0.362,0.042
59.400000000000006,2.191,1.502,0.635,0.716,0.526,0.361,0.042
59.5,2.191,1.503,0.635,0.716,0.526,0.36,0.042
59.6,2.203,1.513,0.639,0.715,0.526,0.359,0.042
59.7,2.201,1.511,0.639,0.715,0.526,0.357,0.042
59.800000000000004,2.199,1.51,0.638,0.715,0.526,0.356,0.042
59.900000000000006,2.209,1.519,0.641,0.714,0.526,0.355,0.042
60.0,2.206,1.516,0.64,0.714,0.526,0.354,0.042
60.1,2.203,1.514,0.639,0.713,0.526,0.353,0.042
60.2,2.201,1.512,0.639,0.713,0.526,0.352,0.042
60.300000000000004,2.2,1.511,0.638,0.713,0.526,0.351,0.042
60.400000000000006,2.198,1.509,0.638,0.713,0.526,0.35,0.042
60.5,2.197,1.508,0.637,0.712,0.526,0.349,0.042
60.6,2.197,1.508,0.637,0.712,0.526,0.348,0.042
60.7,2.196,1.507,0.637,0.712,0.526,0.347,0.042
60.800000000000004,2.195,1.507,0.637,0.711,0.526,0.346,0.041
60.900000000000006,2.195,1.506,0.637,0.711,0.526,0.345,0.041
61.0,2.184,1.496,0.633,0.711,0.526,0.344,0.041
61.1,2.186,1.498,0.634,0.71,0.526,0.343,0.041
61.2,2.187,1.499,0.634,0.71,0.526,0.342,0.041
61.300000000000004,2.188,1.5,0.635,0.71,0.526,0.341,0.041
61.400000000000006,2.189,1.501,0.635,0.709,0.526,0.34,0.041
61.5,2.19,1.502,0.635,0.71,0.526,0.339,0.041
61.6,2.191,1.503,0.635,0.709,0.526,0.338,0.041
61.7,2.191,1.503,0.635,0.709,0.526,0.337,0.041
61.800000000000004,2.192,1.503,0.636,0.709,0.526,0.336,0.041
61.900000000000006,2.192,1.504,0.636,0.709,0.526,0.335,0.041
62.0,2.192,1.504,0.636,0.708,0.526,0.334,0.041
62.1,2.193,1.504,0.636,0.708,0.526,0.333,0.041
62.2,2.193,1.504,0.636,0.708,0.526,0.332,0.041
62.300000000000004,2.193,1.504,0.636,0.708,0.526,0.332,0.041
62.400000000000006,2.193,1.504,0.636,0.708,0.526,0.331,0.041
62.5,2.193,1.505,0.636,0.708,0.526,0.33,0.041
62.6,2.193,1.505,0.636,0.708,0.526,0.329,0.041
62.7,2.193,1.505,0.636,0.708,0.526,0.329,0.041
62.800000000000004,2.193,1.505,0.636,0.708,0.526,0.328,0.041
62.900000000000006,2.193,1.505,0.636,0.707,0.526,0.327,0.041
63.0,2.193,1.505,0.636,0.707,0.526,0.327,0.041
63.1,2.193,1.505,0.636,0.707,0.526,0.326,0.041
63.2,2.193,1.505,0.636,0.707,0.526,0.325,0.041
63.300000000000004,2.193,1.505,0.636,0.707,0.526,0.324,0.041
63.400000000000006,2.193,1.505,0.636,0.707,0.526,0.324,0.041
63.5,2.204,1.515,0.64,0.707,0.526,0.323,0.04
63.6,2.213,1.523,0.643,0.707,0.526,0.323,0.04
63.7,2.231,1.539,0.649,0.707,0.526,0.322,0.041
63.800000000000004,2.234,1.542,0.65,0.707,0.526,0.322,0.041
63.900000000000006,2.237,1.544,0.651,0.707,0.526,0.321,0.041
64.0,2.228,1.536,0.648,0.707,0.526,0.321,0.041
64.10000000000001,2.221,1.53,0.645,0.707,0.526,0.32,0.041
64.2,2.216,1.525,0.643,0.707,0.526,0.32,0.041
64.3,2.222,1.531,0.646,0.708,0.526,0.32,0.041
64.4,2.216,1.526,0.644,0.708,0.526,0.319,0.041
64.5,2.212,1.521,0.642,0.708,0.526,0.319,0.041
64.60000000000001,2.208,1.518,0.641,0.708,0.526,0.319,0.041
64.7,2.205,1.515,0.64,0.708,0.526,0.319,0.041
64.8,2.214,1.523,0.643,0.708,0.526,0.318,0.041
64.9,2.221,1.529,0.645,0.708,0.526,0.318,0.041
65.0,2.226,1.534,0.647,0.708,0.526,0.318,0.041
65.10000000000001,2.219,1.528,0.645,0.708,0.526,0.317,0.041
65.2,2.225,1.533,0.647,0.708,0.526,0.317,0.041
65.3,2.23,1.538,0.648,0.708,0.526,0.317,0.041
65.4,2.233,1.541,0.649,0.708,0.526,0.317,0.041
65.5,2.236,1.543,0.65,0.708,0.526,0.316,0.041
65.60000000000001,2.239,1.546,0.651,0.708,0.526,0.316,0.041
65.7,2.24,1.547,0.652,0.708,0.526,0.316,0.041
65.8,2.264,1.569,0.659,0.708,0.526,0.315,0.041
65.9,2.261,1.566,0.658,0.708,0.526,0.315,0.041
66.0,2.258,1.563,0.657,0.708,0.526,0.315,0.041
66.10000000000001,2.234,1.542,0.65,0.708,0.526,0.314,0.041
66.2,2.237,1.544,0.65,0.708,0.526,0.314,0.041
66.3,2.239,1.546,0.651,0.708,0.526,0.314,0.041
66.4,2.241,1.548,0.652,0.708,0.526,0.314,0.041
66.5,2.231,1.539,0.649,0.707,0.526,0.313,0.041
66.60000000000001,2.246,1.552,0.653,0.707,0.526,0.313,0.041
66.7,2.246,1.552,0.653,0.707,0.526,0.313,0.041
66.8,2.246,1.553,0.654,0.707,0.526,0.312,0.041
66.9,2.258,1.563,0.657,0.707,0.526,0.312,0.041
67.0,2.256,1.561,0.657,0.707,0.526,0.312,0.041
67.10000000000001,2.254,1.56,0.656,0.707,0.525,0.312,0.041
67.2,2.242,1.549,0.652,0.707,0.525,0.311,0.041
67.3,2.221,1.53,0.645,0.707,0.525,0.311,0.041
67.4,2.227,1.535,0.647,0.707,0.525,0.311,0.041
67.5,2.231,1.539,0.648,0.707,0.525,0.31,0.041
67.60000000000001,2.256,1.562,0.657,0.706,0.525,0.31,0.041
67.7,2.266,1.57,0.66,0.706,0.525,0.309,0.041
67.8,2.262,1.567,0.659,0.706,0.525,0.309,0.041
67.9,2.259,1.564,0.658,0.706,0.525,0.309,0.041
68.0,2.246,1.552,0.653,0.706,0.525,0.308,0.041
68.10000000000001,2.257,1.563,0.657,0.706,0.526,0.308,0.041
68.2,2.255,1.561,0.657,0.706,0.526,0.308,0.041
68.3,2.254,1.559,0.656,0.706,0.526,0.308,0.041
68.4,2.253,1.558,0.656,0.706,0.526,0.307,0.041
68.5,2.252,1.557,0.655,0.706,0.526,0.307,0.041
68.60000000000001,2.251,1.557,0.655,0.706,0.526,0.307,0.041
68.7,2.25,1.556,0.655,0.706,0.526,0.306,0.041
68.8,2.25,1.556,0.655,0.705,0.526,0.306,0.041
68.9,2.249,1.555,0.655,0.706,0.526,0.305,0.041
69.0,2.282,1.585,0.665,0.705,0.526,0.305,0.041
69.10000000000001,2.264,1.569,0.66,0.705,0.526,0.304,0.041
69.2,2.261,1.566,0.658,0.705,0.526,0.303,0.041
69.3,2.258,1.564,0.658,0.705,0.526,0.303,0.041
69.4,2.256,1.562,0.657,0.704,0.526,0.302,0.041
69.5,2.255,1.56,0.656,0.704,0.526,0.302,0.041
69.60000000000001,2.253,1.559,0.656,0.704,0.526,0.301,0.041
69.7,2.263,1.568,0.659,0.704,0.526,0.301,0.041
69.8,2.26,1.565,0.658,0.704,0.526,0.3,0.041
69.9,2.258,1.563,0.657,0.704,0.526,0.3,0.041
70.0,2.256,1.561,0.657,0.704,0.526,0.299,0.041
70.10000000000001,2.254,1.56,0.656,0.703,0.526,0.299,0.041
70.2,2.253,1.558,0.656,0.703,0.526,0.298,0.041
70.3,2.252,1.557,0.655,0.703,0.526,0.298,0.041
70.4,2.251,1.557,0.655,0.703,0.526,0.297,0.041
70.5,2.25,1.556,0.655,0.704,0.525,0.297,0.041
70.60000000000001,2.25,1.556,0.655,0.704,0.525,0.297,0.041
70.7,2.26,1.565,0.658,0.704,0.525,0.297,0.041
70.8,2.269,1.573,0.661,0.704,0.525,0.296,0.041
70.9,2.276,1.579,0.663,0.704,0.525,0.296,0.041
71.0,2.27,1.574,0.661,0.704,0.525,0.296,0.041
71.10000000000001,2.299,1.6,0.671,0.704,0.525,0.296,0.041
71.2,2.3,1.601,0.671,0.704,0.525,0.296,0.041
71.3,2.3,1.601,0.671,0.703,0.526,0.295,0.041
71.4,2.301,1.602,0.671,0.704,0.526,0.295,0.041
71.5,2.29,1.592,0.668,0.703,0.526,0.295,0.041
71.60000000000001,2.281,1.584,0.665,0.703,0.526,0.294,0.041
71.7,2.297,1.598,0.67,0.703,0.526,0.294,0.041
71.8,2.298,1.599,0.671,0.703,0.526,0.293,0.041
71.9,2.288,1.59,0.667,0.703,0.525,0.293,0.041
72.0,2.28,1.583,0.665,0.703,0.525,0.293,0.041
72.10000000000001,2.273,1.577,0.662,0.703,0.525,0.292,0.041
72.2,2.268,1.572,0.661,0.703,0.525,0.292,0.041
72.3,2.275,1.579,0.663,0.702,0.525,0.291,0.041
72.4,2.27,1.574,0.661,0.702,0.525,0.291,0.041
72.5,2.265,1.57,0.66,0.702,0.525,0.291,0.041
72.60000000000001,2.262,1.566,0.659,0.702,0.525,0.29,0.041
72.7,2.259,1.564,0.658,0.701,0.525,0.29,0.041
72.8,2.268,1.572,0.661,0.701,0.525,0.29,0.04
72.9,2.264,1.568,0.659,0.701,0.525,0.289,0.04
73.0,2.26,1.565,0.658,0.701,0.525,0.289,0.041
73.10000000000001,2.258,1.563,0.657,0.701,0.525,0.289,0.041
73.2,2.245,1.551,0.653,0.701,0.526,0.288,0.04
73.3,2.246,1.552,0.653,0.701,0.526,0.288,0.04
73.4,2.257,1.562,0.657,0.7,0.526,0.287,0.04
73.5,2.255,1.561,0.656,0.7,0.526,0.287,0.04
73.60000000000001,2.254,1.559,0.656,0.7,0.526,0.286,0.04
73.7,2.252,1.558,0.656,0.7,0.526,0.285,0.04
73.8,2.241,1.547,0.652,0.7,0.526,0.285,0.04
73.9,2.242,1.549,0.652,0.7,0.525,0.285,0.04
74.0,2.243,1.55,0.653,0.7,0.525,0.284,0.04
74.10000000000001,2.266,1.571,0.66,0.7,0.525,0.284,0.04
74.2,2.273,1.577,0.663,0.699,0.525,0.283,0.04
74.3,2.268,1.573,0.661,0.699,0.525,0.283,0.04
74.4,2.264,1.569,0.659,0.699,0.525,0.283,0.04
74.5,2.261,1.566,0.658,0.699,0.525,0.282,0.04
74.60000000000001,2.258,1.563,0.658,0.699,0.526,0.282,0.04
74.7,2.267,1.571,0.66,0.699,0.526,0.281,0.04
74.8,2.274,1.578,0.663,0.699,0.525,0.281,0.04
74.9,2.28,1.583,0.665,0.698,0.525,0.281,0.04
75.0,2.284,1.587,0.666,0.698,0.525,0.28,0.04
75.10000000000001,2.288,1.59,0.667,0.698,0.525,0.28,0.04
75.2,2.291,1.593,0.668,0.697,0.525,0.279,0.04
75.3,2.282,1.585,0.665,0.698,0.525,0.279,0.04
75.4,2.286,1.589,0.667,0.698,0.525,0.279,0.04
75.5,2.29,1.592,0.668,0.698,0.525,0.279,0.04
75.60000000000001,2.281,1.584,0.665,0.698,0.525,0.278,0.04
75.7,2.274,1.578,0.663,0.698,0.525,0.278,0.04
75.8,2.269,1.573,0.661,0.698,0.525,0.278,0.04
75.9,2.265,1.569,0.66,0.698,0.525,0.278,0.04
76.0,2.261,1.566,0.659,0.698,0.525,0.277,0.041
76.10000000000001,2.259,1.564,0.658,0.698,0.525,0.277,0.041
76.2,2.256,1.562,0.657,0.698,0.525,0.277,0.041
76.3,2.255,1.56,0.656,0.698,0.525,0.277,0.041
76.4,2.253,1.559,0.656,0.698,0.525,0.276,0.041
76.5,2.252,1.558,0.656,0.698,0.525,0.276,0.041
76.60000000000001,2.262,1.567,0.659,0.698,0.525,0.276,0.041
76.7,2.27,1.574,0.662,0.698,0.525,0.275,0.041
76.80000000000001,2.266,1.57,0.66,0.698,0.525,0.275,0.041
76.9,2.262,1.567,0.659,0.698,0.525,0.275,0.041
77.0,2.27,1.574,0.661,0.697,0.525,0.274,0.041
77.10000000000001,2.277,1.58,0.664,0.697,0.525,0.274,0.041
77.2,2.271,1.575,0.662,0.697,0.525,0.274,0.041
77.30000000000001,2.277,1.581,0.664,0.697,0.525,0.273,0.041
77.4,2.282,1.585,0.665,0.697,0.525,0.273,0.041
77.5,2.275,1.579,0.663,0.697,0.525,0.273,0.041
77.60000000000001,2.281,1.584,0.665,0.697,0.525,0.273,0.041
77.7,2.285,1.588,0.666,0.697,0.525,0.272,0.041
77.80000000000001,2.289,1.591,0.668,0.697,0.525,0.272,0.041
77.9,2.291,1.593,0.668,0.697,0.525,0.272,0.041
78.0,2.283,1.586,0.666,0.697,0.525,0.271,0.041
78.10000000000001,2.276,1.579,0.663,0.697,0.525,0.271,0.041
78.2,2.281,1.584,0.665,0.697,0.525,0.271,0.041
78.30000000000001,2.285,1.588,0.666,0.697,0.525,0.271,0.041
78.4,2.278,1.581,0.664,0.697,0.525,0.271,0.041
78.5,2.272,1.576,0.662,0.697,0.525,0.27,0.041
78.60000000000001,2.267,1.571,0.66,0.696,0.525,0.27,0.041
78.7,2.274,1.578,0.663,0.696,0.525,0.27,0.041
78.80000000000001,2.269,1.573,0.661,0.696,0.525,0.27,0.041
78.9,2.276,1.579,0.663,0.696,0.525,0.269,0.041
79.0,2.27,1.574,0.661,0.696,0.525,0.269,0.041
79.10000000000001,2.266,1.57,0.66,0.696,0.524,0.269,0.041
79.2,2.262,1.567,0.659,0.696,0.525,0.269,0.041
79.30000000000001,2.259,1.564,0.658,0.696,0.524,0.268,0.041
79.4,2.257,1.562,0.657,0.696,0.524,0.268,0.041
79.5,2.266,1.57,0.66,0.696,0.525,0.268,0.041
79.60000000000001,2.262,1.567,0.659,0.696,0.524,0.268,0.041
79.7,2.259,1.564,0.658,0.696,0.525,0.268,0.041
79.80000000000001,2.257,1.562,0.657,0.696,0.524,0.268,0.041
79.9,2.255,1.561,0.656,0.696,0.525,0.267,0.041
80.0,2.254,1.559,0.656,0.696,0.524,0.267,0.041
80.10000000000001,2.253,1.558,0.656,0.696,0.525,0.267,0.041
80.2,2.252,1.557,0.655,0.696,0.524,0.267,0.041
80.30000000000001,2.251,1.557,0.655,0.696,0.525,0.267,0.041
80.4,2.272,1.576,0.662,0.696,0.525,0.266,0.041
80.5,2.267,1.572,0.661,0.696,0.524,0.266,0.041
80.60000000000001,2.274,1.578,0.663,0.695,0.524,0.266,0.041
80.7,2.269,1.573,0.661,0.695,0.524,0.266,0.041
80.80000000000001,2.265,1.569,0.66,0.695,0.524,0.265,0.041
80.9,2.261,1.566,0.659,0.695,0.524,0.265,0.041
81.0,2.259,1.564,0.658,0.695,0.524,0.265,0.041
81.10000000000001,2.279,1.582,0.664,0.695,0.524,0.265,0.041
81.2,2.272,1.576,0.662,0.695,0.524,0.264,0.041
81.30000000000001,2.278,1.582,0.664,0.695,0.524,0.264,0.041
81.4,2.272,1.576,0.662,0.695,0.524,0.264,0.041
81.5,2.267,1.572,0.66,0.695,0.524,0.264,0.041
81.60000000000001,2.263,1.568,0.659,0.695,0.524,0.263,0.041
81.7,2.238,1.546,0.651,0.695,0.524,0.263,0.041
81.80000000000001,2.251,1.557,0.655,0.695,0.524,0.263,0.041
81.9,2.251,1.557,0.655,0.695,0.524,0.263,0.041
82.0,2.25,1.556,0.655,0.695,0.524,0.263,0.041
82.10000000000001,2.795,1.952,0.817,0.837,0.632,0.315,0.049
82.2,2.925,2.03,0.853,0.893,0.673,0.336,0.053
82.30000000000001,3.021,2.101,0.881,0.917,0.692,0.344,0.054
82.4,3.016,2.09,0.878,0.925,0.699,0.348,0.055
82.5,2.97,2.046,0.863,0.928,0.702,0.348,0.055
82.60000000000001,3.039,2.108,0.886,0.93,0.702,0.349,0.055
82.7,3.2,2.255,0.939,0.931,0.702,0.349,0.056
82.80000000000001,3.131,2.191,0.916,0.932,0.703,0.35,0.055
82.9,3.104,2.166,0.907,0.933,0.702,0.35,0.055
83.0,3.093,2.155,0.903,0.933,0.702,0.351,0.056
83.10000000000001,3.088,2.151,0.902,0.934,0.702,0.351,0.056
83.2,3.087,2.15,0.901,0.935,0.703,0.352,0.056
83.30000000000001,3.086,2.149,0.901,0.937,0.704,0.353,0.057
83.4,3.086,2.149,0.901,0.937,0.703,0.354,0.057
83.5,3.085,2.149,0.901,0.938,0.703,0.355,0.057
83.60000000000001,3.085,2.149,0.901,0.939,0.702,0.356,0.057
83.7,3.085,2.149,0.901,0.94,0.703,0.356,0.058
83.80000000000001,3.085,2.149,0.901,0.94,0.704,0.357,0.058
83.9,3.085,2.149,0.901,0.941,0.704,0.359,0.058
84.0,3.085,2.149,0.901,0.942,0.702,0.36,0.058
84.10000000000001,3.085,2.149,0.901,0.944,0.703,0.362,0.058
84.2,3.085,2.149,0.901,0.945,0.702,0.363,0.058
84.30000000000001,3.174,2.23,0.93,0.946,0.703,0.366,0.059
84.4,3.077,2.141,0.898,0.946,0.702,0.368,0.059
84.5,3.171,2.227,0.929,0.947,0.703,0.369,0.06
84.60000000000001,3.164,2.221,0.927,0.948,0.702,0.371,0.06
84.7,3.161,2.218,0.926,0.949,0.703,0.373,0.06
84.80000000000001,3.204,2.258,0.94,0.95,0.704,0.375,0.06
84.9,3.177,2.233,0.931,0.952,0.704,0.378,0.06
85.0,3.166,2.223,0.927,0.953,0.704,0.38,0.06
85.10000000000001,3.162,2.219,0.926,0.952,0.703,0.38,0.059
85.2,3.16,2.217,0.925,0.951,0.702,0.381,0.059
85.30000000000001,3.16,2.217,0.925,0.951,0.703,0.383,0.059
85.4,3.159,2.216,0.925,0.952,0.702,0.383,0.059
85.5,3.159,2.216,0.925,0.951,0.703,0.384,0.059
85.60000000000001,3.115,2.176,0.91,0.952,0.704,0.385,0.059
85.7,3.141,2.2,0.919,0.951,0.704,0.385,0.058
85.80000000000001,3.152,2.21,0.923,0.952,0.704,0.386,0.058
85.9,3.156,2.213,0.924,0.953,0.702,0.387,0.058
86.0,3.158,2.215,0.925,0.953,0.701,0.388,0.058
86.10000000000001,3.159,2.216,0.925,0.952,0.701,0.389,0.058
86.2,3.159,2.216,0.925,0.953,0.702,0.389,0.058
86.30000000000001,3.159,2.216,0.925,0.953,0.701,0.39,0.057
86.4,3.204,2.257,0.94,0.954,0.703,0.393,0.058
86.5,3.177,2.232,0.931,0.954,0.704,0.395,0.058
86.60000000000001,3.122,2.182,0.913,0.955,0.704,0.395,0.058
86.7,3.1,2.162,0.905,0.955,0.703,0.396,0.058
86.80000000000001,3.135,2.194,0.917,0.956,0.702,0.397,0.058
86.9,3.105,2.167,0.907,0.955,0.702,0.397,0.058
87.0,3.093,2.156,0.903,0.954,0.703,0.398,0.058
87.10000000000001,3.089,2.152,0.902,0.955,0.704,0.399,0.058
87.2,3.087,2.15,0.901,0.955,0.703,0.399,0.058
87.30000000000001,3.086,2.149,0.901,0.956,0.702,0.4,0.058
87.4,3.086,2.149,0.901,0.956,0.702,0.401,0.058
87.5,3.085,2.149,0.901,0.956,0.703,0.401,0.058
87.60000000000001,3.085,2.149,0.901,0.956,0.704,0.402,0.058
87.7,2.998,2.069,0.872,0.956,0.704,0.403,0.057
87.80000000000001,3.05,2.117,0.889,0.955,0.702,0.404,0.058
87.9,3.16,2.217,0.925,0.956,0.703,0.404,0.058
88.0,3.115,2.176,0.911,0.957,0.704,0.405,0.058
88.10000000000001,3.097,2.16,0.905,0.956,0.702,0.406,0.058
88.2,3.09,2.153,0.902,0.957,0.703,0.407,0.058
88.30000000000001,3.087,2.15,0.901,0.957,0.702,0.407,0.058
88.4,3.13,2.19,0.916,0.956,0.703,0.408,0.057
88.5,3.103,2.165,0.907,0.957,0.704,0.409,0.058
88.60000000000001,3.093,2.155,0.903,0.957,0.703,0.409,0.058
88.7,3.088,2.151,0.902,0.958,0.703,0.41,0.058
88.80000000000001,3.175,2.231,0.93,0.959,0.704,0.411,0.058
88.9,3.121,2.182,0.913,0.96,0.704,0.412,0.058
89.0,3.056,2.122,0.891,0.96,0.704,0.412,0.058
89.10000000000001,3.074,2.138,0.897,0.96,0.704,0.413,0.058
89.2,3.081,2.144,0.899,0.959,0.704,0.413,0.058
89.30000000000001,3.083,2.147,0.9,0.958,0.704,0.414,0.058
89.4,3.085,2.148,0.9,0.959,0.704,0.414,0.058
89.5,3.129,2.189,0.915,0.96,0.704,0.415,0.058
89.60000000000001,3.015,2.085,0.878,0.96,0.704,0.416,0.058
89.7,3.057,2.123,0.891,0.96,0.704,0.416,0.058
89.80000000000001,3.074,2.139,0.897,0.959,0.704,0.417,0.058
89.9,3.081,2.145,0.899,0.96,0.704,0.416,0.058
90.0,3.128,2.187,0.915,0.96,0.704,0.417,0.058
90.10000000000001,3.058,2.124,0.892,0.96,0.704,0.418,0.058
90.2,3.031,2.099,0.883,0.96,0.704,0.419,0.058
90.30000000000001,3.019,2.089,0.879,0.96,0.704,0.418,0.058
90.4,3.059,2.125,0.892,0.958,0.704,0.419,0.058
90.5,3.119,2.18,0.912,0.959,0.704,0.42,0.057
90.60000000000001,3.099,2.161,0.905,0.96,0.704,0.42,0.057
90.7,3.091,2.154,0.902,0.96,0.704,0.421,0.058
90.80000000000001,3.044,2.111,0.887,0.96,0.704,0.421,0.058
90.9,3.069,2.133,0.895,0.959,0.704,0.421,0.058
91.0,3.079,2.143,0.898,0.96,0.704,0.421,0.058
91.10000000000001,3.039,2.106,0.885,0.958,0.704,0.421,0.057
91.2,3.023,2.092,0.88,0.957,0.704,0.421,0.058
91.30000000000001,3.016,2.086,0.878,0.959,0.704,0.422,0.057
91.4,3.191,2.246,0.936,0.958,0.703,0.422,0.057
91.5,3.128,2.188,0.915,0.958,0.704,0.423,0.057
91.60000000000001,3.058,2.124,0.892,0.959,0.704,0.423,0.057
91.7,3.031,2.099,0.883,0.957,0.703,0.424,0.057
91.80000000000001,3.019,2.089,0.879,0.957,0.703,0.424,0.057
91.9,3.015,2.085,0.877,0.959,0.704,0.424,0.057
92.0,3.101,2.164,0.906,0.96,0.704,0.425,0.057
92.10000000000001,3.092,2.155,0.903,0.958,0.704,0.425,0.057
92.2,3.044,2.111,0.887,0.957,0.704,0.426,0.057
92.30000000000001,3.025,2.094,0.881,0.957,0.704,0.426,0.057
92.4,3.017,2.087,0.878,0.957,0.704,0.426,0.056
92.5,3.014,2.084,0.877,0.957,0.704,0.426,0.057
92.60000000000001,3.057,2.123,0.891,0.959,0.704,0.427,0.057
92.7,3.03,2.098,0.882,0.96,0.704,0.428,0.057
92.80000000000001,3.019,2.089,0.879,0.96,0.705,0.429,0.057
92.9,3.015,2.085,0.877,0.961,0.704,0.429,0.058
93.0,3.013,2.083,0.877,0.96,0.704,0.429,0.058
93.10000000000001,3.235,2.287,0.951,0.96,0.704,0.429,0.058
93.2,3.145,2.204,0.921,0.96,0.704,0.429,0.057
93.30000000000001,3.065,2.131,0.894,0.96,0.704,0.43,0.057
93.4,3.033,2.102,0.883,0.958,0.704,0.429,0.057
93.5,3.021,2.09,0.879,0.959,0.704,0.428,0.057
93.60000000000001,3.015,2.085,0.878,0.958,0.703,0.429,0.057
93.7,3.013,2.083,0.877,0.959,0.704,0.43,0.057
93.80000000000001,3.057,2.123,0.891,0.958,0.703,0.43,0.058
93.9,3.03,2.098,0.882,0.959,0.703,0.43,0.058
94.0,3.063,2.129,0.893,0.96,0.704,0.431,0.058
94.10000000000001,3.032,2.101,0.883,0.96,0.704,0.43,0.057
94.2,3.02,2.09,0.879,0.96,0.704,0.43,0.058
94.30000000000001,3.015,2.085,0.877,0.96,0.704,0.432,0.058
94.4,3.013,2.083,0.877,0.96,0.704,0.432,0.058
94.5,3.057,2.123,0.891,0.961,0.704,0.432,0.058
94.60000000000001,3.03,2.098,0.882,0.961,0.705,0.433,0.058
94.7,3.019,2.089,0.879,0.96,0.704,0.432,0.058
94.80000000000001,3.059,2.125,0.892,0.96,0.704,0.432,0.058
94.9,3.075,2.139,0.897,0.961,0.705,0.433,0.058
95.0,2.993,2.066,0.87,0.961,0.704,0.434,0.058
95.10000000000001,3.005,2.075,0.874,0.96,0.704,0.433,0.059
95.2,3.009,2.079,0.875,0.96,0.705,0.433,0.058
95.30000000000001,3.011,2.081,0.876,0.96,0.704,0.433,0.058
95.4,3.012,2.082,0.876,0.96,0.704,0.433,0.058
95.5,3.012,2.082,0.876,0.96,0.704,0.434,0.058
95.60000000000001,3.012,2.082,0.876,0.96,0.704,0.433,0.058
95.7,3.012,2.082,0.876,0.96,0.705,0.433,0.058
95.80000000000001,3.056,2.122,0.891,0.96,0.703,0.433,0.057
95.9,3.03,2.098,0.882,0.96,0.704,0.433,0.058
96.0,3.107,2.169,0.908,0.96,0.703,0.433,0.058
96.10000000000001,3.05,2.117,0.889,0.958,0.703,0.433,0.058
96.2,3.071,2.136,0.896,0.957,0.704,0.434,0.057
96.30000000000001,3.036,2.104,0.884,0.959,0.704,0.434,0.058
96.4,3.066,2.131,0.894,0.96,0.703,0.435,0.058
96.5,3.033,2.102,0.883,0.96,0.704,0.436,0.058
96.60000000000001,3.198,2.253,0.938,0.96,0.704,0.436,0.059
96.7,3.086,2.15,0.901,0.96,0.704,0.435,0.058
96.80000000000001,3.13,2.19,0.915,0.96,0.702,0.435,0.058
96.9,3.147,2.206,0.921,0.96,0.703,0.436,0.058
97.0,3.066,2.132,0.894,0.96,0.704,0.436,0.058
97.10000000000001,3.034,2.102,0.884,0.96,0.704,0.436,0.057
97.2,3.021,2.09,0.879,0.96,0.704,0.436,0.058
97.30000000000001,3.015,2.085,0.878,0.958,0.703,0.436,0.058
97.4,3.013,2.083,0.877,0.959,0.704,0.436,0.058
97.5,3.013,2.083,0.877,0.96,0.704,0.436,0.058
97.60000000000001,3.012,2.082,0.876,0.959,0.704,0.437,0.058
97.7,3.012,2.082,0.876,0.959,0.704,0.436,0.057
97.80000000000001,3.012,2.082,0.876,0.958,0.704,0.437,0.058
97.9,3.012,2.082,0.876,0.957,0.704,0.436,0.058
98.0,3.056,2.122,0.891,0.96,0.704,0.437,0.058
98.10000000000001,3.03,2.098,0.882,0.958,0.703,0.437,0.058
98.2,3.019,2.089,0.879,0.959,0.702,0.437,0.058
98.30000000000001,3.103,2.165,0.907,0.96,0.703,0.437,0.058
98.4,3.092,2.155,0.903,0.959,0.703,0.436,0.058
98.5,3.044,2.111,0.887,0.958,0.702,0.436,0.057
98.60000000000001,3.025,2.094,0.881,0.959,0.703,0.437,0.058
98.7,3.017,2.087,0.878,0.96,0.703,0.437,0.058
98.80000000000001,3.014,2.084,0.877,0.96,0.703,0.437,0.058
98.9,3.013,2.083,0.877,0.96,0.704,0.438,0.058
99.0,3.012,2.082,0.877,0.96,0.704,0.438,0.057
99.10000000000001,3.012,2.082,0.876,0.96,0.704,0.438,0.058
99.2,3.012,2.082,0.876,0.96,0.704,0.438,0.058
99.30000000000001,3.012,2.082,0.876,0.96,0.704,0.438,0.058
99.4,3.056,2.122,0.891,0.96,0.704,0.438,0.058
99.5,3.162,2.219,0.926,0.96,0.704,0.438,0.058
99.60000000000001,3.072,2.137,0.896,0.96,0.704,0.438,0.058
99.7,3.036,2.104,0.884,0.96,0.703,0.438,0.058
99.80000000000001,3.022,2.091,0.88,0.96,0.704,0.439,0.058
99.9,3.016,2.086,0.878,0.96,0.704,0.438,0.058
100.0,3.014,2.084,0.877,0.96,0.704,0.438,0.058
100.10000000000001,3.013,2.083,0.877,0.961,0.704,0.438,0.058
100.2,3.056,2.122,0.891,0.96,0.704,0.439,0.058
100.30000000000001,3.03,2.098,0.882,0.96,0.704,0.439,0.058
100.4,3.019,2.089,0.879,0.96,0.704,0.438,0.058
100.5,3.015,2.085,0.877,0.961,0.704,0.439,0.058
100.60000000000001,3.013,2.083,0.877,0.96,0.704,0.438,0.058
100.7,3.012,2.083,0.877,0.96,0.704,0.439,0.058
100.80000000000001,3.056,2.122,0.891,0.96,0.704,0.438,0.058
100.9,3.074,2.138,0.897,0.959,0.704,0.438,0.058
101.0,3.037,2.105,0.885,0.958,0.702,0.438,0.057
101.10000000000001,3.155,2.212,0.924,0.959,0.703,0.439,0.058
101.2,3.069,2.134,0.895,0.96,0.704,0.439,0.058
101.30000000000001,3.035,2.103,0.884,0.96,0.704,0.439,0.058
101.4,3.021,2.09,0.879,0.96,0.704,0.44,0.058
101.5,2.972,2.046,0.863,0.96,0.704,0.439,0.058
101.60000000000001,2.996,2.068,0.871,0.96,0.704,0.439,0.058
101.7,3.006,2.076,0.874,0.96,0.705,0.44,0.058
101.80000000000001,3.009,2.08,0.876,0.96,0.704,0.44,0.058
101.9,3.011,2.081,0.876,0.96,0.704,0.441,0.058
102.0,2.968,2.042,0.862,0.96,0.704,0.44,0.058
102.10000000000001,2.994,2.066,0.871,0.96,0.704,0.44,0.058
102.2,3.005,2.076,0.874,0.96,0.704,0.441,0.058
102.30000000000001,3.009,2.08,0.875,0.96,0.704,0.441,0.058
102.4,3.055,2.121,0.891,0.96,0.704,0.441,0.058
102.5,3.029,2.098,0.882,0.96,0.704,0.44,0.058
102.60000000000001,3.019,2.088,0.879,0.96,0.704,0.441,0.058
102.7,3.015,2.085,0.877,0.96,0.704,0.44,0.058
102.80000000000001,3.013,2.083,0.877,0.96,0.705,0.44,0.059
102.9,3.012,2.083,0.877,0.961,0.704,0.441,0.059
103.0,3.012,2.082,0.876,0.96,0.704,0.441,0.058
103.10000000000001,3.012,2.082,0.876,0.96,0.704,0.441,0.058
103.2,3.012,2.082,0.876,0.961,0.704,0.441,0.058
103.30000000000001,3.012,2.082,0.876,0.961,0.704,0.441,0.058
103.4,3.012,2.082,0.876,0.96,0.704,0.441,0.058
103.5,3.012,2.082,0.876,0.96,0.703,0.44,0.058
103.60000000000001,3.1,2.163,0.906,0.96,0.704,0.44,0.058
103.7,3.047,2.114,0.888,0.96,0.704,0.44,0.058
103.80000000000001,3.026,2.095,0.881,0.96,0.704,0.441,0.058
103.9,2.974,2.048,0.864,0.96,0.705,0.441,0.057
104.0,2.997,2.068,0.871,0.961,0.704,0.441,0.058
104.10000000000001,3.006,2.077,0.874,0.96,0.704,0.441,0.057
104.2,3.054,2.12,0.89,0.961,0.704,0.44,0.058
104.30000000000001,3.029,2.097,0.882,0.96,0.704,0.441,0.058
104.4,3.063,2.128,0.893,0.96,0.705,0.441,0.058
104.5,2.989,2.061,0.869,0.96,0.705,0.441,0.058
104.60000000000001,2.959,2.034,0.859,0.959,0.704,0.441,0.058
104.7,2.991,2.063,0.869,0.96,0.704,0.44,0.058
104.80000000000001,3.004,2.074,0.874,0.958,0.704,0.441,0.058
104.9,3.009,2.079,0.875,0.957,0.702,0.44,0.057
105.0,3.011,2.081,0.876,0.957,0.703,0.44,0.058
105.10000000000001,3.011,2.082,0.876,0.959,0.704,0.44,0.058
105.2,3.012,2.082,0.876,0.958,0.704,0.439,0.058
105.30000000000001,3.056,2.122,0.891,0.959,0.704,0.44,0.057
105.4,3.03,2.098,0.882,0.96,0.704,0.441,0.058
105.5,3.063,2.128,0.893,0.958,0.704,0.44,0.058
105.60000000000001,3.032,2.101,0.883,0.957,0.703,0.441,0.058
105.7,3.02,2.09,0.879,0.958,0.704,0.441,0.058
105.80000000000001,3.015,2.085,0.877,0.958,0.704,0.441,0.057
105.9,3.191,2.246,0.936,0.959,0.704,0.442,0.058
106.0,3.084,2.148,0.9,0.958,0.704,0.441,0.058
106.10000000000001,2.997,2.069,0.871,0.959,0.703,0.441,0.058
106.2,3.006,2.077,0.874,0.958,0.704,0.441,0.058
106.30000000000001,3.01,2.08,0.876,0.959,0.704,0.442,0.058
106.4,3.011,2.081,0.876,0.96,0.704,0.442,0.057
106.5,2.968,2.042,0.862,0.96,0.704,0.441,0.058
106.60000000000001,2.994,2.066,0.871,0.96,0.705,0.442,0.059
106.7,3.093,2.156,0.903,0.96,0.704,0.442,0.058
106.80000000000001,3.045,2.112,0.887,0.96,0.704,0.442,0.058
106.9,3.025,2.094,0.881,0.96,0.704,0.442,0.058
107.0,3.017,2.087,0.878,0.96,0.705,0.442,0.058
107.10000000000001,3.014,2.084,0.877,0.96,0.704,0.442,0.059
107.2,2.969,2.043,0.862,0.96,0.705,0.442,0.058
107.30000000000001,3.083,2.147,0.9,0.961,0.705,0.443,0.059
107.4,3.084,2.148,0.9,0.96,0.704,0.442,0.058
107.5,2.997,2.069,0.872,0.961,0.704,0.442,0.058
107.60000000000001,3.006,2.077,0.874,0.96,0.705,0.442,0.058
107.7,3.01,2.08,0.876,0.96,0.704,0.442,0.058
107.80000000000001,2.967,2.042,0.862,0.96,0.705,0.443,0.058
107.9,2.994,2.066,0.871,0.96,0.705,0.442,0.058
108.0,2.961,2.036,0.86,0.961,0.705,0.443,0.059
108.10000000000001,2.992,2.064,0.87,0.96,0.704,0.443,0.058
108.2,3.004,2.075,0.874,0.96,0.704,0.442,0.058
108.30000000000001,2.965,2.04,0.861,0.96,0.704,0.442,0.059
108.4,2.949,2.026,0.856,0.96,0.704,0.443,0.058
108.5,2.9,1.981,0.839,0.961,0.704,0.443,0.058
108.60000000000001,3.011,2.082,0.876,0.961,0.705,0.444,0.059
108.7,3.012,2.082,0.876,0.961,0.705,0.444,0.058
108.80000000000001,3.012,2.082,0.876,0.961,0.705,0.443,0.059
108.9,2.968,2.043,0.862,0.961,0.705,0.444,0.059
109.0,2.951,2.027,0.856,0.961,0.705,0.443,0.059
109.10000000000001,2.988,2.06,0.868,0.961,0.704,0.443,0.059
109.2,2.958,2.034,0.859,0.96,0.704,0.443,0.059
109.30000000000001,2.947,2.023,0.855,0.96,0.704,0.444,0.059
109.4,2.986,2.059,0.868,0.961,0.704,0.443,0.059
109.5,2.958,2.033,0.859,0.96,0.705,0.444,0.059
109.60000000000001,2.99,2.063,0.869,0.96,0.704,0.443,0.059
109.7,3.003,2.074,0.874,0.961,0.704,0.443,0.059
109.80000000000001,3.009,2.079,0.875,0.961,0.705,0.444,0.059
109.9,3.011,2.081,0.876,0.96,0.705,0.444,0.058
110.0,2.968,2.042,0.862,0.961,0.705,0.443,0.058
110.10000000000001,3.049,2.116,0.889,0.96,0.704,0.444,0.058
110.2,2.994,2.066,0.871,0.961,0.705,0.443,0.058
110.30000000000001,2.983,2.056,0.867,0.961,0.705,0.444,0.059
110.4,3.178,2.235,0.932,0.96,0.705,0.443,0.058
110.5,3.078,2.143,0.898,0.96,0.705,0.442,0.058
110.60000000000001,2.951,2.028,0.857,0.96,0.705,0.442,0.058
110.7,2.944,2.021,0.854,0.96,0.705,0.442,0.058
110.80000000000001,2.977,2.05,0.865,0.96,0.704,0.442,0.058
110.9,3.029,2.098,0.882,0.96,0.704,0.443,0.058
111.0,2.966,2.041,0.861,0.96,0.704,0.442,0.058
111.10000000000001,2.998,2.069,0.872,0.96,0.704,0.441,0.058
111.2,2.953,2.029,0.857,0.96,0.704,0.442,0.058
111.30000000000001,2.95,2.026,0.856,0.96,0.704,0.442,0.058
111.4,3.033,2.101,0.883,0.96,0.704,0.441,0.058
111.5,3.006,2.077,0.875,0.96,0.704,0.443,0.058
111.60000000000001,2.943,2.02,0.854,0.96,0.704,0.441,0.058
111.7,2.975,2.049,0.864,0.96,0.704,0.442,0.058
111.80000000000001,2.941,2.018,0.853,0.96,0.705,0.442,0.058
111.9,2.94,2.017,0.853,0.96,0.705,0.443,0.058
112.0,2.939,2.017,0.852,0.96,0.704,0.442,0.058
112.10000000000001,2.939,2.017,0.852,0.961,0.705,0.442,0.058
112.2,2.939,2.017,0.852,0.96,0.705,0.443,0.059
112.30000000000001,2.983,2.056,0.867,0.96,0.704,0.444,0.058
112.4,2.957,2.032,0.858,0.96,0.704,0.444,0.059
112.5,2.99,2.062,0.869,0.96,0.704,0.443,0.058
112.60000000000001,2.959,2.035,0.859,0.96,0.704,0.444,0.059
112.7,2.947,2.024,0.855,0.96,0.705,0.443,0.058
112.80000000000001,2.942,2.019,0.853,0.96,0.705,0.443,0.058
112.9,3.072,2.137,0.896,0.96,0.704,0.442,0.058
113.0,2.992,2.065,0.87,0.96,0.704,0.443,0.058
113.10000000000001,2.96,2.036,0.859,0.96,0.704,0.444,0.059
113.2,2.94,2.018,0.853,0.96,0.704,0.442,0.058
113.30000000000001,2.904,1.985,0.841,0.96,0.704,0.444,0.058
113.4,2.925,2.004,0.848,0.96,0.705,0.443,0.059
113.5,2.934,2.011,0.851,0.96,0.704,0.444,0.059
113.60000000000001,2.937,2.014,0.852,0.96,0.704,0.443,0.058
113.7,3.026,2.095,0.881,0.96,0.704,0.443,0.058
113.80000000000001,2.974,2.048,0.864,0.96,0.704,0.443,0.059
113.9,2.953,2.029,0.857,0.96,0.704,0.442,0.058
114.0,2.945,2.021,0.854,0.96,0.704,0.442,0.059
114.10000000000001,2.941,2.018,0.853,0.96,0.704,0.443,0.059
114.2,2.94,2.017,0.853,0.96,0.704,0.442,0.058
114.30000000000001,2.957,2.032,0.858,0.96,0.704,0.444,0.059
114.4,2.983,2.056,0.867,0.96,0.704,0.443,0.059
114.5,2.946,2.023,0.855,0.96,0.704,0.443,0.059
114.60000000000001,2.942,2.019,0.853,0.959,0.704,0.442,0.059
114.7,2.94,2.017,0.853,0.96,0.704,0.443,0.058
114.80000000000001,2.94,2.017,0.853,0.96,0.704,0.444,0.059
114.9,3.027,2.096,0.881,0.96,0.704,0.444,0.059
115.0,2.974,2.048,0.864,0.96,0.704,0.444,0.059
115.10000000000001,2.953,2.029,0.857,0.96,0.704,0.444,0.059
115.2,2.945,2.022,0.854,0.96,0.705,0.444,0.059
115.30000000000001,2.941,2.018,0.853,0.96,0.704,0.443,0.058
115.4,2.94,2.017,0.853,0.96,0.705,0.444,0.059
115.5,2.939,2.017,0.853,0.96,0.704,0.443,0.058
115.60000000000001,2.983,2.056,0.867,0.96,0.704,0.443,0.058
115.7,2.957,2.032,0.858,0.961,0.704,0.443,0.058
115.80000000000001,2.942,2.019,0.853,0.96,0.704,0.442,0.058
115.9,2.94,2.017,0.853,0.96,0.704,0.443,0.059
116.0,2.946,2.023,0.855,0.959,0.704,0.442,0.058
116.10000000000001,2.94,2.017,0.853,0.96,0.704,0.443,0.058
116.2,2.939,2.017,0.852,0.96,0.705,0.444,0.058
116.30000000000001,2.939,2.017,0.852,0.96,0.704,0.443,0.058
116.4,2.939,2.016,0.852,0.96,0.704,0.443,0.059
116.5,2.983,2.056,0.867,0.96,0.704,0.444,0.059
116.60000000000001,2.957,2.032,0.858,0.96,0.705,0.443,0.058
116.7,3.034,2.102,0.884,0.96,0.704,0.442,0.059
116.80000000000001,2.977,2.051,0.865,0.96,0.704,0.443,0.059
116.9,2.954,2.03,0.857,0.96,0.704,0.443,0.059
117.0,2.945,2.022,0.854,0.96,0.704,0.444,0.058
117.10000000000001,2.942,2.019,0.853,0.958,0.704,0.443,0.058
117.2,2.984,2.057,0.867,0.959,0.705,0.443,0.059
117.30000000000001,2.957,2.033,0.858,0.96,0.704,0.443,0.059
117.4,2.903,1.984,0.84,0.96,0.705,0.443,0.059
117.5,2.968,2.043,0.862,0.96,0.704,0.442,0.058
117.60000000000001,2.995,2.066,0.871,0.96,0.704,0.442,0.058
117.7,3.093,2.156,0.903,0.96,0.704,0.442,0.058
117.80000000000001,3.001,2.072,0.873,0.96,0.704,0.443,0.059
117.9,3.008,2.078,0.875,0.96,0.704,0.442,0.058
118.0,2.966,2.041,0.861,0.96,0.704,0.443,0.059
118.10000000000001,2.907,1.987,0.842,0.96,0.705,0.444,0.058
118.2,2.97,2.044,0.863,0.96,0.704,0.443,0.058
118.30000000000001,2.995,2.067,0.871,0.96,0.704,0.443,0.059
118.4,2.962,2.037,0.86,0.96,0.704,0.444,0.059
118.5,2.992,2.064,0.87,0.96,0.704,0.443,0.058
118.60000000000001,2.96,2.035,0.859,0.96,0.704,0.443,0.059
118.7,2.948,2.024,0.855,0.96,0.704,0.444,0.059
118.80000000000001,2.942,2.02,0.854,0.96,0.704,0.444,0.059
118.9,2.94,2.018,0.853,0.96,0.704,0.443,0.058
119.0,2.94,2.017,0.853,0.96,0.704,0.443,0.058
119.10000000000001,2.939,2.017,0.852,0.96,0.704,0.443,0.058
119.2,2.939,2.017,0.852,0.96,0.704,0.443,0.059
119.30000000000001,2.939,2.016,0.852,0.96,0.704,0.442,0.058
119.4,2.939,2.016,0.852,0.96,0.704,0.443,0.059
119.5,2.939,2.016,0.852,0.96,0.704,0.443,0.058
119.60000000000001,2.983,2.056,0.867,0.96,0.704,0.444,0.059
119.7,3.044,2.112,0.887,0.96,0.704,0.443,0.058
119.80000000000001,3.025,2.094,0.881,0.96,0.704,0.442,0.058
119.9,2.973,2.047,0.864,0.958,0.703,0.442,0.058
120.0,2.953,2.029,0.857,0.957,0.704,0.442,0.059
120.10000000000001,2.945,2.021,0.854,0.959,0.704,0.442,0.058
120.2,2.941,2.018,0.853,0.96,0.704,0.443,0.058
120.30000000000001,2.94,2.017,0.853,0.96,0.704,0.443,0.059
120.4,2.939,2.017,0.853,0.96,0.705,0.444,0.059
120.5,2.939,2.017,0.852,0.96,0.705,0.444,0.059
120.60000000000001,2.939,2.017,0.852,0.96,0.705,0.443,0.059
120.7,2.939,2.016,0.852,0.96,0.704,0.444,0.059
120.80000000000001,2.939,2.016,0.852,0.958,0.704,0.443,0.059
120.9,2.939,2.016,0.852,0.959,0.704,0.443,0.059
121.0,2.939,2.016,0.852,0.96,0.704,0.444,0.059
121.10000000000001,2.939,2.016,0.852,0.96,0.704,0.444,0.059
121.2,2.939,2.016,0.852,0.96,0.704,0.443,0.059
121.30000000000001,2.939,2.016,0.852,0.96,0.704,0.444,0.059
121.4,2.939,2.016,0.852,0.96,0.704,0.443,0.059
121.5,2.939,2.016,0.852,0.96,0.705,0.443,0.059
121.60000000000001,2.983,2.056,0.867,0.96,0.704,0.444,0.058
121.7,3,2.072,0.873,0.96,0.704,0.444,0.059
121.80000000000001,2.964,2.039,0.86,0.96,0.704,0.444,0.058
121.9,2.993,2.065,0.87,0.96,0.705,0.443,0.059
122.0,3.004,2.075,0.874,0.96,0.704,0.442,0.059
122.10000000000001,2.965,2.04,0.861,0.959,0.704,0.443,0.058
122.2,3.037,2.105,0.885,0.958,0.704,0.442,0.059
122.30000000000001,2.978,2.052,0.865,0.957,0.704,0.442,0.058
122.4,2.955,2.031,0.858,0.957,0.704,0.441,0.058
122.5,2.945,2.022,0.854,0.959,0.704,0.442,0.059
122.60000000000001,2.985,2.058,0.868,0.958,0.704,0.442,0.058
122.7,3.001,2.073,0.873,0.957,0.704,0.442,0.059
122.80000000000001,2.964,2.039,0.861,0.958,0.704,0.442,0.058
122.9,2.993,2.065,0.87,0.959,0.704,0.443,0.058
123.0,2.961,2.036,0.859,0.96,0.705,0.444,0.059
123.10000000000001,2.948,2.024,0.855,0.96,0.705,0.444,0.059
123.2,2.943,2.02,0.854,0.96,0.705,0.444,0.059
123.30000000000001,2.984,2.057,0.867,0.959,0.704,0.444,0.059
123.4,2.957,2.033,0.858,0.96,0.705,0.444,0.059
123.5,2.946,2.023,0.855,0.96,0.704,0.444,0.059
123.60000000000001,2.942,2.019,0.853,0.959,0.704,0.444,0.058
123.7,2.94,2.018,0.853,0.959,0.704,0.444,0.058
123.80000000000001,2.94,2.017,0.853,0.96,0.705,0.444,0.059
123.9,2.939,2.017,0.852,0.96,0.705,0.444,0.059
124.0,2.939,2.017,0.852,0.96,0.705,0.443,0.059
124.10000000000001,2.939,2.016,0.852,0.96,0.705,0.444,0.059
124.2,2.939,2.016,0.852,0.96,0.704,0.444,0.059
124.30000000000001,2.939,2.016,0.852,0.96,0.705,0.444,0.059
124.4,2.939,2.016,0.852,0.96,0.705,0.444,0.059
124.5,2.939,2.016,0.852,0.96,0.704,0.444,0.058
124.60000000000001,2.939,2.016,0.852,0.96,0.704,0.444,0.059
124.7,2.939,2.016,0.852,0.96,0.704,0.444,0.059
124.80000000000001,2.939,2.016,0.852,0.96,0.705,0.443,0.058
124.9,2.939,2.016,0.852,0.96,0.704,0.444,0.058
125.0,2.939,2.016,0.852,0.958,0.704,0.443,0.058
125.10000000000001,2.939,2.016,0.852,0.957,0.704,0.442,0.059
125.2,2.939,2.016,0.852,0.959,0.704,0.442,0.059
125.30000000000001,2.939,2.016,0.852,0.958,0.704,0.442,0.058
125.4,2.939,2.016,0.852,0.959,0.704,0.442,0.058
125.5,2.939,2.016,0.852,0.96,0.705,0.443,0.058
125.60000000000001,2.939,2.016,0.852,0.958,0.704,0.442,0.057
125.7,2.939,2.016,0.852,0.957,0.704,0.442,0.058
125.80000000000001,2.939,2.016,0.852,0.957,0.704,0.443,0.059
125.9,2.939,2.016,0.852,0.959,0.704,0.442,0.058
126.0,2.896,1.978,0.838,0.958,0.704,0.442,0.058
126.10000000000001,3.009,2.08,0.876,0.959,0.704,0.442,0.058
126.2,2.967,2.042,0.862,0.96,0.705,0.443,0.058
126.30000000000001,2.95,2.027,0.856,0.96,0.704,0.444,0.059
126.4,2.944,2.021,0.854,0.959,0.704,0.444,0.058
126.5,2.941,2.018,0.853,0.958,0.704,0.444,0.058
126.60000000000001,2.94,2.017,0.853,0.957,0.704,0.444,0.059
126.7,2.896,1.978,0.838,0.959,0.704,0.444,0.059
126.80000000000001,2.922,2.001,0.847,0.96,0.705,0.444,0.058
126.9,3.02,2.09,0.879,0.96,0.705,0.444,0.058
127.0,2.971,2.046,0.863,0.96,0.705,0.444,0.059
127.10000000000001,2.952,2.028,0.857,0.96,0.704,0.444,0.059
127.2,2.944,2.021,0.854,0.96,0.705,0.444,0.059
127.30000000000001,2.941,2.018,0.853,0.96,0.704,0.444,0.059
127.4,3.072,2.137,0.896,0.96,0.704,0.443,0.059
127.5,2.992,2.065,0.87,0.959,0.704,0.443,0.058
127.60000000000001,2.96,2.036,0.859,0.958,0.705,0.442,0.058
127.7,2.948,2.024,0.855,0.959,0.704,0.442,0.057
127.80000000000001,3.075,2.139,0.897,0.96,0.704,0.442,0.058
127.9,2.993,2.066,0.87,0.958,0.704,0.442,0.058
128.0,3.005,2.076,0.874,0.957,0.705,0.442,0.058
128.1,2.965,2.04,0.861,0.958,0.704,0.443,0.057
128.20000000000002,2.993,2.065,0.87,0.957,0.704,0.442,0.058
128.3,2.961,2.036,0.86,0.957,0.704,0.443,0.058
128.4,2.948,2.024,0.855,0.959,0.704,0.443,0.059
128.5,2.943,2.02,0.854,0.96,0.704,0.444,0.059
128.6,2.94,2.018,0.853,0.958,0.704,0.443,0.058
128.70000000000002,2.896,1.978,0.838,0.957,0.704,0.443,0.058
128.8,2.966,2.041,0.861,0.958,0.704,0.442,0.058
128.9,2.95,2.026,0.856,0.959,0.704,0.443,0.059
129.0,3.12,2.181,0.912,0.96,0.704,0.443,0.058
129.1,3.011,2.082,0.876,0.96,0.704,0.442,0.058
129.20000000000002,2.925,2.004,0.848,0.96,0.704,0.443,0.058
129.3,2.977,2.051,0.865,0.96,0.704,0.443,0.058
129.4,2.954,2.03,0.857,0.958,0.705,0.443,0.058
129.5,2.945,2.022,0.854,0.959,0.705,0.442,0.058
129.6,2.942,2.019,0.853,0.96,0.704,0.442,0.058
129.70000000000002,2.94,2.017,0.853,0.958,0.704,0.442,0.059
129.8,2.939,2.017,0.853,0.957,0.704,0.442,0.058
129.9,2.81,1.902,0.81,0.959,0.704,0.442,0.058
130.0,2.887,1.97,0.835,0.958,0.705,0.442,0.059
130.1,2.918,1.998,0.846,0.958,0.704,0.443,0.058
130.20000000000002,2.931,2.009,0.85,0.959,0.705,0.443,0.059
130.3,2.936,2.014,0.851,0.958,0.704,0.443,0.059
130.4,3.026,2.095,0.881,0.957,0.704,0.442,0.058
130.5,2.93,2.009,0.85,0.957,0.704,0.442,0.058
130.6,2.936,2.013,0.851,0.957,0.704,0.442,0.058
130.70000000000002,3.025,2.095,0.881,0.957,0.704,0.442,0.059
130.8,2.974,2.048,0.864,0.956,0.704,0.442,0.059
130.9,2.997,2.068,0.871,0.957,0.705,0.442,0.059
131.0,2.962,2.037,0.86,0.956,0.702,0.442,0.059
131.1,2.948,2.025,0.855,0.955,0.703,0.442,0.058
131.20000000000002,2.899,1.981,0.839,0.956,0.704,0.442,0.059
131.3,2.923,2.002,0.847,0.959,0.704,0.442,0.058
131.4,2.933,2.011,0.85,0.958,0.704,0.442,0.058
131.5,2.937,2.014,0.852,0.957,0.704,0.442,0.058
131.6,2.982,2.055,0.866,0.957,0.704,0.442,0.058
131.70000000000002,2.956,2.032,0.858,0.958,0.704,0.443,0.058
131.8,2.946,2.023,0.855,0.957,0.704,0.442,0.058
131.9,2.942,2.019,0.853,0.957,0.704,0.441,0.058
132.0,2.94,2.017,0.853,0.957,0.704,0.441,0.059
132.1,2.94,2.017,0.853,0.957,0.704,0.442,0.058
132.20000000000002,2.939,2.017,0.852,0.957,0.705,0.442,0.059
132.3,2.939,2.017,0.852,0.957,0.705,0.442,0.058
132.4,2.939,2.016,0.852,0.958,0.704,0.443,0.058
132.5,2.939,2.016,0.852,0.957,0.704,0.442,0.058
132.6,2.939,2.016,0.852,0.959,0.705,0.443,0.059
132.70000000000002,2.939,2.016,0.852,0.958,0.704,0.443,0.058
132.8,3.027,2.096,0.881,0.957,0.705,0.442,0.059
132.9,2.974,2.048,0.864,0.959,0.704,0.443,0.059
133.0,2.91,1.99,0.843,0.958,0.704,0.442,0.058
133.1,2.927,2.006,0.849,0.959,0.704,0.442,0.059
133.20000000000002,2.934,2.012,0.851,0.96,0.705,0.443,0.059
133.3,2.937,2.015,0.852,0.958,0.704,0.442,0.059
133.4,2.982,2.055,0.867,0.957,0.704,0.442,0.059
133.5,2.956,2.032,0.858,0.957,0.704,0.442,0.06
133.6,2.946,2.023,0.855,0.957,0.704,0.443,0.059
133.70000000000002,2.986,2.058,0.868,0.957,0.704,0.443,0.058
133.8,2.914,1.994,0.844,0.957,0.704,0.442,0.058
133.9,2.929,2.008,0.849,0.957,0.704,0.442,0.058
134.0,2.935,2.013,0.851,0.958,0.705,0.442,0.059
134.1,2.938,2.015,0.852,0.959,0.704,0.442,0.058
134.20000000000002,2.938,2.016,0.852,0.958,0.704,0.442,0.058
134.3,2.939,2.016,0.852,0.957,0.704,0.442,0.058
134.4,3.027,2.096,0.881,0.957,0.704,0.442,0.059
134.5,2.974,2.048,0.864,0.957,0.704,0.442,0.059
134.6,2.953,2.029,0.857,0.957,0.704,0.442,0.058
134.70000000000002,2.945,2.022,0.854,0.956,0.704,0.441,0.058
134.8,2.898,1.98,0.839,0.957,0.704,0.442,0.059
134.9,3.01,2.081,0.876,0.955,0.704,0.441,0.058
135.0,2.968,2.042,0.862,0.956,0.704,0.442,0.058
135.1,2.951,2.027,0.856,0.955,0.704,0.442,0.058
135.20000000000002,2.944,2.021,0.854,0.956,0.704,0.442,0.058
135.3,2.985,2.058,0.867,0.956,0.704,0.442,0.058
135.4,2.957,2.033,0.858,0.957,0.704,0.442,0.058
135.5,2.946,2.023,0.855,0.956,0.704,0.441,0.058
135.6,2.942,2.019,0.853,0.956,0.704,0.442,0.058
135.70000000000002,2.94,2.018,0.853,0.955,0.704,0.441,0.058
135.8,2.983,2.056,0.867,0.956,0.703,0.441,0.058
135.9,2.957,2.032,0.858,0.956,0.704,0.441,0.058
136.0,2.946,2.023,0.855,0.957,0.704,0.442,0.058
136.1,2.942,2.019,0.853,0.956,0.704,0.441,0.058
136.20000000000002,2.94,2.017,0.853,0.956,0.704,0.442,0.058
136.3,2.94,2.017,0.853,0.957,0.704,0.442,0.058
136.4,2.939,2.017,0.852,0.956,0.704,0.441,0.058
136.5,3.027,2.096,0.881,0.956,0.704,0.441,0.058
136.6,3.018,2.088,0.878,0.956,0.703,0.441,0.058
136.70000000000002,2.971,2.045,0.863,0.955,0.704,0.441,0.058
136.8,2.952,2.028,0.857,0.956,0.704,0.441,0.058
136.9,2.944,2.021,0.854,0.956,0.704,0.442,0.058
137.0,2.941,2.018,0.853,0.956,0.704,0.442,0.058
137.1,3.045,2.112,0.887,0.956,0.704,0.442,0.059
137.20000000000002,2.984,2.057,0.867,0.957,0.704,0.442,0.058
137.3,2.981,2.055,0.866,0.957,0.704,0.441,0.058
137.4,3.044,2.111,0.887,0.956,0.704,0.442,0.058
137.5,2.981,2.054,0.866,0.956,0.704,0.441,0.058
137.6,3.088,2.151,0.902,0.955,0.704,0.441,0.059
137.70000000000002,2.999,2.07,0.872,0.956,0.704,0.441,0.058
137.8,3.007,2.077,0.875,0.956,0.704,0.441,0.058
137.9,2.966,2.041,0.861,0.955,0.704,0.441,0.058
138.0,2.811,1.933,0.816,0.907,0.668,0.419,0.055
138.1,2.709,1.867,0.787,0.868,0.639,0.401,0.053
138.20000000000002,2.605,1.794,0.757,0.837,0.616,0.386,0.051
138.3,2.522,1.736,0.733,0.812,0.598,0.375,0.049
138.4,2.456,1.689,0.713,0.792,0.583,0.366,0.048
138.5,2.414,1.662,0.701,0.776,0.572,0.359,0.047
138.6,2.381,1.64,0.692,0.764,0.562,0.353,0.047
138.70000000000002,2.343,1.613,0.681,0.754,0.555,0.348,0.046
138.8,2.313,1.591,0.672,0.746,0.549,0.344,0.046
138.9,2.311,1.594,0.672,0.739,0.544,0.341,0.045
139.0,2.287,1.576,0.665,0.734,0.54,0.339,0.045
139.1,2.268,1.562,0.659,0.73,0.538,0.337,0.045
139.20000000000002,2.242,1.541,0.651,0.727,0.535,0.335,0.045
139.3,2.222,1.524,0.644,0.724,0.533,0.334,0.044
139.4,2.238,1.54,0.65,0.722,0.532,0.332,0.044
139.5,2.24,1.543,0.651,0.72,0.53,0.331,0.044
139.6,2.22,1.525,0.644,0.718,0.529,0.33,0.044
139.70000000000002,2.204,1.511,0.639,0.717,0.529,0.329,0.044
139.8,2.191,1.5,0.635,0.716,0.528,0.329,0.044
139.9,2.18,1.492,0.632,0.715,0.527,0.328,0.043
140.0,2.161,1.475,0.625,0.714,0.527,0.327,0.043
140.1,2.157,1.471,0.624,0.713,0.527,0.326,0.043
140.20000000000002,2.153,1.468,0.623,0.712,0.527,0.326,0.043
140.3,2.15,1.466,0.622,0.712,0.526,0.325,0.043
140.4,2.159,1.474,0.625,0.711,0.526,0.324,0.043
140.5,2.177,1.49,0.631,0.71,0.526,0.323,0.043
140.6,2.169,1.483,0.628,0.71,0.526,0.322,0.043
140.70000000000002,2.163,1.478,0.626,0.709,0.526,0.322,0.043
140.8,2.158,1.473,0.625,0.709,0.526,0.321,0.043
140.9,2.165,1.48,0.627,0.709,0.526,0.32,0.043
141.0,2.171,1.485,0.629,0.708,0.526,0.319,0.043
141.1,2.165,1.479,0.627,0.708,0.526,0.318,0.043
141.20000000000002,2.16,1.475,0.625,0.707,0.526,0.317,0.043
141.3,2.155,1.471,0.624,0.707,0.526,0.316,0.043
141.4,2.152,1.468,0.623,0.706,0.526,0.316,0.043
141.5,2.15,1.466,0.622,0.705,0.526,0.315,0.043
141.6,2.158,1.474,0.625,0.705,0.526,0.314,0.043
141.70000000000002,2.155,1.47,0.623,0.704,0.526,0.312,0.042
141.8,2.173,1.487,0.63,0.704,0.526,0.311,0.042
141.9,2.166,1.481,0.627,0.703,0.526,0.31,0.042
142.0,2.161,1.476,0.626,0.703,0.525,0.309,0.042
142.1,2.178,1.492,0.631,0.702,0.525,0.308,0.042
142.20000000000002,2.171,1.485,0.629,0.702,0.526,0.307,0.042
142.3,2.186,1.498,0.634,0.702,0.526,0.305,0.042
142.4,2.188,1.5,0.634,0.701,0.526,0.304,0.042
142.5,2.178,1.491,0.631,0.701,0.526,0.303,0.042
142.6,2.17,1.484,0.628,0.7,0.526,0.301,0.042
142.70000000000002,2.164,1.479,0.626,0.7,0.526,0.3,0.042
142.8,2.159,1.474,0.625,0.699,0.525,0.299,0.042
142.9,2.177,1.49,0.631,0.699,0.525,0.298,0.042
143.0,2.169,1.483,0.628,0.698,0.525,0.297,0.042
143.1,2.185,1.498,0.633,0.698,0.525,0.295,0.042
143.20000000000002,2.176,1.489,0.63,0.698,0.525,0.294,0.042
143.3,2.168,1.483,0.628,0.697,0.525,0.293,0.042
143.4,2.163,1.477,0.626,0.697,0.525,0.292,0.042
143.5,2.169,1.483,0.628,0.696,0.525,0.291,0.042
143.6,2.163,1.478,0.626,0.696,0.525,0.29,0.042
143.70000000000002,2.158,1.473,0.625,0.696,0.525,0.289,0.041
143.8,2.165,1.48,0.627,0.696,0.525,0.288,0.041
143.9,2.16,1.475,0.625,0.696,0.525,0.287,0.041
144.0,2.167,1.481,0.627,0.695,0.525,0.287,0.041
144.1,2.161,1.476,0.626,0.695,0.525,0.286,0.041
144.20000000000002,2.157,1.472,0.624,0.695,0.525,0.285,0.041
144.3,2.164,1.479,0.627,0.695,0.525,0.284,0.041
144.4,2.159,1.474,0.625,0.695,0.525,0.283,0.041
144.5,2.166,1.48,0.627,0.694,0.525,0.282,0.041
144.6,2.172,1.485,0.629,0.694,0.525,0.282,0.041
144.70000000000002,2.176,1.489,0.63,0.694,0.525,0.281,0.041
144.8,2.179,1.492,0.632,0.694,0.525,0.28,0.041
144.9,2.171,1.485,0.629,0.693,0.525,0.279,0.041
145.0,2.165,1.479,0.627,0.693,0.525,0.279,0.041
145.1,2.171,1.484,0.629,0.693,0.525,0.278,0.041
145.20000000000002,2.175,1.489,0.63,0.693,0.525,0.277,0.041
145.3,2.179,1.492,0.631,0.693,0.525,0.276,0.041
145.4,2.182,1.494,0.632,0.693,0.526,0.276,0.041
145.5,2.184,1.497,0.633,0.693,0.525,0.275,0.041
145.6,2.186,1.498,0.634,0.693,0.525,0.275,0.041
145.70000000000002,2.187,1.5,0.634,0.693,0.525,0.274,0.041
145.8,2.189,1.501,0.635,0.693,0.525,0.273,0.041
145.9,2.19,1.501,0.635,0.692,0.525,0.273,0.041
146.0,2.19,1.502,0.635,0.692,0.525,0.272,0.041
146.1,2.191,1.503,0.635,0.692,0.525,0.271,0.041
146.20000000000002,2.191,1.503,0.635,0.691,0.525,0.271,0.041
146.3,2.192,1.503,0.636,0.691,0.525,0.27,0.041
146.4,2.192,1.504,0.636,0.691,0.525,0.269,0.041
146.5,2.182,1.494,0.632,0.691,0.525,0.269,0.041
146.6,2.184,1.496,0.633,0.69,0.525,0.268,0.041
146.70000000000002,2.186,1.498,0.634,0.69,0.525,0.267,0.041
146.8,2.187,1.499,0.634,0.69,0.525,0.267,0.041
146.9,2.178,1.491,0.631,0.69,0.525,0.266,0.041
147.0,2.181,1.494,0.632,0.689,0.525,0.265,0.041
147.1,2.183,1.496,0.633,0.689,0.525,0.265,0.041
147.20000000000002,2.185,1.498,0.633,0.689,0.525,0.264,0.041
147.3,2.187,1.499,0.634,0.689,0.525,0.263,0.041
147.4,2.188,1.5,0.634,0.689,0.525,0.263,0.041
147.5,2.2,1.511,0.638,0.689,0.525,0.262,0.041
147.6,2.199,1.51,0.638,0.689,0.525,0.261,0.041
147.70000000000002,2.209,1.519,0.641,0.689,0.525,0.261,0.041
147.8,2.206,1.516,0.64,0.688,0.525,0.26,0.041
147.9,2.203,1.514,0.639,0.688,0.525,0.26,0.042
148.0,2.179,1.493,0.632,0.688,0.525,0.259,0.042
148.1,2.182,1.495,0.633,0.688,0.525,0.258,0.041
148.20000000000002,2.185,1.497,0.633,0.688,0.525,0.258,0.042
148.3,2.197,1.508,0.637,0.688,0.525,0.257,0.041
148.4,2.196,1.508,0.637,0.688,0.525,0.257,0.041
148.5,2.196,1.507,0.637,0.688,0.525,0.256,0.041
148.6,2.195,1.507,0.637,0.688,0.524,0.256,0.042
148.70000000000002,2.195,1.506,0.637,0.688,0.525,0.255,0.042
148.8,2.195,1.506,0.637,0.688,0.525,0.255,0.042
148.9,2.194,1.506,0.636,0.688,0.525,0.255,0.042
149.0,2.194,1.506,0.636,0.688,0.525,0.255,0.042
149.1,2.194,1.505,0.636,0.687,0.525,0.254,0.042
149.20000000000002,2.194,1.505,0.636,0.687,0.525,0.254,0.042
149.3,2.205,1.515,0.64,0.687,0.525,0.253,0.042
149.4,2.202,1.513,0.639,0.687,0.524,0.253,0.042
149.5,2.223,1.531,0.646,0.687,0.524,0.253,0.042
149.6,2.217,1.526,0.644,0.687,0.524,0.252,0.042
149.70000000000002,2.212,1.522,0.642,0.687,0.524,0.251,0.042
149.8,2.208,1.518,0.641,0.687,0.524,0.251,0.042
149.9,2.205,1.516,0.64,0.686,0.523,0.251,0.042
150.0,2.214,1.523,0.643,0.686,0.523,0.25,0.042
150.1,2.21,1.52,0.642,0.686,0.523,0.25,0.042
150.20000000000002,2.217,1.526,0.644,0.686,0.523,0.25,0.042
150.3,2.213,1.522,0.642,0.686,0.523,0.249,0.042
150.4,2.22,1.528,0.645,0.686,0.523,0.249,0.042
150.5,2.214,1.524,0.643,0.686,0.523,0.249,0.042
150.6,2.221,1.53,0.645,0.686,0.524,0.249,0.042
150.70000000000002,2.237,1.545,0.651,0.686,0.524,0.248,0.042
150.8,2.251,1.556,0.655,0.686,0.523,0.248,0.042
150.9,2.25,1.556,0.655,0.686,0.524,0.248,0.042
151.0,2.25,1.555,0.655,0.686,0.524,0.248,0.042
151.1,2.227,1.536,0.647,0.686,0.524,0.247,0.042
151.20000000000002,2.231,1.539,0.649,0.686,0.524,0.247,0.042
151.3,2.257,1.562,0.657,0.686,0.524,0.247,0.042
151.4,2.244,1.551,0.653,0.686,0.524,0.247,0.042
151.5,2.245,1.551,0.653,0.686,0.523,0.246,0.042
151.6,2.245,1.552,0.653,0.686,0.523,0.246,0.042
151.70000000000002,2.246,1.552,0.653,0.686,0.523,0.246,0.042
151.8,2.246,1.553,0.654,0.686,0.523,0.246,0.042
151.9,2.247,1.553,0.654,0.685,0.523,0.246,0.042
152.0,2.247,1.553,0.654,0.685,0.523,0.245,0.042
152.1,2.247,1.553,0.654,0.685,0.523,0.245,0.042
152.20000000000002,2.247,1.553,0.654,0.685,0.523,0.245,0.042
152.3,2.247,1.553,0.654,0.685,0.523,0.245,0.042
152.4,2.247,1.554,0.654,0.685,0.523,0.245,0.042
152.5,2.247,1.554,0.654,0.686,0.524,0.245,0.042
152.6,2.248,1.554,0.654,0.686,0.523,0.245,0.042
152.70000000000002,2.237,1.544,0.65,0.686,0.523,0.245,0.042
152.8,2.239,1.546,0.651,0.686,0.523,0.245,0.042
152.9,2.241,1.547,0.652,0.686,0.523,0.245,0.042
153.0,2.231,1.539,0.649,0.686,0.523,0.244,0.042
153.1,2.235,1.542,0.65,0.686,0.523,0.244,0.042
153.20000000000002,2.237,1.544,0.651,0.686,0.523,0.244,0.042
153.3,2.239,1.546,0.651,0.686,0.523,0.244,0.042
153.4,2.252,1.558,0.655,0.686,0.523,0.244,0.042
153.5,2.251,1.557,0.655,0.686,0.523,0.244,0.042
153.60000000000002,2.25,1.556,0.655,0.686,0.523,0.244,0.042
153.70000000000002,2.25,1.556,0.655,0.686,0.523,0.244,0.042
153.8,2.25,1.555,0.655,0.686,0.523,0.244,0.042
153.9,2.249,1.555,0.654,0.685,0.523,0.243,0.042
154.0,2.249,1.555,0.654,0.685,0.523,0.243,0.042
154.10000000000002,2.249,1.555,0.654,0.685,0.523,0.243,0.042
154.20000000000002,2.238,1.545,0.651,0.686,0.523,0.243,0.042
154.3,2.24,1.546,0.651,0.686,0.523,0.243,0.042
154.4,2.241,1.548,0.652,0.686,0.523,0.243,0.042
154.5,2.243,1.549,0.652,0.686,0.523,0.243,0.042
154.60000000000002,2.244,1.55,0.653,0.686,0.523,0.243,0.042
154.70000000000002,2.244,1.551,0.653,0.686,0.523,0.243,0.042
154.8,2.245,1.551,0.653,0.686,0.523,0.242,0.042
154.9,2.246,1.552,0.653,0.685,0.523,0.242,0.042
155.0,2.246,1.552,0.653,0.685,0.523,0.242,0.042
155.10000000000002,2.246,1.553,0.654,0.685,0.523,0.242,0.042
155.20000000000002,2.247,1.553,0.654,0.685,0.523,0.242,0.042
155.3,2.258,1.563,0.657,0.685,0.523,0.241,0.042
155.4,2.256,1.561,0.657,0.685,0.523,0.241,0.042
155.5,2.265,1.57,0.66,0.685,0.523,0.241,0.042
155.60000000000002,2.262,1.566,0.659,0.686,0.523,0.241,0.042
155.70000000000002,2.259,1.564,0.658,0.686,0.523,0.241,0.042
155.8,2.268,1.572,0.661,0.686,0.523,0.241,0.042
155.9,2.264,1.568,0.659,0.686,0.523,0.241,0.042
156.0,2.26,1.565,0.658,0.686,0.523,0.24,0.042
156.10000000000002,2.269,1.573,0.661,0.687,0.523,0.24,0.042
156.20000000000002,2.243,1.55,0.652,0.687,0.523,0.24,0.042
156.3,2.244,1.55,0.653,0.687,0.523,0.24,0.043
156.4,2.245,1.551,0.653,0.687,0.523,0.24,0.042
156.5,2.245,1.552,0.653,0.687,0.523,0.24,0.042
156.60000000000002,2.246,1.552,0.653,0.687,0.523,0.24,0.042
156.70000000000002,2.246,1.552,0.654,0.687,0.523,0.24,0.042
156.8,2.258,1.563,0.657,0.687,0.523,0.24,0.043
156.9,2.256,1.561,0.657,0.687,0.523,0.24,0.043
157.0,2.276,1.58,0.663,0.688,0.523,0.24,0.043
157.10000000000002,2.27,1.574,0.662,0.688,0.523,0.24,0.043
157.20000000000002,2.266,1.57,0.66,0.688,0.523,0.24,0.043
157.3,2.262,1.567,0.659,0.688,0.523,0.24,0.043
157.4,2.259,1.564,0.658,0.688,0.523,0.24,0.043
157.5,2.257,1.562,0.657,0.688,0.523,0.24,0.043
157.60000000000002,2.255,1.561,0.656,0.688,0.523,0.24,0.043
157.70000000000002,2.265,1.569,0.66,0.688,0.523,0.24,0.043
157.8,2.261,1.566,0.658,0.688,0.523,0.24,0.043
157.9,2.259,1.564,0.658,0.688,0.523,0.24,0.043
158.0,2.256,1.562,0.657,0.688,0.523,0.24,0.043
158.10000000000002,2.255,1.56,0.656,0.688,0.523,0.241,0.043
158.20000000000002,2.253,1.559,0.656,0.688,0.523,0.241,0.043
158.3,2.263,1.568,0.659,0.688,0.523,0.241,0.043
158.4,2.26,1.565,0.658,0.688,0.523,0.241,0.043
158.5,2.258,1.563,0.657,0.689,0.523,0.241,0.043
158.60000000000002,2.256,1.561,0.657,0.688,0.523,0.241,0.043
158.70000000000002,2.254,1.56,0.656,0.688,0.523,0.241,0.043
158.8,2.253,1.558,0.656,0.688,0.523,0.241,0.043
158.9,2.296,1.598,0.67,0.688,0.523,0.241,0.043
159.0,2.308,1.609,0.674,0.688,0.523,0.241,0.043
159.10000000000002,2.296,1.598,0.67,0.688,0.523,0.241,0.043
159.20000000000002,2.298,1.599,0.671,0.688,0.523,0.241,0.043
159.3,2.288,1.59,0.667,0.688,0.523,0.241,0.043
159.4,2.28,1.583,0.665,0.688,0.523,0.24,0.043
159.5,2.284,1.587,0.666,0.688,0.523,0.24,0.043
159.60000000000002,2.288,1.59,0.667,0.688,0.523,0.24,0.043
159.70000000000002,2.302,1.603,0.672,0.688,0.523,0.24,0.043
159.8,2.291,1.593,0.668,0.688,0.523,0.24,0.043
159.9,3.358,2.489,1.007,0.833,0.633,0.289,0.053
160.0,3.239,2.325,0.958,0.893,0.677,0.308,0.056
160.10000000000002,3.147,2.219,0.924,0.916,0.695,0.316,0.058
160.20000000000002,3.066,2.137,0.895,0.925,0.702,0.319,0.058
160.3,3.122,2.184,0.913,0.924,0.704,0.32,0.059
160.4,3.189,2.244,0.935,0.928,0.705,0.321,0.058
160.5,3.127,2.187,0.914,0.929,0.706,0.321,0.058
160.60000000000002,3.191,2.245,0.936,0.926,0.703,0.319,0.058
160.70000000000002,3.127,2.187,0.915,0.925,0.702,0.32,0.058
160.8,3.146,2.205,0.921,0.925,0.702,0.32,0.057
160.9,3.243,2.294,0.953,0.931,0.706,0.321,0.058
161.0,3.237,2.288,0.951,0.933,0.707,0.322,0.058
161.10000000000002,3.146,2.204,0.921,0.934,0.708,0.322,0.059
161.20000000000002,3.11,2.171,0.909,0.931,0.708,0.322,0.058
161.3,3.095,2.158,0.904,0.933,0.708,0.322,0.058
161.4,3.089,2.152,0.902,0.935,0.708,0.322,0.058
161.5,3.087,2.15,0.901,0.935,0.709,0.322,0.058
161.60000000000002,3.219,2.272,0.945,0.935,0.708,0.321,0.057
161.70000000000002,3.139,2.198,0.918,0.936,0.708,0.321,0.058
161.8,3.151,2.209,0.922,0.936,0.708,0.322,0.058
161.9,3.156,2.213,0.924,0.937,0.708,0.322,0.058
162.0,3.114,2.174,0.91,0.938,0.709,0.323,0.059
162.10000000000002,3.097,2.159,0.904,0.938,0.707,0.325,0.059
162.20000000000002,3.09,2.153,0.902,0.94,0.708,0.326,0.059
162.3,3.131,2.191,0.916,0.94,0.708,0.327,0.058
162.4,3.104,2.166,0.907,0.941,0.708,0.328,0.059
162.5,3.181,2.237,0.933,0.942,0.707,0.331,0.059
162.60000000000002,3.168,2.224,0.928,0.944,0.708,0.333,0.059
162.70000000000002,3.163,2.219,0.926,0.945,0.707,0.334,0.059
162.8,3.385,2.427,1.001,0.948,0.706,0.341,0.059
162.9,3.25,2.301,0.955,0.95,0.707,0.344,0.059
163.0,3.195,2.25,0.937,0.952,0.708,0.348,0.06
163.10000000000002,3.174,2.23,0.93,0.953,0.707,0.348,0.06
163.20000000000002,3.165,2.221,0.927,0.953,0.707,0.35,0.06
163.3,3.206,2.259,0.941,0.954,0.707,0.352,0.059
163.4,3.178,2.233,0.931,0.954,0.708,0.354,0.059
163.5,3.122,2.183,0.913,0.954,0.708,0.354,0.059
163.60000000000002,3.189,2.244,0.935,0.954,0.708,0.356,0.06
163.70000000000002,3.35,2.394,0.989,0.955,0.708,0.357,0.06
163.8,3.236,2.287,0.951,0.956,0.708,0.359,0.059
163.9,3.19,2.245,0.935,0.958,0.708,0.361,0.06
164.0,3.171,2.227,0.929,0.957,0.709,0.362,0.059
164.10000000000002,3.164,2.221,0.927,0.957,0.708,0.362,0.06
164.20000000000002,3.161,2.218,0.926,0.959,0.709,0.363,0.06
164.3,3.16,2.217,0.925,0.96,0.709,0.365,0.06
164.4,3.159,2.216,0.925,0.96,0.709,0.366,0.061
164.5,3.159,2.216,0.925,0.96,0.709,0.366,0.06
164.60000000000002,3.115,2.176,0.91,0.96,0.708,0.367,0.061
164.70000000000002,3.097,2.159,0.905,0.96,0.709,0.368,0.06
164.8,3.09,2.153,0.902,0.96,0.71,0.369,0.061
164.9,3.132,2.191,0.916,0.96,0.709,0.37,0.06
165.0,3.148,2.206,0.921,0.96,0.709,0.371,0.06
165.10000000000002,3.155,2.212,0.924,0.96,0.709,0.372,0.06
165.20000000000002,3.113,2.174,0.91,0.96,0.708,0.372,0.06
165.3,3.141,2.199,0.919,0.954,0.704,0.371,0.06
165.4,3.108,2.169,0.908,0.952,0.702,0.37,0.06
165.5,3.094,2.157,0.904,0.95,0.701,0.37,0.06
165.60000000000002,3.133,2.192,0.916,0.949,0.701,0.371,0.059
165.70000000000002,3.104,2.166,0.907,0.948,0.701,0.372,0.06
165.8,3.137,2.196,0.918,0.949,0.701,0.372,0.06
165.9,3.106,2.168,0.908,0.949,0.701,0.373,0.06
166.0,3.094,2.156,0.903,0.95,0.701,0.373,0.06
166.10000000000002,3.133,2.192,0.916,0.949,0.7,0.374,0.059
166.20000000000002,3.104,2.166,0.907,0.949,0.7,0.374,0.06
166.3,3.093,2.156,0.903,0.949,0.701,0.375,0.059
166.4,3.088,2.151,0.902,0.949,0.701,0.376,0.06
166.5,3.087,2.15,0.901,0.95,0.701,0.376,0.06
166.60000000000002,3.086,2.149,0.901,0.951,0.701,0.377,0.06
166.70000000000002,3.086,2.149,0.901,0.95,0.701,0.377,0.06
166.8,3.085,2.149,0.901,0.95,0.701,0.378,0.06
166.9,3.13,2.189,0.915,0.95,0.702,0.379,0.06
167.0,3.103,2.165,0.907,0.951,0.701,0.379,0.06
167.10000000000002,3.092,2.155,0.903,0.95,0.701,0.38,0.06
167.20000000000002,3.088,2.151,0.902,0.95,0.701,0.38,0.06
167.3,3.086,2.15,0.901,0.951,0.703,0.381,0.06
167.4,3.13,2.19,0.915,0.95,0.702,0.382,0.059
167.5,3.147,2.205,0.921,0.95,0.701,0.383,0.06
167.60000000000002,3.11,2.171,0.909,0.951,0.701,0.384,0.06
167.70000000000002,3.095,2.158,0.904,0.951,0.701,0.384,0.06
167.8,3.089,2.152,0.902,0.951,0.701,0.385,0.059
167.9,3.087,2.15,0.901,0.95,0.701,0.385,0.06
168.0,3.086,2.149,0.901,0.95,0.701,0.385,0.06
168.10000000000002,3.086,2.149,0.901,0.951,0.7,0.385,0.059
168.20000000000002,3.085,2.149,0.901,0.951,0.703,0.387,0.06
168.3,3.085,2.149,0.901,0.95,0.702,0.386,0.059
168.4,3.13,2.189,0.915,0.95,0.702,0.387,0.06
168.5,3.103,2.165,0.906,0.951,0.701,0.388,0.06
168.60000000000002,3.092,2.155,0.903,0.95,0.701,0.388,0.059
168.70000000000002,3.088,2.151,0.902,0.951,0.701,0.388,0.06
168.8,3.086,2.15,0.901,0.951,0.701,0.389,0.06
168.9,3.086,2.149,0.901,0.95,0.701,0.389,0.06
169.0,3.086,2.149,0.901,0.951,0.701,0.39,0.06
169.10000000000002,3.085,2.149,0.901,0.951,0.701,0.39,0.06
169.20000000000002,3.085,2.149,0.901,0.95,0.701,0.39,0.059
169.3,3.085,2.149,0.901,0.95,0.701,0.39,0.059
169.4,3.085,2.149,0.901,0.95,0.702,0.391,0.06
169.5,3.085,2.149,0.901,0.951,0.701,0.391,0.059
169.60000000000002,3.085,2.149,0.901,0.951,0.7,0.39,0.06
169.70000000000002,3.085,2.149,0.901,0.951,0.701,0.391,0.059
169.8,3.085,2.149,0.901,0.95,0.702,0.391,0.059
169.9,3.085,2.149,0.901,0.951,0.701,0.392,0.06
170.0,3.041,2.109,0.886,0.951,0.701,0.392,0.059
170.10000000000002,3.068,2.133,0.895,0.951,0.701,0.393,0.06
170.20000000000002,3.078,2.142,0.898,0.951,0.701,0.393,0.06
170.3,3.039,2.106,0.885,0.951,0.702,0.394,0.06
170.4,3.067,2.132,0.894,0.951,0.701,0.394,0.06
170.5,3.078,2.142,0.898,0.951,0.701,0.394,0.06
170.60000000000002,3.082,2.146,0.9,0.951,0.701,0.394,0.059
170.70000000000002,3.128,2.188,0.915,0.951,0.702,0.395,0.06
170.8,3.103,2.164,0.906,0.952,0.703,0.395,0.06
170.9,3.092,2.155,0.903,0.951,0.702,0.396,0.06
171.0,3.088,2.151,0.902,0.952,0.701,0.396,0.06
171.10000000000002,3.086,2.15,0.901,0.952,0.703,0.395,0.059
171.20000000000002,3.086,2.149,0.901,0.951,0.701,0.396,0.06
171.3,3.13,2.189,0.915,0.95,0.701,0.396,0.06
171.4,3.103,2.165,0.907,0.951,0.701,0.396,0.06
171.5,3.092,2.155,0.903,0.951,0.701,0.396,0.059
171.60000000000002,3.088,2.151,0.902,0.951,0.701,0.397,0.059
171.70000000000002,3.087,2.15,0.901,0.95,0.701,0.397,0.059
171.8,3.086,2.149,0.901,0.951,0.702,0.397,0.06
171.9,3.13,2.189,0.915,0.951,0.701,0.397,0.06
172.0,3.103,2.165,0.907,0.951,0.702,0.398,0.06
172.10000000000002,3.092,2.155,0.903,0.95,0.701,0.398,0.06
172.20000000000002,3.132,2.192,0.916,0.951,0.701,0.398,0.06
172.3,3.06,2.126,0.892,0.951,0.701,0.399,0.06
172.4,3.075,2.14,0.897,0.951,0.701,0.399,0.059
172.5,3.126,2.185,0.914,0.951,0.7,0.399,0.059
172.60000000000002,3.101,2.163,0.906,0.95,0.7,0.399,0.059
172.70000000000002,3.136,2.195,0.917,0.951,0.701,0.4,0.06
172.8,3.106,2.167,0.907,0.951,0.701,0.4,0.06
172.9,3.049,2.116,0.889,0.95,0.7,0.401,0.06
173.0,3.027,2.096,0.881,0.951,0.701,0.4,0.059
173.10000000000002,3.062,2.128,0.893,0.951,0.7,0.401,0.059
173.20000000000002,3.032,2.1,0.883,0.952,0.701,0.401,0.06
173.3,3.064,2.129,0.894,0.951,0.7,0.4,0.059
173.4,3.033,2.101,0.883,0.951,0.7,0.401,0.06
173.5,3.02,2.09,0.879,0.951,0.701,0.401,0.059
173.60000000000002,3.015,2.085,0.878,0.951,0.701,0.401,0.059
173.70000000000002,3.057,2.123,0.891,0.95,0.7,0.402,0.06
173.8,3.03,2.099,0.882,0.951,0.701,0.402,0.059
173.9,3.019,2.089,0.879,0.952,0.701,0.402,0.06
174.0,3.015,2.085,0.877,0.951,0.701,0.402,0.06
174.10000000000002,3.013,2.083,0.877,0.952,0.701,0.403,0.06
174.20000000000002,3.012,2.083,0.877,0.952,0.701,0.403,0.06
174.3,3.1,2.163,0.906,0.952,0.702,0.404,0.06
174.4,2.96,2.036,0.859,0.951,0.701,0.404,0.059
174.5,2.991,2.064,0.87,0.951,0.701,0.404,0.059
174.60000000000002,3.048,2.115,0.888,0.951,0.701,0.404,0.059
174.70000000000002,3.026,2.095,0.881,0.951,0.701,0.404,0.06
174.8,3.018,2.087,0.878,0.951,0.701,0.405,0.059
174.9,3.014,2.084,0.877,0.951,0.702,0.404,0.06
175.0,3.101,2.163,0.906,0.951,0.701,0.404,0.059
175.10000000000002,3.048,2.115,0.888,0.951,0.701,0.405,0.06
175.20000000000002,3.026,2.095,0.881,0.951,0.701,0.405,0.059
175.3,3.018,2.087,0.878,0.952,0.701,0.405,0.059
175.4,3.058,2.124,0.892,0.951,0.701,0.405,0.06
175.5,3.031,2.099,0.883,0.951,0.701,0.405,0.059
175.60000000000002,3.019,2.089,0.879,0.951,0.701,0.406,0.06
175.70000000000002,3.059,2.125,0.892,0.953,0.701,0.406,0.059
175.8,3.031,2.099,0.883,0.953,0.702,0.405,0.06
175.9,3.064,2.129,0.893,0.953,0.702,0.406,0.06
176.0,3.033,2.101,0.883,0.952,0.701,0.406,0.059
176.10000000000002,3.02,2.09,0.879,0.952,0.701,0.406,0.06
176.20000000000002,3.015,2.085,0.877,0.952,0.701,0.406,0.059
176.3,3.013,2.083,0.877,0.952,0.7,0.406,0.06
176.4,3.013,2.083,0.877,0.952,0.7,0.406,0.059
176.5,3.012,2.082,0.876,0.951,0.7,0.407,0.06
176.60000000000002,3.012,2.082,0.876,0.951,0.701,0.407,0.06
176.70000000000002,3.012,2.082,0.876,0.952,0.701,0.408,0.059
176.8,3.1,2.163,0.906,0.953,0.701,0.408,0.06
176.9,3.047,2.114,0.888,0.953,0.702,0.407,0.06
177.0,3.026,2.095,0.881,0.953,0.701,0.407,0.059
177.10000000000002,3.018,2.087,0.878,0.952,0.701,0.408,0.06
177.20000000000002,3.058,2.124,0.892,0.952,0.7,0.409,0.059
177.3,3.031,2.099,0.883,0.953,0.701,0.409,0.059
177.4,3.019,2.089,0.879,0.953,0.702,0.409,0.059
177.5,3.015,2.085,0.877,0.953,0.701,0.409,0.059
177.60000000000002,3.013,2.083,0.877,0.952,0.701,0.409,0.06
177.70000000000002,3.013,2.083,0.877,0.951,0.7,0.409,0.06
177.8,3.1,2.163,0.906,0.952,0.701,0.409,0.06
177.9,3.047,2.114,0.888,0.952,0.701,0.409,0.06
178.0,3.07,2.135,0.896,0.951,0.701,0.409,0.06
178.10000000000002,3.168,2.225,0.928,0.952,0.701,0.409,0.059
178.20000000000002,3.074,2.139,0.897,0.951,0.701,0.41,0.06
178.3,3.125,2.185,0.914,0.952,0.7,0.41,0.06
178.4,3.057,2.123,0.891,0.951,0.701,0.411,0.06
178.5,3.074,2.139,0.897,0.952,0.701,0.41,0.059
178.60000000000002,2.993,2.065,0.87,0.951,0.7,0.411,0.059
178.70000000000002,3.004,2.075,0.874,0.952,0.7,0.41,0.06
178.8,3.009,2.079,0.875,0.952,0.7,0.411,0.059
178.9,2.967,2.042,0.862,0.952,0.7,0.412,0.059
179.0,2.994,2.066,0.87,0.953,0.701,0.412,0.06
179.10000000000002,3.005,2.076,0.874,0.953,0.701,0.412,0.06
179.20000000000002,3.009,2.08,0.875,0.952,0.701,0.412,0.059
179.3,3.011,2.081,0.876,0.953,0.701,0.412,0.06
179.4,3.056,2.122,0.891,0.952,0.701,0.412,0.06
179.5,3.029,2.098,0.882,0.953,0.701,0.412,0.059
179.60000000000002,3.019,2.088,0.879,0.952,0.701,0.412,0.059
179.70000000000002,3.015,2.085,0.877,0.951,0.701,0.412,0.06
179.8,3.013,2.083,0.877,0.952,0.701,0.413,0.059
179.9,3.012,2.083,0.877,0.953,0.7,0.412,0.06
180.0,3.012,2.082,0.876,0.952,0.701,0.412,0.059
180.10000000000002,3.012,2.082,0.876,0.952,0.701,0.412,0.06
180.20000000000002,3.1,2.163,0.906,0.952,0.7,0.413,0.06
180.3,3.047,2.114,0.888,0.952,0.7,0.412,0.06
180.4,3.026,2.095,0.881,0.953,0.7,0.412,0.06
180.5,3.018,2.087,0.878,0.953,0.702,0.413,0.059
180.60000000000002,3.014,2.084,0.877,0.953,0.702,0.413,0.059
180.70000000000002,3.057,2.123,0.891,0.952,0.701,0.412,0.06
180.8,3.118,2.179,0.912,0.953,0.7,0.412,0.059
180.9,3.055,2.121,0.89,0.952,0.7,0.413,0.059
181.0,3.029,2.098,0.882,0.951,0.701,0.413,0.06
181.10000000000002,3.019,2.088,0.879,0.951,0.7,0.412,0.059
181.20000000000002,3.015,2.085,0.877,0.95,0.7,0.413,0.059
181.3,2.969,2.044,0.862,0.95,0.7,0.413,0.059
181.4,2.995,2.067,0.871,0.95,0.701,0.412,0.06
181.5,3.005,2.076,0.874,0.951,0.7,0.413,0.06
181.60000000000002,2.966,2.04,0.861,0.952,0.699,0.413,0.06
181.70000000000002,2.993,2.065,0.87,0.951,0.7,0.413,0.059
181.8,3.049,2.115,0.888,0.951,0.7,0.413,0.06
181.9,3.027,2.095,0.881,0.952,0.7,0.414,0.06
182.0,3.018,2.087,0.878,0.951,0.7,0.414,0.06
182.10000000000002,3.014,2.084,0.877,0.951,0.7,0.414,0.059
182.20000000000002,2.926,2.005,0.848,0.951,0.699,0.414,0.059
182.3,2.978,2.051,0.865,0.951,0.699,0.415,0.059
182.4,2.954,2.03,0.857,0.952,0.7,0.414,0.06
182.5,2.989,2.061,0.869,0.951,0.7,0.414,0.059
182.60000000000002,3.003,2.074,0.873,0.951,0.701,0.415,0.059
182.70000000000002,3.008,2.079,0.875,0.951,0.7,0.414,0.059
182.8,3.011,2.081,0.876,0.951,0.7,0.415,0.058
182.9,3.011,2.082,0.876,0.95,0.7,0.415,0.059
183.0,2.968,2.043,0.862,0.951,0.7,0.415,0.06
183.10000000000002,3.038,2.106,0.885,0.952,0.7,0.416,0.06
183.20000000000002,3.023,2.092,0.88,0.951,0.7,0.416,0.059
183.3,3.06,2.126,0.892,0.952,0.7,0.416,0.059
183.4,3.031,2.1,0.883,0.951,0.701,0.416,0.06
183.5,3.02,2.089,0.879,0.952,0.7,0.416,0.059
183.60000000000002,3.015,2.085,0.877,0.951,0.7,0.417,0.06
183.70000000000002,3.013,2.083,0.877,0.952,0.7,0.417,0.059
183.8,3.013,2.083,0.877,0.952,0.699,0.417,0.059
183.9,3.012,2.082,0.876,0.951,0.7,0.417,0.059
184.0,3.012,2.082,0.876,0.951,0.699,0.417,0.059
184.10000000000002,3.012,2.082,0.876,0.951,0.7,0.418,0.059
184.20000000000002,3.012,2.082,0.876,0.952,0.7,0.417,0.059
184.3,3.012,2.082,0.876,0.953,0.701,0.418,0.06
184.4,3.012,2.082,0.876,0.953,0.701,0.418,0.06
184.5,3.012,2.082,0.876,0.953,0.701,0.418,0.06
184.60000000000002,2.968,2.043,0.862,0.953,0.7,0.419,0.06
184.70000000000002,2.995,2.066,0.871,0.953,0.701,0.419,0.06
184.8,3.138,2.197,0.918,0.953,0.701,0.418,0.06
184.9,3.062,2.128,0.893,0.954,0.701,0.418,0.06
185.0,3.032,2.101,0.883,0.954,0.7,0.418,0.06
185.10000000000002,3.02,2.089,0.879,0.953,0.701,0.418,0.06
185.20000000000002,3.015,2.085,0.877,0.953,0.701,0.419,0.06
185.3,3.013,2.083,0.877,0.953,0.701,0.418,0.06
185.4,3.013,2.083,0.877,0.953,0.702,0.419,0.059
185.5,3.012,2.082,0.876,0.953,0.701,0.419,0.06
185.60000000000002,3.012,2.082,0.876,0.952,0.701,0.419,0.06
185.70000000000002,2.968,2.043,0.862,0.953,0.701,0.42,0.06
185.8,3.039,2.106,0.885,0.953,0.7,0.42,0.06
185.9,3.023,2.092,0.88,0.953,0.701,0.42,0.06
186.0,3.016,2.086,0.878,0.952,0.7,0.42,0.06
186.10000000000002,3.014,2.084,0.877,0.953,0.701,0.42,0.06
186.20000000000002,3.013,2.083,0.877,0.953,0.7,0.42,0.06
186.3,2.969,2.043,0.862,0.952,0.701,0.419,0.06
186.4,2.995,2.066,0.871,0.953,0.701,0.42,0.059
186.5,3.005,2.076,0.874,0.953,0.701,0.42,0.059
186.60000000000002,3.009,2.08,0.875,0.952,0.7,0.42,0.06
186.70000000000002,3.055,2.121,0.891,0.953,0.701,0.42,0.06
186.8,3.029,2.098,0.882,0.953,0.701,0.421,0.06
186.9,3.019,2.088,0.879,0.953,0.7,0.42,0.06
187.0,3.015,2.085,0.877,0.954,0.701,0.421,0.06
187.10000000000002,3.013,2.083,0.877,0.954,0.701,0.421,0.06
187.20000000000002,3.012,2.083,0.877,0.953,0.701,0.42,0.06
187.3,3.1,2.163,0.906,0.952,0.701,0.421,0.06
187.4,3.047,2.114,0.888,0.952,0.701,0.421,0.06
187.5,3.026,2.095,0.881,0.953,0.7,0.421,0.06
187.60000000000002,3.018,2.087,0.878,0.953,0.7,0.421,0.059
187.70000000000002,3.014,2.084,0.877,0.952,0.7,0.421,0.06
187.8,3.013,2.083,0.877,0.953,0.7,0.421,0.06
187.9,3.012,2.082,0.877,0.953,0.7,0.421,0.06
188.0,3.012,2.082,0.876,0.953,0.7,0.421,0.06
188.10000000000002,3.056,2.122,0.891,0.954,0.701,0.421,0.06
188.20000000000002,3.03,2.098,0.882,0.953,0.701,0.422,0.059
188.3,3.019,2.089,0.879,0.953,0.7,0.422,0.06
188.4,3.015,2.085,0.877,0.954,0.701,0.422,0.06
188.5,3.013,2.083,0.877,0.953,0.701,0.422,0.06
188.60000000000002,3.012,2.083,0.877,0.953,0.7,0.422,0.06
188.70000000000002,3.1,2.163,0.906,0.953,0.701,0.422,0.06
188.8,3.047,2.114,0.888,0.953,0.701,0.422,0.06
188.9,2.982,2.056,0.867,0.953,0.701,0.422,0.06
189.0,3.088,2.152,0.902,0.952,0.7,0.422,0.06
189.10000000000002,3.043,2.11,0.887,0.951,0.7,0.423,0.06
189.20000000000002,3.024,2.093,0.88,0.951,0.699,0.423,0.06
189.3,3.061,2.127,0.893,0.952,0.7,0.422,0.06
189.4,3.12,2.18,0.912,0.952,0.699,0.423,0.06
189.5,3.055,2.121,0.891,0.952,0.699,0.423,0.06
189.60000000000002,3.029,2.098,0.882,0.953,0.699,0.423,0.06
189.70000000000002,3.019,2.088,0.879,0.953,0.7,0.423,0.06
189.8,3.059,2.125,0.892,0.953,0.7,0.423,0.06
189.9,3.031,2.099,0.883,0.953,0.7,0.423,0.06
190.0,3.064,2.129,0.893,0.952,0.7,0.424,0.06
190.10000000000002,3.033,2.101,0.883,0.953,0.7,0.424,0.06
190.20000000000002,3.02,2.09,0.879,0.953,0.7,0.425,0.06
190.3,2.972,2.046,0.863,0.954,0.7,0.424,0.06
190.4,2.996,2.068,0.871,0.953,0.701,0.424,0.06
190.5,3.006,2.076,0.874,0.954,0.701,0.424,0.06
190.60000000000002,3.098,2.16,0.905,0.953,0.7,0.424,0.06
190.70000000000002,3.046,2.113,0.888,0.953,0.7,0.424,0.059
190.8,3.026,2.095,0.881,0.954,0.701,0.424,0.06
190.9,3.018,2.087,0.878,0.953,0.7,0.424,0.06
191.0,3.014,2.084,0.877,0.953,0.7,0.425,0.06
191.10000000000002,3.013,2.083,0.877,0.954,0.701,0.425,0.06
191.20000000000002,3.012,2.082,0.877,0.953,0.7,0.425,0.06
191.3,3.012,2.082,0.876,0.953,0.7,0.425,0.06
191.4,3.012,2.082,0.876,0.954,0.699,0.426,0.061
191.5,3.012,2.082,0.876,0.954,0.7,0.426,0.06
191.60000000000002,3.012,2.082,0.876,0.954,0.701,0.426,0.06
191.70000000000002,3.012,2.082,0.876,0.954,0.7,0.426,0.061
191.8,3.012,2.082,0.876,0.954,0.7,0.426,0.06
191.9,3.012,2.082,0.876,0.954,0.7,0.426,0.061
192.0,3.012,2.082,0.876,0.954,0.701,0.427,0.061
192.10000000000002,3.012,2.082,0.876,0.954,0.701,0.426,0.061
192.20000000000002,3.012,2.082,0.876,0.954,0.701,0.426,0.061
192.3,3.012,2.082,0.876,0.953,0.7,0.426,0.06
192.4,3.012,2.082,0.876,0.953,0.7,0.426,0.06
192.5,3.012,2.082,0.876,0.953,0.7,0.426,0.06
192.60000000000002,3.012,2.082,0.876,0.953,0.7,0.427,0.061
192.70000000000002,3.012,2.082,0.876,0.953,0.7,0.426,0.06
192.8,3.012,2.082,0.876,0.954,0.701,0.426,0.06
192.9,3.012,2.082,0.876,0.954,0.7,0.426,0.06
193.0,3.012,2.082,0.876,0.954,0.701,0.427,0.06
193.10000000000002,3.012,2.082,0.876,0.954,0.7,0.427,0.061
193.20000000000002,3.012,2.082,0.876,0.953,0.7,0.428,0.06
193.3,3.056,2.122,0.891,0.954,0.701,0.427,0.06
193.4,3.074,2.138,0.897,0.953,0.7,0.426,0.06
193.5,3.037,2.104,0.885,0.953,0.7,0.427,0.061
193.60000000000002,3.022,2.091,0.88,0.954,0.701,0.428,0.06
193.70000000000002,3.016,2.086,0.878,0.953,0.7,0.428,0.06
193.8,3.014,2.084,0.877,0.953,0.7,0.427,0.061
193.9,3.013,2.083,0.877,0.954,0.7,0.428,0.06
194.0,3.012,2.082,0.876,0.953,0.7,0.427,0.06
194.10000000000002,3.012,2.082,0.876,0.953,0.7,0.428,0.06
194.20000000000002,3.012,2.082,0.876,0.953,0.699,0.428,0.06
194.3,3.012,2.082,0.876,0.953,0.7,0.428,0.061
194.4,3.012,2.082,0.876,0.953,0.701,0.428,0.061
194.5,3.012,2.082,0.876,0.954,0.701,0.429,0.06
194.60000000000002,3.012,2.082,0.876,0.953,0.7,0.428,0.06
194.70000000000002,3.012,2.082,0.876,0.954,0.7,0.428,0.06
194.8,3.145,2.203,0.92,0.953,0.701,0.429,0.06
194.9,3.153,2.211,0.923,0.953,0.701,0.429,0.061
195.0,3.069,2.134,0.895,0.954,0.7,0.429,0.06
195.10000000000002,3.035,2.103,0.884,0.954,0.7,0.428,0.06
195.20000000000002,3.021,2.09,0.879,0.953,0.7,0.428,0.06
195.3,3.016,2.085,0.878,0.953,0.7,0.429,0.06
195.4,3.013,2.083,0.877,0.954,0.701,0.428,0.06
195.5,3.013,2.083,0.877,0.954,0.701,0.429,0.06
195.60000000000002,3.012,2.082,0.876,0.953,0.7,0.429,0.06
195.70000000000002,3.056,2.122,0.891,0.952,0.699,0.428,0.06
195.8,3.074,2.138,0.897,0.953,0.7,0.428,0.06
195.9,3.037,2.105,0.885,0.953,0.699,0.428,0.06
196.0,3.022,2.091,0.88,0.953,0.699,0.429,0.06
196.10000000000002,3.06,2.126,0.892,0.953,0.7,0.429,0.06
196.20000000000002,3.075,2.139,0.897,0.953,0.7,0.43,0.06
196.3,3.037,2.105,0.885,0.954,0.7,0.43,0.06
196.4,3.022,2.091,0.88,0.953,0.7,0.429,0.06
196.5,3.016,2.086,0.878,0.953,0.7,0.429,0.06
196.60000000000002,3.058,2.124,0.891,0.953,0.7,0.43,0.061
196.70000000000002,3.03,2.099,0.882,0.953,0.699,0.43,0.06
196.8,3.019,2.089,0.879,0.952,0.699,0.429,0.061
196.9,3.015,2.085,0.877,0.953,0.699,0.43,0.06
197.0,3.013,2.083,0.877,0.952,0.699,0.43,0.06
197.10000000000002,3.012,2.083,0.877,0.952,0.699,0.43,0.06
197.20000000000002,3.012,2.082,0.876,0.953,0.7,0.43,0.06
197.3,3.012,2.082,0.876,0.953,0.699,0.43,0.06
197.4,3.012,2.082,0.876,0.953,0.7,0.429,0.06
197.5,3.012,2.082,0.876,0.953,0.699,0.43,0.06
197.60000000000002,3.012,2.082,0.876,0.954,0.699,0.43,0.06
197.70000000000002,3.012,2.082,0.876,0.953,0.699,0.43,0.061
197.8,3.012,2.082,0.876,0.952,0.7,0.43,0.06
197.9,3.012,2.082,0.876,0.952,0.701,0.431,0.06
198.0,3.1,2.163,0.906,0.953,0.7,0.431,0.061
198.10000000000002,3.047,2.114,0.888,0.953,0.699,0.431,0.061
198.20000000000002,3.026,2.095,0.881,0.954,0.699,0.431,0.06
198.3,3.018,2.087,0.878,0.953,0.699,0.432,0.061
198.4,3.014,2.084,0.877,0.954,0.7,0.432,0.061
198.5,3.101,2.163,0.906,0.954,0.699,0.432,0.06
198.60000000000002,3.048,2.115,0.888,0.953,0.7,0.431,0.06
198.70000000000002,3.115,2.175,0.91,0.953,0.699,0.432,0.061
198.8,3.053,2.119,0.89,0.954,0.7,0.432,0.06
198.9,3.072,2.137,0.896,0.953,0.7,0.431,0.06
199.0,2.992,2.065,0.87,0.953,0.7,0.432,0.06
199.10000000000002,3.004,2.075,0.874,0.953,0.699,0.432,0.06
199.20000000000002,3.009,2.079,0.875,0.953,0.7,0.433,0.06
199.3,3.011,2.081,0.876,0.954,0.7,0.432,0.061
199.4,3.1,2.162,0.905,0.953,0.7,0.433,0.061
199.5,3.047,2.114,0.888,0.954,0.7,0.434,0.061
199.60000000000002,3.026,2.095,0.881,0.954,0.699,0.434,0.061
199.70000000000002,3.018,2.087,0.878,0.953,0.7,0.434,0.061
199.8,3.014,2.084,0.877,0.954,0.7,0.434,0.061
199.9,3.013,2.083,0.877,0.954,0.7,0.434,0.061
200.0,3.012,2.082,0.877,0.954,0.699,0.433,0.062
200.10000000000002,3.012,2.082,0.876,0.953,0.7,0.434,0.061
200.20000000000002,3.012,2.082,0.876,0.954,0.7,0.434,0.062
200.3,3.1,2.163,0.906,0.954,0.699,0.434,0.061
200.4,3.047,2.114,0.888,0.954,0.699,0.434,0.061
200.5,3.026,2.095,0.881,0.954,0.7,0.434,0.061
200.60000000000002,3.018,2.087,0.878,0.953,0.699,0.434,0.061
200.70000000000002,3.014,2.084,0.877,0.953,0.699,0.433,0.06
200.8,3.013,2.083,0.877,0.953,0.699,0.433,0.061
200.9,3.012,2.082,0.877,0.953,0.699,0.434,0.06
201.0,3.012,2.082,0.876,0.952,0.698,0.434,0.061
201.10000000000002,3.012,2.082,0.876,0.953,0.699,0.434,0.06
201.20000000000002,3.012,2.082,0.876,0.954,0.699,0.434,0.06
201.3,3.012,2.082,0.876,0.953,0.698,0.434,0.061
201.4,3.1,2.163,0.906,0.954,0.698,0.434,0.061
201.5,3.047,2.114,0.888,0.953,0.699,0.433,0.06
201.60000000000002,3.026,2.095,0.881,0.953,0.699,0.434,0.061
201.70000000000002,3.062,2.127,0.893,0.954,0.699,0.434,0.061
201.8,3.032,2.1,0.883,0.954,0.699,0.435,0.061
201.9,3.02,2.089,0.879,0.954,0.699,0.436,0.061
202.0,3.015,2.085,0.877,0.953,0.699,0.436,0.061
202.10000000000002,3.013,2.083,0.877,0.954,0.7,0.436,0.061
202.20000000000002,3.013,2.083,0.877,0.953,0.7,0.435,0.061
202.3,3.012,2.082,0.876,0.954,0.699,0.436,0.061
202.4,3.012,2.082,0.876,0.954,0.699,0.435,0.061
202.5,3.012,2.082,0.876,0.954,0.699,0.436,0.061
202.60000000000002,3.012,2.082,0.876,0.953,0.699,0.436,0.061
202.70000000000002,3.012,2.082,0.876,0.954,0.7,0.436,0.061
202.8,3.012,2.082,0.876,0.954,0.699,0.436,0.061
202.9,3.012,2.082,0.876,0.954,0.7,0.436,0.061
203.0,3.012,2.082,0.876,0.953,0.699,0.436,0.061
203.10000000000002,3.012,2.082,0.876,0.954,0.699,0.436,0.061
203.20000000000002,3.1,2.163,0.906,0.954,0.7,0.436,0.061
203.3,3.091,2.154,0.903,0.954,0.7,0.436,0.061
203.4,3.044,2.111,0.887,0.953,0.699,0.436,0.061
203.5,3.025,2.094,0.881,0.953,0.699,0.436,0.061
203.60000000000002,3.017,2.087,0.878,0.954,0.699,0.436,0.061
203.70000000000002,3.014,2.084,0.877,0.954,0.699,0.436,0.061
203.8,3.013,2.083,0.877,0.953,0.7,0.436,0.061
203.9,3.101,2.163,0.906,0.953,0.699,0.436,0.061
204.0,3.047,2.114,0.888,0.953,0.699,0.436,0.061
204.10000000000002,2.982,2.056,0.867,0.952,0.698,0.436,0.061
204.20000000000002,3,2.072,0.873,0.953,0.699,0.436,0.061
204.3,3.007,2.078,0.875,0.953,0.699,0.436,0.061
204.4,3.01,2.08,0.876,0.953,0.698,0.436,0.061
204.5,3.011,2.081,0.876,0.952,0.699,0.436,0.061
204.60000000000002,3.012,2.082,0.876,0.953,0.698,0.436,0.061
204.70000000000002,3.012,2.082,0.876,0.953,0.698,0.436,0.061
204.8,3.056,2.122,0.891,0.953,0.699,0.436,0.061
204.9,3.118,2.178,0.911,0.952,0.698,0.436,0.061
205.0,3.054,2.121,0.89,0.953,0.699,0.436,0.06
205.10000000000002,3.073,2.137,0.897,0.952,0.698,0.436,0.061
205.20000000000002,3.036,2.104,0.884,0.951,0.698,0.436,0.06
205.3,3.022,2.091,0.88,0.953,0.699,0.436,0.061
205.4,3.016,2.086,0.878,0.953,0.699,0.436,0.06
205.5,3.014,2.084,0.877,0.952,0.699,0.436,0.06
205.60000000000002,3.013,2.083,0.877,0.952,0.698,0.436,0.06
205.70000000000002,3.056,2.122,0.891,0.951,0.698,0.437,0.06
205.8,3.03,2.098,0.882,0.952,0.697,0.436,0.061
205.9,3.019,2.089,0.879,0.953,0.698,0.436,0.061
206.0,3.059,2.125,0.892,0.953,0.698,0.436,0.06
206.10000000000002,3.031,2.099,0.883,0.953,0.698,0.436,0.06
206.20000000000002,3.02,2.089,0.879,0.952,0.699,0.436,0.06
206.3,3.015,2.085,0.877,0.951,0.698,0.436,0.06
206.4,3.013,2.083,0.877,0.952,0.698,0.437,0.061
206.5,3.101,2.163,0.906,0.952,0.699,0.437,0.061
206.60000000000002,3.048,2.114,0.888,0.952,0.699,0.436,0.06
206.70000000000002,3.026,2.095,0.881,0.951,0.698,0.436,0.061
206.8,3.062,2.127,0.893,0.953,0.698,0.437,0.06
206.9,3.032,2.1,0.883,0.953,0.699,0.437,0.061
207.0,3.064,2.129,0.894,0.952,0.699,0.436,0.06
207.10000000000002,3.033,2.101,0.883,0.951,0.698,0.437,0.061
207.20000000000002,3.064,2.13,0.894,0.951,0.698,0.436,0.06
207.3,3.033,2.101,0.883,0.951,0.698,0.436,0.061
207.4,3.02,2.09,0.879,0.951,0.699,0.437,0.06
207.5,3.015,2.085,0.878,0.952,0.698,0.437,0.061
207.60000000000002,3.013,2.083,0.877,0.951,0.698,0.438,0.06
207.70000000000002,2.969,2.043,0.862,0.951,0.698,0.437,0.061
207.8,2.995,2.067,0.871,0.952,0.697,0.437,0.061
207.9,3.005,2.076,0.874,0.952,0.698,0.438,0.06
208.0,3.009,2.08,0.875,0.951,0.699,0.438,0.061
208.10000000000002,3.011,2.081,0.876,0.952,0.699,0.438,0.06
208.20000000000002,3.012,2.082,0.876,0.953,0.698,0.438,0.061
208.3,3.1,2.162,0.906,0.953,0.699,0.438,0.061
208.4,3.047,2.114,0.888,0.953,0.698,0.438,0.061
208.5,3.07,2.135,0.896,0.952,0.698,0.438,0.061
208.60000000000002,3.124,2.184,0.913,0.953,0.699,0.438,0.061
208.70000000000002,3.101,2.163,0.906,0.952,0.699,0.438,0.061
208.8,3.047,2.114,0.888,0.952,0.698,0.438,0.06
208.9,3.026,2.095,0.881,0.952,0.699,0.438,0.06
209.0,3.018,2.087,0.878,0.951,0.699,0.439,0.06
209.10000000000002,3.103,2.165,0.906,0.951,0.698,0.438,0.06
209.20000000000002,3.048,2.115,0.888,0.952,0.699,0.438,0.06
209.3,3.071,2.135,0.896,0.951,0.698,0.438,0.06
209.4,3.035,2.103,0.884,0.951,0.698,0.437,0.06
209.5,3.021,2.091,0.88,0.951,0.698,0.438,0.06
209.60000000000002,3.016,2.086,0.878,0.95,0.698,0.438,0.06
209.70000000000002,3.014,2.083,0.877,0.951,0.698,0.438,0.06
209.8,3.013,2.083,0.877,0.951,0.699,0.438,0.06
209.9,3.056,2.122,0.891,0.952,0.699,0.438,0.061
210.0,3.074,2.138,0.897,0.951,0.698,0.439,0.06
210.10000000000002,3.037,2.105,0.885,0.952,0.699,0.439,0.06
210.20000000000002,3.022,2.091,0.88,0.952,0.698,0.439,0.06
210.3,2.972,2.046,0.863,0.952,0.698,0.438,0.06
210.4,3.04,2.108,0.886,0.953,0.699,0.439,0.06
210.5,3.023,2.092,0.88,0.952,0.698,0.438,0.06
210.60000000000002,3.017,2.086,0.878,0.951,0.698,0.439,0.06
210.70000000000002,3.014,2.084,0.877,0.951,0.698,0.439,0.06
210.8,3.057,2.123,0.891,0.951,0.698,0.439,0.061
210.9,3.03,2.098,0.882,0.951,0.697,0.439,0.06
211.0,3.012,2.082,0.876,0.953,0.699,0.44,0.061
211.10000000000002,3.03,2.098,0.882,0.954,0.699,0.441,0.061
211.20000000000002,3.013,2.083,0.877,0.953,0.699,0.439,0.061
211.3,3.019,2.089,0.879,0.952,0.698,0.439,0.061
211.4,3.013,2.083,0.877,0.953,0.699,0.441,0.061
211.5,3.019,2.089,0.879,0.954,0.699,0.441,0.061
211.60000000000002,3.012,2.083,0.877,0.953,0.699,0.44,0.061
211.70000000000002,3.012,2.082,0.876,0.954,0.699,0.441,0.061
211.8,3.015,2.085,0.877,0.953,0.699,0.44,0.061
211.9,3.015,2.085,0.877,0.954,0.699,0.441,0.062
212.0,3.012,2.083,0.877,0.954,0.698,0.44,0.061
212.10000000000002,3.012,2.082,0.876,0.954,0.699,0.441,0.062
212.20000000000002,3.012,2.082,0.876,0.954,0.698,0.441,0.061
212.3,3.056,2.122,0.891,0.954,0.7,0.441,0.061
212.4,3.012,2.082,0.876,0.953,0.699,0.44,0.061
212.5,3.012,2.082,0.876,0.954,0.699,0.441,0.062
212.60000000000002,2.968,2.043,0.862,0.954,0.699,0.441,0.061
212.70000000000002,2.995,2.066,0.871,0.953,0.7,0.44,0.061
212.8,3.005,2.076,0.874,0.954,0.699,0.441,0.061
212.9,2.965,2.04,0.861,0.955,0.699,0.441,0.062
213.0,2.993,2.065,0.87,0.955,0.7,0.442,0.061
213.10000000000002,3.009,2.079,0.875,0.954,0.699,0.441,0.061
213.20000000000002,2.924,2.003,0.847,0.955,0.7,0.441,0.061
213.3,2.977,2.05,0.865,0.954,0.699,0.441,0.061
213.4,3.005,2.075,0.874,0.954,0.7,0.442,0.061
213.5,2.998,2.069,0.872,0.954,0.699,0.441,0.061
213.60000000000002,3.095,2.157,0.904,0.954,0.699,0.441,0.062
213.70000000000002,3.045,2.112,0.887,0.954,0.698,0.441,0.061
213.8,3.113,2.175,0.91,0.955,0.699,0.441,0.061
213.9,3.053,2.119,0.89,0.955,0.7,0.441,0.062
214.0,3.028,2.097,0.882,0.955,0.7,0.441,0.061
214.10000000000002,3.196,2.251,0.937,0.955,0.7,0.442,0.062
214.20000000000002,3.086,2.15,0.901,0.956,0.7,0.442,0.062
214.3,3.041,2.109,0.886,0.955,0.699,0.441,0.062
214.4,3.024,2.093,0.88,0.954,0.7,0.442,0.061
214.5,3.017,2.086,0.878,0.955,0.7,0.441,0.062
214.60000000000002,3.014,2.084,0.877,0.955,0.699,0.441,0.062
214.70000000000002,3.013,2.083,0.877,0.954,0.699,0.442,0.062
214.8,3.056,2.122,0.891,0.955,0.7,0.442,0.061
214.9,3.03,2.098,0.882,0.954,0.699,0.441,0.061
215.0,3.019,2.089,0.879,0.954,0.7,0.441,0.062
215.10000000000002,3.015,2.085,0.877,0.955,0.7,0.441,0.061
215.20000000000002,3.013,2.083,0.877,0.954,0.706,0.441,0.062
215.3,3.012,2.083,0.877,0.954,0.707,0.441,0.062
215.4,3.012,2.082,0.876,0.955,0.706,0.441,0.061
215.5,3.012,2.082,0.876,0.954,0.706,0.441,0.061
215.60000000000002,3.012,2.082,0.876,0.954,0.705,0.441,0.062
215.70000000000002,3.012,2.082,0.876,0.953,0.705,0.44,0.061
215.8,2.968,2.043,0.862,0.954,0.704,0.44,0.061
215.9,2.995,2.066,0.871,0.953,0.705,0.441,0.061
216.0,3.049,2.116,0.889,0.953,0.704,0.441,0.061
216.10000000000002,3.027,2.096,0.881,0.954,0.705,0.441,0.062
216.20000000000002,3.018,2.088,0.878,0.954,0.705,0.442,0.062
216.3,3.014,2.084,0.877,0.954,0.705,0.441,0.062
216.4,2.86,1.978,0.832,0.905,0.669,0.419,0.059
216.5,2.737,1.892,0.796,0.867,0.64,0.401,0.056
216.60000000000002,2.639,1.824,0.768,0.836,0.617,0.386,0.054
216.70000000000002,2.56,1.77,0.745,0.811,0.599,0.375,0.052
216.8,2.508,1.737,0.73,0.791,0.584,0.366,0.051
216.9,2.456,1.7,0.715,0.775,0.573,0.358,0.05
217.0,2.414,1.67,0.703,0.762,0.563,0.352,0.049
217.10000000000002,2.403,1.667,0.7,0.752,0.556,0.348,0.049
217.20000000000002,2.372,1.644,0.691,0.744,0.55,0.344,0.048
217.3,2.347,1.626,0.684,0.738,0.545,0.341,0.048
217.4,2.338,1.622,0.681,0.732,0.541,0.338,0.047
217.5,2.32,1.608,0.676,0.728,0.538,0.336,0.047
217.60000000000002,2.305,1.597,0.671,0.725,0.536,0.335,0.047
217.70000000000002,2.305,1.598,0.672,0.722,0.534,0.333,0.047
217.8,2.293,1.589,0.668,0.72,0.532,0.332,0.047
217.9,2.273,1.572,0.662,0.718,0.531,0.331,0.046
218.0,2.268,1.569,0.66,0.717,0.53,0.33,0.046
218.10000000000002,2.264,1.566,0.659,0.716,0.529,0.33,0.046
218.20000000000002,2.25,1.553,0.654,0.715,0.528,0.329,0.046
218.3,2.238,1.544,0.651,0.714,0.528,0.329,0.046
218.4,2.229,1.536,0.648,0.714,0.527,0.329,0.046
218.5,2.222,1.53,0.645,0.713,0.527,0.328,0.046
218.60000000000002,2.205,1.515,0.64,0.713,0.527,0.328,0.046
218.70000000000002,2.192,1.503,0.636,0.712,0.526,0.328,0.046
218.8,2.182,1.494,0.632,0.712,0.526,0.327,0.046
218.9,2.173,1.486,0.629,0.711,0.526,0.327,0.045
219.0,2.177,1.49,0.631,0.71,0.526,0.326,0.045
219.10000000000002,2.18,1.493,0.632,0.71,0.526,0.325,0.045
219.20000000000002,2.172,1.486,0.629,0.709,0.526,0.325,0.045
219.3,2.166,1.48,0.627,0.708,0.526,0.324,0.045
219.4,2.16,1.475,0.625,0.708,0.526,0.323,0.045
219.5,2.156,1.471,0.624,0.707,0.526,0.322,0.045
219.60000000000002,2.153,1.468,0.623,0.707,0.526,0.321,0.045
219.70000000000002,2.15,1.466,0.622,0.706,0.526,0.32,0.045
219.8,2.159,1.474,0.625,0.706,0.526,0.319,0.045
219.9,2.155,1.47,0.623,0.705,0.526,0.318,0.045
220.0,2.173,1.487,0.63,0.705,0.526,0.316,0.044
220.10000000000002,2.167,1.481,0.627,0.704,0.526,0.315,0.044
220.20000000000002,2.172,1.486,0.629,0.704,0.527,0.315,0.044
220.3,2.165,1.48,0.627,0.704,0.526,0.313,0.044
220.4,2.171,1.485,0.629,0.703,0.526,0.312,0.044
220.5,2.165,1.479,0.627,0.703,0.526,0.311,0.044
220.60000000000002,2.17,1.484,0.629,0.703,0.527,0.309,0.044
220.70000000000002,2.175,1.488,0.63,0.703,0.527,0.309,0.044
220.8,2.179,1.492,0.631,0.702,0.527,0.307,0.044
220.9,2.193,1.504,0.636,0.701,0.527,0.306,0.043
221.0,2.193,1.504,0.636,0.701,0.527,0.305,0.043
221.10000000000002,2.193,1.504,0.636,0.7,0.527,0.304,0.043
221.20000000000002,2.193,1.505,0.636,0.7,0.527,0.303,0.043
221.3,2.215,1.524,0.643,0.7,0.527,0.301,0.043
221.4,2.211,1.52,0.642,0.699,0.527,0.3,0.043
221.5,2.207,1.517,0.641,0.698,0.526,0.298,0.043
221.60000000000002,2.204,1.515,0.64,0.698,0.526,0.297,0.043
221.70000000000002,2.202,1.513,0.639,0.697,0.526,0.296,0.043
221.8,2.2,1.511,0.638,0.697,0.526,0.295,0.043
221.9,2.199,1.51,0.638,0.696,0.526,0.294,0.043
222.0,2.198,1.509,0.638,0.696,0.526,0.292,0.043
222.10000000000002,2.197,1.508,0.637,0.696,0.526,0.291,0.043
222.20000000000002,2.196,1.507,0.637,0.695,0.526,0.29,0.043
222.3,2.218,1.527,0.644,0.695,0.526,0.289,0.043
222.4,2.213,1.522,0.643,0.694,0.526,0.288,0.043
222.5,2.209,1.519,0.641,0.694,0.526,0.287,0.043
222.60000000000002,2.206,1.516,0.64,0.693,0.526,0.285,0.043
222.70000000000002,2.203,1.514,0.639,0.693,0.526,0.284,0.043
222.8,2.201,1.512,0.639,0.693,0.526,0.283,0.043
222.9,2.2,1.511,0.638,0.693,0.526,0.282,0.043
223.0,2.198,1.509,0.638,0.693,0.526,0.281,0.043
223.10000000000002,2.208,1.518,0.641,0.693,0.526,0.28,0.043
223.20000000000002,2.205,1.516,0.64,0.693,0.526,0.28,0.043
223.3,2.203,1.513,0.639,0.692,0.526,0.279,0.043
223.4,2.201,1.512,0.639,0.692,0.526,0.278,0.043
223.5,2.21,1.52,0.642,0.692,0.526,0.277,0.043
223.60000000000002,2.207,1.517,0.641,0.691,0.526,0.276,0.043
223.70000000000002,2.204,1.515,0.64,0.691,0.526,0.275,0.043
223.8,2.202,1.513,0.639,0.691,0.526,0.275,0.043
223.9,2.2,1.511,0.638,0.691,0.526,0.274,0.043
224.0,2.21,1.52,0.642,0.691,0.526,0.273,0.043
224.10000000000002,2.228,1.537,0.648,0.691,0.526,0.272,0.043
224.20000000000002,2.232,1.54,0.649,0.692,0.526,0.272,0.043
224.3,2.225,1.533,0.646,0.691,0.526,0.271,0.043
224.4,2.218,1.527,0.644,0.691,0.526,0.27,0.043
224.5,2.224,1.533,0.646,0.69,0.526,0.269,0.043
224.60000000000002,2.218,1.527,0.644,0.69,0.525,0.268,0.043
224.70000000000002,2.224,1.532,0.646,0.69,0.525,0.267,0.043
224.8,2.251,1.557,0.655,0.689,0.525,0.267,0.043
224.9,2.261,1.566,0.659,0.689,0.525,0.266,0.043
225.0,2.27,1.574,0.661,0.689,0.525,0.265,0.043
225.10000000000002,2.254,1.56,0.656,0.689,0.525,0.265,0.043
225.20000000000002,2.242,1.549,0.652,0.689,0.525,0.264,0.043
225.3,2.232,1.54,0.649,0.689,0.525,0.264,0.043
225.4,2.224,1.533,0.646,0.689,0.525,0.263,0.043
225.5,2.218,1.527,0.644,0.689,0.525,0.263,0.043
225.60000000000002,2.213,1.523,0.643,0.689,0.525,0.262,0.043
225.70000000000002,2.209,1.519,0.641,0.689,0.525,0.262,0.043
225.8,2.217,1.526,0.644,0.688,0.525,0.261,0.044
225.9,2.223,1.532,0.646,0.689,0.525,0.261,0.044
226.0,2.217,1.526,0.644,0.689,0.525,0.261,0.044
226.10000000000002,2.223,1.532,0.646,0.689,0.525,0.261,0.044
226.20000000000002,2.228,1.536,0.648,0.688,0.525,0.26,0.044
226.3,2.221,1.53,0.645,0.688,0.525,0.26,0.044
226.4,2.205,1.515,0.64,0.688,0.525,0.259,0.044
226.5,2.213,1.523,0.643,0.688,0.525,0.259,0.044
226.60000000000002,2.242,1.549,0.652,0.688,0.525,0.259,0.044
226.70000000000002,2.243,1.55,0.653,0.688,0.525,0.258,0.044
226.8,2.244,1.551,0.653,0.688,0.525,0.258,0.044
226.9,2.245,1.551,0.653,0.688,0.525,0.257,0.044
227.0,2.246,1.552,0.653,0.688,0.524,0.257,0.044
227.10000000000002,2.257,1.562,0.657,0.688,0.525,0.257,0.044
227.20000000000002,2.255,1.561,0.656,0.687,0.525,0.257,0.044
227.3,2.254,1.559,0.656,0.687,0.525,0.256,0.044
227.4,2.252,1.558,0.656,0.687,0.525,0.256,0.044
227.5,2.274,1.577,0.663,0.687,0.525,0.256,0.044
227.60000000000002,2.268,1.573,0.661,0.688,0.525,0.256,0.044
227.70000000000002,2.264,1.569,0.659,0.688,0.525,0.255,0.044
227.8,2.261,1.566,0.658,0.687,0.525,0.255,0.044
227.9,2.258,1.563,0.658,0.687,0.525,0.255,0.044
228.0,2.267,1.571,0.66,0.687,0.525,0.255,0.044
228.10000000000002,2.263,1.568,0.659,0.687,0.525,0.254,0.044
228.20000000000002,2.26,1.565,0.658,0.687,0.524,0.254,0.044
228.3,2.258,1.563,0.657,0.687,0.524,0.254,0.044
228.4,2.256,1.561,0.657,0.686,0.524,0.254,0.044
228.5,2.254,1.56,0.656,0.686,0.524,0.253,0.044
228.60000000000002,2.253,1.558,0.656,0.686,0.524,0.253,0.044
228.70000000000002,2.252,1.557,0.655,0.686,0.524,0.253,0.044
228.8,2.251,1.557,0.655,0.686,0.524,0.253,0.044
228.9,2.25,1.556,0.655,0.686,0.524,0.253,0.044
229.0,2.25,1.556,0.655,0.686,0.524,0.253,0.044
229.10000000000002,2.249,1.555,0.655,0.686,0.524,0.252,0.044
229.20000000000002,2.249,1.555,0.654,0.686,0.524,0.252,0.044
229.3,2.249,1.555,0.654,0.686,0.524,0.252,0.044
229.4,2.249,1.555,0.654,0.686,0.523,0.252,0.044
229.5,2.248,1.554,0.654,0.686,0.524,0.251,0.044
229.60000000000002,2.248,1.554,0.654,0.687,0.523,0.251,0.044
229.70000000000002,2.248,1.554,0.654,0.686,0.523,0.25,0.044
229.8,2.248,1.554,0.654,0.686,0.524,0.25,0.044
229.9,2.248,1.554,0.654,0.686,0.524,0.25,0.044
230.0,2.248,1.554,0.654,0.686,0.524,0.249,0.044
230.10000000000002,2.248,1.554,0.654,0.686,0.524,0.249,0.044
230.20000000000002,2.274,1.578,0.663,0.686,0.523,0.248,0.044
230.3,2.269,1.573,0.661,0.685,0.523,0.248,0.044
230.4,2.254,1.56,0.656,0.685,0.523,0.248,0.044
230.5,2.281,1.584,0.665,0.686,0.523,0.249,0.044
230.60000000000002,2.253,1.558,0.656,0.685,0.523,0.248,0.044
230.70000000000002,2.252,1.557,0.655,0.685,0.524,0.247,0.044
230.8,2.273,1.577,0.662,0.685,0.524,0.247,0.044
230.9,2.268,1.572,0.661,0.685,0.524,0.246,0.044
231.0,2.275,1.578,0.663,0.685,0.524,0.246,0.044
231.10000000000002,2.269,1.574,0.661,0.684,0.524,0.245,0.044
231.20000000000002,2.265,1.57,0.66,0.684,0.523,0.245,0.044
231.3,2.284,1.587,0.666,0.684,0.523,0.244,0.044
231.4,2.299,1.6,0.671,0.684,0.523,0.244,0.044
231.5,2.299,1.601,0.671,0.684,0.523,0.243,0.044
231.60000000000002,2.3,1.601,0.671,0.684,0.523,0.243,0.044
231.70000000000002,2.3,1.602,0.671,0.684,0.523,0.242,0.044
231.8,2.301,1.602,0.672,0.684,0.523,0.242,0.044
231.9,2.301,1.602,0.672,0.684,0.523,0.241,0.044
232.0,2.301,1.603,0.672,0.684,0.524,0.241,0.044
232.10000000000002,2.302,1.603,0.672,0.684,0.524,0.24,0.044
232.20000000000002,2.324,1.623,0.679,0.684,0.523,0.24,0.044
232.3,2.32,1.619,0.678,0.683,0.523,0.239,0.044
232.4,2.316,1.616,0.677,0.683,0.523,0.239,0.044
232.5,2.325,1.624,0.679,0.683,0.523,0.238,0.044
232.60000000000002,2.342,1.64,0.685,0.683,0.523,0.238,0.044
232.70000000000002,2.334,1.633,0.683,0.683,0.523,0.237,0.044
232.8,2.339,1.637,0.684,0.682,0.523,0.237,0.044
232.9,2.332,1.63,0.682,0.682,0.523,0.236,0.044
233.0,2.326,1.625,0.68,0.682,0.523,0.236,0.044
233.10000000000002,2.354,1.651,0.689,0.682,0.523,0.235,0.044
233.20000000000002,2.344,1.642,0.686,0.682,0.523,0.235,0.044
233.3,2.336,1.634,0.683,0.682,0.523,0.234,0.044
233.4,2.329,1.628,0.681,0.682,0.523,0.233,0.044
233.5,2.324,1.623,0.679,0.682,0.523,0.233,0.044
233.60000000000002,2.342,1.639,0.685,0.682,0.523,0.233,0.044
233.70000000000002,2.334,1.632,0.682,0.682,0.523,0.232,0.044
233.8,2.339,1.637,0.684,0.682,0.523,0.232,0.044
233.9,2.331,1.63,0.682,0.681,0.523,0.231,0.044
234.0,2.337,1.635,0.683,0.681,0.523,0.231,0.044
234.10000000000002,2.33,1.628,0.681,0.681,0.523,0.231,0.044
234.20000000000002,2.324,1.623,0.679,0.681,0.523,0.23,0.044
234.3,2.32,1.619,0.678,0.681,0.523,0.23,0.044
234.4,2.316,1.616,0.677,0.681,0.523,0.23,0.044
234.5,2.314,1.614,0.676,0.68,0.523,0.229,0.044
234.60000000000002,2.322,1.622,0.679,0.68,0.523,0.229,0.044
234.70000000000002,2.318,1.618,0.677,0.68,0.523,0.228,0.044
234.8,2.315,1.615,0.676,0.68,0.523,0.228,0.044
234.9,2.313,1.613,0.675,0.679,0.523,0.227,0.044
235.0,2.311,1.611,0.675,0.679,0.523,0.227,0.044
235.10000000000002,2.309,1.609,0.674,0.679,0.523,0.227,0.044
235.20000000000002,2.308,1.608,0.674,0.679,0.523,0.226,0.044
235.3,2.307,1.607,0.673,0.679,0.523,0.226,0.044
235.4,2.306,1.607,0.673,0.679,0.523,0.226,0.044
235.5,2.305,1.606,0.673,0.679,0.522,0.225,0.044
235.60000000000002,2.327,1.626,0.68,0.679,0.523,0.225,0.044
235.70000000000002,2.322,1.621,0.679,0.679,0.523,0.225,0.044
235.8,2.318,1.618,0.677,0.679,0.522,0.224,0.044
235.9,2.315,1.615,0.676,0.678,0.522,0.224,0.044
236.0,2.312,1.613,0.675,0.679,0.523,0.224,0.044
236.10000000000002,2.31,1.611,0.675,0.679,0.523,0.223,0.044
236.20000000000002,2.32,1.619,0.678,0.679,0.523,0.223,0.044
236.3,2.316,1.616,0.677,0.678,0.522,0.223,0.044
236.4,2.325,1.624,0.679,0.678,0.523,0.223,0.044
236.5,2.32,1.62,0.678,0.678,0.523,0.222,0.044
236.60000000000002,2.317,1.616,0.677,0.678,0.523,0.222,0.044
236.70000000000002,2.325,1.624,0.68,0.679,0.523,0.222,0.044
236.8,2.32,1.62,0.678,0.679,0.523,0.221,0.044
236.9,2.328,1.627,0.681,0.678,0.522,0.221,0.044
237.0,2.323,1.622,0.679,0.679,0.523,0.221,0.044
237.10000000000002,2.319,1.618,0.677,0.679,0.523,0.221,0.044
237.20000000000002,2.315,1.615,0.676,0.679,0.523,0.221,0.044
237.3,2.313,1.613,0.676,0.679,0.523,0.22,0.044
237.4,2.3,1.601,0.671,0.679,0.523,0.22,0.044
237.5,2.311,1.612,0.675,0.679,0.523,0.22,0.044
237.60000000000002,2.31,1.61,0.674,0.678,0.523,0.219,0.044
237.70000000000002,2.308,1.609,0.674,0.678,0.523,0.219,0.044
237.8,2.318,1.618,0.677,0.678,0.523,0.219,0.044
237.9,2.315,1.615,0.676,0.678,0.523,0.219,0.044
238.0,2.312,1.613,0.675,0.678,0.522,0.219,0.044
238.10000000000002,2.31,1.611,0.675,0.678,0.522,0.219,0.044
238.20000000000002,2.309,1.609,0.674,0.678,0.522,0.219,0.044
238.3,2.33,1.628,0.681,0.678,0.522,0.218,0.044
238.4,2.324,1.623,0.679,0.678,0.522,0.218,0.044
238.5,2.32,1.619,0.678,0.678,0.522,0.218,0.044
238.60000000000002,2.316,1.616,0.677,0.678,0.522,0.218,0.044
238.70000000000002,2.314,1.614,0.676,0.678,0.522,0.218,0.044
238.8,2.322,1.622,0.679,0.678,0.522,0.218,0.044
238.9,2.286,1.589,0.667,0.678,0.523,0.218,0.044
239.0,2.3,1.602,0.671,0.678,0.523,0.217,0.044
239.10000000000002,2.29,1.592,0.668,0.678,0.522,0.217,0.044
239.20000000000002,2.303,1.604,0.672,0.678,0.522,0.217,0.044
239.3,2.303,1.604,0.672,0.678,0.522,0.217,0.044
239.4,2.303,1.604,0.672,0.678,0.522,0.217,0.044
239.5,2.314,1.614,0.676,0.678,0.522,0.216,0.044
239.60000000000002,2.323,1.622,0.679,0.677,0.522,0.216,0.044
239.70000000000002,2.352,1.649,0.689,0.677,0.522,0.216,0.044
239.8,2.353,1.65,0.689,0.677,0.522,0.216,0.044
239.9,2.354,1.651,0.689,0.677,0.522,0.216,0.044
240.0,2.344,1.641,0.686,0.677,0.522,0.216,0.044
240.10000000000002,2.335,1.634,0.683,0.677,0.522,0.215,0.044
240.20000000000002,2.329,1.628,0.681,0.677,0.522,0.215,0.044
240.3,2.335,1.633,0.683,0.677,0.522,0.215,0.044
240.4,2.328,1.627,0.681,0.677,0.522,0.215,0.044
240.5,2.323,1.622,0.679,0.677,0.522,0.215,0.044
240.60000000000002,2.319,1.618,0.678,0.677,0.522,0.215,0.044
240.70000000000002,2.316,1.615,0.676,0.677,0.522,0.215,0.044
240.8,2.313,1.613,0.676,0.678,0.522,0.215,0.044
240.9,2.311,1.611,0.675,0.678,0.522,0.215,0.044
241.0,2.309,1.61,0.674,0.678,0.522,0.215,0.044
241.10000000000002,2.308,1.608,0.674,0.678,0.522,0.214,0.044
241.20000000000002,2.318,1.617,0.677,0.677,0.522,0.214,0.044
241.3,2.326,1.625,0.68,0.678,0.522,0.214,0.044
241.4,2.332,1.631,0.682,0.678,0.522,0.214,0.044
241.5,2.326,1.625,0.68,0.678,0.522,0.214,0.044
241.60000000000002,2.333,1.631,0.682,0.678,0.522,0.214,0.044
241.70000000000002,2.338,1.636,0.684,0.678,0.522,0.214,0.044
241.8,2.342,1.639,0.685,0.678,0.522,0.214,0.044
241.9,2.345,1.642,0.686,0.678,0.522,0.214,0.044
242.0,2.347,1.644,0.687,0.678,0.522,0.214,0.044
242.10000000000002,2.349,1.646,0.688,0.678,0.522,0.213,0.045
242.20000000000002,2.351,1.648,0.688,0.678,0.522,0.213,0.045
242.3,2.341,1.639,0.685,0.678,0.522,0.213,0.045
242.4,2.333,1.632,0.682,0.678,0.522,0.213,0.045
242.5,2.785,1.942,0.813,0.817,0.628,0.257,0.054
242.60000000000002,3.054,2.147,0.895,0.873,0.671,0.274,0.058
242.70000000000002,3.117,2.189,0.913,0.894,0.689,0.281,0.059
242.8,3.142,2.205,0.92,0.903,0.695,0.284,0.06
242.9,3.197,2.253,0.938,0.906,0.698,0.285,0.06
243.0,3.174,2.231,0.93,0.908,0.699,0.286,0.06
243.10000000000002,3.121,2.181,0.912,0.909,0.699,0.286,0.061
243.20000000000002,3.188,2.243,0.935,0.909,0.7,0.286,0.06
243.3,3.171,2.227,0.929,0.91,0.7,0.285,0.06
243.4,3.164,2.22,0.927,0.91,0.699,0.285,0.06
243.5,3.117,2.177,0.911,0.911,0.699,0.285,0.06
243.60000000000002,3.098,2.16,0.905,0.911,0.699,0.285,0.06
243.70000000000002,3.09,2.153,0.902,0.911,0.699,0.285,0.06
243.8,3.087,2.151,0.901,0.912,0.699,0.285,0.06
243.9,3.086,2.149,0.901,0.912,0.7,0.285,0.06
244.0,3.086,2.149,0.901,0.913,0.699,0.285,0.06
244.10000000000002,3.085,2.149,0.901,0.912,0.7,0.285,0.06
244.20000000000002,3.041,2.109,0.886,0.913,0.699,0.285,0.06
244.3,3.068,2.133,0.895,0.913,0.7,0.285,0.061
244.4,3.078,2.142,0.898,0.914,0.7,0.286,0.06
244.5,3.083,2.146,0.9,0.915,0.7,0.286,0.06
244.60000000000002,3.084,2.148,0.9,0.915,0.699,0.285,0.061
244.70000000000002,3.085,2.148,0.9,0.916,0.7,0.285,0.06
244.8,3.129,2.189,0.915,0.916,0.699,0.286,0.06
244.9,3.103,2.165,0.906,0.917,0.699,0.286,0.06
245.0,3.092,2.155,0.903,0.917,0.699,0.286,0.06
245.10000000000002,3.044,2.111,0.887,0.917,0.7,0.286,0.06
245.20000000000002,3.069,2.134,0.895,0.918,0.7,0.287,0.06
245.3,3.079,2.143,0.898,0.918,0.701,0.288,0.06
245.4,3.083,2.146,0.9,0.92,0.701,0.288,0.061
245.5,3.084,2.148,0.9,0.921,0.7,0.289,0.06
245.60000000000002,3.192,2.246,0.936,0.924,0.701,0.293,0.061
245.70000000000002,3.129,2.189,0.915,0.922,0.7,0.291,0.061
245.8,3.172,2.228,0.929,0.925,0.7,0.296,0.062
245.9,3.164,2.221,0.927,0.927,0.7,0.298,0.061
246.0,3.161,2.218,0.926,0.929,0.699,0.299,0.061
246.10000000000002,3.16,2.217,0.925,0.93,0.7,0.301,0.061
246.20000000000002,3.159,2.216,0.925,0.931,0.7,0.303,0.062
246.3,3.159,2.216,0.925,0.933,0.699,0.305,0.062
246.4,3.159,2.216,0.925,0.934,0.7,0.307,0.062
246.5,3.248,2.299,0.955,0.936,0.7,0.309,0.063
246.60000000000002,3.195,2.249,0.937,0.936,0.699,0.312,0.063
246.70000000000002,3.173,2.229,0.93,0.937,0.699,0.314,0.062
246.8,3.209,2.262,0.942,0.938,0.7,0.315,0.063
246.9,3.179,2.235,0.932,0.938,0.7,0.318,0.063
247.0,3.167,2.223,0.928,0.939,0.7,0.319,0.063
247.10000000000002,3.162,2.219,0.926,0.94,0.7,0.321,0.063
247.20000000000002,3.16,2.217,0.925,0.941,0.701,0.323,0.063
247.3,3.16,2.217,0.925,0.941,0.701,0.324,0.063
247.4,3.159,2.216,0.925,0.942,0.701,0.325,0.063
247.5,3.159,2.216,0.925,0.942,0.7,0.327,0.063
247.60000000000002,3.159,2.216,0.925,0.943,0.701,0.329,0.063
247.70000000000002,3.204,2.257,0.94,0.944,0.701,0.331,0.063
247.8,3.177,2.232,0.931,0.945,0.701,0.332,0.064
247.9,3.166,2.223,0.927,0.945,0.701,0.333,0.063
248.0,3.162,2.219,0.926,0.946,0.7,0.334,0.064
248.10000000000002,3.16,2.217,0.925,0.945,0.701,0.335,0.063
248.20000000000002,3.204,2.257,0.94,0.945,0.701,0.337,0.064
248.3,3.177,2.233,0.931,0.946,0.7,0.338,0.063
248.4,3.166,2.223,0.927,0.946,0.701,0.339,0.063
248.5,3.251,2.301,0.956,0.946,0.7,0.341,0.063
248.60000000000002,3.196,2.25,0.937,0.946,0.7,0.342,0.063
248.70000000000002,3.174,2.23,0.93,0.946,0.7,0.344,0.063
248.8,3.165,2.222,0.927,0.946,0.7,0.345,0.064
248.9,3.161,2.218,0.926,0.946,0.7,0.346,0.063
249.0,3.16,2.217,0.925,0.947,0.7,0.347,0.063
249.10000000000002,3.159,2.216,0.925,0.947,0.7,0.348,0.063
249.20000000000002,3.159,2.216,0.925,0.948,0.7,0.349,0.064
249.3,3.159,2.216,0.925,0.948,0.7,0.35,0.064
249.4,3.159,2.216,0.925,0.947,0.7,0.351,0.063
249.5,3.159,2.216,0.925,0.948,0.701,0.353,0.063
249.60000000000002,3.159,2.216,0.925,0.947,0.701,0.354,0.063
249.70000000000002,3.159,2.216,0.925,0.948,0.7,0.355,0.063
249.8,3.159,2.216,0.925,0.949,0.7,0.356,0.063
249.9,3.159,2.216,0.925,0.949,0.7,0.356,0.063
250.0,3.159,2.216,0.925,0.948,0.699,0.357,0.064
250.10000000000002,3.159,2.216,0.925,0.948,0.7,0.358,0.063
250.20000000000002,3.159,2.216,0.925,0.949,0.7,0.358,0.063
250.3,3.159,2.216,0.925,0.949,0.7,0.36,0.064
250.4,3.159,2.216,0.925,0.948,0.699,0.361,0.063
250.5,3.115,2.176,0.91,0.949,0.7,0.361,0.063
250.60000000000002,3.141,2.2,0.919,0.949,0.7,0.362,0.063
250.70000000000002,3.152,2.21,0.923,0.948,0.701,0.363,0.064
250.8,3.156,2.213,0.924,0.95,0.7,0.364,0.064
250.9,3.158,2.215,0.925,0.949,0.699,0.364,0.064
251.0,3.114,2.175,0.91,0.949,0.7,0.365,0.063
251.10000000000002,3.186,2.241,0.934,0.95,0.7,0.366,0.063
251.20000000000002,3.17,2.226,0.929,0.949,0.699,0.367,0.064
251.3,3.163,2.22,0.926,0.95,0.699,0.368,0.064
251.4,3.161,2.218,0.926,0.95,0.7,0.369,0.064
251.5,3.116,2.176,0.911,0.95,0.7,0.37,0.063
251.60000000000002,3.142,2.2,0.919,0.95,0.7,0.371,0.064
251.70000000000002,3.152,2.21,0.923,0.949,0.7,0.372,0.064
251.8,3.156,2.214,0.924,0.949,0.701,0.372,0.064
251.9,3.114,2.175,0.91,0.95,0.7,0.373,0.064
252.0,3.097,2.159,0.904,0.95,0.699,0.373,0.063
252.10000000000002,3.134,2.193,0.917,0.951,0.7,0.374,0.064
252.20000000000002,3.105,2.167,0.907,0.95,0.7,0.374,0.063
252.3,3.137,2.196,0.918,0.951,0.7,0.375,0.064
252.4,3.195,2.249,0.937,0.95,0.7,0.376,0.063
252.5,3.129,2.189,0.915,0.951,0.7,0.377,0.064
252.60000000000002,3.236,2.288,0.951,0.95,0.7,0.378,0.064
252.70000000000002,3.19,2.245,0.935,0.95,0.7,0.379,0.064
252.8,3.171,2.228,0.929,0.951,0.7,0.38,0.064
252.9,3.164,2.221,0.927,0.95,0.7,0.38,0.064
253.0,3.161,2.218,0.926,0.95,0.7,0.381,0.063
253.10000000000002,3.16,2.217,0.925,0.95,0.701,0.381,0.063
253.20000000000002,3.159,2.216,0.925,0.951,0.7,0.382,0.064
253.3,3.159,2.216,0.925,0.95,0.7,0.383,0.064
253.4,3.159,2.216,0.925,0.951,0.7,0.384,0.064
253.5,3.115,2.176,0.91,0.951,0.7,0.384,0.063
253.60000000000002,3.097,2.159,0.905,0.951,0.7,0.385,0.063
253.70000000000002,3.134,2.193,0.917,0.952,0.701,0.385,0.063
253.8,3.149,2.207,0.922,0.951,0.7,0.387,0.063
253.9,3.155,2.212,0.924,0.951,0.7,0.388,0.064
254.0,3.113,2.174,0.91,0.951,0.7,0.388,0.063
254.10000000000002,3.141,2.199,0.919,0.951,0.699,0.388,0.064
254.20000000000002,3.152,2.209,0.923,0.951,0.699,0.388,0.064
254.3,3.156,2.213,0.924,0.951,0.7,0.389,0.064
254.4,3.158,2.215,0.925,0.952,0.7,0.389,0.065
254.5,3.159,2.216,0.925,0.951,0.7,0.389,0.064
254.60000000000002,3.115,2.175,0.91,0.952,0.7,0.39,0.064
254.70000000000002,3.097,2.159,0.905,0.952,0.701,0.39,0.064
254.8,3.134,2.193,0.917,0.951,0.701,0.391,0.064
254.9,3.149,2.207,0.922,0.952,0.7,0.391,0.064
255.0,3.111,2.172,0.909,0.952,0.7,0.392,0.064
255.10000000000002,3.096,2.158,0.904,0.951,0.7,0.392,0.064
255.20000000000002,3.089,2.152,0.902,0.952,0.7,0.393,0.063
255.3,3.131,2.191,0.916,0.953,0.7,0.393,0.064
255.4,3.192,2.247,0.936,0.952,0.7,0.393,0.064
255.5,3.172,2.228,0.93,0.952,0.699,0.394,0.064
255.60000000000002,3.12,2.181,0.912,0.953,0.699,0.395,0.064
255.70000000000002,3.099,2.161,0.905,0.951,0.7,0.396,0.064
255.8,3.091,2.154,0.902,0.952,0.699,0.396,0.064
255.9,3.088,2.151,0.901,0.951,0.7,0.397,0.063
256.0,3.131,2.19,0.916,0.951,0.699,0.397,0.064
256.1,3.148,2.206,0.921,0.952,0.699,0.397,0.064
256.2,3.155,2.212,0.924,0.951,0.698,0.397,0.064
256.3,3.113,2.174,0.91,0.951,0.698,0.398,0.064
256.40000000000003,3.141,2.199,0.919,0.951,0.699,0.398,0.064
256.5,3.152,2.209,0.923,0.951,0.699,0.398,0.064
256.6,3.156,2.213,0.924,0.951,0.7,0.399,0.064
256.7,3.158,2.215,0.925,0.952,0.699,0.399,0.064
256.8,3.159,2.216,0.925,0.952,0.699,0.4,0.064
256.90000000000003,3.203,2.257,0.94,0.953,0.699,0.4,0.063
257.0,3.177,2.232,0.931,0.953,0.699,0.401,0.064
257.1,3.166,2.223,0.927,0.952,0.698,0.4,0.064
257.2,3.162,2.219,0.926,0.952,0.698,0.401,0.063
257.3,3.16,2.217,0.925,0.953,0.699,0.402,0.064
257.40000000000003,3.204,2.257,0.94,0.953,0.7,0.402,0.064
257.5,3.177,2.233,0.931,0.952,0.7,0.403,0.064
257.6,3.166,2.223,0.927,0.952,0.699,0.404,0.064
257.7,3.206,2.26,0.941,0.951,0.699,0.404,0.064
257.8,3.223,2.274,0.946,0.951,0.699,0.405,0.064
257.90000000000003,3.184,2.239,0.934,0.952,0.699,0.405,0.064
258.0,3.169,2.225,0.928,0.953,0.699,0.405,0.064
258.1,3.163,2.22,0.926,0.952,0.698,0.406,0.064
258.2,3.116,2.177,0.911,0.952,0.699,0.406,0.064
258.3,3.142,2.2,0.919,0.952,0.698,0.406,0.064
258.40000000000003,3.108,2.169,0.908,0.953,0.699,0.407,0.064
258.5,3.094,2.157,0.904,0.953,0.698,0.407,0.064
258.6,3.133,2.192,0.916,0.953,0.699,0.408,0.064
258.7,3.149,2.207,0.922,0.952,0.698,0.409,0.064
258.8,3.155,2.212,0.924,0.951,0.698,0.409,0.064
258.90000000000003,3.157,2.215,0.925,0.951,0.698,0.41,0.065
259.0,3.158,2.215,0.925,0.951,0.699,0.409,0.064
259.1,3.115,2.175,0.91,0.952,0.698,0.41,0.064
259.2,3.141,2.2,0.919,0.951,0.699,0.41,0.064
259.3,3.196,2.251,0.937,0.952,0.699,0.411,0.064
259.40000000000003,3.13,2.189,0.915,0.953,0.7,0.412,0.064
259.5,3.147,2.205,0.921,0.954,0.699,0.412,0.064
259.6,3.11,2.171,0.909,0.953,0.699,0.412,0.063
259.7,3.14,2.198,0.919,0.953,0.699,0.413,0.064
259.8,3.107,2.168,0.908,0.953,0.699,0.413,0.064
259.90000000000003,3.094,2.157,0.904,0.952,0.698,0.413,0.064
260.0,3.089,2.152,0.902,0.953,0.698,0.413,0.064
260.1,3.087,2.15,0.901,0.953,0.699,0.413,0.064
260.2,3.13,2.19,0.915,0.954,0.699,0.414,0.064
260.3,3.148,2.205,0.921,0.952,0.698,0.414,0.064
260.40000000000003,3.154,2.212,0.924,0.953,0.698,0.415,0.064
260.5,3.113,2.174,0.91,0.953,0.698,0.415,0.064
260.6,3.141,2.199,0.919,0.953,0.699,0.416,0.064
260.7,3.152,2.209,0.923,0.953,0.699,0.416,0.065
260.8,3.156,2.213,0.924,0.953,0.699,0.417,0.064
260.90000000000003,3.158,2.215,0.925,0.953,0.698,0.417,0.064
261.0,3.159,2.216,0.925,0.954,0.699,0.417,0.064
261.1,3.203,2.257,0.94,0.953,0.699,0.418,0.064
261.2,3.177,2.232,0.931,0.953,0.699,0.418,0.064
261.3,3.166,2.223,0.927,0.952,0.699,0.418,0.064
261.40000000000003,3.162,2.219,0.926,0.953,0.698,0.419,0.064
261.5,3.16,2.217,0.925,0.953,0.699,0.42,0.064
261.6,3.16,2.216,0.925,0.954,0.699,0.419,0.064
261.7,3.115,2.176,0.91,0.954,0.699,0.42,0.064
261.8,3.141,2.2,0.919,0.953,0.698,0.42,0.064
261.90000000000003,3.152,2.21,0.923,0.953,0.699,0.42,0.064
262.0,3.112,2.173,0.909,0.953,0.698,0.42,0.064
262.1,3.14,2.199,0.919,0.953,0.698,0.42,0.064
262.2,3.152,2.209,0.923,0.953,0.697,0.421,0.064
262.3,3.156,2.213,0.924,0.954,0.698,0.421,0.064
262.40000000000003,3.114,2.175,0.91,0.953,0.698,0.421,0.064
262.5,3.097,2.159,0.904,0.953,0.698,0.422,0.064
262.6,3.134,2.193,0.917,0.954,0.699,0.422,0.064
262.7,3.149,2.207,0.922,0.953,0.698,0.422,0.064
262.8,3.155,2.212,0.924,0.953,0.698,0.422,0.064
262.90000000000003,3.158,2.215,0.925,0.953,0.698,0.423,0.064
263.0,3.158,2.215,0.925,0.954,0.698,0.423,0.064
263.1,3.159,2.216,0.925,0.953,0.698,0.423,0.064
263.2,3.159,2.216,0.925,0.953,0.699,0.424,0.064
263.3,3.159,2.216,0.925,0.954,0.698,0.423,0.064
263.40000000000003,3.159,2.216,0.925,0.954,0.697,0.424,0.064
263.5,3.159,2.216,0.925,0.954,0.698,0.424,0.064
263.6,3.115,2.176,0.91,0.954,0.699,0.425,0.064
263.7,3.141,2.2,0.919,0.953,0.698,0.425,0.064
263.8,3.152,2.21,0.923,0.953,0.699,0.426,0.064
263.90000000000003,3.156,2.213,0.924,0.953,0.698,0.426,0.064
264.0,3.158,2.215,0.925,0.953,0.698,0.426,0.064
264.1,3.159,2.216,0.925,0.954,0.698,0.426,0.064
264.2,3.159,2.216,0.925,0.954,0.698,0.426,0.064
264.3,3.159,2.216,0.925,0.953,0.698,0.426,0.064
264.40000000000003,3.159,2.216,0.925,0.953,0.697,0.426,0.064
264.5,3.159,2.216,0.925,0.953,0.698,0.427,0.065
264.6,3.159,2.216,0.925,0.953,0.697,0.428,0.064
264.7,3.159,2.216,0.925,0.954,0.698,0.428,0.064
264.8,3.159,2.216,0.925,0.953,0.697,0.428,0.064
264.90000000000003,3.115,2.176,0.91,0.954,0.698,0.428,0.065
265.0,3.186,2.241,0.934,0.954,0.698,0.429,0.064
265.1,3.214,2.267,0.943,0.954,0.698,0.429,0.064
265.2,3.181,2.236,0.932,0.954,0.697,0.429,0.064
265.3,3.168,2.224,0.928,0.953,0.697,0.429,0.064
265.40000000000003,3.163,2.219,0.926,0.954,0.698,0.43,0.064
265.5,3.161,2.217,0.926,0.954,0.698,0.429,0.065
265.6,3.16,2.217,0.925,0.953,0.698,0.43,0.064
265.7,3.159,2.216,0.925,0.954,0.697,0.43,0.064
265.8,3.159,2.216,0.925,0.953,0.697,0.43,0.064
265.90000000000003,3.159,2.216,0.925,0.953,0.698,0.43,0.064
266.0,3.159,2.216,0.925,0.954,0.697,0.431,0.065
266.1,3.204,2.257,0.94,0.953,0.697,0.43,0.065
266.2,3.177,2.232,0.931,0.953,0.698,0.431,0.064
266.3,3.166,2.223,0.927,0.954,0.697,0.432,0.064
266.40000000000003,3.162,2.219,0.926,0.953,0.698,0.432,0.064
266.5,3.16,2.217,0.925,0.953,0.698,0.433,0.064
266.6,3.16,2.216,0.925,0.954,0.697,0.433,0.064
266.7,3.159,2.216,0.925,0.954,0.697,0.433,0.064
266.8,3.159,2.216,0.925,0.954,0.697,0.432,0.064
266.90000000000003,3.159,2.216,0.925,0.953,0.698,0.433,0.064
267.0,3.159,2.216,0.925,0.954,0.698,0.433,0.064
267.1,3.159,2.216,0.925,0.954,0.697,0.434,0.064
267.2,3.159,2.216,0.925,0.953,0.697,0.434,0.064
267.3,3.159,2.216,0.925,0.954,0.697,0.434,0.065
267.40000000000003,3.159,2.216,0.925,0.953,0.698,0.435,0.064
267.5,3.159,2.216,0.925,0.953,0.697,0.435,0.065
267.6,3.159,2.216,0.925,0.954,0.698,0.436,0.064
267.7,3.159,2.216,0.925,0.954,0.698,0.436,0.064
267.8,3.159,2.216,0.925,0.954,0.698,0.436,0.064
267.90000000000003,3.204,2.257,0.94,0.954,0.697,0.436,0.064
268.0,3.177,2.232,0.931,0.954,0.698,0.436,0.064
268.1,3.166,2.223,0.927,0.954,0.697,0.436,0.065
268.2,3.162,2.219,0.926,0.955,0.698,0.436,0.064
268.3,3.16,2.217,0.925,0.954,0.698,0.437,0.065
268.40000000000003,3.16,2.216,0.925,0.955,0.698,0.437,0.064
268.5,3.159,2.216,0.925,0.955,0.699,0.437,0.064
268.6,3.159,2.216,0.925,0.956,0.699,0.437,0.064
268.7,3.248,2.299,0.955,0.955,0.698,0.438,0.064
268.8,3.195,2.249,0.937,0.954,0.698,0.437,0.064
268.90000000000003,3.173,2.229,0.93,0.954,0.698,0.438,0.064
269.0,3.165,2.221,0.927,0.955,0.697,0.438,0.065
269.1,3.161,2.218,0.926,0.955,0.698,0.438,0.064
269.2,3.16,2.217,0.925,0.954,0.698,0.438,0.064
269.3,3.159,2.216,0.925,0.954,0.698,0.439,0.064
269.40000000000003,3.159,2.216,0.925,0.955,0.698,0.439,0.065
269.5,3.159,2.216,0.925,0.954,0.698,0.439,0.064
269.6,3.159,2.216,0.925,0.955,0.698,0.439,0.064
269.7,3.159,2.216,0.925,0.954,0.698,0.439,0.065
269.8,3.159,2.216,0.925,0.955,0.698,0.439,0.064
269.90000000000003,3.159,2.216,0.925,0.954,0.697,0.439,0.065
270.0,3.159,2.216,0.925,0.954,0.697,0.44,0.065
270.1,3.159,2.216,0.925,0.954,0.697,0.44,0.065
270.2,3.159,2.216,0.925,0.954,0.698,0.439,0.064
270.3,3.159,2.216,0.925,0.954,0.697,0.44,0.064
270.40000000000003,3.159,2.216,0.925,0.955,0.697,0.441,0.064
270.5,3.159,2.216,0.925,0.954,0.697,0.441,0.065
270.6,3.159,2.216,0.925,0.954,0.696,0.441,0.064
270.7,3.159,2.216,0.925,0.954,0.697,0.441,0.064
270.8,3.159,2.216,0.925,0.953,0.697,0.441,0.064
270.90000000000003,3.293,2.341,0.97,0.954,0.698,0.442,0.064
271.0,3.213,2.266,0.943,0.954,0.697,0.442,0.064
271.1,3.181,2.236,0.932,0.953,0.697,0.441,0.064
271.2,3.212,2.265,0.943,0.954,0.698,0.442,0.065
271.3,3.225,2.277,0.947,0.955,0.697,0.442,0.065
271.40000000000003,3.185,2.24,0.934,0.955,0.697,0.442,0.064
271.5,3.259,2.308,0.958,0.955,0.698,0.442,0.065
271.6,3.199,2.253,0.938,0.954,0.697,0.442,0.065
271.7,3.264,2.313,0.96,0.954,0.697,0.443,0.065
271.8,3.29,2.337,0.969,0.954,0.698,0.444,0.064
271.90000000000003,3.225,2.276,0.947,0.955,0.697,0.444,0.064
272.0,3.212,2.265,0.943,0.954,0.698,0.444,0.064
272.1,3.185,2.24,0.934,0.954,0.698,0.444,0.064
272.2,3.038,2.106,0.885,0.954,0.697,0.445,0.064
272.3,3.111,2.172,0.909,0.954,0.698,0.445,0.065
272.40000000000003,3.14,2.198,0.919,0.955,0.697,0.445,0.064
272.5,3.151,2.209,0.923,0.954,0.697,0.445,0.064
272.6,3.156,2.213,0.924,0.954,0.697,0.445,0.064
272.7,3.158,2.215,0.925,0.954,0.697,0.445,0.064
272.8,3.159,2.216,0.925,0.954,0.697,0.445,0.065
272.90000000000003,3.159,2.216,0.925,0.955,0.697,0.445,0.064
273.0,3.248,2.298,0.955,0.954,0.697,0.446,0.064
273.1,3.195,2.249,0.937,0.955,0.698,0.445,0.064
273.2,3.041,2.109,0.886,0.955,0.697,0.446,0.064
273.3,3.112,2.173,0.91,0.954,0.697,0.446,0.064
273.40000000000003,3.14,2.199,0.919,0.954,0.697,0.447,0.064
273.5,3.196,2.25,0.937,0.954,0.696,0.447,0.064
273.6,3.174,2.23,0.93,0.954,0.697,0.447,0.064
273.7,3.077,2.141,0.898,0.954,0.697,0.447,0.064
273.8,3.126,2.186,0.914,0.954,0.696,0.446,0.063
273.90000000000003,3.146,2.204,0.921,0.954,0.697,0.447,0.064
274.0,3.154,2.211,0.923,0.955,0.697,0.448,0.064
274.1,3.157,2.214,0.924,0.954,0.697,0.448,0.063
274.2,3.158,2.215,0.925,0.954,0.697,0.448,0.064
274.3,3.159,2.216,0.925,0.954,0.697,0.448,0.064
274.40000000000003,3.159,2.216,0.925,0.954,0.697,0.448,0.064
274.5,3.248,2.298,0.955,0.953,0.697,0.448,0.064
274.6,3.195,2.249,0.937,0.954,0.698,0.448,0.064
274.7,3.218,2.27,0.945,0.954,0.697,0.449,0.064
274.8,3.183,2.238,0.933,0.955,0.697,0.448,0.064
274.90000000000003,3.169,2.225,0.928,0.955,0.697,0.448,0.064
275.0,3.163,2.22,0.926,0.954,0.696,0.448,0.064
275.1,3.34,2.384,0.985,0.954,0.696,0.449,0.064
275.2,3.231,2.283,0.949,0.953,0.696,0.449,0.064
275.3,3.188,2.243,0.935,0.953,0.697,0.448,0.064
275.40000000000003,3.171,2.227,0.929,0.954,0.696,0.449,0.063
275.5,3.164,2.22,0.927,0.954,0.696,0.449,0.064
275.6,3.161,2.218,0.926,0.954,0.696,0.449,0.064
275.7,3.249,2.299,0.955,0.954,0.696,0.45,0.064
275.8,3.195,2.249,0.937,0.953,0.697,0.45,0.063
275.90000000000003,3.174,2.229,0.93,0.954,0.696,0.45,0.064
276.0,3.165,2.221,0.927,0.954,0.696,0.451,0.064
276.1,3.161,2.218,0.926,0.954,0.697,0.45,0.064
276.2,3.16,2.217,0.925,0.954,0.696,0.45,0.064
276.3,3.159,2.216,0.925,0.953,0.695,0.45,0.064
276.40000000000003,3.159,2.216,0.925,0.954,0.696,0.45,0.063
276.5,3.159,2.216,0.925,0.954,0.697,0.45,0.063
276.6,3.115,2.176,0.91,0.955,0.697,0.451,0.064
276.7,3.141,2.2,0.919,0.954,0.696,0.451,0.064
276.8,3.152,2.21,0.923,0.954,0.696,0.452,0.064
276.90000000000003,3.156,2.213,0.924,0.953,0.697,0.452,0.064
277.0,3.158,2.215,0.925,0.953,0.696,0.452,0.064
277.1,3.159,2.216,0.925,0.954,0.696,0.452,0.064
277.2,3.203,2.257,0.94,0.954,0.697,0.452,0.064
277.3,3.177,2.232,0.931,0.953,0.696,0.452,0.063
277.40000000000003,3.166,2.223,0.927,0.954,0.696,0.451,0.063
277.5,3.251,2.301,0.956,0.954,0.696,0.452,0.063
277.6,3.196,2.25,0.937,0.955,0.695,0.452,0.064
277.7,3.174,2.23,0.93,0.954,0.696,0.453,0.064
277.8,3.165,2.222,0.927,0.955,0.696,0.453,0.064
277.90000000000003,3.206,2.259,0.941,0.955,0.695,0.453,0.064
278.0,3.222,2.274,0.946,0.954,0.695,0.452,0.064
278.1,3.184,2.239,0.933,0.954,0.695,0.452,0.064
278.2,3.037,2.106,0.885,0.953,0.695,0.452,0.063
278.3,3.155,2.213,0.924,0.954,0.696,0.452,0.063
278.40000000000003,3.157,2.215,0.925,0.954,0.697,0.453,0.064
278.5,3.158,2.216,0.925,0.954,0.696,0.452,0.064
278.6,3.159,2.216,0.925,0.953,0.696,0.453,0.063
278.7,3.159,2.216,0.925,0.954,0.695,0.452,0.064
278.8,3.159,2.216,0.925,0.954,0.696,0.453,0.063
278.90000000000003,3.159,2.216,0.925,0.955,0.696,0.453,0.063
279.0,3.204,2.257,0.94,0.954,0.695,0.454,0.063
279.1,3.177,2.232,0.931,0.954,0.696,0.453,0.063
279.2,3.166,2.223,0.927,0.955,0.696,0.454,0.063
279.3,3.162,2.219,0.926,0.954,0.697,0.454,0.063
279.40000000000003,3.16,2.217,0.925,0.954,0.697,0.454,0.063
279.5,3.16,2.216,0.925,0.954,0.696,0.454,0.063
279.6,3.159,2.216,0.925,0.953,0.695,0.454,0.063
279.7,3.159,2.216,0.925,0.953,0.695,0.453,0.063
279.8,3.159,2.216,0.925,0.953,0.694,0.453,0.063
279.90000000000003,3.204,2.257,0.94,0.954,0.695,0.454,0.064
280.0,3.177,2.232,0.931,0.953,0.695,0.454,0.063
280.1,3.166,2.223,0.927,0.954,0.696,0.455,0.063
280.2,3.118,2.178,0.911,0.954,0.695,0.455,0.064
280.3,3.098,2.161,0.905,0.954,0.695,0.455,0.064
280.40000000000003,3.135,2.194,0.917,0.955,0.696,0.456,0.064
280.5,3.149,2.207,0.922,0.955,0.697,0.455,0.064
280.6,3.155,2.213,0.924,0.954,0.697,0.456,0.064
280.7,3.158,2.215,0.925,0.955,0.697,0.456,0.064
280.8,3.158,2.216,0.925,0.956,0.696,0.456,0.064
280.90000000000003,3.159,2.216,0.925,0.955,0.696,0.456,0.064
281.0,3.159,2.216,0.925,0.956,0.696,0.456,0.064
281.1,3.159,2.216,0.925,0.955,0.696,0.456,0.064
281.2,3.159,2.216,0.925,0.956,0.697,0.456,0.064
281.3,3.159,2.216,0.925,0.955,0.697,0.456,0.064
281.40000000000003,3.204,2.257,0.94,0.956,0.697,0.457,0.064
281.5,3.177,2.232,0.931,0.955,0.696,0.457,0.064
281.6,3.166,2.223,0.927,0.955,0.697,0.457,0.064
281.7,3.162,2.219,0.926,0.956,0.697,0.458,0.064
281.8,3.16,2.217,0.925,0.956,0.697,0.457,0.064
281.90000000000003,3.16,2.216,0.925,0.955,0.697,0.457,0.064
282.0,3.159,2.216,0.925,0.956,0.697,0.457,0.064
282.1,3.159,2.216,0.925,0.955,0.696,0.458,0.064
282.2,3.159,2.216,0.925,0.955,0.696,0.457,0.064
282.3,3.159,2.216,0.925,0.956,0.697,0.458,0.064
282.40000000000003,3.159,2.216,0.925,0.955,0.697,0.458,0.064
282.5,3.204,2.257,0.94,0.956,0.697,0.457,0.064
282.6,3.177,2.232,0.931,0.955,0.696,0.458,0.064
282.7,3.166,2.223,0.927,0.955,0.697,0.458,0.065
282.8,3.162,2.219,0.926,0.955,0.696,0.457,0.064
282.90000000000003,3.16,2.217,0.925,0.955,0.697,0.458,0.064
283.0,3.16,2.216,0.925,0.956,0.697,0.458,0.064
283.1,3.159,2.216,0.925,0.955,0.697,0.458,0.064
283.2,3.159,2.216,0.925,0.955,0.696,0.457,0.064
283.3,3.159,2.216,0.925,0.956,0.696,0.458,0.065
283.40000000000003,3.204,2.257,0.94,0.956,0.697,0.459,0.064
283.5,3.202,2.256,0.939,0.956,0.696,0.458,0.064
283.6,3.176,2.232,0.931,0.955,0.695,0.458,0.065
283.7,3.266,2.315,0.961,0.957,0.697,0.458,0.064
283.8,3.166,2.222,0.927,0.956,0.695,0.459,0.064
283.90000000000003,3.162,2.219,0.926,0.955,0.695,0.458,0.064
284.0,3.16,2.217,0.925,0.956,0.695,0.458,0.065
284.1,3.16,2.216,0.925,0.956,0.695,0.458,0.065
284.2,3.159,2.216,0.925,0.955,0.696,0.459,0.064
284.3,3.159,2.216,0.925,0.955,0.696,0.46,0.065
284.40000000000003,3.159,2.216,0.925,0.956,0.695,0.459,0.064
284.5,3.159,2.216,0.925,0.956,0.696,0.458,0.064
284.6,3.159,2.216,0.925,0.957,0.697,0.458,0.064
284.7,3.159,2.216,0.925,0.956,0.696,0.459,0.064
284.8,3.159,2.216,0.925,0.956,0.696,0.46,0.064
284.90000000000003,3.159,2.216,0.925,0.956,0.695,0.459,0.064
285.0,3.159,2.216,0.925,0.956,0.695,0.459,0.064
285.1,3.159,2.216,0.925,0.955,0.696,0.46,0.064
285.2,3.159,2.216,0.925,0.956,0.697,0.46,0.065
285.3,3.159,2.216,0.925,0.957,0.697,0.46,0.064
285.40000000000003,3.159,2.216,0.925,0.957,0.697,0.46,0.065
285.5,3.159,2.216,0.925,0.956,0.696,0.46,0.064
285.6,3.204,2.257,0.94,0.956,0.697,0.46,0.064
285.7,3.177,2.232,0.931,0.956,0.697,0.46,0.064
285.8,3.166,2.223,0.927,0.956,0.697,0.46,0.064
285.90000000000003,3.162,2.219,0.926,0.955,0.697,0.46,0.064
286.0,3.16,2.217,0.925,0.956,0.697,0.46,0.065
286.1,3.16,2.216,0.925,0.956,0.696,0.46,0.064
286.2,3.115,2.176,0.91,0.956,0.696,0.46,0.064
286.3,3.141,2.2,0.919,0.956,0.696,0.46,0.065
286.40000000000003,3.152,2.21,0.923,0.955,0.695,0.46,0.064
286.5,3.246,2.296,0.954,0.956,0.695,0.46,0.064
286.6,3.238,2.289,0.951,0.956,0.696,0.46,0.065
286.7,3.235,2.286,0.95,0.957,0.696,0.461,0.065
286.8,3.19,2.244,0.935,0.957,0.697,0.46,0.064
286.90000000000003,3.171,2.227,0.929,0.956,0.696,0.461,0.065
287.0,3.164,2.221,0.927,0.957,0.696,0.461,0.064
287.1,3.161,2.218,0.926,0.956,0.697,0.46,0.065
287.2,3.16,2.217,0.925,0.956,0.697,0.461,0.065
287.3,3.159,2.216,0.925,0.957,0.697,0.461,0.065
287.40000000000003,3.159,2.216,0.925,0.957,0.697,0.461,0.065
287.5,3.159,2.216,0.925,0.957,0.697,0.461,0.065
287.6,3.159,2.216,0.925,0.956,0.696,0.46,0.065
287.7,3.159,2.216,0.925,0.957,0.696,0.461,0.064
287.8,3.159,2.216,0.925,0.957,0.697,0.461,0.065
287.90000000000003,3.204,2.257,0.94,0.956,0.696,0.461,0.065
288.0,3.133,2.192,0.916,0.956,0.696,0.461,0.064
288.1,3.104,2.166,0.907,0.957,0.695,0.46,0.065
288.2,3.226,2.279,0.948,0.957,0.696,0.461,0.065
288.3,3.186,2.241,0.934,0.956,0.697,0.461,0.064
288.40000000000003,3.17,2.226,0.929,0.957,0.697,0.461,0.064
288.5,3.075,2.14,0.897,0.957,0.697,0.462,0.065
288.6,3.126,2.186,0.914,0.959,0.697,0.461,0.064
288.7,3.146,2.204,0.921,0.957,0.697,0.462,0.064
288.8,3.109,2.171,0.909,0.957,0.697,0.461,0.064
288.90000000000003,3.139,2.198,0.918,0.959,0.697,0.461,0.065
289.0,3.196,2.25,0.937,0.958,0.696,0.462,0.064
289.1,3.174,2.23,0.93,0.957,0.697,0.462,0.065
289.2,3.121,2.181,0.912,0.957,0.696,0.462,0.064
289.3,3.144,2.202,0.92,0.956,0.697,0.461,0.064
289.40000000000003,3.153,2.21,0.923,0.956,0.696,0.462,0.065
289.5,3.157,2.214,0.924,0.956,0.696,0.462,0.065
289.6,3.158,2.215,0.925,0.956,0.696,0.462,0.064
289.7,3.114,2.175,0.91,0.957,0.696,0.461,0.064
289.8,3.141,2.2,0.919,0.957,0.695,0.461,0.064
289.90000000000003,3.152,2.21,0.923,0.957,0.696,0.462,0.064
290.0,3.156,2.213,0.924,0.958,0.697,0.462,0.065
290.1,3.202,2.256,0.939,0.957,0.696,0.461,0.064
290.2,3.176,2.232,0.931,0.957,0.696,0.462,0.064
290.3,3.122,2.182,0.913,0.958,0.697,0.462,0.064
290.40000000000003,3.189,2.243,0.935,0.957,0.696,0.461,0.065
290.5,3.171,2.227,0.929,0.956,0.696,0.461,0.064
290.6,3.208,2.261,0.941,0.956,0.696,0.462,0.064
290.7,3.223,2.275,0.946,0.955,0.695,0.462,0.064
290.8,3.185,2.24,0.934,0.956,0.696,0.462,0.065
290.90000000000003,3.169,2.226,0.928,0.957,0.695,0.462,0.064
291.0,3.208,2.261,0.941,0.957,0.696,0.462,0.064
291.1,3.179,2.234,0.932,0.958,0.697,0.462,0.064
291.2,3.123,2.183,0.913,0.957,0.697,0.462,0.064
291.3,3.145,2.203,0.92,0.957,0.696,0.462,0.064
291.40000000000003,3.153,2.211,0.923,0.956,0.697,0.462,0.065
291.5,3.157,2.214,0.924,0.957,0.696,0.462,0.065
291.6,3.203,2.256,0.94,0.957,0.696,0.462,0.064
291.7,3.221,2.273,0.946,0.957,0.695,0.462,0.064
291.8,3.184,2.239,0.933,0.957,0.695,0.462,0.064
291.90000000000003,3.125,2.185,0.914,0.958,0.696,0.463,0.064
292.0,3.145,2.204,0.921,0.957,0.696,0.463,0.064
292.1,3.109,2.171,0.909,0.957,0.696,0.462,0.064
292.2,3.139,2.198,0.918,0.956,0.695,0.463,0.064
292.3,3.196,2.25,0.937,0.957,0.696,0.462,0.064
292.40000000000003,3.129,2.189,0.915,0.957,0.697,0.462,0.064
292.5,3.192,2.246,0.936,0.956,0.696,0.463,0.064
292.6,3.217,2.269,0.944,0.957,0.696,0.462,0.064
292.7,3.182,2.237,0.933,0.957,0.695,0.462,0.064
292.8,3.124,2.184,0.913,0.956,0.695,0.462,0.064
292.90000000000003,3.145,2.203,0.92,0.957,0.695,0.462,0.064
293.0,3.154,2.211,0.923,0.957,0.696,0.462,0.064
293.1,3.113,2.174,0.91,0.957,0.696,0.462,0.065
293.2,3.185,2.24,0.934,0.957,0.697,0.463,0.064
293.3,3.259,2.308,0.958,0.956,0.696,0.462,0.064
293.40000000000003,3.155,2.212,0.924,0.957,0.695,0.462,0.064
293.5,3.113,2.174,0.91,0.956,0.696,0.462,0.064
293.6,3.096,2.159,0.904,0.956,0.695,0.462,0.064
293.7,3.134,2.193,0.917,0.957,0.696,0.463,0.064
293.8,3.105,2.166,0.907,0.957,0.696,0.463,0.064
293.90000000000003,3.093,2.156,0.903,0.956,0.696,0.462,0.064
294.0,3.044,2.112,0.887,0.957,0.696,0.463,0.064
294.1,3.123,2.183,0.913,0.959,0.696,0.463,0.064
294.2,3.1,2.162,0.906,0.96,0.697,0.463,0.064
294.3,3.069,2.134,0.895,0.957,0.697,0.463,0.064
294.40000000000003,3.635,2.67,1.086,0.957,0.696,0.463,0.064
294.5,3.349,2.398,0.989,0.957,0.695,0.463,0.064
294.6,3.324,2.371,0.98,0.956,0.694,0.463,0.063
294.7,3.181,2.238,0.933,0.956,0.695,0.464,0.064
294.8,3.212,2.266,0.943,0.956,0.695,0.463,0.064
294.90000000000003,3.136,2.195,0.918,0.955,0.695,0.464,0.063
295.0,3.106,2.167,0.907,0.955,0.694,0.463,0.063
295.1,3.182,2.238,0.933,0.956,0.695,0.464,0.064
295.2,3.124,2.184,0.913,0.957,0.695,0.464,0.063
295.3,3.101,2.163,0.906,0.957,0.695,0.464,0.064
295.40000000000003,3.092,2.154,0.903,0.957,0.695,0.464,0.063
295.5,3.088,2.151,0.901,0.956,0.695,0.463,0.063
295.6,3.131,2.19,0.916,0.956,0.695,0.463,0.063
295.7,3.103,2.165,0.907,0.955,0.694,0.463,0.063
295.8,3.226,2.278,0.947,0.955,0.695,0.463,0.063
295.90000000000003,3.23,2.282,0.949,0.954,0.694,0.462,0.063
296.0,3.143,2.202,0.92,0.955,0.695,0.463,0.063
296.1,3.153,2.21,0.923,0.955,0.694,0.462,0.063
296.2,3.112,2.173,0.91,0.954,0.695,0.463,0.063
296.3,3.096,2.159,0.904,0.955,0.695,0.462,0.063
296.40000000000003,3.09,2.153,0.902,0.955,0.694,0.463,0.063
296.5,3.176,2.232,0.931,0.956,0.696,0.464,0.063
296.6,3.122,2.182,0.913,0.957,0.695,0.464,0.064
296.7,3.1,2.162,0.905,0.957,0.695,0.465,0.063
296.8,3.091,2.154,0.903,0.957,0.695,0.465,0.064
296.90000000000003,3.088,2.151,0.901,0.956,0.695,0.464,0.064
297.0,2.93,2.041,0.855,0.908,0.66,0.441,0.06
297.1,2.793,1.943,0.815,0.869,0.631,0.422,0.058
297.2,2.694,1.875,0.786,0.838,0.609,0.407,0.056
297.3,2.638,1.841,0.771,0.813,0.591,0.395,0.054
297.40000000000003,2.57,1.793,0.751,0.793,0.577,0.385,0.053
297.5,2.516,1.755,0.735,0.778,0.565,0.377,0.052
297.6,2.462,1.714,0.719,0.765,0.556,0.371,0.051
297.7,2.441,1.702,0.713,0.755,0.548,0.366,0.05
297.8,2.413,1.682,0.705,0.746,0.542,0.362,0.05
297.90000000000003,2.391,1.667,0.698,0.74,0.538,0.359,0.049
298.0,2.373,1.654,0.693,0.735,0.534,0.356,0.049
298.1,2.359,1.644,0.689,0.731,0.531,0.354,0.049
298.2,2.37,1.656,0.693,0.727,0.528,0.352,0.049
298.3,2.356,1.645,0.689,0.724,0.527,0.351,0.048
298.40000000000003,2.357,1.647,0.689,0.722,0.525,0.35,0.048
298.5,2.346,1.638,0.686,0.721,0.524,0.349,0.048
298.6,2.326,1.621,0.679,0.719,0.523,0.348,0.048
298.7,2.321,1.618,0.678,0.718,0.523,0.347,0.048
298.8,2.307,1.605,0.673,0.717,0.522,0.347,0.048
298.90000000000003,2.317,1.615,0.677,0.716,0.521,0.346,0.048
299.0,2.303,1.602,0.672,0.715,0.521,0.346,0.048
299.1,2.292,1.593,0.668,0.715,0.521,0.345,0.047
299.2,2.294,1.595,0.669,0.714,0.521,0.345,0.047
299.3,2.274,1.577,0.663,0.714,0.52,0.344,0.047
299.40000000000003,2.258,1.562,0.657,0.713,0.52,0.343,0.047
299.5,2.245,1.551,0.653,0.712,0.52,0.342,0.047
299.6,2.223,1.532,0.646,0.712,0.52,0.341,0.047
299.7,2.217,1.526,0.644,0.711,0.519,0.341,0.047
299.8,2.213,1.522,0.642,0.71,0.519,0.34,0.047
299.90000000000003,2.22,1.528,0.645,0.71,0.519,0.339,0.046
300.0,2.225,1.534,0.647,0.709,0.519,0.337,0.046
300.1,2.208,1.518,0.641,0.708,0.519,0.336,0.046
300.2,2.194,1.506,0.636,0.707,0.519,0.334,0.046
300.3,2.194,1.506,0.636,0.707,0.519,0.333,0.046
300.40000000000003,2.194,1.505,0.636,0.706,0.519,0.332,0.045
300.5,2.183,1.496,0.633,0.705,0.519,0.331,0.045
300.6,2.153,1.469,0.623,0.704,0.519,0.329,0.045
300.7,2.161,1.476,0.625,0.704,0.519,0.328,0.045
300.8,2.156,1.472,0.624,0.703,0.519,0.327,0.045
300.90000000000003,2.153,1.469,0.623,0.702,0.519,0.325,0.045
301.0,2.172,1.486,0.629,0.701,0.519,0.323,0.045
301.1,2.165,1.48,0.627,0.7,0.519,0.322,0.045
301.2,2.16,1.475,0.625,0.699,0.519,0.32,0.044
301.3,2.178,1.491,0.631,0.698,0.519,0.318,0.044
301.40000000000003,2.17,1.484,0.628,0.698,0.519,0.316,0.044
301.5,2.164,1.479,0.626,0.697,0.519,0.315,0.044
301.6,2.192,1.504,0.636,0.696,0.519,0.312,0.044
301.7,2.192,1.504,0.636,0.696,0.519,0.311,0.044
301.8,2.203,1.514,0.639,0.695,0.518,0.309,0.043
301.90000000000003,2.201,1.512,0.639,0.695,0.519,0.307,0.043
302.0,2.2,1.511,0.638,0.694,0.519,0.305,0.044
302.1,2.198,1.509,0.638,0.694,0.519,0.304,0.043
302.2,2.197,1.509,0.637,0.693,0.519,0.302,0.043
302.3,2.208,1.518,0.641,0.693,0.519,0.301,0.044
302.40000000000003,2.205,1.515,0.64,0.692,0.519,0.299,0.044
302.5,2.202,1.513,0.639,0.692,0.519,0.297,0.043
302.6,2.234,1.541,0.649,0.691,0.519,0.295,0.043
302.7,2.226,1.534,0.647,0.69,0.519,0.293,0.043
302.8,2.219,1.528,0.645,0.69,0.519,0.292,0.043
302.90000000000003,2.225,1.533,0.646,0.689,0.519,0.291,0.044
303.0,2.229,1.537,0.648,0.689,0.519,0.289,0.044
303.1,2.233,1.541,0.649,0.688,0.519,0.288,0.044
303.2,2.225,1.533,0.647,0.688,0.519,0.286,0.044
303.3,2.219,1.528,0.644,0.687,0.519,0.285,0.044
303.40000000000003,2.203,1.513,0.639,0.687,0.519,0.283,0.044
303.5,2.201,1.512,0.639,0.687,0.519,0.282,0.044
303.6,2.199,1.51,0.638,0.687,0.519,0.281,0.044
303.7,2.198,1.509,0.638,0.686,0.519,0.28,0.044
303.8,2.197,1.508,0.637,0.686,0.519,0.279,0.044
303.90000000000003,2.218,1.527,0.644,0.686,0.519,0.277,0.044
304.0,2.213,1.523,0.643,0.685,0.519,0.276,0.044
304.1,2.22,1.529,0.645,0.685,0.519,0.275,0.044
304.2,2.215,1.524,0.643,0.684,0.518,0.273,0.044
304.3,2.211,1.52,0.642,0.684,0.519,0.272,0.044
304.40000000000003,2.207,1.517,0.641,0.684,0.518,0.271,0.044
304.5,2.215,1.525,0.643,0.684,0.518,0.27,0.044
304.6,2.233,1.54,0.649,0.683,0.518,0.269,0.044
304.7,2.247,1.553,0.654,0.683,0.518,0.267,0.044
304.8,2.247,1.553,0.654,0.683,0.518,0.266,0.044
304.90000000000003,2.247,1.553,0.654,0.682,0.518,0.265,0.044
305.0,2.247,1.553,0.654,0.682,0.518,0.264,0.044
305.1,2.247,1.554,0.654,0.682,0.518,0.263,0.044
305.2,2.247,1.554,0.654,0.682,0.518,0.262,0.044
305.3,2.248,1.554,0.654,0.682,0.518,0.261,0.044
305.40000000000003,2.248,1.554,0.654,0.681,0.518,0.26,0.044
305.5,2.259,1.564,0.658,0.681,0.518,0.259,0.044
305.6,2.256,1.562,0.657,0.681,0.518,0.258,0.044
305.7,2.266,1.57,0.66,0.681,0.518,0.257,0.044
305.8,2.262,1.567,0.659,0.68,0.518,0.256,0.044
305.90000000000003,2.259,1.564,0.658,0.68,0.518,0.255,0.044
306.0,2.268,1.572,0.661,0.68,0.518,0.254,0.044
306.1,2.264,1.568,0.659,0.68,0.518,0.253,0.044
306.2,2.261,1.566,0.658,0.68,0.518,0.252,0.044
306.3,2.258,1.563,0.657,0.679,0.518,0.251,0.044
306.40000000000003,2.256,1.561,0.657,0.679,0.518,0.251,0.044
306.5,2.254,1.56,0.656,0.679,0.518,0.25,0.044
306.6,2.253,1.559,0.656,0.679,0.518,0.249,0.044
306.7,2.252,1.558,0.655,0.679,0.518,0.248,0.044
306.8,2.262,1.567,0.659,0.679,0.518,0.247,0.044
306.90000000000003,2.259,1.564,0.658,0.678,0.518,0.246,0.044
307.0,2.257,1.562,0.657,0.678,0.518,0.246,0.044
307.1,2.255,1.56,0.656,0.678,0.518,0.245,0.044
307.20000000000005,2.254,1.559,0.656,0.678,0.518,0.244,0.044
307.3,2.252,1.558,0.656,0.678,0.518,0.244,0.044
307.40000000000003,2.252,1.557,0.655,0.677,0.518,0.243,0.044
307.5,2.251,1.557,0.655,0.677,0.518,0.242,0.044
307.6,2.272,1.576,0.662,0.677,0.518,0.242,0.044
307.70000000000005,2.278,1.582,0.664,0.677,0.518,0.241,0.044
307.8,2.283,1.586,0.666,0.677,0.517,0.24,0.044
307.90000000000003,2.276,1.58,0.663,0.676,0.518,0.239,0.044
308.0,2.27,1.574,0.662,0.676,0.517,0.238,0.044
308.1,2.266,1.57,0.66,0.676,0.517,0.238,0.044
308.20000000000005,2.251,1.557,0.655,0.676,0.517,0.237,0.045
308.3,2.251,1.556,0.655,0.676,0.517,0.237,0.045
308.40000000000003,2.25,1.556,0.655,0.675,0.517,0.236,0.045
308.5,2.272,1.576,0.662,0.675,0.518,0.235,0.045
308.6,2.278,1.581,0.664,0.675,0.518,0.235,0.045
308.70000000000005,2.272,1.576,0.662,0.675,0.518,0.234,0.045
308.8,2.267,1.571,0.66,0.675,0.518,0.233,0.045
308.90000000000003,2.285,1.588,0.666,0.675,0.518,0.233,0.045
309.0,2.278,1.581,0.664,0.675,0.518,0.232,0.045
309.1,2.283,1.586,0.666,0.676,0.518,0.232,0.045
309.20000000000005,2.287,1.589,0.667,0.675,0.518,0.232,0.045
309.3,2.29,1.592,0.668,0.676,0.518,0.231,0.045
309.40000000000003,2.292,1.594,0.669,0.676,0.518,0.231,0.045
309.5,2.294,1.596,0.669,0.676,0.518,0.23,0.045
309.6,2.296,1.598,0.67,0.676,0.518,0.23,0.045
309.70000000000005,2.308,1.609,0.674,0.676,0.518,0.23,0.045
309.8,2.307,1.608,0.674,0.676,0.518,0.229,0.045
309.90000000000003,2.306,1.607,0.673,0.676,0.518,0.229,0.045
310.0,2.295,1.596,0.669,0.676,0.518,0.228,0.045
310.1,2.296,1.598,0.67,0.676,0.518,0.228,0.045
310.20000000000005,2.286,1.589,0.667,0.676,0.518,0.228,0.045
310.3,2.279,1.582,0.664,0.675,0.518,0.227,0.045
310.40000000000003,2.272,1.576,0.662,0.676,0.518,0.227,0.045
310.5,2.267,1.572,0.661,0.675,0.518,0.227,0.045
310.6,2.286,1.588,0.667,0.675,0.518,0.226,0.045
310.70000000000005,2.289,1.591,0.668,0.675,0.517,0.226,0.045
310.8,2.281,1.584,0.665,0.675,0.517,0.225,0.045
310.90000000000003,2.274,1.578,0.663,0.675,0.517,0.225,0.045
311.0,2.28,1.583,0.665,0.675,0.517,0.225,0.045
311.1,2.273,1.577,0.662,0.674,0.517,0.224,0.045
311.20000000000005,2.29,1.592,0.668,0.674,0.518,0.224,0.045
311.3,2.282,1.585,0.665,0.674,0.518,0.224,0.045
311.40000000000003,2.286,1.588,0.667,0.674,0.518,0.223,0.045
311.5,2.289,1.592,0.668,0.674,0.518,0.223,0.045
311.6,2.292,1.594,0.669,0.674,0.517,0.222,0.045
311.70000000000005,2.294,1.596,0.669,0.674,0.517,0.222,0.045
311.8,2.285,1.587,0.666,0.674,0.517,0.222,0.045
311.90000000000003,2.299,1.601,0.671,0.674,0.517,0.221,0.045
312.0,2.3,1.601,0.671,0.673,0.517,0.221,0.045
312.1,2.301,1.602,0.671,0.673,0.517,0.221,0.045
312.20000000000005,2.301,1.602,0.672,0.673,0.517,0.22,0.045
312.3,2.301,1.602,0.672,0.673,0.517,0.22,0.045
312.40000000000003,2.301,1.603,0.672,0.673,0.517,0.219,0.045
312.5,2.302,1.603,0.672,0.673,0.517,0.219,0.045
312.6,2.302,1.603,0.672,0.673,0.517,0.219,0.045
312.70000000000005,2.335,1.634,0.683,0.673,0.517,0.218,0.045
312.8,2.362,1.658,0.692,0.672,0.517,0.218,0.045
312.90000000000003,2.35,1.647,0.688,0.672,0.517,0.217,0.045
313.0,2.341,1.639,0.685,0.672,0.517,0.217,0.045
313.1,2.344,1.642,0.686,0.672,0.517,0.216,0.045
313.20000000000005,2.336,1.634,0.683,0.672,0.517,0.215,0.045
313.3,2.329,1.628,0.681,0.672,0.517,0.215,0.045
313.40000000000003,2.324,1.623,0.679,0.672,0.517,0.215,0.045
313.5,2.33,1.629,0.681,0.672,0.517,0.214,0.045
313.6,2.325,1.624,0.68,0.672,0.517,0.214,0.045
313.70000000000005,2.32,1.62,0.678,0.672,0.517,0.214,0.045
313.8,2.317,1.617,0.677,0.672,0.517,0.214,0.045
313.90000000000003,2.314,1.614,0.676,0.672,0.517,0.213,0.045
314.0,2.334,1.632,0.682,0.672,0.517,0.213,0.045
314.1,2.339,1.637,0.684,0.672,0.517,0.212,0.045
314.20000000000005,2.331,1.63,0.682,0.672,0.517,0.212,0.045
314.3,2.337,1.635,0.683,0.672,0.517,0.212,0.045
314.40000000000003,2.33,1.628,0.681,0.672,0.517,0.211,0.045
314.5,2.324,1.623,0.679,0.672,0.517,0.211,0.045
314.6,2.32,1.619,0.678,0.672,0.517,0.211,0.045
314.70000000000005,2.316,1.616,0.677,0.672,0.517,0.211,0.045
314.8,2.314,1.614,0.676,0.672,0.517,0.211,0.045
314.90000000000003,2.322,1.622,0.679,0.672,0.517,0.21,0.045
315.0,2.318,1.618,0.677,0.672,0.517,0.21,0.046
315.1,2.315,1.615,0.676,0.672,0.517,0.21,0.046
315.20000000000005,2.313,1.613,0.675,0.672,0.518,0.209,0.046
315.3,2.311,1.611,0.675,0.672,0.517,0.209,0.046
315.40000000000003,2.32,1.62,0.678,0.672,0.517,0.209,0.046
315.5,2.317,1.616,0.677,0.672,0.517,0.209,0.046
315.6,2.314,1.614,0.676,0.672,0.517,0.209,0.046
315.70000000000005,2.311,1.612,0.675,0.672,0.517,0.208,0.046
315.8,2.31,1.61,0.674,0.672,0.518,0.208,0.046
315.90000000000003,2.319,1.619,0.678,0.672,0.517,0.208,0.046
316.0,2.338,1.636,0.684,0.672,0.517,0.208,0.046
316.1,2.331,1.63,0.682,0.672,0.517,0.208,0.046
316.20000000000005,2.325,1.624,0.68,0.672,0.517,0.208,0.046
316.3,2.343,1.64,0.685,0.672,0.517,0.207,0.046
316.40000000000003,2.346,1.643,0.686,0.672,0.517,0.207,0.046
316.5,2.348,1.645,0.687,0.672,0.517,0.207,0.046
316.6,2.35,1.647,0.688,0.672,0.517,0.207,0.046
316.70000000000005,2.34,1.638,0.685,0.672,0.517,0.206,0.046
316.8,2.355,1.652,0.69,0.672,0.517,0.206,0.046
316.90000000000003,2.356,1.652,0.69,0.671,0.517,0.206,0.046
317.0,2.345,1.642,0.686,0.671,0.517,0.206,0.046
317.1,2.336,1.634,0.683,0.671,0.517,0.205,0.046
317.20000000000005,2.33,1.628,0.681,0.671,0.517,0.205,0.046
317.3,2.324,1.623,0.679,0.671,0.517,0.205,0.046
317.40000000000003,2.331,1.629,0.682,0.671,0.517,0.205,0.046
317.5,2.325,1.624,0.68,0.67,0.517,0.205,0.046
317.6,2.321,1.62,0.678,0.67,0.517,0.204,0.046
317.70000000000005,2.328,1.627,0.681,0.67,0.517,0.204,0.046
317.8,2.323,1.622,0.679,0.67,0.517,0.204,0.046
317.90000000000003,2.33,1.628,0.681,0.67,0.517,0.204,0.046
318.0,2.347,1.644,0.687,0.67,0.517,0.203,0.046
318.1,2.338,1.636,0.684,0.67,0.517,0.203,0.046
318.20000000000005,2.331,1.629,0.681,0.67,0.517,0.203,0.046
318.3,2.325,1.624,0.68,0.67,0.517,0.202,0.046
318.40000000000003,2.332,1.63,0.682,0.67,0.517,0.202,0.046
318.5,2.348,1.645,0.687,0.67,0.517,0.202,0.046
318.6,2.35,1.647,0.688,0.67,0.517,0.202,0.046
318.70000000000005,2.351,1.648,0.688,0.67,0.517,0.201,0.046
318.8,2.364,1.66,0.692,0.669,0.517,0.201,0.046
318.90000000000003,2.374,1.669,0.696,0.669,0.517,0.201,0.046
319.0,2.382,1.676,0.698,0.669,0.517,0.201,0.047
319.1,2.366,1.661,0.693,0.669,0.517,0.201,0.046
319.20000000000005,2.353,1.65,0.689,0.669,0.517,0.2,0.046
319.3,2.343,1.64,0.685,0.669,0.517,0.2,0.046
319.40000000000003,2.346,1.643,0.686,0.669,0.517,0.2,0.046
319.5,2.359,1.656,0.691,0.669,0.517,0.2,0.046
319.6,2.37,1.665,0.695,0.669,0.517,0.199,0.046
319.70000000000005,2.368,1.663,0.694,0.669,0.517,0.199,0.046
319.8,2.366,1.661,0.693,0.67,0.518,0.199,0.046
319.90000000000003,2.386,1.68,0.7,0.67,0.517,0.199,0.046
320.0,2.38,1.675,0.698,0.67,0.518,0.199,0.046
320.1,2.376,1.671,0.696,0.671,0.518,0.199,0.046
320.20000000000005,2.802,1.957,0.819,0.809,0.626,0.239,0.057
320.3,3.15,2.237,0.927,0.864,0.668,0.255,0.061
320.40000000000003,3.156,2.224,0.926,0.888,0.686,0.261,0.062
320.5,3.158,2.219,0.925,0.893,0.69,0.263,0.063
320.6,3.159,2.217,0.925,0.899,0.694,0.265,0.063
320.70000000000005,3.159,2.217,0.925,0.901,0.696,0.265,0.063
320.8,3.159,2.216,0.925,0.901,0.695,0.265,0.063
320.90000000000003,3.159,2.216,0.925,0.903,0.696,0.265,0.063
321.0,3.204,2.257,0.94,0.901,0.694,0.265,0.063
321.1,3.177,2.232,0.931,0.9,0.693,0.264,0.063
321.20000000000005,3.166,2.223,0.927,0.9,0.693,0.264,0.062
321.3,3.162,2.219,0.926,0.9,0.692,0.265,0.062
321.40000000000003,3.116,2.177,0.911,0.901,0.692,0.265,0.063
321.5,3.142,2.2,0.919,0.901,0.693,0.266,0.063
321.6,3.241,2.292,0.952,0.903,0.692,0.266,0.063
321.70000000000005,3.281,2.329,0.966,0.905,0.692,0.267,0.063
321.8,3.208,2.261,0.941,0.907,0.693,0.268,0.062
321.90000000000003,3.223,2.275,0.946,0.908,0.692,0.268,0.062
322.0,3.185,2.24,0.934,0.908,0.692,0.269,0.062
322.1,3.169,2.226,0.928,0.908,0.692,0.269,0.062
322.20000000000005,3.163,2.22,0.926,0.909,0.692,0.27,0.062
322.3,3.161,2.218,0.926,0.91,0.692,0.27,0.062
322.40000000000003,3.16,2.217,0.925,0.911,0.693,0.271,0.062
322.5,3.204,2.257,0.94,0.912,0.692,0.273,0.062
322.6,3.177,2.233,0.931,0.913,0.692,0.275,0.063
322.70000000000005,3.166,2.223,0.927,0.916,0.692,0.277,0.063
322.8,3.162,2.219,0.926,0.918,0.692,0.279,0.063
322.90000000000003,3.205,2.258,0.94,0.92,0.693,0.282,0.063
323.0,3.177,2.233,0.931,0.921,0.692,0.284,0.063
323.1,3.256,2.305,0.957,0.923,0.692,0.287,0.063
323.20000000000005,3.198,2.252,0.938,0.925,0.692,0.29,0.063
323.3,3.219,2.271,0.945,0.927,0.693,0.292,0.064
323.40000000000003,3.228,2.279,0.948,0.932,0.695,0.296,0.064
323.5,3.231,2.282,0.949,0.934,0.696,0.298,0.064
323.6,3.232,2.284,0.949,0.934,0.695,0.3,0.064
323.70000000000005,3.233,2.284,0.95,0.934,0.694,0.301,0.064
323.8,3.278,2.326,0.965,0.934,0.693,0.305,0.065
323.90000000000003,3.207,2.26,0.941,0.935,0.693,0.308,0.064
324.0,3.223,2.275,0.946,0.936,0.693,0.309,0.064
324.1,3.229,2.28,0.948,0.937,0.693,0.312,0.064
324.20000000000005,3.187,2.242,0.934,0.938,0.693,0.314,0.064
324.3,3.215,2.267,0.944,0.938,0.693,0.318,0.064
324.40000000000003,3.271,2.319,0.962,0.94,0.693,0.322,0.064
324.5,3.204,2.257,0.94,0.941,0.694,0.324,0.064
324.6,3.177,2.233,0.931,0.941,0.693,0.325,0.064
324.70000000000005,3.166,2.223,0.927,0.941,0.693,0.327,0.064
324.8,3.162,2.219,0.926,0.942,0.693,0.329,0.064
324.90000000000003,3.16,2.217,0.925,0.943,0.693,0.331,0.064
325.0,3.16,2.217,0.925,0.944,0.693,0.332,0.064
325.1,3.159,2.216,0.925,0.945,0.694,0.334,0.065
325.20000000000005,3.204,2.257,0.94,0.945,0.693,0.336,0.064
325.3,3.221,2.273,0.946,0.945,0.692,0.337,0.065
325.40000000000003,3.229,2.28,0.948,0.945,0.693,0.339,0.065
325.5,3.187,2.242,0.934,0.944,0.691,0.341,0.065
325.6,3.215,2.267,0.944,0.945,0.692,0.342,0.065
325.70000000000005,3.181,2.237,0.932,0.946,0.692,0.344,0.065
325.8,3.213,2.265,0.943,0.946,0.693,0.346,0.065
325.90000000000003,3.18,2.236,0.932,0.946,0.693,0.348,0.064
326.0,3.168,2.224,0.928,0.947,0.692,0.349,0.064
326.1,3.207,2.26,0.941,0.947,0.693,0.351,0.065
326.20000000000005,3.223,2.275,0.946,0.948,0.693,0.352,0.065
326.3,3.229,2.28,0.948,0.948,0.693,0.354,0.065
326.40000000000003,3.232,2.283,0.949,0.948,0.693,0.355,0.065
326.5,3.322,2.367,0.979,0.948,0.693,0.357,0.064
326.6,3.269,2.318,0.962,0.949,0.692,0.359,0.065
326.70000000000005,3.248,2.298,0.954,0.949,0.693,0.361,0.065
326.8,3.284,2.331,0.967,0.949,0.693,0.363,0.065
326.90000000000003,3.253,2.303,0.956,0.949,0.692,0.364,0.065
327.0,3.241,2.292,0.952,0.948,0.692,0.364,0.065
327.1,3.237,2.287,0.951,0.948,0.692,0.365,0.065
327.20000000000005,3.235,2.286,0.95,0.949,0.692,0.367,0.066
327.3,3.234,2.285,0.95,0.949,0.692,0.368,0.065
327.40000000000003,3.233,2.285,0.95,0.95,0.693,0.37,0.066
327.5,3.233,2.284,0.95,0.95,0.693,0.371,0.065
327.6,3.278,2.326,0.965,0.951,0.693,0.373,0.066
327.70000000000005,3.251,2.301,0.956,0.951,0.693,0.374,0.066
327.8,3.24,2.291,0.952,0.952,0.693,0.376,0.066
327.90000000000003,3.236,2.287,0.951,0.951,0.692,0.377,0.066
328.0,3.234,2.285,0.95,0.952,0.693,0.379,0.066
328.1,3.234,2.285,0.95,0.951,0.693,0.38,0.066
328.20000000000005,3.233,2.285,0.95,0.951,0.692,0.381,0.066
328.3,3.233,2.284,0.95,0.951,0.693,0.383,0.067
328.40000000000003,3.233,2.284,0.95,0.951,0.693,0.384,0.066
328.5,3.233,2.284,0.95,0.951,0.693,0.385,0.066
328.6,3.233,2.284,0.95,0.956,0.695,0.388,0.066
328.70000000000005,3.189,2.243,0.935,0.959,0.696,0.389,0.066
328.8,3.26,2.309,0.959,0.959,0.696,0.39,0.066
328.90000000000003,3.334,2.378,0.983,0.955,0.694,0.39,0.066
329.0,3.318,2.363,0.978,0.954,0.693,0.392,0.066
329.1,3.357,2.399,0.991,0.953,0.693,0.393,0.066
329.20000000000005,3.283,2.33,0.966,0.954,0.692,0.395,0.066
329.3,3.343,2.386,0.986,0.953,0.692,0.397,0.067
329.40000000000003,3.322,2.367,0.979,0.953,0.692,0.397,0.066
329.5,3.313,2.359,0.976,0.957,0.693,0.4,0.066
329.6,3.265,2.314,0.96,0.959,0.695,0.402,0.066
329.70000000000005,3.246,2.296,0.954,0.956,0.693,0.403,0.066
329.8,3.283,2.331,0.966,0.954,0.693,0.402,0.066
329.90000000000003,3.298,2.344,0.971,0.953,0.691,0.403,0.066
330.0,3.259,2.308,0.958,0.953,0.692,0.406,0.066
330.1,3.244,2.294,0.953,0.954,0.692,0.406,0.066
330.20000000000005,3.282,2.33,0.966,0.954,0.692,0.408,0.067
330.3,3.298,2.344,0.971,0.955,0.692,0.41,0.066
330.40000000000003,3.304,2.35,0.973,0.955,0.693,0.412,0.067
330.5,3.306,2.352,0.974,0.955,0.692,0.413,0.067
330.6,3.307,2.353,0.974,0.955,0.692,0.413,0.067
330.70000000000005,3.308,2.353,0.974,0.956,0.692,0.415,0.067
330.8,3.308,2.353,0.975,0.956,0.691,0.416,0.068
330.90000000000003,3.308,2.353,0.975,0.957,0.692,0.417,0.068
331.0,3.308,2.353,0.975,0.957,0.693,0.418,0.067
331.1,3.353,2.395,0.99,0.957,0.692,0.419,0.068
331.20000000000005,3.326,2.37,0.981,0.959,0.693,0.42,0.068
331.3,3.315,2.36,0.977,0.958,0.692,0.421,0.068
331.40000000000003,3.401,2.441,1.006,0.957,0.693,0.423,0.068
331.5,3.39,2.43,1.002,0.959,0.692,0.424,0.068
331.6,3.386,2.426,1.001,0.96,0.692,0.425,0.068
331.70000000000005,3.384,2.425,1,0.959,0.692,0.426,0.068
331.8,3.383,2.424,1,0.958,0.692,0.427,0.068
331.90000000000003,3.428,2.466,1.015,0.958,0.693,0.428,0.068
332.0,3.401,2.441,1.006,0.959,0.692,0.429,0.068
332.1,3.39,2.43,1.002,0.958,0.692,0.43,0.068
332.20000000000005,3.357,2.4,0.991,0.959,0.692,0.433,0.069
332.3,3.431,2.469,1.016,0.958,0.692,0.433,0.069
332.40000000000003,3.373,2.414,0.996,0.96,0.692,0.435,0.069
332.5,3.379,2.42,0.998,0.96,0.693,0.436,0.069
332.6,3.381,2.422,0.999,0.96,0.692,0.437,0.068
332.70000000000005,3.382,2.423,0.999,0.96,0.692,0.438,0.069
332.8,3.383,2.423,1,0.96,0.692,0.438,0.069
332.90000000000003,3.383,2.423,1,0.96,0.692,0.44,0.069
333.0,3.383,2.423,1,0.96,0.692,0.441,0.069
333.1,3.383,2.423,1,0.961,0.692,0.443,0.069
333.20000000000005,3.428,2.466,1.015,0.96,0.691,0.444,0.069
333.3,3.356,2.399,0.991,0.96,0.692,0.445,0.07
333.40000000000003,3.417,2.456,1.011,0.96,0.691,0.447,0.07
333.5,3.397,2.437,1.004,0.96,0.691,0.448,0.069
333.6,3.388,2.429,1.002,0.958,0.691,0.449,0.069
333.70000000000005,3.385,2.426,1,0.96,0.691,0.449,0.07
333.8,3.384,2.424,1,0.96,0.691,0.451,0.069
333.90000000000003,3.383,2.424,1,0.96,0.692,0.452,0.07
334.0,3.383,2.424,1,0.961,0.691,0.452,0.069
334.1,3.383,2.424,1,0.961,0.692,0.453,0.069
334.20000000000005,3.383,2.424,1,0.961,0.692,0.454,0.07
334.3,3.428,2.466,1.015,0.96,0.692,0.455,0.07
334.40000000000003,3.401,2.441,1.006,0.961,0.692,0.456,0.069
334.5,3.435,2.473,1.017,0.96,0.691,0.457,0.069
334.6,3.449,2.486,1.022,0.96,0.691,0.457,0.069
334.70000000000005,3.455,2.491,1.024,0.96,0.69,0.458,0.07
334.8,3.457,2.493,1.024,0.961,0.691,0.459,0.07
334.90000000000003,3.412,2.451,1.01,0.961,0.692,0.46,0.07
335.0,3.44,2.477,1.019,0.961,0.691,0.46,0.069
335.1,3.496,2.531,1.038,0.961,0.691,0.461,0.07
335.20000000000005,3.473,2.509,1.03,0.96,0.69,0.462,0.07
335.3,3.419,2.458,1.012,0.961,0.69,0.463,0.069
335.40000000000003,3.397,2.437,1.005,0.962,0.691,0.464,0.07
335.5,3.434,2.471,1.017,0.962,0.691,0.466,0.07
335.6,3.403,2.443,1.007,0.961,0.691,0.466,0.07
335.70000000000005,3.391,2.431,1.002,0.961,0.691,0.467,0.071
335.8,3.386,2.427,1.001,0.961,0.69,0.468,0.07
335.90000000000003,3.384,2.425,1,0.962,0.691,0.469,0.07
336.0,3.429,2.467,1.015,0.961,0.69,0.469,0.07
336.1,3.446,2.483,1.021,0.962,0.691,0.47,0.071
336.20000000000005,3.408,2.447,1.008,0.962,0.691,0.47,0.07
336.3,3.438,2.476,1.018,0.962,0.69,0.471,0.07
336.40000000000003,3.405,2.444,1.007,0.962,0.691,0.472,0.071
336.5,3.437,2.474,1.018,0.963,0.691,0.473,0.071
336.6,3.45,2.486,1.022,0.962,0.691,0.473,0.07
336.70000000000005,3.5,2.534,1.039,0.962,0.692,0.475,0.07
336.8,3.475,2.51,1.031,0.963,0.691,0.476,0.071
336.90000000000003,3.465,2.501,1.027,0.962,0.691,0.476,0.071
337.0,3.461,2.497,1.026,0.962,0.69,0.477,0.071
337.1,3.459,2.495,1.025,0.962,0.69,0.478,0.071
337.20000000000005,3.459,2.495,1.025,0.962,0.691,0.479,0.071
337.3,3.458,2.495,1.025,0.962,0.691,0.48,0.071
337.40000000000003,3.458,2.494,1.025,0.962,0.692,0.48,0.071
337.5,3.458,2.494,1.025,0.962,0.691,0.481,0.071
337.6,3.413,2.452,1.01,0.963,0.69,0.482,0.071
337.70000000000005,3.486,2.52,1.034,0.962,0.69,0.483,0.071
337.8,3.469,2.505,1.029,0.963,0.69,0.484,0.071
337.90000000000003,3.463,2.499,1.026,0.963,0.69,0.484,0.071
338.0,3.46,2.496,1.026,0.964,0.69,0.485,0.071
338.1,3.504,2.538,1.04,0.963,0.69,0.486,0.071
338.20000000000005,3.477,2.512,1.031,0.963,0.69,0.486,0.071
338.3,3.466,2.501,1.027,0.963,0.691,0.487,0.071
338.40000000000003,3.461,2.497,1.026,0.964,0.691,0.488,0.071
338.5,3.551,2.582,1.056,0.964,0.692,0.489,0.071
338.6,3.495,2.529,1.037,0.964,0.691,0.491,0.071
338.70000000000005,3.518,2.551,1.045,0.964,0.691,0.492,0.071
338.8,3.482,2.517,1.033,0.965,0.691,0.492,0.071
338.90000000000003,3.468,2.503,1.028,0.965,0.691,0.493,0.07
339.0,3.462,2.498,1.026,0.965,0.69,0.494,0.071
339.1,3.505,2.539,1.041,0.966,0.691,0.494,0.071
339.20000000000005,3.477,2.512,1.031,0.965,0.691,0.494,0.071
339.3,3.466,2.501,1.027,0.965,0.69,0.495,0.071
339.40000000000003,3.461,2.497,1.026,0.965,0.691,0.496,0.071
339.5,3.459,2.496,1.025,0.964,0.69,0.497,0.071
339.6,3.55,2.581,1.056,0.965,0.69,0.497,0.071
339.70000000000005,3.54,2.572,1.053,0.964,0.69,0.498,0.071
339.8,3.491,2.526,1.036,0.964,0.69,0.499,0.072
339.90000000000003,3.563,2.593,1.06,0.964,0.69,0.5,0.072
340.0,3.545,2.577,1.054,0.964,0.691,0.5,0.072
340.1,3.493,2.527,1.037,0.965,0.69,0.501,0.072
340.20000000000005,3.518,2.551,1.045,0.965,0.69,0.502,0.072
340.3,3.573,2.603,1.064,0.966,0.69,0.502,0.072
340.40000000000003,3.504,2.538,1.04,0.965,0.69,0.503,0.072
340.5,3.477,2.512,1.031,0.965,0.69,0.503,0.072
340.6,3.466,2.501,1.027,0.965,0.691,0.504,0.072
340.70000000000005,3.461,2.497,1.026,0.964,0.69,0.504,0.072
340.8,3.459,2.495,1.025,0.965,0.69,0.505,0.072
340.90000000000003,3.459,2.495,1.025,0.965,0.689,0.505,0.072
341.0,3.504,2.538,1.04,0.966,0.69,0.507,0.072
341.1,3.522,2.555,1.046,0.965,0.691,0.506,0.072
341.20000000000005,3.529,2.562,1.049,0.966,0.69,0.506,0.072
341.3,3.487,2.521,1.034,0.966,0.69,0.507,0.072
341.40000000000003,3.515,2.548,1.044,0.966,0.69,0.51,0.072
341.5,3.526,2.559,1.048,0.966,0.691,0.511,0.072
341.6,3.577,2.607,1.065,0.965,0.691,0.512,0.072
341.70000000000005,3.506,2.539,1.041,0.966,0.691,0.513,0.072
341.8,3.477,2.512,1.031,0.967,0.69,0.513,0.072
341.90000000000003,3.466,2.502,1.027,0.966,0.69,0.514,0.072
342.0,3.507,2.54,1.041,0.965,0.691,0.514,0.073
342.1,3.523,2.556,1.047,0.965,0.69,0.515,0.072
342.20000000000005,3.53,2.562,1.049,0.965,0.691,0.516,0.072
342.3,3.532,2.564,1.05,0.966,0.69,0.516,0.072
342.40000000000003,3.579,2.609,1.066,0.966,0.69,0.516,0.072
342.5,3.507,2.54,1.041,0.966,0.691,0.516,0.072
342.6,3.523,2.556,1.047,0.966,0.69,0.517,0.072
342.70000000000005,3.53,2.562,1.049,0.967,0.691,0.517,0.072
342.8,3.532,2.564,1.05,0.966,0.69,0.518,0.072
342.90000000000003,3.533,2.565,1.05,0.966,0.69,0.518,0.072
343.0,3.579,2.609,1.066,0.966,0.691,0.518,0.072
343.1,3.552,2.583,1.057,0.967,0.691,0.519,0.072
343.20000000000005,3.541,2.573,1.053,0.966,0.691,0.519,0.072
343.3,3.537,2.569,1.051,0.967,0.69,0.519,0.072
343.40000000000003,3.535,2.567,1.051,0.966,0.691,0.52,0.073
343.5,3.534,2.567,1.051,0.966,0.691,0.52,0.072
343.6,3.534,2.566,1.05,0.967,0.691,0.521,0.073
343.70000000000005,3.534,2.566,1.05,0.967,0.69,0.522,0.073
343.8,3.489,2.523,1.035,0.967,0.69,0.522,0.073
343.90000000000003,3.516,2.549,1.044,0.968,0.691,0.522,0.073
344.0,3.527,2.559,1.048,0.967,0.691,0.522,0.073
344.1,3.531,2.563,1.049,0.967,0.691,0.523,0.073
344.20000000000005,3.579,2.609,1.065,0.966,0.69,0.524,0.073
344.3,3.552,2.583,1.056,0.967,0.69,0.524,0.072
344.40000000000003,3.541,2.573,1.053,0.968,0.691,0.524,0.073
344.5,3.583,2.612,1.067,0.967,0.691,0.525,0.073
344.6,3.645,2.672,1.088,0.967,0.69,0.525,0.073
344.70000000000005,3.578,2.609,1.065,0.966,0.691,0.526,0.073
344.8,3.552,2.583,1.056,0.967,0.691,0.526,0.073
344.90000000000003,3.541,2.573,1.053,0.968,0.69,0.527,0.073
345.0,3.491,2.526,1.036,0.967,0.691,0.527,0.073
345.1,3.517,2.55,1.045,0.968,0.691,0.528,0.073
345.20000000000005,3.527,2.56,1.048,0.968,0.69,0.528,0.072
345.3,3.531,2.564,1.05,0.968,0.691,0.528,0.073
345.40000000000003,3.533,2.565,1.05,0.968,0.69,0.529,0.072
345.5,3.625,2.653,1.081,0.968,0.691,0.529,0.073
345.6,3.57,2.601,1.063,0.969,0.691,0.53,0.073
345.70000000000005,3.503,2.537,1.04,0.967,0.691,0.53,0.073
345.8,3.522,2.554,1.046,0.967,0.69,0.531,0.072
345.90000000000003,3.529,2.561,1.049,0.968,0.69,0.532,0.072
346.0,3.578,2.608,1.065,0.967,0.69,0.532,0.073
346.1,3.552,2.583,1.056,0.968,0.69,0.532,0.073
346.20000000000005,3.633,2.66,1.084,0.969,0.691,0.532,0.073
346.3,3.573,2.604,1.064,0.968,0.691,0.533,0.073
346.40000000000003,3.55,2.581,1.056,0.969,0.69,0.532,0.073
346.5,3.586,2.616,1.068,0.969,0.69,0.533,0.072
346.6,3.555,2.586,1.057,0.969,0.69,0.533,0.073
346.70000000000005,3.542,2.574,1.053,0.969,0.691,0.534,0.072
346.8,3.583,2.613,1.067,0.969,0.69,0.534,0.073
346.90000000000003,3.554,2.585,1.057,0.969,0.69,0.534,0.073
347.0,3.542,2.574,1.053,0.968,0.69,0.534,0.073
347.1,3.537,2.569,1.051,0.967,0.69,0.534,0.073
347.20000000000005,3.581,2.611,1.066,0.968,0.69,0.535,0.073
347.3,3.553,2.584,1.057,0.969,0.691,0.535,0.073
347.40000000000003,3.587,2.617,1.068,0.969,0.69,0.535,0.072
347.5,3.555,2.586,1.058,0.968,0.69,0.535,0.073
347.6,3.543,2.574,1.053,0.969,0.69,0.536,0.073
347.70000000000005,3.537,2.569,1.052,0.968,0.69,0.536,0.073
347.8,3.581,2.611,1.066,0.968,0.691,0.535,0.073
347.90000000000003,3.553,2.584,1.057,0.969,0.69,0.537,0.073
348.0,3.542,2.573,1.053,0.969,0.69,0.538,0.073
348.1,3.537,2.569,1.051,0.97,0.69,0.538,0.073
348.20000000000005,3.535,2.567,1.051,0.969,0.69,0.538,0.073
348.3,3.626,2.654,1.082,0.969,0.689,0.539,0.073
348.40000000000003,3.571,2.601,1.063,0.969,0.69,0.54,0.073
348.5,3.549,2.58,1.055,0.969,0.69,0.54,0.073
348.6,3.494,2.529,1.037,0.969,0.691,0.54,0.073
348.70000000000005,3.518,2.551,1.045,0.969,0.69,0.54,0.073
348.8,3.528,2.56,1.048,0.969,0.69,0.54,0.073
348.90000000000003,3.486,2.521,1.034,0.969,0.69,0.54,0.073
349.0,3.469,2.505,1.029,0.969,0.69,0.54,0.073
349.1,3.508,2.542,1.042,0.97,0.69,0.541,0.073
349.20000000000005,3.524,2.556,1.047,0.969,0.69,0.54,0.073
349.3,3.576,2.606,1.064,0.969,0.69,0.54,0.073
349.40000000000003,3.551,2.582,1.056,0.97,0.69,0.541,0.073
349.5,3.541,2.572,1.053,0.97,0.69,0.541,0.073
349.6,3.537,2.569,1.051,0.969,0.69,0.542,0.074
349.70000000000005,3.535,2.567,1.051,0.97,0.69,0.542,0.073
349.8,3.58,2.61,1.066,0.97,0.691,0.543,0.073
349.90000000000003,3.552,2.584,1.057,0.969,0.69,0.542,0.073
350.0,3.541,2.573,1.053,0.969,0.691,0.542,0.073
350.1,3.537,2.569,1.051,0.97,0.69,0.543,0.073
350.20000000000005,3.535,2.567,1.051,0.969,0.69,0.543,0.074
350.3,3.534,2.567,1.051,0.969,0.69,0.544,0.073
350.40000000000003,3.58,2.61,1.066,0.969,0.69,0.544,0.073
350.5,3.552,2.584,1.057,0.968,0.69,0.544,0.074
350.6,3.541,2.573,1.053,0.969,0.689,0.544,0.073
350.70000000000005,3.537,2.569,1.051,0.969,0.69,0.544,0.073
350.8,3.673,2.699,1.097,0.969,0.69,0.545,0.074
350.90000000000003,3.635,2.663,1.085,0.969,0.69,0.545,0.073
351.0,3.62,2.648,1.08,0.969,0.69,0.546,0.073
351.1,3.569,2.599,1.062,0.969,0.69,0.546,0.074
351.20000000000005,3.594,2.623,1.071,0.969,0.689,0.546,0.073
351.3,3.558,2.589,1.058,0.97,0.69,0.546,0.073
351.40000000000003,3.589,2.619,1.069,0.97,0.69,0.547,0.074
351.5,3.556,2.587,1.058,0.971,0.691,0.548,0.074
351.6,3.543,2.575,1.053,0.97,0.69,0.548,0.075
351.70000000000005,3.492,2.526,1.036,0.97,0.69,0.547,0.074
351.8,3.609,2.638,1.076,0.969,0.69,0.547,0.073
351.90000000000003,3.564,2.595,1.061,0.97,0.69,0.548,0.074
352.0,3.546,2.578,1.054,0.97,0.69,0.548,0.074
352.1,3.539,2.571,1.052,0.97,0.691,0.549,0.074
352.20000000000005,3.536,2.568,1.051,0.97,0.69,0.548,0.074
352.3,3.489,2.524,1.035,0.971,0.69,0.549,0.075
352.40000000000003,3.516,2.549,1.044,0.97,0.69,0.549,0.074
352.5,3.573,2.603,1.063,0.969,0.689,0.548,0.074
352.6,3.549,2.581,1.056,0.969,0.689,0.548,0.075
352.70000000000005,3.54,2.572,1.053,0.969,0.689,0.548,0.074
352.8,3.536,2.568,1.051,0.969,0.69,0.548,0.074
352.90000000000003,3.535,2.567,1.051,0.97,0.69,0.548,0.074
353.0,3.626,2.654,1.082,0.97,0.689,0.549,0.075
353.1,3.617,2.645,1.078,0.97,0.69,0.549,0.074
353.20000000000005,3.567,2.598,1.062,0.97,0.69,0.55,0.074
353.3,3.547,2.579,1.055,0.97,0.69,0.549,0.074
353.40000000000003,3.585,2.615,1.068,0.969,0.69,0.55,0.074
353.5,3.6,2.629,1.073,0.969,0.691,0.55,0.074
353.6,3.56,2.591,1.059,0.97,0.69,0.55,0.074
353.70000000000005,3.545,2.576,1.054,0.969,0.69,0.55,0.074
353.8,3.538,2.57,1.052,0.969,0.689,0.55,0.074
353.90000000000003,3.581,2.611,1.066,0.97,0.69,0.551,0.075
354.0,3.599,2.628,1.072,0.97,0.69,0.55,0.074
354.1,3.652,2.678,1.09,0.971,0.689,0.551,0.074
354.20000000000005,3.581,2.611,1.066,0.971,0.69,0.55,0.075
354.3,3.644,2.672,1.088,0.971,0.689,0.551,0.074
354.40000000000003,3.578,2.608,1.065,0.97,0.69,0.552,0.074
354.5,3.597,2.627,1.072,0.97,0.69,0.551,0.074
354.6,3.651,2.678,1.09,0.97,0.691,0.551,0.074
354.70000000000005,3.627,2.654,1.082,0.971,0.69,0.553,0.074
354.8,3.571,2.601,1.063,0.97,0.691,0.553,0.074
354.90000000000003,3.549,2.58,1.055,0.97,0.69,0.552,0.073
355.0,3.632,2.659,1.083,0.971,0.69,0.553,0.074
355.1,3.573,2.603,1.064,0.97,0.689,0.553,0.074
355.20000000000005,3.504,2.538,1.04,0.97,0.69,0.554,0.074
355.3,3.522,2.555,1.046,0.97,0.689,0.554,0.074
355.40000000000003,3.529,2.562,1.049,0.97,0.689,0.554,0.075
355.5,3.532,2.564,1.05,0.969,0.69,0.554,0.074
355.6,3.579,2.609,1.066,0.97,0.689,0.554,0.073
355.70000000000005,3.598,2.627,1.072,0.969,0.69,0.553,0.074
355.8,3.605,2.634,1.074,0.969,0.689,0.553,0.074
355.90000000000003,3.608,2.637,1.075,0.969,0.69,0.554,0.074
356.0,3.564,2.594,1.06,0.97,0.689,0.554,0.074
356.1,3.546,2.577,1.054,0.97,0.689,0.554,0.074
356.20000000000005,3.584,2.614,1.067,0.97,0.689,0.554,0.074
356.3,3.646,2.673,1.088,0.97,0.69,0.555,0.074
356.40000000000003,3.579,2.609,1.066,0.97,0.69,0.556,0.075
356.5,3.598,2.627,1.072,0.97,0.69,0.556,0.074
356.6,3.559,2.59,1.059,0.971,0.689,0.556,0.074
356.70000000000005,3.59,2.619,1.069,0.971,0.69,0.555,0.074
356.8,3.556,2.587,1.058,0.97,0.689,0.556,0.074
356.90000000000003,3.635,2.662,1.084,0.97,0.689,0.556,0.075
357.0,3.574,2.605,1.064,0.971,0.69,0.556,0.074
357.1,3.55,2.581,1.056,0.971,0.69,0.556,0.074
357.20000000000005,3.54,2.572,1.053,0.97,0.689,0.556,0.075
357.3,3.582,2.612,1.067,0.97,0.69,0.557,0.074
357.40000000000003,3.599,2.628,1.072,0.97,0.689,0.557,0.074
357.5,3.56,2.591,1.059,0.971,0.69,0.557,0.074
357.6,3.544,2.576,1.054,0.971,0.69,0.557,0.075
357.70000000000005,3.538,2.57,1.052,0.971,0.69,0.556,0.074
357.8,3.536,2.568,1.051,0.972,0.69,0.557,0.074
357.90000000000003,3.535,2.567,1.051,0.971,0.689,0.556,0.075
358.0,3.534,2.566,1.051,0.971,0.69,0.557,0.075
358.1,3.534,2.566,1.05,0.971,0.69,0.557,0.074
358.20000000000005,3.534,2.566,1.05,0.972,0.69,0.557,0.074
358.3,3.534,2.566,1.05,0.971,0.69,0.557,0.075
358.40000000000003,3.534,2.566,1.05,0.971,0.69,0.557,0.075
358.5,3.534,2.566,1.05,0.97,0.689,0.557,0.075
358.6,3.58,2.61,1.066,0.97,0.689,0.556,0.075
358.70000000000005,3.552,2.584,1.057,0.97,0.689,0.557,0.074
358.8,3.587,2.617,1.068,0.969,0.689,0.557,0.074
358.90000000000003,3.555,2.586,1.058,0.97,0.689,0.557,0.074
359.0,3.588,2.618,1.069,0.97,0.69,0.558,0.075
359.1,3.556,2.587,1.058,0.971,0.689,0.557,0.075
359.20000000000005,3.543,2.574,1.053,0.97,0.689,0.558,0.075
359.3,3.537,2.569,1.052,0.97,0.689,0.558,0.075
359.40000000000003,3.49,2.524,1.036,0.97,0.689,0.558,0.075
359.5,3.516,2.549,1.045,0.97,0.689,0.557,0.074
359.6,3.527,2.559,1.048,0.971,0.69,0.558,0.075
359.70000000000005,3.623,2.651,1.08,0.97,0.689,0.558,0.075
359.8,3.615,2.644,1.078,0.97,0.689,0.558,0.075
359.90000000000003,3.567,2.597,1.061,0.97,0.69,0.558,0.075
360.0,3.547,2.578,1.055,0.97,0.689,0.557,0.075
360.1,3.539,2.571,1.052,0.97,0.689,0.558,0.075
360.20000000000005,3.582,2.612,1.067,0.97,0.689,0.558,0.075
360.3,3.508,2.541,1.042,0.969,0.689,0.558,0.074
360.40000000000003,3.523,2.556,1.047,0.97,0.689,0.558,0.075
360.5,3.53,2.562,1.049,0.971,0.689,0.558,0.074
360.6,3.532,2.565,1.05,0.971,0.69,0.559,0.075
360.70000000000005,3.488,2.522,1.035,0.971,0.689,0.559,0.075
360.8,3.607,2.636,1.075,0.97,0.689,0.559,0.075
360.90000000000003,3.655,2.682,1.091,0.971,0.689,0.559,0.074
361.0,3.628,2.656,1.082,0.972,0.69,0.559,0.075
361.1,3.572,2.602,1.063,0.971,0.689,0.56,0.075
361.20000000000005,3.549,2.58,1.056,0.971,0.69,0.56,0.074
361.3,3.586,2.615,1.068,0.97,0.69,0.559,0.074
361.40000000000003,3.6,2.629,1.073,0.97,0.689,0.56,0.074
361.5,3.561,2.591,1.059,0.971,0.69,0.56,0.074
361.6,3.545,2.576,1.054,0.971,0.689,0.56,0.074
361.70000000000005,3.584,2.614,1.067,0.971,0.689,0.561,0.074
361.8,3.554,2.585,1.057,0.971,0.69,0.561,0.075
361.90000000000003,3.542,2.574,1.053,0.971,0.689,0.56,0.074
362.0,3.629,2.657,1.082,0.971,0.689,0.56,0.074
362.1,3.572,2.602,1.063,0.971,0.69,0.561,0.074
362.20000000000005,3.504,2.538,1.04,0.97,0.69,0.561,0.074
362.3,3.476,2.512,1.031,0.971,0.69,0.561,0.074
362.40000000000003,3.511,2.544,1.043,0.971,0.69,0.562,0.074
362.5,3.525,2.557,1.047,0.97,0.689,0.561,0.074
362.6,3.53,2.563,1.049,0.971,0.689,0.56,0.074
362.70000000000005,3.533,2.565,1.05,0.972,0.69,0.561,0.074
362.8,3.579,2.609,1.066,0.971,0.689,0.562,0.073
362.90000000000003,3.507,2.54,1.041,0.971,0.69,0.561,0.074
363.0,3.523,2.556,1.047,0.97,0.689,0.561,0.074
363.1,3.575,2.606,1.064,0.971,0.689,0.562,0.074
363.20000000000005,3.551,2.582,1.056,0.97,0.689,0.561,0.074
363.3,3.541,2.572,1.053,0.97,0.69,0.561,0.074
363.40000000000003,3.537,2.569,1.051,0.97,0.689,0.562,0.075
363.5,3.535,2.567,1.051,0.971,0.69,0.562,0.074
363.6,3.534,2.566,1.051,0.972,0.69,0.562,0.074
363.70000000000005,3.534,2.566,1.05,0.971,0.69,0.562,0.074
363.8,3.534,2.566,1.05,0.971,0.689,0.562,0.074
363.90000000000003,3.626,2.654,1.081,0.97,0.689,0.562,0.074
364.0,3.571,2.601,1.063,0.971,0.689,0.562,0.074
364.1,3.549,2.58,1.055,0.972,0.69,0.562,0.074
364.20000000000005,3.54,2.572,1.052,0.972,0.69,0.562,0.074
364.3,3.536,2.568,1.051,0.972,0.69,0.563,0.074
364.40000000000003,3.535,2.567,1.051,0.971,0.69,0.562,0.074
364.5,3.534,2.566,1.051,0.972,0.69,0.562,0.074
364.6,3.626,2.654,1.081,0.971,0.69,0.562,0.074
364.70000000000005,3.571,2.601,1.063,0.971,0.689,0.563,0.074
364.8,3.549,2.58,1.055,0.971,0.689,0.562,0.075
364.90000000000003,3.54,2.572,1.052,0.971,0.688,0.563,0.075
365.0,3.674,2.701,1.098,0.971,0.689,0.562,0.074
365.1,3.59,2.62,1.069,0.972,0.69,0.562,0.074
365.20000000000005,3.556,2.588,1.058,0.971,0.689,0.561,0.074
365.3,3.543,2.575,1.053,0.971,0.69,0.563,0.074
365.40000000000003,3.538,2.57,1.052,0.971,0.689,0.564,0.074
365.5,3.535,2.567,1.051,0.972,0.689,0.564,0.074
365.6,3.535,2.567,1.051,0.972,0.69,0.563,0.075
365.70000000000005,3.534,2.566,1.051,0.972,0.689,0.562,0.074
365.8,3.489,2.523,1.035,0.972,0.69,0.563,0.074
365.90000000000003,3.516,2.549,1.044,0.972,0.69,0.564,0.074
366.0,3.527,2.559,1.048,0.972,0.69,0.563,0.074
366.1,3.531,2.563,1.049,0.971,0.689,0.563,0.074
366.20000000000005,3.579,2.609,1.065,0.971,0.69,0.564,0.074
366.3,3.506,2.54,1.041,0.971,0.69,0.564,0.074
366.40000000000003,3.523,2.556,1.047,0.971,0.689,0.563,0.074
366.5,3.53,2.562,1.049,0.97,0.69,0.562,0.073
366.6,3.624,2.652,1.081,0.971,0.689,0.562,0.074
366.70000000000005,3.57,2.6,1.063,0.971,0.689,0.563,0.074
366.8,3.503,2.537,1.04,0.97,0.689,0.564,0.075
366.90000000000003,3.476,2.511,1.031,0.971,0.69,0.564,0.074
367.0,3.557,2.588,1.058,0.971,0.69,0.564,0.074
367.1,3.543,2.575,1.053,0.971,0.69,0.564,0.074
367.20000000000005,3.492,2.527,1.036,0.972,0.691,0.564,0.074
367.3,3.472,2.507,1.03,0.973,0.69,0.564,0.074
367.40000000000003,3.555,2.586,1.057,0.972,0.689,0.564,0.074
367.5,3.497,2.531,1.038,0.972,0.689,0.564,0.074
367.6,3.474,2.509,1.03,0.971,0.689,0.564,0.074
367.70000000000005,3.374,2.416,0.997,0.971,0.69,0.564,0.074
367.8,3.47,2.506,1.029,0.971,0.689,0.564,0.074
367.90000000000003,3.463,2.499,1.027,0.972,0.689,0.564,0.074
368.0,3.506,2.539,1.041,0.971,0.69,0.564,0.073
368.1,3.523,2.555,1.047,0.972,0.69,0.564,0.074
368.20000000000005,3.484,2.519,1.034,0.971,0.689,0.564,0.074
368.3,3.469,2.504,1.028,0.971,0.69,0.564,0.074
368.40000000000003,3.508,2.541,1.042,0.971,0.69,0.564,0.073
368.5,3.524,2.556,1.047,0.971,0.689,0.564,0.074
368.6,3.53,2.562,1.049,0.972,0.689,0.564,0.074
368.70000000000005,3.487,2.521,1.035,0.971,0.69,0.564,0.074
368.8,3.47,2.505,1.029,0.971,0.689,0.563,0.074
368.90000000000003,3.463,2.499,1.026,0.971,0.69,0.564,0.074
369.0,3.551,2.583,1.056,0.972,0.69,0.564,0.074
369.1,3.495,2.53,1.037,0.972,0.69,0.564,0.074
369.20000000000005,3.519,2.552,1.045,0.973,0.69,0.564,0.074
369.3,3.528,2.56,1.048,0.972,0.689,0.564,0.074
369.40000000000003,3.577,2.607,1.065,0.972,0.69,0.564,0.074
369.5,3.506,2.54,1.041,0.971,0.69,0.564,0.074
369.6,3.477,2.512,1.031,0.972,0.69,0.564,0.074
369.70000000000005,3.511,2.545,1.043,0.971,0.69,0.564,0.075
369.8,3.389,2.43,1.002,0.972,0.69,0.564,0.074
369.90000000000003,3.476,2.512,1.031,0.971,0.689,0.564,0.074
370.0,3.603,2.632,1.074,0.97,0.69,0.564,0.074
370.1,3.561,2.592,1.06,0.972,0.69,0.564,0.074
370.20000000000005,3.499,2.534,1.039,0.971,0.69,0.564,0.074
370.3,3.475,2.51,1.031,0.972,0.69,0.564,0.074
370.40000000000003,3.465,2.501,1.027,0.973,0.69,0.565,0.074
370.5,3.506,2.54,1.041,0.973,0.69,0.564,0.074
370.6,3.477,2.513,1.031,0.972,0.689,0.564,0.073
370.70000000000005,3.466,2.502,1.028,0.971,0.689,0.564,0.074
370.8,3.552,2.584,1.057,0.971,0.689,0.564,0.074
370.90000000000003,3.541,2.573,1.053,0.971,0.69,0.564,0.074
371.0,3.491,2.526,1.036,0.972,0.689,0.564,0.074
371.1,3.517,2.55,1.045,0.972,0.69,0.564,0.074
371.20000000000005,3.482,2.517,1.033,0.972,0.689,0.564,0.074
371.3,3.468,2.503,1.028,0.971,0.689,0.564,0.074
371.40000000000003,3.462,2.498,1.026,0.971,0.689,0.564,0.075
371.5,3.46,2.496,1.025,0.97,0.689,0.564,0.074
371.6,3.459,2.495,1.025,0.97,0.69,0.565,0.074
371.70000000000005,3.504,2.538,1.04,0.971,0.689,0.564,0.074
371.8,3.568,2.598,1.062,0.97,0.689,0.563,0.073
371.90000000000003,3.457,2.493,1.025,0.97,0.688,0.562,0.073
372.0,3.458,2.494,1.025,0.971,0.689,0.563,0.073
372.1,3.458,2.494,1.025,0.97,0.688,0.563,0.073
372.20000000000005,3.458,2.494,1.025,0.97,0.688,0.562,0.073
372.3,3.458,2.494,1.025,0.971,0.689,0.562,0.073
372.40000000000003,3.458,2.494,1.025,0.97,0.689,0.562,0.073
372.5,3.458,2.494,1.025,0.969,0.689,0.562,0.073
372.6,3.458,2.494,1.025,0.969,0.689,0.562,0.073
372.70000000000005,3.458,2.494,1.025,0.97,0.688,0.562,0.073
372.8,3.458,2.494,1.025,0.969,0.689,0.562,0.073
372.90000000000003,3.458,2.494,1.025,0.969,0.688,0.563,0.072
373.0,3.458,2.494,1.025,0.97,0.689,0.562,0.072
373.1,3.504,2.537,1.04,0.969,0.689,0.562,0.072
373.20000000000005,3.476,2.512,1.031,0.969,0.689,0.562,0.073
373.3,3.557,2.588,1.058,0.969,0.688,0.562,0.073
373.40000000000003,3.498,2.532,1.038,0.969,0.689,0.562,0.072
373.5,3.474,2.509,1.03,0.969,0.689,0.562,0.072
373.6,3.465,2.5,1.027,0.969,0.688,0.562,0.073
373.70000000000005,3.461,2.497,1.026,0.969,0.688,0.563,0.072
373.8,3.505,2.538,1.041,0.97,0.689,0.562,0.073
373.90000000000003,3.477,2.512,1.031,0.969,0.688,0.562,0.072
374.0,3.466,2.501,1.027,0.97,0.688,0.562,0.072
374.1,3.507,2.54,1.041,0.97,0.688,0.562,0.073
374.20000000000005,3.523,2.556,1.047,0.97,0.689,0.562,0.072
374.3,3.484,2.519,1.034,0.97,0.689,0.562,0.072
374.40000000000003,3.514,2.547,1.044,0.97,0.689,0.562,0.072
374.5,3.481,2.516,1.032,0.969,0.688,0.562,0.073
374.6,3.558,2.589,1.059,0.97,0.689,0.562,0.072
374.70000000000005,3.544,2.575,1.054,0.969,0.687,0.562,0.073
374.8,3.538,2.57,1.052,0.969,0.688,0.562,0.072
374.90000000000003,3.471,2.506,1.029,0.969,0.689,0.562,0.072
375.0,3.463,2.499,1.027,0.97,0.689,0.562,0.072
375.1,3.49,2.525,1.036,0.97,0.689,0.562,0.072
375.20000000000005,3.46,2.496,1.026,0.97,0.688,0.562,0.072
375.3,3.459,2.495,1.025,0.969,0.689,0.562,0.072
375.40000000000003,3.459,2.495,1.025,0.969,0.688,0.562,0.072
375.5,3.55,2.581,1.056,0.969,0.688,0.562,0.072
375.6,3.495,2.529,1.037,0.969,0.688,0.562,0.072
375.70000000000005,3.473,2.508,1.03,0.968,0.688,0.562,0.072
375.8,3.464,2.5,1.027,0.969,0.689,0.562,0.072
375.90000000000003,3.461,2.497,1.026,0.97,0.689,0.562,0.072
376.0,3.459,2.495,1.025,0.969,0.689,0.562,0.072
376.1,3.459,2.495,1.025,0.969,0.689,0.562,0.071
376.20000000000005,3.458,2.495,1.025,0.969,0.688,0.562,0.072
376.3,3.458,2.494,1.025,0.969,0.688,0.562,0.072
376.40000000000003,3.458,2.494,1.025,0.969,0.688,0.562,0.072
376.5,3.458,2.494,1.025,0.969,0.689,0.562,0.072
376.6,3.458,2.494,1.025,0.969,0.688,0.563,0.072
376.70000000000005,3.458,2.494,1.025,0.969,0.688,0.564,0.072
376.8,3.504,2.537,1.04,0.969,0.688,0.563,0.072
376.90000000000003,3.33,2.412,0.989,0.92,0.653,0.534,0.068
377.0,3.179,2.302,0.944,0.88,0.625,0.511,0.065
377.1,3.047,2.202,0.904,0.849,0.603,0.493,0.063
377.20000000000005,2.942,2.123,0.872,0.824,0.585,0.478,0.061
377.3,2.87,2.071,0.851,0.803,0.57,0.466,0.059
377.40000000000003,2.8,2.018,0.83,0.787,0.559,0.457,0.058
377.5,2.745,1.976,0.813,0.774,0.55,0.449,0.057
377.6,2.689,1.932,0.796,0.764,0.542,0.443,0.057
377.70000000000005,2.656,1.907,0.786,0.756,0.537,0.438,0.056
377.8,2.618,1.877,0.774,0.749,0.532,0.435,0.056
377.90000000000003,2.6,1.863,0.768,0.744,0.528,0.431,0.055
378.0,2.573,1.842,0.76,0.74,0.525,0.429,0.055
378.1,2.575,1.846,0.761,0.736,0.523,0.427,0.055
378.20000000000005,2.565,1.838,0.758,0.734,0.521,0.425,0.054
378.3,2.545,1.822,0.752,0.731,0.52,0.424,0.054
378.40000000000003,2.552,1.83,0.754,0.73,0.518,0.422,0.054
378.5,2.547,1.825,0.753,0.728,0.517,0.421,0.054
378.6,2.542,1.822,0.751,0.727,0.517,0.42,0.053
378.70000000000005,2.539,1.819,0.75,0.726,0.516,0.419,0.053
378.8,2.525,1.807,0.746,0.725,0.516,0.419,0.053
378.90000000000003,2.513,1.797,0.742,0.725,0.516,0.418,0.053
379.0,2.493,1.778,0.735,0.724,0.515,0.418,0.053
379.1,2.477,1.763,0.73,0.724,0.515,0.418,0.053
379.20000000000005,2.464,1.752,0.726,0.723,0.515,0.417,0.053
379.3,2.443,1.732,0.719,0.723,0.515,0.417,0.053
379.40000000000003,2.437,1.726,0.717,0.722,0.515,0.416,0.053
379.5,2.421,1.712,0.711,0.722,0.515,0.415,0.052
379.6,2.397,1.69,0.703,0.721,0.515,0.414,0.052
379.70000000000005,2.378,1.673,0.697,0.721,0.515,0.414,0.052
379.8,2.363,1.659,0.692,0.72,0.514,0.413,0.052
379.90000000000003,2.34,1.638,0.684,0.72,0.514,0.412,0.052
380.0,2.321,1.621,0.678,0.719,0.514,0.41,0.051
380.1,2.306,1.607,0.673,0.719,0.514,0.409,0.051
380.20000000000005,2.295,1.597,0.67,0.718,0.514,0.408,0.051
380.3,2.274,1.578,0.663,0.718,0.514,0.407,0.051
380.40000000000003,2.258,1.563,0.657,0.717,0.514,0.406,0.05
380.5,2.245,1.552,0.653,0.717,0.514,0.404,0.05
380.6,2.235,1.542,0.65,0.716,0.514,0.403,0.05
380.70000000000005,2.226,1.535,0.647,0.715,0.514,0.402,0.049
380.8,2.231,1.539,0.648,0.715,0.514,0.4,0.049
380.90000000000003,2.223,1.532,0.646,0.714,0.514,0.398,0.049
381.0,2.217,1.526,0.644,0.713,0.514,0.397,0.049
381.1,2.223,1.532,0.646,0.713,0.514,0.395,0.048
381.20000000000005,2.217,1.526,0.644,0.712,0.514,0.393,0.048
381.3,2.212,1.522,0.642,0.711,0.514,0.392,0.048
381.40000000000003,2.209,1.519,0.641,0.711,0.514,0.39,0.048
381.5,2.206,1.516,0.64,0.71,0.514,0.388,0.047
381.6,2.203,1.514,0.639,0.709,0.514,0.386,0.047
381.70000000000005,2.201,1.512,0.639,0.709,0.514,0.384,0.047
381.8,2.2,1.51,0.638,0.708,0.514,0.383,0.047
381.90000000000003,2.198,1.509,0.638,0.708,0.514,0.381,0.047
382.0,2.197,1.508,0.637,0.707,0.514,0.379,0.047
382.1,2.197,1.508,0.637,0.706,0.514,0.377,0.047
382.20000000000005,2.196,1.507,0.637,0.706,0.514,0.376,0.047
382.3,2.217,1.526,0.644,0.705,0.514,0.374,0.046
382.40000000000003,2.213,1.522,0.642,0.704,0.514,0.372,0.046
382.5,2.22,1.529,0.645,0.703,0.514,0.37,0.046
382.6,2.225,1.534,0.647,0.702,0.514,0.368,0.046
382.70000000000005,2.252,1.558,0.655,0.702,0.514,0.366,0.046
382.8,2.251,1.557,0.655,0.701,0.514,0.364,0.046
382.90000000000003,2.25,1.556,0.655,0.701,0.514,0.363,0.046
383.0,2.261,1.566,0.658,0.7,0.514,0.361,0.046
383.1,2.258,1.563,0.658,0.7,0.514,0.36,0.046
383.20000000000005,2.267,1.571,0.66,0.699,0.514,0.358,0.045
383.3,2.263,1.568,0.659,0.699,0.514,0.356,0.045
383.40000000000003,2.26,1.565,0.658,0.698,0.514,0.355,0.045
383.5,2.258,1.563,0.657,0.698,0.514,0.353,0.045
383.6,2.278,1.581,0.664,0.697,0.514,0.352,0.045
383.70000000000005,2.272,1.576,0.662,0.697,0.514,0.35,0.045
383.8,2.278,1.581,0.664,0.697,0.514,0.349,0.045
383.90000000000003,2.283,1.586,0.666,0.696,0.514,0.348,0.045
384.0,2.276,1.579,0.663,0.696,0.514,0.347,0.045
384.1,2.27,1.574,0.661,0.696,0.514,0.346,0.045
384.20000000000005,2.277,1.58,0.664,0.696,0.514,0.344,0.045
384.3,2.271,1.575,0.662,0.695,0.514,0.343,0.045
384.40000000000003,2.288,1.591,0.667,0.695,0.514,0.342,0.045
384.5,2.28,1.583,0.665,0.695,0.514,0.341,0.045
384.6,2.274,1.577,0.663,0.695,0.514,0.34,0.045
384.70000000000005,2.279,1.583,0.665,0.694,0.514,0.339,0.045
384.8,2.284,1.587,0.666,0.694,0.514,0.338,0.046
384.90000000000003,2.288,1.59,0.667,0.694,0.513,0.337,0.046
385.0,2.291,1.593,0.668,0.694,0.513,0.336,0.046
385.1,2.293,1.595,0.669,0.694,0.513,0.335,0.046
385.20000000000005,2.306,1.607,0.673,0.693,0.513,0.334,0.046
385.3,2.305,1.606,0.673,0.693,0.513,0.333,0.046
385.40000000000003,2.305,1.606,0.673,0.693,0.513,0.332,0.046
385.5,2.304,1.605,0.673,0.693,0.513,0.331,0.046
385.6,2.315,1.615,0.676,0.692,0.513,0.33,0.046
385.70000000000005,2.313,1.613,0.675,0.692,0.513,0.329,0.046
385.8,2.31,1.611,0.675,0.691,0.513,0.328,0.046
385.90000000000003,2.309,1.609,0.674,0.691,0.513,0.327,0.046
386.0,2.308,1.608,0.674,0.691,0.513,0.326,0.046
386.1,2.318,1.617,0.677,0.691,0.513,0.325,0.046
386.20000000000005,2.304,1.605,0.672,0.69,0.513,0.324,0.046
386.3,2.303,1.604,0.672,0.69,0.513,0.324,0.046
386.40000000000003,2.314,1.614,0.676,0.69,0.513,0.323,0.046
386.5,2.312,1.612,0.675,0.69,0.514,0.322,0.046
386.6,2.321,1.62,0.678,0.689,0.513,0.321,0.046
386.70000000000005,2.328,1.627,0.681,0.689,0.514,0.319,0.046
386.8,2.312,1.612,0.675,0.689,0.513,0.318,0.046
386.90000000000003,2.31,1.611,0.675,0.689,0.513,0.317,0.046
387.0,2.32,1.619,0.678,0.689,0.513,0.316,0.046
387.1,2.327,1.626,0.68,0.689,0.514,0.315,0.046
387.20000000000005,2.322,1.622,0.679,0.689,0.514,0.315,0.046
387.3,2.318,1.618,0.677,0.689,0.514,0.314,0.046
387.40000000000003,2.337,1.635,0.684,0.689,0.513,0.313,0.046
387.5,2.33,1.629,0.681,0.689,0.513,0.312,0.046
387.6,2.325,1.624,0.679,0.689,0.513,0.311,0.046
387.70000000000005,2.32,1.62,0.678,0.689,0.513,0.31,0.046
387.8,2.317,1.617,0.677,0.689,0.513,0.31,0.046
387.90000000000003,2.314,1.614,0.676,0.688,0.513,0.309,0.046
388.0,2.312,1.612,0.675,0.688,0.513,0.308,0.046
388.1,2.31,1.61,0.675,0.688,0.514,0.308,0.046
388.20000000000005,2.319,1.619,0.678,0.688,0.514,0.307,0.046
388.3,2.305,1.606,0.673,0.687,0.514,0.306,0.046
388.40000000000003,2.316,1.615,0.676,0.687,0.513,0.305,0.046
388.5,2.313,1.613,0.676,0.687,0.514,0.304,0.046
388.6,2.311,1.611,0.675,0.687,0.513,0.303,0.046
388.70000000000005,2.298,1.6,0.671,0.687,0.513,0.303,0.046
388.8,2.288,1.59,0.667,0.686,0.513,0.302,0.046
388.90000000000003,2.291,1.593,0.668,0.686,0.513,0.301,0.046
389.0,2.293,1.595,0.669,0.686,0.513,0.3,0.046
389.1,2.295,1.597,0.67,0.685,0.513,0.299,0.046
389.20000000000005,2.297,1.598,0.67,0.685,0.513,0.299,0.046
389.3,2.298,1.599,0.671,0.685,0.513,0.298,0.046
389.40000000000003,2.31,1.61,0.675,0.685,0.513,0.297,0.046
389.5,2.319,1.619,0.678,0.684,0.513,0.296,0.046
389.6,2.316,1.616,0.677,0.684,0.513,0.295,0.046
389.70000000000005,2.324,1.623,0.679,0.684,0.513,0.294,0.045
389.8,2.32,1.619,0.678,0.684,0.513,0.293,0.045
389.90000000000003,2.316,1.616,0.677,0.684,0.513,0.292,0.045
390.0,2.314,1.614,0.676,0.683,0.513,0.291,0.045
390.1,2.311,1.612,0.675,0.683,0.512,0.291,0.045
390.20000000000005,2.321,1.62,0.678,0.683,0.512,0.29,0.045
390.3,2.317,1.617,0.677,0.683,0.512,0.289,0.045
390.40000000000003,2.325,1.624,0.68,0.682,0.512,0.288,0.045
390.5,2.321,1.62,0.678,0.682,0.513,0.287,0.045
390.6,2.317,1.617,0.677,0.682,0.513,0.286,0.045
390.70000000000005,2.314,1.614,0.676,0.682,0.513,0.285,0.045
390.8,2.312,1.612,0.675,0.682,0.513,0.285,0.045
390.90000000000003,2.299,1.6,0.671,0.682,0.513,0.284,0.045
391.0,2.3,1.601,0.671,0.682,0.513,0.283,0.045
391.1,2.3,1.601,0.671,0.681,0.513,0.282,0.045
391.20000000000005,2.29,1.592,0.668,0.681,0.513,0.282,0.045
391.3,2.292,1.594,0.669,0.681,0.513,0.281,0.046
391.40000000000003,2.294,1.596,0.669,0.681,0.513,0.28,0.046
391.5,2.296,1.598,0.67,0.681,0.513,0.28,0.046
391.6,2.297,1.599,0.67,0.681,0.513,0.279,0.046
391.70000000000005,2.309,1.61,0.674,0.681,0.513,0.279,0.046
391.8,2.308,1.609,0.674,0.681,0.513,0.278,0.046
391.90000000000003,2.307,1.608,0.674,0.681,0.513,0.277,0.046
392.0,2.306,1.607,0.673,0.681,0.513,0.277,0.046
392.1,2.305,1.606,0.673,0.681,0.513,0.276,0.046
392.20000000000005,2.305,1.606,0.673,0.681,0.513,0.276,0.046
392.3,2.304,1.605,0.673,0.681,0.513,0.275,0.046
392.40000000000003,2.326,1.625,0.68,0.681,0.513,0.274,0.046
392.5,2.321,1.621,0.678,0.681,0.513,0.274,0.046
392.6,2.329,1.627,0.681,0.681,0.513,0.273,0.046
392.70000000000005,2.323,1.623,0.679,0.681,0.513,0.273,0.046
392.8,2.319,1.619,0.678,0.68,0.513,0.273,0.046
392.90000000000003,2.327,1.626,0.68,0.68,0.513,0.272,0.046
393.0,2.333,1.631,0.682,0.68,0.513,0.272,0.046
393.1,2.327,1.626,0.68,0.68,0.513,0.271,0.046
393.20000000000005,2.344,1.642,0.686,0.68,0.513,0.271,0.046
393.3,2.336,1.634,0.683,0.68,0.513,0.27,0.046
393.40000000000003,2.34,1.638,0.685,0.68,0.513,0.27,0.046
393.5,2.333,1.631,0.682,0.68,0.513,0.269,0.046
393.6,2.338,1.636,0.684,0.68,0.513,0.269,0.046
393.70000000000005,2.331,1.629,0.681,0.679,0.513,0.268,0.046
393.8,2.325,1.624,0.68,0.679,0.513,0.268,0.046
393.90000000000003,2.32,1.62,0.678,0.679,0.513,0.267,0.046
394.0,2.339,1.637,0.684,0.679,0.513,0.267,0.046
394.1,2.332,1.63,0.682,0.679,0.513,0.266,0.046
394.20000000000005,2.326,1.625,0.68,0.679,0.513,0.266,0.046
394.3,2.332,1.631,0.682,0.679,0.514,0.265,0.046
394.40000000000003,2.315,1.615,0.676,0.679,0.514,0.265,0.046
394.5,2.335,1.633,0.683,0.679,0.514,0.264,0.046
394.6,2.339,1.637,0.684,0.679,0.514,0.264,0.046
394.70000000000005,2.343,1.641,0.686,0.679,0.514,0.263,0.046
394.8,2.335,1.633,0.683,0.679,0.514,0.263,0.047
394.90000000000003,2.328,1.627,0.681,0.679,0.514,0.262,0.046
395.0,2.323,1.622,0.679,0.679,0.514,0.262,0.046
395.1,2.341,1.639,0.685,0.679,0.514,0.262,0.046
395.20000000000005,2.333,1.632,0.682,0.679,0.514,0.261,0.046
395.3,2.327,1.626,0.68,0.679,0.514,0.261,0.047
395.40000000000003,2.322,1.622,0.679,0.679,0.513,0.26,0.046
395.5,2.318,1.618,0.677,0.679,0.513,0.26,0.046
395.6,2.315,1.615,0.676,0.678,0.513,0.26,0.046
395.70000000000005,2.313,1.613,0.675,0.678,0.513,0.259,0.047
395.8,2.311,1.611,0.675,0.678,0.513,0.259,0.046
395.90000000000003,2.309,1.609,0.674,0.678,0.513,0.258,0.046
396.0,2.308,1.608,0.674,0.678,0.513,0.258,0.046
396.1,2.307,1.607,0.673,0.677,0.513,0.257,0.046
396.20000000000005,2.306,1.606,0.673,0.677,0.513,0.257,0.046
396.3,2.316,1.616,0.677,0.677,0.513,0.256,0.047
396.40000000000003,2.313,1.613,0.676,0.677,0.513,0.256,0.047
396.5,2.322,1.622,0.679,0.677,0.512,0.256,0.047
396.6,2.318,1.618,0.677,0.677,0.513,0.255,0.047
396.70000000000005,2.326,1.625,0.68,0.676,0.513,0.255,0.047
396.8,2.321,1.621,0.678,0.676,0.513,0.255,0.047
396.90000000000003,2.329,1.627,0.681,0.676,0.513,0.254,0.047
397.0,2.335,1.633,0.683,0.676,0.513,0.254,0.046
397.1,2.339,1.637,0.684,0.676,0.513,0.253,0.047
397.20000000000005,2.354,1.651,0.689,0.676,0.513,0.253,0.047
397.3,2.355,1.651,0.689,0.676,0.513,0.252,0.047
397.40000000000003,2.344,1.642,0.686,0.676,0.512,0.252,0.047
397.5,2.347,1.644,0.687,0.676,0.512,0.252,0.047
397.6,2.349,1.646,0.688,0.676,0.512,0.251,0.047
397.70000000000005,2.34,1.637,0.684,0.676,0.512,0.251,0.047
397.8,2.354,1.651,0.689,0.676,0.512,0.25,0.047
397.90000000000003,2.344,1.641,0.686,0.675,0.512,0.25,0.047
398.0,2.347,1.644,0.687,0.675,0.512,0.25,0.047
398.1,2.338,1.636,0.684,0.675,0.513,0.249,0.047
398.20000000000005,2.342,1.639,0.685,0.675,0.513,0.249,0.047
398.3,2.345,1.642,0.686,0.675,0.513,0.249,0.047
398.40000000000003,2.359,1.655,0.691,0.675,0.513,0.249,0.047
398.5,2.358,1.655,0.691,0.675,0.513,0.249,0.047
398.6,2.358,1.654,0.691,0.675,0.513,0.248,0.047
398.70000000000005,2.358,1.654,0.691,0.675,0.513,0.248,0.047
398.8,2.358,1.654,0.69,0.675,0.513,0.248,0.047
398.90000000000003,2.358,1.654,0.69,0.675,0.512,0.247,0.047
399.0,2.358,1.654,0.69,0.675,0.512,0.247,0.047
399.1,2.38,1.675,0.698,0.675,0.512,0.247,0.047
399.20000000000005,2.364,1.66,0.693,0.675,0.512,0.246,0.047
399.3,2.33,1.629,0.681,0.675,0.512,0.246,0.047
399.40000000000003,2.336,1.634,0.683,0.675,0.512,0.246,0.047
399.5,2.329,1.628,0.681,0.675,0.512,0.246,0.047
399.6,2.335,1.633,0.683,0.675,0.512,0.246,0.047
399.70000000000005,2.339,1.637,0.684,0.675,0.512,0.245,0.047
399.8,2.332,1.63,0.682,0.675,0.512,0.245,0.047
399.90000000000003,2.337,1.635,0.684,0.675,0.512,0.245,0.047
400.0,2.33,1.629,0.681,0.675,0.512,0.245,0.047
400.1,2.336,1.634,0.683,0.675,0.512,0.245,0.047
400.20000000000005,2.34,1.638,0.685,0.675,0.512,0.244,0.047
400.3,2.344,1.641,0.686,0.675,0.512,0.244,0.047
400.40000000000003,2.357,1.654,0.69,0.675,0.512,0.244,0.047
400.5,2.358,1.654,0.69,0.675,0.512,0.244,0.047
400.6,2.369,1.664,0.694,0.675,0.512,0.243,0.047
400.70000000000005,2.378,1.672,0.697,0.675,0.512,0.243,0.047
400.8,2.374,1.669,0.696,0.675,0.512,0.243,0.047
400.90000000000003,2.37,1.666,0.695,0.675,0.512,0.243,0.047
401.0,2.368,1.663,0.694,0.675,0.512,0.242,0.047
401.1,2.366,1.661,0.693,0.675,0.512,0.242,0.047
401.20000000000005,2.364,1.66,0.693,0.675,0.512,0.242,0.047
401.3,2.363,1.659,0.692,0.675,0.512,0.242,0.047
401.40000000000003,2.351,1.648,0.688,0.675,0.512,0.242,0.047
401.5,2.341,1.639,0.685,0.675,0.512,0.241,0.047
401.6,2.344,1.642,0.686,0.674,0.512,0.241,0.047
401.70000000000005,2.336,1.634,0.683,0.674,0.512,0.241,0.047
401.8,2.329,1.628,0.681,0.675,0.512,0.241,0.047
401.90000000000003,2.783,1.94,0.813,0.812,0.616,0.289,0.057
402.0,3.053,2.147,0.895,0.866,0.658,0.308,0.06
402.1,3.161,2.229,0.928,0.888,0.675,0.316,0.062
402.20000000000005,3.16,2.221,0.926,0.897,0.682,0.318,0.063
402.3,3.159,2.218,0.926,0.9,0.684,0.319,0.063
402.40000000000003,3.115,2.176,0.911,0.902,0.685,0.32,0.063
402.5,3.141,2.2,0.919,0.903,0.686,0.32,0.063
402.6,3.152,2.21,0.923,0.903,0.686,0.32,0.062
402.70000000000005,3.201,2.255,0.939,0.904,0.686,0.32,0.063
402.8,3.22,2.272,0.945,0.905,0.686,0.32,0.063
402.90000000000003,3.228,2.28,0.948,0.906,0.686,0.32,0.063
403.0,3.187,2.241,0.934,0.907,0.686,0.32,0.064
403.1,3.215,2.267,0.944,0.908,0.686,0.32,0.064
403.20000000000005,3.181,2.237,0.932,0.909,0.686,0.32,0.064
403.3,3.168,2.224,0.928,0.909,0.685,0.321,0.063
403.40000000000003,3.163,2.219,0.926,0.91,0.686,0.321,0.063
403.5,3.205,2.258,0.94,0.91,0.686,0.321,0.064
403.6,3.177,2.233,0.931,0.912,0.686,0.322,0.064
403.70000000000005,3.166,2.223,0.928,0.911,0.686,0.322,0.063
403.8,3.162,2.219,0.926,0.912,0.686,0.322,0.064
403.90000000000003,3.16,2.217,0.925,0.913,0.686,0.322,0.064
404.0,3.204,2.257,0.94,0.913,0.686,0.323,0.064
404.1,3.177,2.233,0.931,0.915,0.687,0.324,0.064
404.20000000000005,3.211,2.264,0.942,0.916,0.686,0.324,0.063
404.3,3.18,2.235,0.932,0.917,0.686,0.324,0.064
404.40000000000003,3.167,2.224,0.928,0.917,0.686,0.325,0.063
404.5,3.162,2.219,0.926,0.918,0.687,0.325,0.063
404.6,3.16,2.217,0.926,0.919,0.686,0.326,0.063
404.70000000000005,3.16,2.217,0.925,0.919,0.686,0.326,0.063
404.8,3.159,2.216,0.925,0.92,0.686,0.326,0.064
404.90000000000003,3.159,2.216,0.925,0.92,0.687,0.327,0.063
405.0,3.159,2.216,0.925,0.921,0.687,0.327,0.064
405.1,3.159,2.216,0.925,0.922,0.687,0.328,0.064
405.20000000000005,3.159,2.216,0.925,0.922,0.686,0.328,0.063
405.3,3.159,2.216,0.925,0.923,0.687,0.329,0.063
405.40000000000003,3.159,2.216,0.925,0.924,0.686,0.329,0.064
405.5,3.159,2.216,0.925,0.924,0.686,0.33,0.063
405.6,3.159,2.216,0.925,0.925,0.687,0.33,0.064
405.70000000000005,3.204,2.257,0.94,0.925,0.687,0.331,0.064
405.8,3.221,2.273,0.946,0.925,0.686,0.332,0.063
405.90000000000003,3.184,2.239,0.933,0.925,0.687,0.332,0.064
406.0,3.258,2.308,0.958,0.927,0.687,0.333,0.064
406.1,3.199,2.253,0.938,0.928,0.687,0.333,0.063
406.20000000000005,3.175,2.231,0.93,0.928,0.687,0.334,0.064
406.3,3.21,2.263,0.942,0.929,0.687,0.334,0.064
406.40000000000003,3.179,2.235,0.932,0.929,0.687,0.335,0.064
406.5,3.212,2.265,0.943,0.929,0.687,0.336,0.064
406.6,3.18,2.235,0.932,0.929,0.686,0.336,0.064
406.70000000000005,3.168,2.224,0.928,0.929,0.686,0.337,0.064
406.8,3.162,2.219,0.926,0.93,0.687,0.338,0.064
406.90000000000003,3.16,2.217,0.926,0.93,0.687,0.338,0.064
407.0,3.249,2.299,0.955,0.93,0.686,0.339,0.064
407.1,3.284,2.332,0.967,0.931,0.686,0.34,0.064
407.20000000000005,3.209,2.262,0.942,0.931,0.687,0.341,0.063
407.3,3.179,2.235,0.932,0.932,0.686,0.341,0.064
407.40000000000003,3.167,2.223,0.928,0.932,0.687,0.342,0.064
407.5,3.162,2.219,0.926,0.933,0.686,0.342,0.063
407.6,3.205,2.258,0.94,0.933,0.687,0.343,0.064
407.70000000000005,3.177,2.233,0.931,0.934,0.687,0.343,0.064
407.8,3.166,2.223,0.928,0.933,0.687,0.344,0.064
407.90000000000003,3.207,2.26,0.941,0.934,0.687,0.345,0.064
408.0,3.178,2.234,0.931,0.935,0.688,0.346,0.064
408.1,3.167,2.223,0.928,0.935,0.688,0.347,0.064
408.20000000000005,3.162,2.219,0.926,0.935,0.687,0.348,0.064
408.3,3.25,2.3,0.955,0.936,0.688,0.348,0.064
408.40000000000003,3.195,2.25,0.937,0.936,0.687,0.349,0.064
408.5,3.174,2.229,0.93,0.937,0.687,0.35,0.064
408.6,3.165,2.221,0.927,0.938,0.688,0.351,0.064
408.70000000000005,3.161,2.218,0.926,0.937,0.687,0.351,0.064
408.8,3.16,2.217,0.925,0.937,0.687,0.352,0.064
408.90000000000003,3.159,2.216,0.925,0.937,0.687,0.353,0.064
409.0,3.159,2.216,0.925,0.938,0.688,0.354,0.064
409.1,3.248,2.299,0.955,0.938,0.688,0.355,0.064
409.20000000000005,3.239,2.29,0.952,0.938,0.687,0.356,0.065
409.3,3.191,2.246,0.936,0.938,0.688,0.356,0.064
409.40000000000003,3.172,2.228,0.929,0.938,0.687,0.357,0.064
409.5,3.164,2.221,0.927,0.939,0.687,0.356,0.064
409.6,3.206,2.259,0.941,0.939,0.687,0.357,0.064
409.70000000000005,3.178,2.233,0.931,0.94,0.688,0.358,0.064
409.8,3.167,2.223,0.928,0.939,0.687,0.359,0.064
409.90000000000003,3.162,2.219,0.926,0.94,0.688,0.359,0.064
410.0,3.205,2.258,0.94,0.94,0.689,0.36,0.065
410.1,3.177,2.233,0.931,0.941,0.689,0.361,0.065
410.20000000000005,3.122,2.182,0.913,0.94,0.688,0.362,0.065
410.3,3.144,2.203,0.92,0.94,0.688,0.362,0.065
410.40000000000003,3.153,2.211,0.923,0.941,0.689,0.362,0.065
410.5,3.157,2.214,0.924,0.941,0.688,0.363,0.064
410.6,3.158,2.215,0.925,0.941,0.688,0.364,0.065
410.70000000000005,3.159,2.216,0.925,0.94,0.687,0.364,0.064
410.8,3.159,2.216,0.925,0.94,0.688,0.365,0.065
410.90000000000003,3.159,2.216,0.925,0.941,0.688,0.365,0.065
411.0,3.159,2.216,0.925,0.941,0.687,0.366,0.064
411.1,3.159,2.216,0.925,0.942,0.687,0.366,0.065
411.20000000000005,3.159,2.216,0.925,0.941,0.688,0.367,0.065
411.3,3.159,2.216,0.925,0.942,0.688,0.367,0.065
411.40000000000003,3.159,2.216,0.925,0.942,0.689,0.369,0.065
411.5,3.115,2.176,0.91,0.941,0.688,0.369,0.065
411.6,3.141,2.2,0.919,0.942,0.688,0.369,0.064
411.70000000000005,3.152,2.21,0.923,0.942,0.688,0.37,0.065
411.8,3.246,2.296,0.954,0.943,0.689,0.37,0.065
411.90000000000003,3.194,2.248,0.937,0.943,0.689,0.371,0.064
412.0,3.217,2.27,0.944,0.943,0.689,0.372,0.065
412.1,3.138,2.197,0.918,0.944,0.689,0.372,0.065
412.20000000000005,3.151,2.209,0.922,0.944,0.689,0.373,0.066
412.3,3.156,2.213,0.924,0.944,0.689,0.374,0.065
412.40000000000003,3.158,2.215,0.925,0.944,0.689,0.374,0.065
412.5,3.203,2.257,0.94,0.945,0.689,0.375,0.065
412.6,3.177,2.232,0.931,0.944,0.689,0.375,0.065
412.70000000000005,3.211,2.264,0.942,0.944,0.689,0.376,0.065
412.8,3.135,2.195,0.917,0.945,0.689,0.376,0.065
412.90000000000003,3.15,2.207,0.922,0.945,0.689,0.377,0.065
413.0,3.155,2.213,0.924,0.946,0.689,0.378,0.065
413.1,3.158,2.215,0.925,0.945,0.69,0.378,0.065
413.20000000000005,3.159,2.216,0.925,0.945,0.689,0.378,0.065
413.3,3.159,2.216,0.925,0.945,0.689,0.379,0.065
413.40000000000003,3.159,2.216,0.925,0.945,0.689,0.379,0.066
413.5,3.159,2.216,0.925,0.946,0.69,0.38,0.065
413.6,3.159,2.216,0.925,0.945,0.689,0.381,0.065
413.70000000000005,3.159,2.216,0.925,0.945,0.689,0.38,0.064
413.8,3.248,2.299,0.955,0.945,0.689,0.381,0.065
413.90000000000003,3.195,2.249,0.937,0.945,0.688,0.383,0.065
414.0,3.173,2.229,0.93,0.946,0.689,0.384,0.065
414.1,3.121,2.181,0.912,0.946,0.689,0.384,0.065
414.20000000000005,3.144,2.202,0.92,0.946,0.69,0.385,0.065
414.3,3.197,2.251,0.938,0.946,0.689,0.385,0.065
414.40000000000003,3.174,2.23,0.93,0.947,0.689,0.386,0.066
414.5,3.165,2.222,0.927,0.947,0.69,0.386,0.066
414.6,3.162,2.218,0.926,0.947,0.69,0.386,0.065
414.70000000000005,3.16,2.217,0.925,0.948,0.69,0.386,0.065
414.8,3.16,2.216,0.925,0.947,0.689,0.387,0.066
414.90000000000003,3.204,2.257,0.94,0.947,0.69,0.388,0.065
415.0,3.177,2.233,0.931,0.947,0.69,0.388,0.066
415.1,3.211,2.264,0.942,0.947,0.689,0.388,0.065
415.20000000000005,3.18,2.235,0.932,0.947,0.689,0.388,0.065
415.3,3.167,2.224,0.928,0.948,0.689,0.388,0.066
415.40000000000003,3.162,2.219,0.926,0.948,0.69,0.389,0.065
415.5,3.205,2.258,0.94,0.948,0.689,0.389,0.066
415.6,3.177,2.233,0.931,0.948,0.689,0.39,0.065
415.70000000000005,3.166,2.223,0.928,0.949,0.689,0.391,0.065
415.8,3.118,2.178,0.911,0.948,0.69,0.39,0.065
415.90000000000003,3.143,2.201,0.92,0.949,0.69,0.391,0.066
416.0,3.153,2.21,0.923,0.948,0.69,0.391,0.066
416.1,3.156,2.214,0.924,0.949,0.69,0.392,0.065
416.20000000000005,3.158,2.215,0.925,0.949,0.689,0.392,0.066
416.3,3.027,2.096,0.881,0.949,0.689,0.393,0.066
416.40000000000003,3.106,2.168,0.908,0.948,0.69,0.394,0.066
416.5,3.138,2.197,0.918,0.949,0.689,0.394,0.066
416.6,3.151,2.208,0.922,0.95,0.69,0.394,0.066
416.70000000000005,3.156,2.213,0.924,0.95,0.69,0.395,0.066
416.8,3.158,2.215,0.925,0.949,0.691,0.396,0.066
416.90000000000003,3.159,2.216,0.925,0.949,0.69,0.396,0.066
417.0,3.159,2.216,0.925,0.95,0.691,0.396,0.067
417.1,3.248,2.298,0.955,0.949,0.69,0.397,0.066
417.20000000000005,3.195,2.249,0.937,0.949,0.69,0.397,0.065
417.3,3.218,2.27,0.945,0.949,0.69,0.398,0.066
417.40000000000003,3.183,2.238,0.933,0.949,0.69,0.398,0.066
417.5,3.169,2.225,0.928,0.949,0.69,0.399,0.066
417.6,3.207,2.261,0.941,0.949,0.691,0.4,0.066
417.70000000000005,3.223,2.275,0.946,0.948,0.69,0.399,0.066
417.8,3.185,2.24,0.934,0.948,0.689,0.4,0.066
417.90000000000003,3.169,2.225,0.928,0.949,0.69,0.4,0.065
418.0,3.208,2.261,0.941,0.949,0.69,0.4,0.066
418.1,3.179,2.234,0.932,0.949,0.691,0.401,0.067
418.20000000000005,3.167,2.223,0.928,0.949,0.69,0.402,0.066
418.3,3.207,2.26,0.941,0.95,0.691,0.402,0.066
418.40000000000003,3.223,2.275,0.946,0.949,0.69,0.402,0.066
418.5,3.274,2.322,0.963,0.949,0.69,0.403,0.066
418.6,3.205,2.258,0.94,0.949,0.69,0.404,0.067
418.70000000000005,3.177,2.233,0.931,0.949,0.69,0.404,0.066
418.8,3.122,2.182,0.913,0.949,0.691,0.404,0.066
418.90000000000003,3.189,2.244,0.935,0.949,0.69,0.404,0.066
419.0,3.171,2.227,0.929,0.95,0.691,0.404,0.066
419.1,3.164,2.22,0.927,0.95,0.69,0.405,0.067
419.20000000000005,3.206,2.259,0.94,0.949,0.69,0.405,0.066
419.3,3.222,2.274,0.946,0.95,0.691,0.406,0.066
419.40000000000003,3.184,2.239,0.933,0.949,0.69,0.406,0.066
419.5,3.214,2.266,0.943,0.95,0.691,0.406,0.066
419.6,3.225,2.277,0.947,0.95,0.691,0.407,0.066
419.70000000000005,3.23,2.281,0.949,0.949,0.69,0.407,0.066
419.8,3.277,2.325,0.964,0.949,0.69,0.407,0.067
419.90000000000003,3.251,2.3,0.956,0.949,0.69,0.407,0.066
420.0,3.24,2.291,0.952,0.95,0.691,0.408,0.066
420.1,3.236,2.287,0.951,0.95,0.691,0.408,0.066
420.20000000000005,3.19,2.244,0.935,0.95,0.691,0.409,0.066
420.3,3.171,2.227,0.929,0.95,0.69,0.409,0.067
420.40000000000003,3.164,2.221,0.927,0.949,0.69,0.409,0.066
420.5,3.206,2.259,0.941,0.95,0.69,0.41,0.066
420.6,3.222,2.274,0.946,0.95,0.69,0.41,0.066
420.70000000000005,3.274,2.322,0.963,0.95,0.69,0.411,0.067
420.8,3.249,2.299,0.955,0.95,0.691,0.412,0.067
420.90000000000003,3.24,2.29,0.952,0.95,0.691,0.411,0.066
421.0,3.236,2.287,0.951,0.95,0.69,0.412,0.066
421.1,3.234,2.285,0.95,0.951,0.691,0.412,0.066
421.20000000000005,3.234,2.285,0.95,0.95,0.69,0.412,0.067
421.3,3.189,2.244,0.935,0.951,0.691,0.413,0.066
421.40000000000003,3.216,2.268,0.944,0.951,0.691,0.413,0.066
421.5,3.226,2.278,0.947,0.951,0.691,0.414,0.067
421.6,3.23,2.282,0.949,0.95,0.69,0.414,0.066
421.70000000000005,3.232,2.283,0.949,0.952,0.691,0.414,0.067
421.8,3.233,2.284,0.95,0.951,0.691,0.414,0.067
421.90000000000003,3.233,2.284,0.95,0.951,0.692,0.415,0.068
422.0,3.233,2.284,0.95,0.95,0.691,0.415,0.067
422.1,3.233,2.284,0.95,0.951,0.691,0.416,0.067
422.20000000000005,3.233,2.284,0.95,0.952,0.692,0.416,0.066
422.3,3.233,2.284,0.95,0.952,0.691,0.417,0.067
422.40000000000003,3.233,2.284,0.95,0.951,0.692,0.417,0.067
422.5,3.233,2.284,0.95,0.951,0.691,0.417,0.066
422.6,3.233,2.284,0.95,0.951,0.69,0.417,0.067
422.70000000000005,3.233,2.284,0.95,0.95,0.691,0.418,0.067
422.8,3.233,2.284,0.95,0.951,0.69,0.418,0.067
422.90000000000003,3.233,2.284,0.95,0.951,0.691,0.418,0.066
423.0,3.278,2.326,0.965,0.952,0.691,0.418,0.067
423.1,3.251,2.301,0.956,0.952,0.692,0.418,0.067
423.20000000000005,3.24,2.291,0.952,0.953,0.692,0.419,0.067
423.3,3.236,2.287,0.951,0.953,0.693,0.42,0.068
423.40000000000003,3.415,2.454,1.011,0.952,0.692,0.42,0.067
423.5,3.306,2.352,0.974,0.953,0.692,0.421,0.067
423.6,3.307,2.353,0.974,0.952,0.691,0.421,0.067
423.70000000000005,3.263,2.312,0.96,0.951,0.691,0.421,0.067
423.8,3.29,2.337,0.969,0.951,0.692,0.422,0.067
423.90000000000003,3.256,2.305,0.957,0.951,0.692,0.422,0.067
424.0,3.242,2.293,0.953,0.952,0.691,0.422,0.067
424.1,3.237,2.288,0.951,0.953,0.691,0.422,0.067
424.20000000000005,3.235,2.286,0.95,0.953,0.692,0.423,0.067
424.3,3.234,2.285,0.95,0.952,0.691,0.423,0.067
424.40000000000003,3.234,2.285,0.95,0.953,0.692,0.423,0.067
424.5,3.233,2.284,0.95,0.953,0.692,0.423,0.067
424.6,3.233,2.284,0.95,0.953,0.692,0.423,0.068
424.70000000000005,3.233,2.284,0.95,0.952,0.692,0.424,0.067
424.8,3.233,2.284,0.95,0.953,0.691,0.424,0.067
424.90000000000003,3.233,2.284,0.95,0.953,0.691,0.425,0.067
425.0,3.414,2.453,1.01,0.954,0.691,0.425,0.067
425.1,3.305,2.352,0.974,0.954,0.692,0.426,0.068
425.20000000000005,3.262,2.311,0.959,0.953,0.692,0.426,0.067
425.3,3.245,2.295,0.954,0.953,0.692,0.426,0.067
425.40000000000003,3.238,2.289,0.951,0.953,0.692,0.426,0.068
425.5,3.235,2.286,0.95,0.953,0.692,0.426,0.068
425.6,3.19,2.244,0.935,0.952,0.691,0.427,0.068
425.70000000000005,3.216,2.268,0.944,0.953,0.691,0.426,0.067
425.8,3.226,2.278,0.947,0.952,0.691,0.427,0.068
425.90000000000003,3.23,2.282,0.949,0.953,0.692,0.428,0.068
426.0,3.232,2.283,0.949,0.953,0.692,0.428,0.067
426.1,3.233,2.284,0.95,0.953,0.692,0.428,0.068
426.20000000000005,3.233,2.284,0.95,0.953,0.692,0.429,0.067
426.3,3.233,2.284,0.95,0.953,0.692,0.429,0.067
426.40000000000003,3.233,2.284,0.95,0.953,0.691,0.428,0.067
426.5,3.189,2.243,0.935,0.953,0.692,0.429,0.067
426.6,3.171,2.227,0.929,0.953,0.692,0.429,0.068
426.70000000000005,3.208,2.261,0.941,0.953,0.691,0.429,0.067
426.8,3.268,2.317,0.961,0.953,0.692,0.43,0.067
426.90000000000003,3.247,2.297,0.954,0.953,0.692,0.43,0.067
427.0,3.239,2.29,0.952,0.952,0.691,0.43,0.067
427.1,3.28,2.328,0.965,0.953,0.692,0.43,0.067
427.20000000000005,3.252,2.302,0.956,0.953,0.692,0.431,0.067
427.3,3.286,2.333,0.967,0.952,0.692,0.431,0.067
427.40000000000003,3.254,2.304,0.957,0.953,0.692,0.432,0.067
427.5,3.197,2.251,0.938,0.953,0.693,0.431,0.067
427.6,3.219,2.271,0.945,0.952,0.693,0.431,0.067
427.70000000000005,3.227,2.279,0.948,0.953,0.693,0.431,0.067
427.8,3.231,2.282,0.949,0.953,0.692,0.432,0.067
427.90000000000003,3.232,2.284,0.949,0.955,0.693,0.432,0.068
428.0,3.278,2.325,0.965,0.954,0.693,0.433,0.067
428.1,3.162,2.219,0.926,0.953,0.693,0.433,0.068
428.20000000000005,3.205,2.258,0.94,0.954,0.694,0.434,0.068
428.3,3.222,2.274,0.946,0.954,0.693,0.434,0.068
428.40000000000003,3.229,2.28,0.948,0.955,0.693,0.434,0.068
428.5,3.276,2.324,0.964,0.955,0.693,0.435,0.068
428.6,3.25,2.3,0.955,0.954,0.693,0.434,0.068
428.70000000000005,3.24,2.291,0.952,0.954,0.693,0.434,0.067
428.8,3.192,2.246,0.936,0.954,0.692,0.435,0.068
428.90000000000003,3.261,2.31,0.959,0.953,0.693,0.435,0.068
429.0,3.244,2.295,0.953,0.954,0.694,0.436,0.067
429.1,3.238,2.289,0.951,0.954,0.693,0.436,0.067
429.20000000000005,3.235,2.286,0.95,0.955,0.693,0.436,0.067
429.3,3.234,2.285,0.95,0.955,0.693,0.436,0.067
429.40000000000003,3.323,2.368,0.98,0.954,0.693,0.437,0.068
429.5,3.269,2.318,0.962,0.955,0.693,0.436,0.068
429.6,3.248,2.298,0.955,0.954,0.694,0.437,0.067
429.70000000000005,3.329,2.373,0.982,0.955,0.693,0.437,0.067
429.8,3.316,2.361,0.977,0.955,0.694,0.437,0.067
429.90000000000003,3.356,2.399,0.991,0.954,0.694,0.438,0.067
430.0,3.327,2.372,0.981,0.955,0.693,0.437,0.067
430.1,3.271,2.319,0.962,0.955,0.693,0.438,0.067
430.20000000000005,3.293,2.34,0.97,0.956,0.694,0.438,0.068
430.3,3.257,2.307,0.958,0.955,0.693,0.438,0.067
430.40000000000003,3.288,2.335,0.968,0.954,0.693,0.438,0.068
430.5,3.3,2.346,0.972,0.955,0.694,0.438,0.067
430.6,3.305,2.35,0.974,0.956,0.694,0.438,0.068
430.70000000000005,3.307,2.352,0.974,0.956,0.694,0.439,0.068
430.8,3.263,2.312,0.959,0.957,0.694,0.439,0.068
430.90000000000003,3.29,2.337,0.969,0.955,0.693,0.439,0.067
431.0,3.346,2.389,0.987,0.955,0.694,0.44,0.067
431.1,3.323,2.368,0.98,0.955,0.693,0.44,0.068
431.20000000000005,3.314,2.359,0.977,0.954,0.693,0.439,0.068
431.3,3.31,2.356,0.975,0.955,0.694,0.44,0.068
431.40000000000003,3.309,2.354,0.975,0.956,0.693,0.441,0.068
431.5,3.263,2.312,0.96,0.957,0.693,0.441,0.068
431.6,3.335,2.379,0.984,0.957,0.693,0.442,0.068
431.70000000000005,3.319,2.364,0.978,0.956,0.694,0.441,0.068
431.8,3.312,2.358,0.976,0.956,0.694,0.442,0.068
431.90000000000003,3.31,2.355,0.975,0.957,0.694,0.442,0.068
432.0,3.264,2.313,0.96,0.957,0.694,0.443,0.068
432.1,3.245,2.296,0.954,0.957,0.694,0.444,0.068
432.20000000000005,3.283,2.33,0.966,0.956,0.693,0.444,0.068
432.3,3.298,2.344,0.971,0.956,0.694,0.444,0.068
432.40000000000003,3.304,2.35,0.973,0.956,0.693,0.444,0.068
432.5,3.306,2.352,0.974,0.957,0.694,0.444,0.067
432.6,3.352,2.395,0.989,0.956,0.693,0.444,0.068
432.70000000000005,3.326,2.37,0.981,0.957,0.694,0.444,0.068
432.8,3.315,2.36,0.977,0.957,0.694,0.444,0.068
432.90000000000003,3.311,2.356,0.976,0.957,0.694,0.444,0.068
433.0,3.309,2.355,0.975,0.956,0.694,0.444,0.068
433.1,3.308,2.354,0.975,0.956,0.694,0.445,0.068
433.20000000000005,3.308,2.354,0.975,0.956,0.694,0.445,0.068
433.3,3.308,2.354,0.975,0.957,0.693,0.445,0.068
433.40000000000003,3.353,2.396,0.99,0.957,0.693,0.445,0.068
433.5,3.326,2.37,0.981,0.956,0.693,0.446,0.068
433.6,3.315,2.36,0.977,0.957,0.694,0.446,0.068
433.70000000000005,3.311,2.356,0.976,0.956,0.693,0.446,0.068
433.8,3.309,2.355,0.975,0.956,0.693,0.445,0.068
433.90000000000003,3.308,2.354,0.975,0.956,0.693,0.446,0.069
434.0,3.263,2.312,0.96,0.956,0.693,0.446,0.068
434.1,3.29,2.337,0.969,0.956,0.694,0.447,0.068
434.20000000000005,3.301,2.347,0.972,0.956,0.694,0.448,0.068
434.3,3.305,2.351,0.974,0.956,0.694,0.448,0.068
434.40000000000003,3.307,2.352,0.974,0.957,0.694,0.448,0.069
434.5,3.352,2.395,0.989,0.957,0.694,0.448,0.069
434.6,3.281,2.329,0.966,0.958,0.695,0.449,0.069
434.70000000000005,3.297,2.344,0.971,0.957,0.694,0.449,0.068
434.8,3.349,2.392,0.988,0.959,0.694,0.449,0.069
434.90000000000003,3.324,2.369,0.98,0.958,0.694,0.45,0.069
435.0,3.359,2.402,0.992,0.957,0.694,0.449,0.068
435.1,3.328,2.373,0.981,0.959,0.695,0.449,0.069
435.20000000000005,3.316,2.361,0.977,0.96,0.694,0.449,0.068
435.3,3.311,2.357,0.976,0.958,0.694,0.449,0.069
435.40000000000003,3.309,2.355,0.975,0.957,0.694,0.449,0.068
435.5,3.308,2.354,0.975,0.958,0.694,0.45,0.069
435.6,3.308,2.354,0.975,0.959,0.694,0.45,0.069
435.70000000000005,3.308,2.354,0.975,0.957,0.694,0.451,0.069
435.8,3.308,2.354,0.975,0.956,0.695,0.451,0.068
435.90000000000003,3.308,2.354,0.975,0.957,0.694,0.452,0.068
436.0,3.308,2.354,0.975,0.959,0.695,0.452,0.068
436.1,3.308,2.353,0.975,0.958,0.695,0.452,0.068
436.20000000000005,3.308,2.353,0.975,0.959,0.695,0.452,0.068
436.3,3.308,2.353,0.975,0.958,0.694,0.452,0.068
436.40000000000003,3.308,2.353,0.975,0.957,0.694,0.452,0.068
436.5,3.308,2.353,0.975,0.959,0.695,0.452,0.069
436.6,3.308,2.353,0.975,0.958,0.695,0.452,0.069
436.70000000000005,3.308,2.353,0.975,0.957,0.695,0.452,0.068
436.8,3.308,2.353,0.975,0.959,0.695,0.452,0.068
436.90000000000003,3.308,2.353,0.975,0.958,0.695,0.452,0.068
437.0,3.308,2.353,0.975,0.957,0.694,0.452,0.068
437.1,3.308,2.353,0.975,0.959,0.695,0.452,0.068
437.20000000000005,3.308,2.353,0.975,0.957,0.694,0.452,0.069
437.3,3.308,2.353,0.975,0.957,0.695,0.453,0.068
437.40000000000003,3.308,2.353,0.975,0.957,0.694,0.453,0.068
437.5,3.308,2.353,0.975,0.957,0.695,0.453,0.068
437.6,3.308,2.353,0.975,0.957,0.694,0.453,0.069
437.70000000000005,3.308,2.353,0.975,0.957,0.695,0.453,0.068
437.8,3.308,2.353,0.975,0.957,0.694,0.453,0.068
437.90000000000003,3.308,2.353,0.975,0.957,0.694,0.453,0.068
438.0,3.308,2.353,0.975,0.957,0.694,0.453,0.068
438.1,3.308,2.353,0.975,0.959,0.694,0.454,0.068
438.20000000000005,3.308,2.353,0.975,0.958,0.694,0.454,0.068
438.3,3.308,2.353,0.975,0.958,0.695,0.454,0.068
438.40000000000003,3.308,2.353,0.975,0.957,0.695,0.454,0.069
438.5,3.308,2.353,0.975,0.959,0.694,0.454,0.068
438.6,3.308,2.353,0.975,0.959,0.695,0.455,0.068
438.70000000000005,3.398,2.438,1.005,0.958,0.694,0.455,0.068
438.8,3.389,2.429,1.002,0.959,0.695,0.455,0.068
438.90000000000003,3.34,2.384,0.985,0.96,0.694,0.454,0.068
439.0,3.411,2.45,1.009,0.959,0.695,0.455,0.068
439.1,3.349,2.392,0.988,0.958,0.695,0.455,0.069
439.20000000000005,3.324,2.369,0.98,0.959,0.695,0.456,0.068
439.3,3.359,2.402,0.992,0.957,0.694,0.457,0.068
439.40000000000003,3.328,2.373,0.981,0.957,0.695,0.456,0.068
439.5,3.316,2.361,0.977,0.957,0.694,0.456,0.068
439.6,3.356,2.399,0.991,0.957,0.695,0.457,0.068
439.70000000000005,3.327,2.372,0.981,0.957,0.694,0.457,0.069
439.8,3.316,2.361,0.977,0.957,0.694,0.457,0.068
439.90000000000003,3.311,2.356,0.976,0.957,0.695,0.457,0.068
440.0,3.309,2.355,0.975,0.959,0.695,0.458,0.068
440.1,3.308,2.354,0.975,0.958,0.694,0.457,0.069
440.20000000000005,3.308,2.354,0.975,0.959,0.694,0.457,0.069
440.3,3.353,2.396,0.99,0.958,0.695,0.457,0.069
440.40000000000003,3.326,2.37,0.981,0.957,0.694,0.458,0.069
440.5,3.405,2.445,1.007,0.957,0.695,0.458,0.069
440.6,3.347,2.39,0.988,0.957,0.694,0.458,0.069
440.70000000000005,3.323,2.368,0.98,0.959,0.695,0.458,0.069
440.8,3.314,2.359,0.977,0.96,0.694,0.458,0.069
440.90000000000003,3.31,2.356,0.975,0.96,0.695,0.458,0.069
441.0,3.309,2.354,0.975,0.96,0.695,0.458,0.069
441.1,3.353,2.396,0.99,0.96,0.695,0.459,0.068
441.20000000000005,3.371,2.412,0.996,0.958,0.695,0.458,0.069
441.3,3.333,2.377,0.983,0.959,0.695,0.458,0.068
441.40000000000003,3.318,2.363,0.978,0.96,0.695,0.458,0.068
441.5,3.312,2.357,0.976,0.96,0.694,0.459,0.068
441.6,3.309,2.355,0.975,0.96,0.695,0.46,0.069
441.70000000000005,3.308,2.354,0.975,0.958,0.695,0.46,0.069
441.8,3.308,2.354,0.975,0.959,0.695,0.46,0.069
441.90000000000003,3.308,2.354,0.975,0.958,0.695,0.459,0.069
442.0,3.398,2.438,1.005,0.958,0.695,0.458,0.069
442.1,3.344,2.387,0.987,0.957,0.696,0.459,0.069
442.20000000000005,3.322,2.367,0.979,0.959,0.695,0.46,0.068
442.3,3.314,2.359,0.977,0.96,0.695,0.46,0.069
442.40000000000003,3.355,2.398,0.99,0.96,0.695,0.46,0.069
442.5,3.327,2.371,0.981,0.96,0.696,0.461,0.069
442.6,3.315,2.361,0.977,0.96,0.695,0.46,0.069
442.70000000000005,3.311,2.356,0.976,0.96,0.696,0.461,0.069
442.8,3.309,2.355,0.975,0.96,0.695,0.46,0.069
442.90000000000003,3.399,2.438,1.005,0.96,0.696,0.461,0.069
443.0,3.389,2.429,1.002,0.96,0.696,0.461,0.069
443.1,3.34,2.384,0.985,0.96,0.697,0.462,0.07
443.20000000000005,3.321,2.366,0.979,0.96,0.696,0.461,0.069
443.3,3.313,2.358,0.976,0.96,0.696,0.462,0.069
443.40000000000003,3.31,2.355,0.975,0.96,0.697,0.461,0.069
443.5,3.309,2.354,0.975,0.961,0.697,0.462,0.068
443.6,3.308,2.354,0.975,0.96,0.697,0.462,0.069
443.70000000000005,3.308,2.354,0.975,0.96,0.696,0.462,0.069
443.8,3.308,2.354,0.975,0.96,0.696,0.462,0.069
443.90000000000003,3.308,2.354,0.975,0.96,0.696,0.462,0.069
444.0,3.353,2.396,0.99,0.96,0.697,0.462,0.068
444.1,3.326,2.37,0.981,0.96,0.696,0.462,0.069
444.20000000000005,3.315,2.36,0.977,0.96,0.697,0.462,0.069
444.3,3.311,2.356,0.976,0.96,0.697,0.462,0.068
444.40000000000003,3.399,2.439,1.005,0.96,0.697,0.462,0.069
444.5,3.344,2.388,0.987,0.96,0.697,0.462,0.069
444.6,3.322,2.367,0.979,0.96,0.697,0.463,0.07
444.70000000000005,3.314,2.359,0.977,0.96,0.696,0.462,0.07
444.8,3.355,2.398,0.99,0.96,0.697,0.463,0.07
444.90000000000003,3.417,2.456,1.011,0.96,0.697,0.463,0.069
445.0,3.396,2.436,1.004,0.96,0.697,0.463,0.069
445.1,3.388,2.429,1.001,0.96,0.697,0.463,0.069
445.20000000000005,3.34,2.384,0.985,0.96,0.697,0.462,0.07
445.3,3.321,2.366,0.979,0.96,0.697,0.463,0.07
445.40000000000003,3.313,2.358,0.976,0.96,0.697,0.463,0.07
445.5,3.355,2.397,0.99,0.96,0.697,0.463,0.069
445.6,3.327,2.371,0.981,0.96,0.697,0.463,0.069
445.70000000000005,3.315,2.361,0.977,0.961,0.698,0.463,0.07
445.8,3.356,2.398,0.991,0.961,0.698,0.464,0.069
445.90000000000003,3.327,2.371,0.981,0.96,0.697,0.464,0.07
446.0,3.316,2.361,0.977,0.96,0.697,0.464,0.07
446.1,3.311,2.356,0.976,0.96,0.697,0.465,0.07
446.20000000000005,3.309,2.355,0.975,0.96,0.698,0.465,0.07
446.3,3.308,2.354,0.975,0.96,0.697,0.464,0.07
446.40000000000003,3.308,2.354,0.975,0.961,0.698,0.464,0.07
446.5,3.308,2.354,0.975,0.961,0.698,0.464,0.07
446.6,3.308,2.354,0.975,0.96,0.697,0.464,0.069
446.70000000000005,3.353,2.396,0.99,0.96,0.697,0.464,0.07
446.8,3.326,2.37,0.981,0.96,0.697,0.465,0.069
446.90000000000003,3.36,2.402,0.992,0.96,0.696,0.464,0.07
447.0,3.329,2.373,0.982,0.96,0.697,0.464,0.07
447.1,3.316,2.361,0.977,0.961,0.697,0.465,0.07
447.20000000000005,3.311,2.357,0.976,0.96,0.697,0.465,0.069
447.3,3.399,2.439,1.005,0.96,0.697,0.466,0.07
447.40000000000003,3.344,2.388,0.987,0.961,0.697,0.466,0.07
447.5,3.367,2.409,0.995,0.96,0.697,0.465,0.071
447.6,3.377,2.418,0.998,0.961,0.697,0.465,0.071
447.70000000000005,3.335,2.379,0.984,0.96,0.697,0.465,0.071
447.8,3.319,2.364,0.978,0.96,0.697,0.465,0.071
447.90000000000003,3.312,2.358,0.976,0.96,0.697,0.465,0.07
448.0,3.31,2.355,0.975,0.96,0.696,0.465,0.071
448.1,3.354,2.396,0.99,0.96,0.697,0.466,0.07
448.20000000000005,3.416,2.455,1.011,0.96,0.696,0.466,0.07
448.3,3.351,2.394,0.989,0.96,0.697,0.466,0.071
448.40000000000003,3.37,2.412,0.995,0.96,0.697,0.466,0.071
448.5,3.333,2.377,0.983,0.961,0.697,0.467,0.071
448.6,3.318,2.363,0.978,0.96,0.697,0.467,0.07
448.70000000000005,3.327,2.372,0.981,0.96,0.697,0.468,0.071
448.8,3.361,2.403,0.992,0.96,0.696,0.468,0.07
448.90000000000003,3.357,2.399,0.991,0.96,0.697,0.468,0.071
449.0,3.329,2.373,0.982,0.96,0.697,0.468,0.071
449.1,3.361,2.403,0.992,0.96,0.697,0.467,0.071
449.20000000000005,3.374,2.415,0.997,0.961,0.697,0.468,0.071
449.3,3.379,2.42,0.999,0.961,0.697,0.468,0.071
449.40000000000003,3.336,2.38,0.984,0.961,0.697,0.468,0.07
449.5,3.364,2.406,0.993,0.96,0.698,0.468,0.071
449.6,3.375,2.417,0.997,0.961,0.697,0.468,0.071
449.70000000000005,3.335,2.379,0.984,0.961,0.697,0.468,0.07
449.8,3.364,2.406,0.993,0.96,0.697,0.468,0.071
449.90000000000003,3.33,2.374,0.982,0.961,0.697,0.468,0.07
450.0,3.407,2.446,1.008,0.96,0.697,0.468,0.071
450.1,3.392,2.433,1.003,0.96,0.697,0.469,0.071
450.20000000000005,3.432,2.47,1.016,0.96,0.697,0.468,0.071
450.3,3.402,2.442,1.006,0.961,0.697,0.469,0.071
450.40000000000003,3.301,2.347,0.972,0.961,0.697,0.469,0.071
450.5,3.35,2.393,0.989,0.961,0.697,0.469,0.071
450.6,3.37,2.411,0.995,0.96,0.697,0.469,0.071
450.70000000000005,3.333,2.377,0.983,0.96,0.698,0.47,0.07
450.8,3.408,2.447,1.008,0.96,0.697,0.469,0.071
450.90000000000003,3.393,2.433,1.003,0.961,0.697,0.47,0.071
451.0,3.387,2.427,1.001,0.961,0.697,0.47,0.071
451.1,3.339,2.383,0.985,0.96,0.697,0.469,0.071
451.20000000000005,3.365,2.407,0.994,0.961,0.697,0.469,0.07
451.3,3.331,2.375,0.982,0.96,0.697,0.47,0.071
451.40000000000003,3.317,2.362,0.978,0.96,0.697,0.47,0.071
451.5,3.357,2.399,0.991,0.96,0.698,0.47,0.071
451.6,3.372,2.414,0.996,0.96,0.697,0.47,0.071
451.70000000000005,3.379,2.42,0.998,0.961,0.697,0.47,0.071
451.8,3.381,2.422,0.999,0.961,0.698,0.47,0.07
451.90000000000003,3.382,2.423,0.999,0.961,0.698,0.47,0.071
452.0,3.383,2.423,1,0.961,0.697,0.471,0.071
452.1,3.383,2.423,1,0.962,0.698,0.47,0.071
452.20000000000005,3.383,2.423,1,0.961,0.697,0.471,0.072
452.3,3.428,2.466,1.015,0.96,0.697,0.471,0.071
452.40000000000003,3.446,2.483,1.021,0.961,0.697,0.471,0.071
452.5,3.408,2.447,1.008,0.961,0.697,0.471,0.071
452.6,3.393,2.433,1.003,0.96,0.697,0.471,0.071
452.70000000000005,3.387,2.427,1.001,0.96,0.698,0.471,0.071
452.8,3.384,2.425,1,0.96,0.697,0.472,0.072
452.90000000000003,3.383,2.424,1,0.96,0.697,0.472,0.071
453.0,3.383,2.424,1,0.96,0.697,0.472,0.071
453.1,3.383,2.424,1,0.96,0.697,0.471,0.071
453.20000000000005,3.383,2.424,1,0.96,0.697,0.471,0.071
453.3,3.383,2.424,1,0.96,0.697,0.472,0.071
453.40000000000003,3.383,2.424,1,0.96,0.697,0.473,0.07
453.5,3.383,2.424,1,0.96,0.697,0.472,0.071
453.6,3.383,2.424,1,0.96,0.697,0.473,0.071
453.70000000000005,3.383,2.423,1,0.96,0.697,0.474,0.07
453.8,3.383,2.423,1,0.96,0.698,0.474,0.071
453.90000000000003,3.338,2.381,0.985,0.96,0.698,0.474,0.071
454.0,3.365,2.407,0.994,0.96,0.697,0.474,0.071
454.1,3.376,2.417,0.997,0.961,0.697,0.475,0.071
454.20000000000005,3.471,2.506,1.029,0.96,0.697,0.474,0.071
454.3,3.418,2.457,1.011,0.96,0.697,0.474,0.071
454.40000000000003,3.397,2.437,1.004,0.96,0.697,0.475,0.07
454.5,3.388,2.429,1.002,0.96,0.698,0.475,0.071
454.6,3.385,2.426,1,0.96,0.697,0.475,0.07
454.70000000000005,3.384,2.424,1,0.961,0.697,0.474,0.071
454.8,3.383,2.424,1,0.96,0.698,0.474,0.071
454.90000000000003,3.383,2.424,1,0.96,0.697,0.475,0.071
455.0,3.383,2.424,1,0.961,0.698,0.476,0.071
455.1,3.428,2.466,1.015,0.96,0.698,0.476,0.071
455.20000000000005,3.401,2.441,1.006,0.961,0.698,0.476,0.071
455.3,3.39,2.43,1.002,0.961,0.698,0.476,0.071
455.40000000000003,3.386,2.426,1.001,0.961,0.697,0.477,0.071
455.5,3.384,2.425,1,0.961,0.698,0.476,0.071
455.6,3.383,2.424,1,0.961,0.698,0.476,0.071
455.70000000000005,3.383,2.424,1,0.961,0.697,0.477,0.071
455.8,3.383,2.424,1,0.96,0.698,0.477,0.071
455.90000000000003,3.383,2.424,1,0.961,0.698,0.477,0.071
456.0,3.428,2.466,1.015,0.961,0.698,0.477,0.071
456.1,3.401,2.441,1.006,0.961,0.697,0.477,0.071
456.20000000000005,3.39,2.43,1.002,0.961,0.698,0.477,0.071
456.3,3.386,2.426,1.001,0.96,0.698,0.477,0.071
456.40000000000003,3.384,2.425,1,0.961,0.698,0.477,0.071
456.5,3.383,2.424,1,0.961,0.698,0.477,0.071
456.6,3.383,2.424,1,0.961,0.697,0.478,0.071
456.70000000000005,3.383,2.424,1,0.961,0.697,0.477,0.07
456.8,3.383,2.424,1,0.961,0.698,0.478,0.071
456.90000000000003,3.383,2.424,1,0.961,0.698,0.478,0.071
457.0,3.383,2.424,1,0.961,0.698,0.479,0.071
457.1,3.401,2.441,1.006,0.961,0.698,0.478,0.071
457.20000000000005,3.39,2.43,1.002,0.96,0.698,0.478,0.071
457.3,3.428,2.466,1.015,0.962,0.699,0.479,0.071
457.40000000000003,3.386,2.426,1.001,0.961,0.698,0.478,0.071
457.5,3.384,2.425,1,0.962,0.698,0.479,0.071
457.6,3.383,2.424,1,0.961,0.698,0.479,0.071
457.70000000000005,3.383,2.424,1,0.961,0.698,0.478,0.071
457.8,3.383,2.424,1,0.962,0.698,0.479,0.071
457.90000000000003,3.383,2.424,1,0.961,0.698,0.479,0.071
458.0,3.338,2.382,0.985,0.961,0.698,0.479,0.071
458.1,3.365,2.407,0.994,0.961,0.698,0.479,0.071
458.20000000000005,3.376,2.417,0.997,0.961,0.699,0.48,0.071
458.3,3.38,2.421,0.999,0.961,0.699,0.48,0.07
458.40000000000003,3.382,2.422,0.999,0.961,0.699,0.481,0.071
458.5,3.382,2.423,1,0.962,0.698,0.48,0.07
458.6,3.383,2.423,1,0.961,0.699,0.48,0.071
458.70000000000005,3.428,2.466,1.015,0.962,0.698,0.481,0.071
458.8,3.401,2.44,1.006,0.961,0.698,0.48,0.071
458.90000000000003,3.39,2.43,1.002,0.962,0.699,0.48,0.071
459.0,3.386,2.426,1.001,0.961,0.699,0.48,0.071
459.1,3.384,2.425,1,0.961,0.698,0.481,0.071
459.20000000000005,3.429,2.466,1.015,0.962,0.698,0.481,0.071
459.3,3.401,2.441,1.006,0.961,0.698,0.48,0.071
459.40000000000003,3.435,2.473,1.017,0.961,0.699,0.481,0.071
459.5,3.404,2.443,1.007,0.961,0.698,0.481,0.071
459.6,3.391,2.431,1.002,0.962,0.699,0.482,0.071
459.70000000000005,3.431,2.469,1.016,0.961,0.698,0.481,0.071
459.8,3.402,2.442,1.006,0.962,0.698,0.481,0.071
459.90000000000003,3.391,2.431,1.002,0.962,0.699,0.481,0.071
460.0,3.386,2.426,1.001,0.961,0.698,0.482,0.071
460.1,3.384,2.425,1,0.962,0.699,0.481,0.07
460.20000000000005,3.383,2.424,1,0.961,0.698,0.481,0.071
460.3,3.428,2.466,1.015,0.961,0.699,0.482,0.07
460.40000000000003,3.401,2.441,1.006,0.961,0.699,0.482,0.071
460.5,3.39,2.43,1.002,0.961,0.698,0.482,0.071
460.6,3.476,2.512,1.031,0.961,0.699,0.482,0.071
460.70000000000005,3.42,2.459,1.012,0.961,0.7,0.482,0.07
460.8,3.398,2.438,1.005,0.962,0.7,0.482,0.071
460.90000000000003,3.389,2.429,1.002,0.961,0.699,0.481,0.071
461.0,3.385,2.426,1,0.961,0.699,0.481,0.071
461.1,3.384,2.424,1,0.961,0.699,0.482,0.07
461.20000000000005,3.428,2.466,1.015,0.962,0.699,0.483,0.07
461.3,3.492,2.526,1.036,0.961,0.698,0.482,0.07
461.40000000000003,3.426,2.465,1.014,0.961,0.699,0.483,0.071
461.5,3.4,2.44,1.006,0.962,0.7,0.483,0.07
461.6,3.39,2.43,1.002,0.961,0.699,0.482,0.071
461.70000000000005,3.386,2.426,1.001,0.961,0.698,0.482,0.07
461.8,3.384,2.425,1,0.961,0.699,0.482,0.071
461.90000000000003,3.383,2.424,1,0.961,0.7,0.483,0.071
462.0,3.383,2.424,1,0.961,0.699,0.484,0.071
462.1,3.383,2.424,1,0.962,0.698,0.484,0.071
462.20000000000005,3.383,2.424,1,0.962,0.699,0.484,0.071
462.3,3.383,2.424,1,0.961,0.699,0.483,0.07
462.40000000000003,3.383,2.424,1,0.961,0.698,0.484,0.071
462.5,3.383,2.424,1,0.961,0.698,0.484,0.071
462.6,3.383,2.424,1,0.961,0.699,0.484,0.071
462.70000000000005,3.474,2.509,1.03,0.961,0.699,0.484,0.071
462.8,3.419,2.458,1.012,0.962,0.7,0.484,0.071
462.90000000000003,3.397,2.437,1.005,0.962,0.7,0.484,0.071
463.0,3.389,2.429,1.002,0.961,0.699,0.484,0.071
463.1,3.385,2.426,1,0.961,0.699,0.484,0.07
463.20000000000005,3.384,2.424,1,0.961,0.699,0.484,0.071
463.3,3.383,2.424,1,0.962,0.699,0.484,0.071
463.40000000000003,3.383,2.424,1,0.961,0.699,0.485,0.071
463.5,3.428,2.466,1.015,0.961,0.698,0.484,0.071
463.6,3.401,2.441,1.006,0.962,0.699,0.484,0.071
463.70000000000005,3.39,2.43,1.002,0.962,0.699,0.484,0.071
463.8,3.431,2.469,1.016,0.962,0.698,0.484,0.071
463.90000000000003,3.402,2.442,1.006,0.961,0.699,0.484,0.071
464.0,3.436,2.473,1.017,0.962,0.699,0.484,0.071
464.1,3.404,2.443,1.007,0.962,0.7,0.484,0.071
464.20000000000005,3.391,2.431,1.002,0.961,0.7,0.484,0.07
464.3,3.386,2.427,1.001,0.962,0.7,0.484,0.071
464.40000000000003,3.384,2.425,1,0.961,0.701,0.485,0.07
464.5,3.383,2.424,1,0.961,0.7,0.484,0.071
464.6,3.474,2.509,1.03,0.961,0.7,0.485,0.071
464.70000000000005,3.419,2.458,1.012,0.961,0.699,0.484,0.071
464.8,3.397,2.437,1.005,0.961,0.7,0.484,0.07
464.90000000000003,3.389,2.429,1.002,0.961,0.699,0.484,0.071
465.0,3.385,2.426,1,0.962,0.7,0.485,0.071
465.1,3.384,2.424,1,0.962,0.7,0.484,0.071
465.20000000000005,3.383,2.424,1,0.961,0.699,0.485,0.071
465.3,3.383,2.424,1,0.961,0.699,0.484,0.071
465.40000000000003,3.383,2.424,1,0.961,0.699,0.484,0.071
465.5,3.383,2.424,1,0.961,0.698,0.485,0.07
465.6,3.383,2.424,1,0.961,0.699,0.484,0.071
465.70000000000005,3.383,2.424,1,0.96,0.698,0.485,0.07
465.8,3.474,2.509,1.03,0.961,0.698,0.484,0.07
465.90000000000003,3.419,2.458,1.012,0.961,0.699,0.484,0.07
466.0,3.443,2.48,1.02,0.961,0.699,0.485,0.07
466.1,3.407,2.446,1.008,0.96,0.699,0.484,0.07
466.20000000000005,3.438,2.475,1.018,0.96,0.699,0.485,0.07
466.3,3.405,2.444,1.007,0.961,0.698,0.484,0.07
466.40000000000003,3.392,2.432,1.003,0.961,0.699,0.485,0.071
466.5,3.432,2.469,1.016,0.961,0.699,0.485,0.071
466.6,3.448,2.484,1.021,0.962,0.699,0.486,0.071
466.70000000000005,3.591,2.621,1.07,0.962,0.7,0.485,0.071
466.8,3.466,2.503,1.028,0.962,0.699,0.485,0.07
466.90000000000003,3.461,2.498,1.026,0.961,0.699,0.485,0.07
467.0,3.414,2.453,1.01,0.961,0.7,0.485,0.07
467.1,3.395,2.435,1.004,0.962,0.7,0.486,0.07
467.20000000000005,3.433,2.471,1.017,0.962,0.7,0.485,0.07
467.3,3.494,2.528,1.037,0.962,0.701,0.486,0.07
467.40000000000003,3.427,2.465,1.015,0.961,0.7,0.486,0.07
467.5,3.446,2.483,1.021,0.961,0.699,0.486,0.07
467.6,3.408,2.447,1.008,0.962,0.699,0.485,0.071
467.70000000000005,3.393,2.433,1.003,0.961,0.699,0.485,0.07
467.8,3.432,2.47,1.016,0.961,0.699,0.486,0.071
467.90000000000003,3.403,2.442,1.006,0.961,0.7,0.486,0.071
468.0,3.391,2.431,1.002,0.961,0.699,0.486,0.07
468.1,3.386,2.426,1.001,0.961,0.7,0.486,0.071
468.20000000000005,3.384,2.425,1,0.961,0.7,0.486,0.07
468.3,3.383,2.424,1,0.962,0.701,0.486,0.071
468.40000000000003,3.383,2.424,1,0.961,0.7,0.486,0.07
468.5,3.383,2.424,1,0.962,0.7,0.486,0.07
468.6,3.428,2.466,1.015,0.961,0.7,0.486,0.07
468.70000000000005,3.446,2.483,1.021,0.961,0.699,0.485,0.07
468.8,3.393,2.433,1.003,0.961,0.7,0.485,0.071
468.90000000000003,3.387,2.427,1.001,0.961,0.701,0.486,0.071
469.0,3.408,2.447,1.008,0.961,0.7,0.485,0.071
469.1,3.384,2.425,1,0.961,0.7,0.486,0.07
469.20000000000005,3.383,2.424,1,0.961,0.7,0.486,0.071
469.3,3.383,2.424,1,0.961,0.7,0.486,0.071
469.40000000000003,3.383,2.424,1,0.961,0.7,0.486,0.071
469.5,3.428,2.466,1.015,0.961,0.7,0.487,0.07
469.6,3.401,2.441,1.006,0.962,0.701,0.487,0.071
469.70000000000005,3.39,2.43,1.002,0.961,0.701,0.486,0.07
469.8,3.386,2.426,1.001,0.961,0.7,0.486,0.071
469.90000000000003,3.384,2.425,1,0.962,0.7,0.486,0.07
470.0,3.383,2.424,1,0.961,0.701,0.486,0.07
470.1,3.383,2.424,1,0.961,0.7,0.487,0.07
470.20000000000005,3.383,2.424,1,0.962,0.701,0.487,0.07
470.3,3.383,2.424,1,0.962,0.701,0.486,0.07
470.40000000000003,3.383,2.424,1,0.962,0.7,0.487,0.07
470.5,3.383,2.424,1,0.961,0.701,0.487,0.07
470.6,3.383,2.424,1,0.961,0.7,0.487,0.07
470.70000000000005,3.383,2.424,1,0.962,0.7,0.487,0.07
