Time,CO (MCS),Ethanol (MCS),VOC (MCS),NO2 (GM),Ethanol (GM),VOC (GM),CO (GM)
0.0,4.282,3.298,1.306,1.001,0.715,0.662,0.095
0.1,4.301,3.318,1.312,1,0.714,0.663,0.094
0.2,4.357,3.374,1.332,1.001,0.714,0.664,0.094
0.30000000000000004,4.283,3.3,1.306,1.002,0.715,0.665,0.095
0.4,4.254,3.27,1.296,1.002,0.714,0.665,0.095
0.5,4.242,3.258,1.292,1.001,0.715,0.666,0.095
0.6000000000000001,4.19,3.206,1.274,1.002,0.715,0.666,0.095
0.7000000000000001,4.216,3.232,1.283,1.001,0.716,0.666,0.095
0.8,4.227,3.243,1.287,1.001,0.715,0.664,0.095
0.9,4.231,3.247,1.288,1.001,0.715,0.663,0.094
1.0,4.233,3.249,1.289,1.002,0.715,0.663,0.094
1.1,4.186,3.202,1.273,1,0.715,0.662,0.093
1.2000000000000002,4.215,3.231,1.283,0.999,0.716,0.661,0.092
1.3,4.226,3.243,1.287,0.999,0.715,0.66,0.092
1.4000000000000001,4.183,3.199,1.272,0.998,0.715,0.659,0.093
1.5,4.166,3.182,1.266,0.997,0.715,0.657,0.092
1.6,4.159,3.175,1.263,0.997,0.716,0.656,0.092
1.7000000000000002,4.157,3.173,1.262,0.997,0.715,0.655,0.091
1.8,4.155,3.172,1.262,0.997,0.715,0.655,0.091
1.9000000000000001,4.155,3.171,1.262,0.996,0.715,0.653,0.091
2.0,4.155,3.171,1.262,0.996,0.714,0.653,0.091
2.1,4.155,3.171,1.262,0.995,0.715,0.652,0.09
2.2,4.202,3.218,1.278,0.996,0.714,0.651,0.09
2.3000000000000003,4.174,3.19,1.268,0.996,0.714,0.65,0.091
2.4000000000000004,4.162,3.178,1.264,0.995,0.714,0.65,0.091
2.5,4.205,3.221,1.279,0.994,0.715,0.649,0.091
2.6,4.175,3.191,1.269,0.994,0.715,0.648,0.091
2.7,4.163,3.179,1.265,0.994,0.716,0.647,0.091
2.8000000000000003,4.158,3.174,1.263,0.994,0.715,0.647,0.091
2.9000000000000004,4.156,3.172,1.262,0.994,0.716,0.646,0.091
3.0,4.155,3.171,1.262,0.994,0.715,0.646,0.091
3.1,4.155,3.171,1.262,0.994,0.714,0.646,0.091
3.2,4.155,3.171,1.262,0.993,0.714,0.646,0.091
3.3000000000000003,4.107,3.124,1.246,0.993,0.714,0.645,0.091
3.4000000000000004,4.088,3.105,1.239,0.993,0.715,0.645,0.091
3.5,4.081,3.097,1.236,0.993,0.715,0.644,0.091
3.6,4.221,3.237,1.285,0.994,0.716,0.644,0.091
3.7,4.181,3.197,1.271,0.994,0.715,0.644,0.091
3.8000000000000003,4.165,3.181,1.266,0.993,0.715,0.644,0.091
3.9000000000000004,4.159,3.175,1.263,0.994,0.716,0.644,0.091
4.0,4.156,3.172,1.262,0.994,0.716,0.643,0.091
4.1000000000000005,4.155,3.171,1.262,0.993,0.715,0.644,0.091
4.2,4.155,3.171,1.262,0.994,0.714,0.643,0.091
4.3,4.202,3.219,1.278,0.994,0.715,0.642,0.091
4.4,4.221,3.238,1.285,0.994,0.715,0.642,0.091
4.5,4.181,3.197,1.271,0.994,0.715,0.642,0.091
4.6000000000000005,4.261,3.277,1.298,0.995,0.715,0.643,0.092
4.7,4.245,3.261,1.293,0.994,0.715,0.642,0.091
4.800000000000001,4.286,3.303,1.307,0.994,0.715,0.641,0.092
4.9,4.207,3.224,1.28,0.994,0.716,0.642,0.092
5.0,4.176,3.192,1.269,0.995,0.716,0.641,0.092
5.1000000000000005,4.163,3.179,1.265,0.994,0.716,0.641,0.092
5.2,4.158,3.174,1.263,0.994,0.716,0.641,0.092
5.300000000000001,4.156,3.172,1.262,0.995,0.716,0.641,0.092
5.4,4.203,3.219,1.278,0.994,0.717,0.64,0.092
5.5,4.222,3.238,1.285,0.994,0.716,0.641,0.092
5.6000000000000005,4.181,3.198,1.271,0.994,0.715,0.641,0.093
5.7,4.213,3.229,1.282,0.993,0.715,0.64,0.093
5.800000000000001,4.178,3.194,1.27,0.994,0.715,0.64,0.093
5.9,4.212,3.228,1.281,0.993,0.715,0.641,0.093
6.0,4.225,3.241,1.286,0.993,0.715,0.64,0.093
6.1000000000000005,4.23,3.247,1.288,0.994,0.716,0.64,0.093
6.2,4.185,3.201,1.272,0.993,0.715,0.641,0.093
6.300000000000001,4.167,3.183,1.266,0.994,0.716,0.641,0.093
6.4,4.207,3.223,1.28,0.994,0.716,0.64,0.093
6.5,4.223,3.239,1.286,0.993,0.715,0.64,0.093
6.6000000000000005,4.23,3.246,1.288,0.993,0.716,0.64,0.093
6.7,4.232,3.248,1.289,0.995,0.716,0.641,0.093
6.800000000000001,4.281,3.298,1.306,0.994,0.716,0.641,0.093
6.9,4.253,3.269,1.296,0.994,0.716,0.641,0.093
7.0,4.242,3.258,1.292,0.995,0.716,0.641,0.094
7.1000000000000005,4.237,3.253,1.29,0.995,0.715,0.642,0.093
7.2,4.331,3.348,1.323,0.994,0.715,0.641,0.094
7.300000000000001,4.321,3.338,1.319,0.994,0.715,0.641,0.093
7.4,4.269,3.285,1.301,0.994,0.716,0.641,0.094
7.5,4.248,3.264,1.294,0.995,0.716,0.641,0.094
7.6000000000000005,4.24,3.256,1.291,0.994,0.716,0.642,0.093
7.7,4.284,3.301,1.307,0.993,0.716,0.641,0.094
7.800000000000001,4.254,3.27,1.296,0.993,0.715,0.641,0.093
7.9,4.242,3.258,1.292,0.992,0.715,0.64,0.094
8.0,4.333,3.35,1.324,0.992,0.714,0.641,0.093
8.1,4.274,3.29,1.303,0.993,0.715,0.641,0.093
8.200000000000001,4.25,3.266,1.295,0.993,0.716,0.641,0.094
8.3,4.288,3.305,1.308,0.993,0.716,0.642,0.094
8.4,4.256,3.272,1.297,0.993,0.716,0.642,0.094
8.5,4.291,3.307,1.309,0.994,0.716,0.642,0.094
8.6,4.257,3.273,1.297,0.994,0.715,0.641,0.094
8.700000000000001,4.291,3.307,1.309,0.994,0.716,0.641,0.093
8.8,4.257,3.273,1.297,0.993,0.715,0.642,0.094
8.9,4.243,3.259,1.292,0.994,0.716,0.641,0.094
9.0,4.286,3.302,1.307,0.994,0.716,0.641,0.094
9.1,4.303,3.319,1.313,0.993,0.716,0.642,0.093
9.200000000000001,4.261,3.278,1.299,0.994,0.716,0.642,0.094
9.3,4.245,3.261,1.293,0.993,0.716,0.642,0.094
9.4,4.238,3.255,1.291,0.993,0.716,0.641,0.093
9.5,4.284,3.3,1.306,0.993,0.716,0.641,0.094
9.600000000000001,4.254,3.27,1.296,0.992,0.715,0.642,0.094
9.700000000000001,4.338,3.355,1.325,0.993,0.716,0.642,0.094
9.8,4.323,3.34,1.32,0.994,0.715,0.641,0.094
9.9,4.27,3.286,1.302,0.994,0.716,0.642,0.094
10.0,4.153,3.17,1.261,0.993,0.716,0.642,0.094
10.100000000000001,4.202,3.218,1.278,0.994,0.717,0.641,0.094
10.200000000000001,4.221,3.237,1.285,0.994,0.717,0.641,0.094
10.3,4.277,3.293,1.304,0.994,0.717,0.642,0.093
10.4,4.251,3.267,1.295,0.994,0.716,0.641,0.094
10.5,4.289,3.305,1.308,0.994,0.717,0.642,0.094
10.600000000000001,4.256,3.272,1.297,0.993,0.716,0.642,0.094
10.700000000000001,4.243,3.259,1.292,0.993,0.716,0.642,0.093
10.8,4.238,3.254,1.29,0.994,0.717,0.641,0.094
10.9,4.235,3.252,1.29,0.994,0.716,0.642,0.094
11.0,4.235,3.251,1.289,0.993,0.716,0.641,0.094
11.100000000000001,4.282,3.299,1.306,0.994,0.717,0.643,0.095
11.200000000000001,4.253,3.27,1.296,0.994,0.717,0.642,0.094
11.3,4.242,3.258,1.292,0.993,0.717,0.642,0.094
11.4,4.237,3.253,1.29,0.993,0.717,0.642,0.094
11.5,4.235,3.251,1.29,0.994,0.717,0.642,0.094
11.600000000000001,4.282,3.299,1.306,0.993,0.716,0.642,0.094
11.700000000000001,4.253,3.27,1.296,0.993,0.717,0.641,0.094
11.8,4.338,3.355,1.325,0.993,0.717,0.642,0.094
11.9,4.323,3.34,1.32,0.994,0.717,0.642,0.094
12.0,4.27,3.286,1.302,0.994,0.717,0.642,0.094
12.100000000000001,4.248,3.265,1.294,0.993,0.716,0.642,0.094
12.200000000000001,4.288,3.304,1.308,0.993,0.717,0.642,0.094
12.3,4.303,3.32,1.313,0.993,0.716,0.642,0.094
12.4,4.31,3.326,1.315,0.993,0.716,0.642,0.095
12.5,4.264,3.281,1.3,0.993,0.716,0.641,0.094
12.600000000000001,4.246,3.262,1.293,0.993,0.717,0.642,0.095
12.700000000000001,4.239,3.255,1.291,0.993,0.716,0.642,0.095
12.8,4.236,3.252,1.29,0.994,0.717,0.642,0.095
12.9,4.235,3.251,1.289,0.993,0.717,0.642,0.094
13.0,4.234,3.251,1.289,0.993,0.717,0.642,0.094
13.100000000000001,4.282,3.299,1.306,0.994,0.717,0.642,0.094
13.200000000000001,4.253,3.27,1.296,0.994,0.717,0.642,0.095
13.3,4.242,3.258,1.292,0.994,0.717,0.641,0.094
13.4,4.237,3.253,1.29,0.994,0.717,0.642,0.094
13.5,4.283,3.3,1.306,0.993,0.717,0.642,0.094
13.600000000000001,4.302,3.318,1.313,0.993,0.716,0.641,0.094
13.700000000000001,4.261,3.277,1.299,0.993,0.717,0.642,0.095
13.8,4.245,3.261,1.293,0.993,0.717,0.642,0.094
13.9,4.238,3.255,1.291,0.993,0.716,0.642,0.095
14.0,4.236,3.252,1.29,0.994,0.716,0.642,0.094
14.100000000000001,4.235,3.251,1.289,0.993,0.716,0.642,0.094
14.200000000000001,4.234,3.25,1.289,0.993,0.716,0.641,0.094
14.3,4.234,3.25,1.289,0.993,0.717,0.641,0.094
14.4,4.378,3.396,1.339,0.993,0.717,0.641,0.095
14.5,4.292,3.309,1.309,0.993,0.717,0.641,0.094
14.600000000000001,4.257,3.274,1.297,0.993,0.717,0.641,0.095
14.700000000000001,4.339,3.356,1.326,0.994,0.717,0.642,0.094
14.8,4.324,3.341,1.32,0.993,0.717,0.642,0.095
14.9,4.318,3.335,1.318,0.993,0.717,0.642,0.095
15.0,4.268,3.284,1.301,0.993,0.717,0.641,0.094
15.100000000000001,3.919,2.941,1.182,0.993,0.716,0.636,0.091
15.200000000000001,3.643,2.673,1.088,0.991,0.717,0.631,0.088
15.3,3.442,2.481,1.02,0.987,0.717,0.624,0.086
15.4,3.317,2.363,0.978,0.984,0.716,0.618,0.083
15.5,3.222,2.275,0.946,0.981,0.716,0.61,0.081
15.600000000000001,3.14,2.199,0.919,0.976,0.716,0.603,0.079
15.700000000000001,3.107,2.169,0.908,0.971,0.715,0.595,0.077
15.8,3.094,2.157,0.904,0.963,0.715,0.584,0.075
15.9,3.045,2.112,0.887,0.957,0.714,0.577,0.072
16.0,3.025,2.094,0.881,0.952,0.714,0.57,0.071
16.1,2.974,2.048,0.864,0.948,0.715,0.563,0.07
16.2,3.041,2.108,0.886,0.941,0.714,0.552,0.069
16.3,3.067,2.132,0.895,0.936,0.714,0.545,0.069
16.400000000000002,3.078,2.142,0.898,0.933,0.713,0.54,0.069
16.5,3.216,2.269,0.944,0.933,0.714,0.537,0.07
16.6,3.361,2.404,0.993,0.933,0.714,0.535,0.07
16.7,3.511,2.545,1.043,0.934,0.714,0.534,0.071
16.8,3.57,2.601,1.063,0.935,0.714,0.533,0.072
16.900000000000002,3.686,2.712,1.102,0.939,0.714,0.533,0.073
17.0,3.641,2.668,1.086,0.942,0.714,0.534,0.073
17.1,3.668,2.695,1.096,0.946,0.714,0.536,0.074
17.2,3.679,2.705,1.1,0.95,0.715,0.538,0.075
17.3,3.73,2.754,1.117,0.956,0.714,0.541,0.076
17.400000000000002,3.704,2.729,1.108,0.958,0.714,0.543,0.077
17.5,3.833,2.854,1.152,0.964,0.715,0.547,0.078
17.6,3.791,2.813,1.138,0.966,0.715,0.55,0.079
17.7,3.868,2.888,1.164,0.968,0.714,0.553,0.08
17.8,3.945,2.964,1.19,0.97,0.714,0.556,0.08
17.900000000000002,4.533,3.563,1.394,0.981,0.716,0.577,0.085
18.0,4.164,3.188,1.266,0.985,0.717,0.585,0.087
18.1,4.017,3.038,1.215,0.985,0.717,0.588,0.088
18.2,4.1,3.118,1.243,0.986,0.718,0.589,0.088
18.3,3.991,3.01,1.206,0.986,0.718,0.59,0.089
18.400000000000002,3.948,2.966,1.191,0.986,0.717,0.59,0.089
18.5,3.931,2.949,1.185,0.986,0.717,0.59,0.089
18.6,3.924,2.942,1.183,0.986,0.717,0.591,0.089
18.7,3.782,2.804,1.134,0.987,0.717,0.59,0.088
18.8,3.497,2.534,1.038,0.983,0.716,0.585,0.084
18.900000000000002,3.294,2.343,0.97,0.977,0.717,0.579,0.081
19.0,3.213,2.267,0.943,0.973,0.717,0.573,0.079
19.1,3.137,2.196,0.918,0.968,0.717,0.566,0.077
19.200000000000003,3.062,2.128,0.893,0.963,0.717,0.56,0.075
19.3,3.032,2.1,0.883,0.956,0.717,0.553,0.074
19.400000000000002,3.02,2.089,0.879,0.95,0.718,0.546,0.073
19.5,3.015,2.085,0.877,0.944,0.717,0.538,0.072
19.6,3.146,2.205,0.921,0.939,0.716,0.531,0.071
19.700000000000003,3.288,2.336,0.968,0.936,0.716,0.526,0.072
19.8,3.39,2.431,1.002,0.937,0.715,0.523,0.072
19.900000000000002,3.431,2.469,1.016,0.939,0.716,0.522,0.073
20.0,3.584,2.615,1.068,0.944,0.716,0.523,0.073
20.1,3.6,2.629,1.073,0.95,0.717,0.524,0.074
20.200000000000003,3.606,2.635,1.075,0.954,0.717,0.525,0.074
20.3,3.609,2.637,1.076,0.958,0.716,0.526,0.075
20.400000000000002,3.61,2.638,1.076,0.96,0.716,0.527,0.076
20.5,3.61,2.638,1.076,0.961,0.716,0.528,0.076
20.6,3.61,2.639,1.076,0.962,0.717,0.529,0.076
20.700000000000003,3.61,2.639,1.076,0.964,0.717,0.531,0.077
20.8,3.656,2.683,1.092,0.964,0.717,0.532,0.076
20.900000000000002,3.675,2.7,1.098,0.965,0.717,0.532,0.077
21.0,3.636,2.663,1.085,0.966,0.716,0.533,0.077
21.1,3.62,2.649,1.08,0.966,0.717,0.534,0.077
21.200000000000003,3.66,2.687,1.093,0.968,0.716,0.534,0.077
21.3,3.63,2.658,1.083,0.968,0.717,0.534,0.078
21.400000000000002,3.618,2.646,1.079,0.969,0.716,0.535,0.077
21.5,3.659,2.686,1.093,0.97,0.716,0.535,0.078
21.6,3.63,2.658,1.083,0.97,0.717,0.536,0.078
21.700000000000003,3.572,2.603,1.063,0.971,0.717,0.537,0.078
21.8,3.595,2.624,1.071,0.97,0.717,0.538,0.078
21.900000000000002,3.604,2.633,1.074,0.97,0.716,0.538,0.079
22.0,3.608,2.636,1.075,0.971,0.717,0.539,0.078
22.1,3.609,2.638,1.076,0.972,0.717,0.54,0.078
22.200000000000003,3.61,2.638,1.076,0.971,0.717,0.54,0.079
22.3,3.656,2.683,1.092,0.97,0.716,0.54,0.078
22.400000000000002,3.674,2.7,1.098,0.972,0.716,0.541,0.079
22.5,3.728,2.752,1.116,0.973,0.717,0.542,0.079
22.6,3.703,2.728,1.108,0.973,0.718,0.544,0.08
22.700000000000003,3.647,2.674,1.089,0.974,0.718,0.547,0.08
22.8,3.671,2.697,1.097,0.974,0.718,0.547,0.081
22.900000000000002,3.727,2.751,1.116,0.976,0.718,0.548,0.081
23.0,3.703,2.728,1.107,0.977,0.718,0.549,0.081
23.1,3.693,2.718,1.104,0.978,0.719,0.55,0.082
23.200000000000003,3.689,2.715,1.103,0.979,0.718,0.55,0.082
23.3,3.688,2.713,1.102,0.98,0.719,0.551,0.082
23.400000000000002,3.733,2.757,1.118,0.98,0.719,0.552,0.083
23.5,3.705,2.73,1.108,0.98,0.719,0.552,0.083
23.6,3.694,2.719,1.105,0.979,0.718,0.553,0.083
23.700000000000003,3.69,2.715,1.103,0.979,0.718,0.552,0.083
23.8,3.688,2.713,1.102,0.979,0.718,0.553,0.083
23.900000000000002,3.641,2.669,1.087,0.979,0.718,0.553,0.083
24.0,3.715,2.739,1.112,0.98,0.718,0.554,0.083
24.1,3.698,2.723,1.106,0.98,0.718,0.554,0.083
24.200000000000003,3.691,2.716,1.104,0.98,0.719,0.555,0.083
24.3,3.689,2.714,1.103,0.98,0.718,0.556,0.083
24.400000000000002,3.688,2.713,1.102,0.979,0.718,0.556,0.083
24.5,3.687,2.712,1.102,0.98,0.718,0.557,0.084
24.6,3.687,2.712,1.102,0.98,0.717,0.557,0.084
24.700000000000003,3.687,2.712,1.102,0.98,0.717,0.558,0.084
24.8,3.687,2.712,1.102,0.98,0.717,0.557,0.084
24.900000000000002,3.779,2.802,1.134,0.981,0.718,0.558,0.084
25.0,3.724,2.748,1.115,0.98,0.717,0.558,0.085
25.1,3.748,2.771,1.123,0.98,0.718,0.559,0.085
25.200000000000003,3.851,2.871,1.158,0.981,0.717,0.559,0.085
25.3,3.798,2.82,1.14,0.981,0.717,0.56,0.085
25.400000000000002,3.778,2.8,1.133,0.981,0.717,0.561,0.085
25.5,3.812,2.834,1.145,0.981,0.717,0.562,0.086
25.6,3.769,2.792,1.13,0.981,0.718,0.562,0.086
25.700000000000003,3.83,2.85,1.151,0.982,0.718,0.563,0.086
25.8,3.79,2.812,1.137,0.981,0.717,0.564,0.085
25.900000000000002,3.774,2.797,1.132,0.981,0.718,0.564,0.086
26.0,3.768,2.791,1.13,0.981,0.717,0.564,0.086
26.1,3.812,2.833,1.145,0.982,0.718,0.565,0.086
26.200000000000003,3.783,2.805,1.135,0.981,0.718,0.565,0.086
26.3,3.771,2.794,1.131,0.981,0.717,0.566,0.087
26.400000000000002,3.767,2.789,1.129,0.982,0.718,0.566,0.087
26.5,3.765,2.788,1.129,0.982,0.717,0.566,0.086
26.6,3.764,2.787,1.128,0.981,0.717,0.567,0.087
26.700000000000003,3.764,2.787,1.128,0.982,0.717,0.567,0.087
26.8,3.764,2.787,1.128,0.982,0.717,0.567,0.086
26.900000000000002,3.857,2.877,1.16,0.981,0.717,0.568,0.087
27.0,3.801,2.823,1.141,0.982,0.718,0.568,0.087
27.1,3.779,2.801,1.133,0.981,0.717,0.568,0.087
27.200000000000003,3.816,2.837,1.146,0.982,0.717,0.569,0.087
27.3,3.878,2.897,1.167,0.982,0.717,0.57,0.087
27.400000000000002,3.809,2.831,1.144,0.981,0.718,0.57,0.087
27.5,3.782,2.804,1.134,0.982,0.718,0.57,0.087
27.6,3.771,2.794,1.131,0.982,0.717,0.57,0.087
27.700000000000003,3.813,2.834,1.145,0.981,0.717,0.571,0.087
27.8,3.784,2.806,1.135,0.982,0.718,0.572,0.087
27.900000000000002,3.865,2.885,1.163,0.981,0.717,0.572,0.087
28.0,3.944,2.963,1.19,0.982,0.718,0.573,0.087
28.1,3.836,2.857,1.153,0.981,0.717,0.572,0.087
28.200000000000003,3.839,2.86,1.154,0.982,0.717,0.572,0.087
28.3,3.84,2.861,1.154,0.982,0.717,0.573,0.087
28.400000000000002,3.794,2.816,1.139,0.981,0.717,0.573,0.087
28.5,3.822,2.843,1.148,0.981,0.717,0.573,0.087
28.6,3.834,2.854,1.152,0.982,0.717,0.573,0.088
28.700000000000003,3.838,2.859,1.153,0.982,0.718,0.575,0.088
28.8,3.84,2.86,1.154,0.982,0.718,0.576,0.087
28.900000000000002,3.841,2.861,1.154,0.984,0.719,0.576,0.087
29.0,3.841,2.861,1.154,0.985,0.719,0.577,0.088
29.1,3.841,2.862,1.154,0.986,0.72,0.577,0.088
29.200000000000003,3.841,2.862,1.154,0.986,0.721,0.579,0.088
29.3,3.841,2.862,1.154,0.986,0.721,0.578,0.088
29.400000000000002,3.841,2.862,1.154,0.992,0.724,0.581,0.088
29.5,3.841,2.862,1.154,0.988,0.722,0.58,0.088
29.6,3.841,2.862,1.154,0.986,0.721,0.58,0.088
29.700000000000003,3.841,2.862,1.154,0.986,0.721,0.58,0.089
29.8,3.841,2.862,1.154,0.985,0.722,0.58,0.088
29.900000000000002,3.749,2.772,1.123,0.986,0.721,0.58,0.088
30.0,3.804,2.826,1.142,0.986,0.721,0.58,0.088
30.1,3.826,2.847,1.149,0.986,0.72,0.581,0.088
30.200000000000003,3.929,2.948,1.184,0.986,0.721,0.58,0.088
30.3,3.876,2.896,1.166,0.987,0.721,0.581,0.088
30.400000000000002,3.855,2.875,1.159,0.986,0.721,0.58,0.089
30.5,3.893,2.913,1.172,0.987,0.721,0.581,0.088
30.6,3.862,2.882,1.162,0.987,0.722,0.581,0.088
30.700000000000003,3.85,2.87,1.157,0.987,0.722,0.581,0.089
30.8,3.845,2.865,1.156,0.986,0.722,0.582,0.088
30.900000000000002,3.843,2.863,1.155,0.987,0.722,0.582,0.088
31.0,3.842,2.862,1.155,0.988,0.722,0.581,0.088
31.1,3.841,2.862,1.155,0.987,0.722,0.582,0.087
31.200000000000003,3.888,2.907,1.17,0.988,0.721,0.582,0.088
31.3,3.86,2.88,1.161,0.987,0.721,0.583,0.089
31.400000000000002,3.849,2.869,1.157,0.988,0.721,0.583,0.088
31.5,3.844,2.865,1.156,0.988,0.722,0.583,0.088
31.6,3.889,2.908,1.171,0.987,0.721,0.583,0.088
31.700000000000003,3.86,2.88,1.161,0.988,0.721,0.583,0.088
31.8,3.802,2.824,1.141,0.987,0.721,0.583,0.089
31.900000000000002,3.826,2.847,1.149,0.988,0.721,0.584,0.089
32.0,3.835,2.856,1.152,0.988,0.722,0.583,0.088
32.1,3.839,2.859,1.154,0.987,0.721,0.584,0.088
32.2,3.84,2.861,1.154,0.987,0.722,0.584,0.088
32.300000000000004,3.841,2.861,1.154,0.987,0.722,0.585,0.088
32.4,3.841,2.861,1.154,0.986,0.722,0.585,0.089
32.5,3.795,2.816,1.139,0.987,0.722,0.586,0.089
32.6,3.823,2.844,1.148,0.987,0.722,0.586,0.089
32.7,3.834,2.854,1.152,0.987,0.721,0.586,0.088
32.800000000000004,3.885,2.904,1.169,0.987,0.722,0.585,0.088
32.9,3.859,2.879,1.16,0.986,0.721,0.586,0.088
33.0,3.848,2.868,1.157,0.987,0.722,0.587,0.089
33.1,3.844,2.864,1.155,0.988,0.722,0.586,0.089
33.2,3.936,2.954,1.187,0.987,0.722,0.587,0.089
33.300000000000004,3.879,2.899,1.167,0.988,0.722,0.588,0.089
33.4,3.903,2.922,1.176,0.988,0.722,0.588,0.089
33.5,3.913,2.931,1.179,0.989,0.722,0.588,0.089
33.6,3.87,2.89,1.164,0.988,0.722,0.588,0.089
33.7,3.899,2.918,1.174,0.987,0.721,0.588,0.089
33.800000000000004,3.911,2.93,1.178,0.986,0.721,0.588,0.089
33.9,3.869,2.889,1.164,0.987,0.721,0.589,0.089
34.0,3.852,2.873,1.158,0.987,0.721,0.588,0.089
34.1,3.846,2.866,1.156,0.987,0.722,0.588,0.089
34.2,3.843,2.863,1.155,0.986,0.722,0.589,0.089
34.300000000000004,3.842,2.862,1.155,0.987,0.721,0.589,0.089
34.4,3.888,2.907,1.171,0.986,0.722,0.589,0.089
34.5,3.907,2.926,1.177,0.987,0.721,0.589,0.089
34.6,3.961,2.979,1.195,0.987,0.721,0.589,0.089
34.7,3.889,2.909,1.171,0.988,0.722,0.59,0.09
34.800000000000004,3.907,2.926,1.177,0.988,0.721,0.59,0.089
34.9,3.914,2.933,1.179,0.988,0.721,0.59,0.09
35.0,3.917,2.936,1.18,0.989,0.722,0.59,0.089
35.1,3.918,2.937,1.181,0.988,0.722,0.59,0.09
35.2,3.872,2.892,1.165,0.989,0.722,0.591,0.09
35.300000000000004,3.9,2.919,1.175,0.988,0.722,0.591,0.09
35.4,3.911,2.93,1.178,0.988,0.722,0.591,0.09
35.5,3.916,2.935,1.18,0.988,0.721,0.591,0.089
35.6,3.871,2.891,1.165,0.988,0.722,0.591,0.089
35.7,3.947,2.965,1.191,0.987,0.721,0.592,0.09
35.800000000000004,3.93,2.949,1.185,0.987,0.722,0.592,0.089
35.9,3.97,2.988,1.199,0.987,0.722,0.591,0.089
36.0,3.893,2.912,1.172,0.988,0.722,0.592,0.089
36.1,3.909,2.927,1.177,0.989,0.722,0.593,0.09
36.2,3.915,2.934,1.18,0.988,0.722,0.593,0.09
36.300000000000004,3.917,2.936,1.18,0.987,0.723,0.593,0.091
36.4,3.918,2.937,1.181,0.988,0.722,0.593,0.091
36.5,3.872,2.892,1.165,0.987,0.722,0.594,0.09
36.6,3.9,2.919,1.175,0.988,0.721,0.594,0.09
36.7,3.911,2.93,1.178,0.988,0.721,0.594,0.091
36.800000000000004,3.916,2.935,1.18,0.987,0.721,0.594,0.091
36.9,3.918,2.936,1.181,0.988,0.722,0.594,0.09
37.0,3.918,2.937,1.181,0.989,0.722,0.595,0.09
37.1,3.919,2.937,1.181,0.988,0.722,0.596,0.09
37.2,3.966,2.984,1.197,0.988,0.722,0.595,0.09
37.300000000000004,3.938,2.956,1.187,0.988,0.722,0.594,0.09
37.4,3.926,2.945,1.184,0.989,0.723,0.595,0.091
37.5,3.922,2.941,1.182,0.989,0.722,0.596,0.09
37.6,3.92,2.939,1.181,0.988,0.722,0.596,0.09
37.7,3.919,2.938,1.181,0.988,0.722,0.596,0.091
37.800000000000004,3.919,2.938,1.181,0.989,0.723,0.596,0.091
37.9,3.919,2.938,1.181,0.989,0.723,0.596,0.091
38.0,3.919,2.938,1.181,0.99,0.724,0.596,0.09
38.1,3.919,2.938,1.181,0.99,0.724,0.596,0.091
38.2,3.919,2.938,1.181,0.99,0.724,0.597,0.091
38.300000000000004,3.919,2.938,1.181,0.99,0.723,0.598,0.09
38.400000000000006,4.06,3.078,1.23,0.99,0.724,0.597,0.09
38.5,3.976,2.994,1.2,0.989,0.723,0.597,0.09
38.6,3.942,2.96,1.189,0.989,0.723,0.598,0.091
38.7,3.928,2.947,1.184,0.989,0.724,0.597,0.091
38.800000000000004,3.923,2.941,1.182,0.989,0.724,0.597,0.091
38.900000000000006,3.92,2.939,1.182,0.989,0.724,0.597,0.091
39.0,3.92,2.938,1.181,0.988,0.723,0.598,0.09
39.1,3.919,2.938,1.181,0.989,0.724,0.598,0.091
39.2,3.919,2.938,1.181,0.989,0.724,0.598,0.091
39.300000000000004,3.919,2.938,1.181,0.991,0.723,0.598,0.091
39.400000000000006,3.919,2.938,1.181,0.99,0.724,0.598,0.091
39.5,3.919,2.938,1.181,0.99,0.723,0.598,0.09
39.6,3.872,2.892,1.165,0.989,0.724,0.598,0.091
39.7,3.9,2.919,1.175,0.989,0.724,0.598,0.091
39.800000000000004,3.958,2.976,1.195,0.989,0.723,0.598,0.09
39.900000000000006,3.935,2.953,1.186,0.989,0.724,0.599,0.091
40.0,3.925,2.944,1.183,0.989,0.724,0.598,0.091
40.1,3.921,2.94,1.182,0.989,0.724,0.598,0.091
40.2,3.92,2.939,1.181,0.99,0.724,0.599,0.091
40.300000000000004,3.919,2.938,1.181,0.989,0.724,0.598,0.091
40.400000000000006,3.919,2.938,1.181,0.99,0.724,0.599,0.091
40.5,3.919,2.938,1.181,0.989,0.724,0.599,0.091
40.6,3.919,2.938,1.181,0.99,0.724,0.599,0.091
40.7,3.919,2.938,1.181,0.989,0.724,0.6,0.091
40.800000000000004,3.966,2.984,1.197,0.99,0.724,0.601,0.091
40.900000000000006,3.938,2.956,1.187,0.99,0.725,0.601,0.092
41.0,3.926,2.945,1.184,0.99,0.724,0.601,0.091
41.1,4.016,3.033,1.214,0.991,0.724,0.601,0.092
41.2,3.958,2.976,1.194,0.99,0.725,0.601,0.092
41.300000000000004,3.934,2.953,1.186,0.991,0.724,0.602,0.091
41.400000000000006,3.925,2.944,1.183,0.992,0.725,0.602,0.091
41.5,3.921,2.94,1.182,0.992,0.725,0.603,0.091
41.6,3.92,2.939,1.181,0.992,0.724,0.602,0.091
41.7,4.013,3.031,1.213,0.992,0.724,0.602,0.091
41.800000000000004,3.957,2.975,1.194,0.992,0.725,0.602,0.091
41.900000000000006,3.981,2.999,1.202,0.992,0.725,0.603,0.091
42.0,3.991,3.008,1.206,0.992,0.724,0.604,0.091
42.1,3.948,2.966,1.191,0.991,0.725,0.604,0.091
42.2,3.977,2.995,1.201,0.991,0.724,0.604,0.091
42.300000000000004,4.036,3.053,1.221,0.99,0.724,0.604,0.091
42.400000000000006,4.013,3.03,1.213,0.991,0.724,0.604,0.091
42.5,4.003,3.021,1.21,0.99,0.724,0.604,0.091
42.6,4.047,3.064,1.225,0.99,0.724,0.604,0.091
42.7,4.017,3.034,1.215,0.99,0.725,0.604,0.092
42.800000000000004,3.958,2.976,1.194,0.991,0.724,0.603,0.092
42.900000000000006,3.982,2.999,1.202,0.99,0.725,0.604,0.091
43.0,3.944,2.962,1.19,0.991,0.725,0.604,0.091
43.1,3.929,2.947,1.184,0.991,0.724,0.604,0.092
43.2,3.923,2.942,1.182,0.99,0.724,0.604,0.092
43.300000000000004,4.015,3.032,1.214,0.99,0.724,0.604,0.092
43.400000000000006,3.957,2.975,1.194,0.992,0.724,0.604,0.092
43.5,3.934,2.953,1.186,0.991,0.724,0.604,0.091
43.6,3.925,2.944,1.183,0.991,0.724,0.604,0.092
43.7,3.921,2.94,1.182,0.992,0.724,0.605,0.092
43.800000000000004,3.92,2.939,1.181,0.992,0.725,0.605,0.092
43.900000000000006,4.013,3.031,1.213,0.993,0.725,0.605,0.091
44.0,3.957,2.975,1.194,0.992,0.725,0.606,0.092
44.1,3.981,2.999,1.202,0.992,0.725,0.605,0.091
44.2,3.944,2.962,1.19,0.992,0.725,0.606,0.092
44.300000000000004,4.023,3.04,1.217,0.991,0.725,0.605,0.092
44.400000000000006,4.007,3.025,1.211,0.992,0.725,0.606,0.091
44.5,4.001,3.019,1.209,0.992,0.725,0.606,0.092
44.6,3.999,3.016,1.208,0.992,0.726,0.605,0.092
44.7,3.951,2.969,1.192,0.992,0.725,0.606,0.092
44.800000000000004,3.979,2.996,1.201,0.992,0.726,0.607,0.092
44.900000000000006,3.99,3.007,1.205,0.993,0.726,0.606,0.092
45.0,3.994,3.012,1.207,0.993,0.726,0.607,0.092
45.1,3.996,3.013,1.207,0.993,0.725,0.607,0.092
45.2,3.997,3.014,1.208,0.993,0.726,0.607,0.092
45.300000000000004,3.997,3.014,1.208,0.991,0.726,0.607,0.092
45.400000000000006,4.044,3.061,1.224,0.992,0.725,0.606,0.092
45.5,4.016,3.033,1.214,0.992,0.725,0.607,0.093
45.6,3.958,2.976,1.194,0.993,0.725,0.606,0.092
45.7,4.029,3.046,1.219,0.993,0.726,0.606,0.093
45.800000000000004,4.01,3.027,1.212,0.993,0.726,0.606,0.093
45.900000000000006,4.002,3.019,1.209,0.993,0.726,0.607,0.092
46.0,3.999,3.016,1.208,0.992,0.726,0.608,0.093
46.1,3.998,3.015,1.208,0.992,0.726,0.608,0.093
46.2,4.187,3.204,1.273,0.993,0.726,0.608,0.092
46.300000000000004,4.073,3.09,1.234,0.992,0.725,0.608,0.093
46.400000000000006,4.122,3.139,1.251,0.992,0.725,0.608,0.092
46.5,4.047,3.064,1.225,0.993,0.724,0.609,0.092
46.6,4.017,3.034,1.215,0.993,0.725,0.609,0.092
46.7,4.005,3.022,1.211,0.992,0.726,0.608,0.093
46.800000000000004,4,3.018,1.209,0.993,0.726,0.609,0.093
46.900000000000006,3.998,3.016,1.208,0.992,0.725,0.609,0.093
47.0,3.998,3.015,1.208,0.992,0.725,0.608,0.092
47.1,3.997,3.015,1.208,0.992,0.725,0.609,0.092
47.2,3.997,3.015,1.208,0.992,0.726,0.608,0.092
47.300000000000004,3.997,3.015,1.208,0.993,0.726,0.609,0.092
47.400000000000006,3.997,3.014,1.208,0.993,0.725,0.609,0.092
47.5,3.997,3.014,1.208,0.991,0.726,0.609,0.092
47.6,3.997,3.014,1.208,0.992,0.726,0.609,0.092
47.7,4.044,3.061,1.224,0.993,0.726,0.61,0.092
47.800000000000004,4.063,3.08,1.23,0.992,0.726,0.609,0.092
47.900000000000006,4.024,3.041,1.217,0.993,0.726,0.61,0.093
48.0,4.102,3.119,1.244,0.993,0.726,0.61,0.093
48.1,4.039,3.056,1.222,0.992,0.726,0.61,0.093
48.2,4.014,3.031,1.214,0.993,0.726,0.61,0.092
48.300000000000004,4.004,3.021,1.21,0.992,0.726,0.611,0.093
48.400000000000006,4,3.017,1.209,0.992,0.725,0.611,0.092
48.5,3.998,3.016,1.208,0.993,0.726,0.612,0.093
48.6,3.951,2.969,1.192,0.992,0.726,0.611,0.092
48.7,3.979,2.996,1.201,0.993,0.726,0.611,0.093
48.800000000000004,4.037,3.054,1.221,0.993,0.726,0.61,0.093
48.900000000000006,4.013,3.03,1.213,0.993,0.726,0.611,0.092
49.0,4.098,3.115,1.242,0.993,0.726,0.612,0.093
49.1,4.085,3.101,1.238,0.993,0.726,0.612,0.093
49.2,4.032,3.049,1.22,0.991,0.726,0.612,0.092
49.300000000000004,4.011,3.028,1.213,0.992,0.725,0.611,0.093
49.400000000000006,4.003,3.02,1.21,0.992,0.726,0.61,0.093
49.5,3.999,3.017,1.209,0.991,0.726,0.611,0.092
49.6,3.998,3.015,1.208,0.992,0.726,0.611,0.093
49.7,3.998,3.015,1.208,0.992,0.726,0.61,0.093
49.800000000000004,3.997,3.015,1.208,0.993,0.726,0.611,0.093
49.900000000000006,3.997,3.015,1.208,0.992,0.727,0.612,0.093
50.0,3.997,3.014,1.208,0.992,0.727,0.612,0.092
50.1,4.044,3.061,1.224,0.993,0.727,0.612,0.092
50.2,4.016,3.033,1.214,0.992,0.726,0.612,0.093
50.300000000000004,4.052,3.069,1.227,0.993,0.727,0.612,0.093
50.400000000000006,4.066,3.083,1.231,0.992,0.727,0.612,0.093
50.5,4.025,3.042,1.217,0.992,0.727,0.612,0.093
50.6,4.008,3.025,1.212,0.992,0.726,0.612,0.093
50.7,4.002,3.019,1.209,0.992,0.727,0.612,0.093
50.800000000000004,3.999,3.016,1.208,0.993,0.727,0.612,0.092
50.900000000000006,3.904,2.923,1.176,0.992,0.726,0.611,0.092
51.0,3.96,2.978,1.195,0.991,0.727,0.612,0.093
51.1,4.029,3.047,1.219,0.992,0.727,0.612,0.092
51.2,4.01,3.027,1.212,0.991,0.726,0.612,0.092
51.300000000000004,4.002,3.02,1.21,0.99,0.727,0.611,0.093
51.400000000000006,3.999,3.017,1.208,0.992,0.726,0.611,0.093
51.5,3.998,3.015,1.208,0.991,0.727,0.611,0.093
51.6,3.794,2.861,1.146,0.94,0.69,0.58,0.088
51.7,3.631,2.738,1.097,0.9,0.66,0.555,0.084
51.800000000000004,3.501,2.64,1.058,0.868,0.636,0.536,0.081
51.900000000000006,3.42,2.585,1.034,0.842,0.617,0.52,0.079
52.0,3.332,2.518,1.008,0.821,0.602,0.507,0.077
52.1,3.274,2.475,0.99,0.805,0.59,0.497,0.076
52.2,3.215,2.43,0.972,0.792,0.581,0.489,0.074
52.300000000000004,3.169,2.394,0.958,0.781,0.573,0.482,0.073
52.400000000000006,3.143,2.376,0.951,0.773,0.567,0.477,0.072
52.5,3.135,2.374,0.949,0.766,0.562,0.473,0.072
52.6,3.104,2.349,0.939,0.761,0.558,0.47,0.071
52.7,3.092,2.341,0.936,0.757,0.555,0.467,0.071
52.800000000000004,3.07,2.323,0.929,0.754,0.552,0.465,0.07
52.900000000000006,3.052,2.308,0.923,0.751,0.55,0.463,0.07
53.0,3.038,2.296,0.919,0.748,0.549,0.462,0.07
53.1,3.027,2.287,0.915,0.746,0.547,0.46,0.07
53.2,3.007,2.268,0.909,0.745,0.546,0.459,0.069
53.300000000000004,3.002,2.264,0.907,0.744,0.545,0.459,0.069
53.400000000000006,2.998,2.261,0.906,0.743,0.545,0.458,0.069
53.5,2.983,2.247,0.901,0.742,0.544,0.457,0.069
53.6,2.971,2.236,0.897,0.742,0.544,0.457,0.069
53.7,2.962,2.227,0.894,0.741,0.544,0.456,0.069
53.800000000000004,2.955,2.22,0.891,0.741,0.543,0.456,0.068
53.900000000000006,2.96,2.226,0.893,0.74,0.543,0.455,0.068
54.0,2.941,2.208,0.887,0.74,0.543,0.454,0.068
54.1,2.926,2.193,0.882,0.739,0.543,0.454,0.068
54.2,2.903,2.171,0.874,0.739,0.543,0.453,0.068
54.300000000000004,2.872,2.141,0.864,0.739,0.543,0.453,0.068
54.400000000000006,2.848,2.118,0.855,0.739,0.542,0.453,0.068
54.5,2.806,2.077,0.841,0.739,0.542,0.452,0.068
54.6,2.783,2.055,0.833,0.738,0.542,0.452,0.067
54.7,2.765,2.038,0.827,0.738,0.542,0.452,0.067
54.800000000000004,2.751,2.024,0.822,0.738,0.543,0.451,0.067
54.900000000000006,2.74,2.013,0.819,0.738,0.543,0.451,0.067
55.0,2.73,2.004,0.815,0.738,0.543,0.451,0.067
55.1,2.723,1.997,0.813,0.738,0.543,0.45,0.066
55.2,2.717,1.992,0.811,0.739,0.543,0.45,0.066
55.300000000000004,2.713,1.987,0.809,0.739,0.543,0.45,0.066
55.400000000000006,2.709,1.983,0.808,0.739,0.543,0.45,0.066
55.5,2.729,2.003,0.815,0.739,0.543,0.449,0.066
55.6,2.711,1.985,0.809,0.739,0.543,0.449,0.066
55.7,2.685,1.96,0.8,0.739,0.543,0.448,0.066
55.800000000000004,2.664,1.94,0.793,0.739,0.543,0.448,0.066
55.900000000000006,2.647,1.925,0.787,0.739,0.543,0.448,0.066
56.0,2.645,1.923,0.787,0.739,0.543,0.448,0.066
56.1,2.643,1.921,0.786,0.739,0.543,0.448,0.066
56.2,2.642,1.92,0.786,0.739,0.543,0.447,0.066
56.300000000000004,2.676,1.952,0.797,0.739,0.543,0.447,0.066
56.400000000000006,2.668,1.945,0.794,0.739,0.543,0.447,0.066
56.5,2.662,1.939,0.792,0.739,0.543,0.447,0.066
56.6,2.668,1.945,0.794,0.739,0.543,0.446,0.066
56.7,2.662,1.939,0.792,0.738,0.543,0.446,0.065
56.800000000000004,2.669,1.945,0.794,0.738,0.543,0.445,0.065
56.900000000000006,2.674,1.95,0.796,0.738,0.543,0.444,0.065
57.0,2.666,1.943,0.794,0.738,0.543,0.443,0.065
57.1,2.661,1.937,0.792,0.737,0.543,0.443,0.065
57.2,2.656,1.933,0.79,0.737,0.543,0.442,0.064
57.300000000000004,2.652,1.929,0.789,0.736,0.543,0.441,0.064
57.400000000000006,2.649,1.926,0.788,0.736,0.543,0.44,0.064
57.5,2.647,1.924,0.787,0.736,0.543,0.439,0.064
57.6,2.645,1.922,0.786,0.735,0.543,0.438,0.063
57.7,2.632,1.91,0.782,0.735,0.543,0.437,0.063
57.800000000000004,2.633,1.911,0.782,0.734,0.543,0.436,0.063
57.900000000000006,2.623,1.901,0.779,0.734,0.542,0.435,0.063
58.0,2.614,1.893,0.776,0.734,0.542,0.434,0.063
58.1,2.607,1.887,0.774,0.734,0.542,0.433,0.062
58.2,2.591,1.871,0.768,0.733,0.542,0.432,0.062
58.300000000000004,2.589,1.869,0.768,0.733,0.542,0.431,0.062
58.400000000000006,2.576,1.857,0.763,0.733,0.542,0.43,0.062
58.5,2.577,1.858,0.764,0.733,0.542,0.43,0.062
58.6,2.578,1.859,0.764,0.733,0.542,0.429,0.062
58.7,2.578,1.859,0.764,0.733,0.542,0.428,0.062
58.800000000000004,2.579,1.86,0.764,0.733,0.542,0.428,0.062
58.900000000000006,2.579,1.86,0.764,0.733,0.542,0.428,0.062
59.0,2.579,1.86,0.764,0.733,0.542,0.428,0.062
59.1,2.568,1.85,0.761,0.734,0.542,0.429,0.062
59.2,2.571,1.852,0.762,0.734,0.542,0.429,0.062
59.300000000000004,2.573,1.854,0.762,0.735,0.542,0.429,0.062
59.400000000000006,2.574,1.856,0.763,0.735,0.543,0.43,0.062
59.5,2.576,1.857,0.763,0.736,0.543,0.43,0.063
59.6,2.577,1.858,0.764,0.736,0.543,0.43,0.063
59.7,2.578,1.858,0.764,0.736,0.543,0.43,0.063
59.800000000000004,2.578,1.859,0.764,0.736,0.543,0.43,0.063
59.900000000000006,2.579,1.86,0.764,0.736,0.543,0.43,0.063
60.0,2.579,1.86,0.764,0.736,0.543,0.429,0.062
60.1,2.579,1.86,0.764,0.736,0.543,0.429,0.062
60.2,2.58,1.86,0.765,0.736,0.543,0.428,0.062
60.300000000000004,2.58,1.861,0.765,0.736,0.543,0.428,0.062
60.400000000000006,2.591,1.872,0.768,0.735,0.543,0.427,0.062
60.5,2.601,1.88,0.772,0.735,0.543,0.427,0.062
60.6,2.597,1.877,0.77,0.735,0.543,0.426,0.062
60.7,2.616,1.895,0.777,0.735,0.544,0.425,0.062
60.800000000000004,2.621,1.899,0.778,0.735,0.544,0.424,0.062
60.900000000000006,2.624,1.902,0.779,0.734,0.543,0.424,0.062
61.0,2.638,1.916,0.784,0.734,0.543,0.423,0.062
61.1,2.638,1.916,0.784,0.734,0.543,0.422,0.062
61.2,2.638,1.915,0.784,0.733,0.543,0.422,0.062
61.300000000000004,2.626,1.905,0.78,0.733,0.543,0.421,0.062
61.400000000000006,2.629,1.907,0.781,0.733,0.543,0.42,0.061
61.5,2.63,1.908,0.782,0.733,0.543,0.419,0.061
61.6,2.632,1.91,0.782,0.733,0.543,0.419,0.061
61.7,2.633,1.911,0.782,0.733,0.543,0.418,0.061
61.800000000000004,2.622,1.901,0.779,0.732,0.543,0.417,0.061
61.900000000000006,2.614,1.893,0.776,0.732,0.543,0.417,0.061
62.0,2.607,1.887,0.774,0.732,0.543,0.416,0.061
62.1,2.602,1.882,0.772,0.732,0.543,0.415,0.061
62.2,2.598,1.878,0.771,0.732,0.543,0.414,0.061
62.300000000000004,2.606,1.885,0.773,0.732,0.543,0.414,0.061
62.400000000000006,2.612,1.891,0.775,0.732,0.543,0.413,0.061
62.5,2.606,1.885,0.773,0.732,0.543,0.412,0.061
62.6,2.601,1.88,0.772,0.732,0.544,0.412,0.06
62.7,2.597,1.877,0.77,0.731,0.544,0.411,0.06
62.800000000000004,2.594,1.874,0.769,0.731,0.544,0.41,0.06
62.900000000000006,2.591,1.871,0.768,0.731,0.544,0.41,0.06
63.0,2.589,1.869,0.768,0.73,0.543,0.409,0.06
63.1,2.61,1.889,0.775,0.73,0.543,0.408,0.06
63.2,2.604,1.884,0.773,0.73,0.543,0.407,0.06
63.300000000000004,2.599,1.879,0.771,0.73,0.543,0.406,0.06
63.400000000000006,2.584,1.865,0.766,0.73,0.543,0.405,0.06
63.5,2.584,1.864,0.766,0.729,0.543,0.404,0.06
63.6,2.572,1.853,0.762,0.729,0.543,0.404,0.06
63.7,2.562,1.844,0.759,0.729,0.543,0.403,0.06
63.800000000000004,2.555,1.837,0.756,0.729,0.543,0.403,0.06
63.900000000000006,2.56,1.842,0.758,0.729,0.543,0.402,0.06
64.0,2.564,1.846,0.759,0.729,0.543,0.402,0.06
64.10000000000001,2.567,1.849,0.76,0.729,0.543,0.401,0.06
64.2,2.57,1.851,0.761,0.729,0.543,0.401,0.06
64.3,2.584,1.864,0.766,0.729,0.543,0.4,0.059
64.4,2.606,1.885,0.773,0.729,0.543,0.4,0.059
64.5,2.612,1.891,0.775,0.729,0.543,0.399,0.059
64.60000000000001,2.629,1.907,0.781,0.729,0.543,0.398,0.059
64.7,2.619,1.898,0.778,0.729,0.543,0.398,0.059
64.8,2.611,1.891,0.775,0.729,0.543,0.397,0.059
64.9,2.605,1.885,0.773,0.729,0.544,0.397,0.059
65.0,2.589,1.869,0.768,0.729,0.543,0.396,0.059
65.10000000000001,2.587,1.868,0.767,0.728,0.543,0.395,0.059
65.2,2.586,1.867,0.767,0.728,0.544,0.394,0.059
65.3,2.585,1.866,0.766,0.728,0.544,0.394,0.059
65.4,2.584,1.865,0.766,0.727,0.543,0.393,0.059
65.5,2.583,1.864,0.766,0.727,0.543,0.392,0.059
65.60000000000001,2.583,1.864,0.766,0.727,0.543,0.391,0.058
65.7,2.582,1.863,0.765,0.727,0.543,0.391,0.058
65.8,2.582,1.863,0.765,0.727,0.543,0.39,0.058
65.9,2.582,1.863,0.765,0.727,0.543,0.389,0.058
66.0,2.582,1.862,0.765,0.726,0.543,0.388,0.058
66.10000000000001,2.581,1.862,0.765,0.726,0.543,0.387,0.058
66.2,2.581,1.862,0.765,0.726,0.543,0.386,0.058
66.3,2.581,1.862,0.765,0.726,0.543,0.386,0.058
66.4,2.581,1.862,0.765,0.725,0.543,0.385,0.058
66.5,2.581,1.862,0.765,0.725,0.543,0.384,0.058
66.60000000000001,2.581,1.862,0.765,0.725,0.543,0.383,0.057
66.7,2.581,1.862,0.765,0.725,0.543,0.382,0.057
66.8,2.581,1.862,0.765,0.725,0.543,0.381,0.057
66.9,2.581,1.862,0.765,0.725,0.543,0.38,0.057
67.0,2.581,1.862,0.765,0.724,0.543,0.379,0.057
67.10000000000001,2.581,1.862,0.765,0.724,0.543,0.378,0.057
67.2,2.581,1.862,0.765,0.724,0.543,0.377,0.057
67.3,2.569,1.851,0.761,0.724,0.543,0.377,0.057
67.4,2.583,1.864,0.766,0.724,0.543,0.376,0.057
67.5,2.56,1.842,0.758,0.724,0.543,0.375,0.057
67.60000000000001,2.553,1.835,0.756,0.724,0.543,0.375,0.057
67.7,2.559,1.841,0.757,0.724,0.543,0.374,0.057
67.8,2.552,1.834,0.755,0.724,0.543,0.374,0.058
67.9,2.546,1.829,0.753,0.723,0.543,0.373,0.058
68.0,2.553,1.836,0.756,0.723,0.543,0.373,0.058
68.10000000000001,2.593,1.873,0.769,0.723,0.543,0.372,0.058
68.2,2.602,1.882,0.772,0.723,0.543,0.372,0.058
68.3,2.609,1.888,0.774,0.723,0.543,0.371,0.058
68.4,2.615,1.894,0.776,0.723,0.543,0.37,0.058
68.5,2.608,1.887,0.774,0.723,0.543,0.37,0.058
68.60000000000001,2.602,1.882,0.772,0.723,0.543,0.37,0.058
68.7,2.587,1.867,0.767,0.723,0.543,0.369,0.058
68.8,2.574,1.856,0.763,0.723,0.543,0.369,0.058
68.9,2.564,1.846,0.759,0.723,0.543,0.368,0.058
69.0,2.556,1.839,0.757,0.723,0.543,0.368,0.058
69.10000000000001,2.561,1.843,0.758,0.723,0.543,0.367,0.058
69.2,2.565,1.847,0.76,0.723,0.543,0.367,0.058
69.3,2.568,1.85,0.761,0.723,0.543,0.367,0.058
69.4,2.526,1.81,0.747,0.723,0.543,0.366,0.058
69.5,2.514,1.8,0.743,0.723,0.543,0.366,0.058
69.60000000000001,2.539,1.823,0.751,0.724,0.543,0.366,0.058
69.7,2.559,1.841,0.758,0.724,0.543,0.367,0.058
69.8,2.575,1.856,0.763,0.724,0.543,0.367,0.058
69.9,2.576,1.857,0.763,0.725,0.543,0.367,0.058
70.0,2.577,1.858,0.764,0.725,0.543,0.368,0.059
70.10000000000001,2.566,1.848,0.76,0.725,0.543,0.368,0.059
70.2,2.581,1.862,0.765,0.726,0.543,0.369,0.059
70.3,2.569,1.851,0.761,0.726,0.543,0.369,0.059
70.4,2.56,1.842,0.758,0.726,0.543,0.369,0.059
70.5,2.553,1.836,0.756,0.726,0.543,0.37,0.059
70.60000000000001,2.57,1.852,0.761,0.726,0.543,0.37,0.059
70.7,2.572,1.854,0.762,0.726,0.543,0.37,0.059
70.8,2.574,1.855,0.763,0.726,0.543,0.37,0.059
70.9,2.575,1.856,0.763,0.726,0.543,0.37,0.059
71.0,2.576,1.857,0.763,0.726,0.543,0.37,0.059
71.10000000000001,2.577,1.858,0.764,0.726,0.543,0.37,0.059
71.2,2.567,1.848,0.76,0.726,0.543,0.37,0.059
71.3,2.569,1.851,0.761,0.726,0.543,0.369,0.059
71.4,2.572,1.853,0.762,0.726,0.543,0.369,0.059
71.5,2.562,1.844,0.759,0.726,0.543,0.369,0.059
71.60000000000001,2.566,1.848,0.76,0.726,0.543,0.369,0.059
71.7,2.569,1.85,0.761,0.726,0.543,0.369,0.059
71.8,2.571,1.853,0.762,0.726,0.543,0.369,0.059
71.9,2.562,1.844,0.759,0.726,0.543,0.37,0.059
72.0,2.566,1.847,0.76,0.726,0.543,0.37,0.059
72.10000000000001,2.557,1.84,0.757,0.726,0.543,0.37,0.059
72.2,2.573,1.855,0.762,0.726,0.543,0.37,0.06
72.3,2.575,1.856,0.763,0.726,0.543,0.37,0.06
72.4,2.587,1.868,0.767,0.726,0.543,0.37,0.06
72.5,2.586,1.867,0.767,0.726,0.543,0.37,0.06
72.60000000000001,2.574,1.855,0.763,0.726,0.543,0.37,0.059
72.7,2.553,1.835,0.755,0.726,0.543,0.369,0.06
72.8,2.547,1.83,0.754,0.726,0.543,0.369,0.06
72.9,2.542,1.826,0.752,0.726,0.543,0.369,0.059
73.0,2.539,1.822,0.751,0.726,0.543,0.369,0.059
73.10000000000001,2.536,1.819,0.75,0.726,0.543,0.369,0.059
73.2,2.534,1.817,0.749,0.726,0.542,0.369,0.059
73.3,2.532,1.815,0.748,0.726,0.542,0.368,0.059
73.4,2.53,1.814,0.748,0.726,0.542,0.368,0.059
73.5,2.529,1.813,0.748,0.726,0.542,0.368,0.059
73.60000000000001,2.54,1.823,0.751,0.726,0.542,0.368,0.059
73.7,2.548,1.831,0.754,0.726,0.542,0.368,0.059
73.8,2.543,1.826,0.752,0.726,0.542,0.368,0.059
73.9,2.539,1.823,0.751,0.726,0.543,0.368,0.059
74.0,2.525,1.809,0.746,0.726,0.543,0.368,0.059
74.10000000000001,2.525,1.809,0.746,0.726,0.543,0.368,0.059
74.2,2.536,1.82,0.75,0.726,0.543,0.367,0.059
74.3,2.534,1.817,0.749,0.726,0.543,0.367,0.059
74.4,2.532,1.816,0.749,0.726,0.543,0.367,0.059
74.5,2.519,1.804,0.744,0.726,0.543,0.366,0.059
74.60000000000001,2.532,1.815,0.748,0.726,0.543,0.366,0.059
74.7,2.519,1.803,0.744,0.726,0.543,0.365,0.059
74.8,2.509,1.794,0.741,0.725,0.543,0.365,0.059
74.9,2.501,1.786,0.738,0.725,0.543,0.364,0.059
75.0,2.505,1.791,0.74,0.725,0.543,0.364,0.058
75.10000000000001,2.509,1.794,0.741,0.725,0.543,0.364,0.058
75.2,2.512,1.797,0.742,0.725,0.543,0.363,0.058
75.3,2.504,1.789,0.739,0.725,0.543,0.363,0.058
75.4,2.497,1.782,0.737,0.725,0.543,0.363,0.058
75.5,2.502,1.788,0.739,0.725,0.543,0.363,0.058
75.60000000000001,2.507,1.792,0.74,0.725,0.543,0.362,0.058
75.7,2.499,1.785,0.737,0.725,0.543,0.362,0.058
75.8,2.493,1.779,0.735,0.725,0.543,0.362,0.058
75.9,2.499,1.785,0.738,0.725,0.543,0.362,0.058
76.0,2.504,1.79,0.739,0.725,0.543,0.362,0.058
76.10000000000001,2.508,1.794,0.741,0.725,0.543,0.362,0.058
76.2,2.512,1.797,0.742,0.725,0.543,0.361,0.058
76.3,2.514,1.799,0.743,0.725,0.543,0.361,0.058
76.4,2.516,1.801,0.743,0.725,0.543,0.361,0.058
76.5,2.518,1.802,0.744,0.725,0.543,0.361,0.058
76.60000000000001,2.519,1.804,0.744,0.725,0.543,0.361,0.058
76.7,2.52,1.805,0.745,0.725,0.543,0.361,0.058
76.80000000000001,2.521,1.805,0.745,0.724,0.543,0.361,0.058
76.9,2.522,1.806,0.745,0.724,0.543,0.361,0.059
77.0,2.534,1.817,0.749,0.724,0.543,0.361,0.058
77.10000000000001,2.532,1.815,0.748,0.724,0.543,0.361,0.059
77.2,2.53,1.814,0.748,0.724,0.543,0.361,0.059
77.30000000000001,2.518,1.802,0.744,0.724,0.542,0.361,0.059
77.4,2.519,1.804,0.744,0.724,0.542,0.361,0.059
77.5,2.543,1.826,0.752,0.725,0.542,0.361,0.059
77.60000000000001,2.551,1.833,0.755,0.725,0.542,0.361,0.059
77.7,2.534,1.818,0.749,0.725,0.543,0.361,0.059
77.80000000000001,2.532,1.816,0.749,0.725,0.542,0.361,0.059
77.9,2.531,1.814,0.748,0.725,0.542,0.361,0.058
78.0,2.529,1.813,0.748,0.724,0.543,0.36,0.058
78.10000000000001,2.528,1.812,0.747,0.724,0.542,0.36,0.058
78.2,2.528,1.812,0.747,0.725,0.542,0.36,0.058
78.30000000000001,2.527,1.811,0.747,0.725,0.542,0.359,0.058
78.4,2.526,1.81,0.747,0.725,0.542,0.359,0.058
78.5,2.526,1.81,0.747,0.724,0.542,0.359,0.058
78.60000000000001,3.04,2.178,0.898,0.872,0.653,0.431,0.07
78.7,3.246,2.325,0.959,0.931,0.697,0.46,0.075
78.80000000000001,3.328,2.384,0.983,0.954,0.716,0.471,0.077
78.9,3.406,2.45,1.008,0.963,0.723,0.475,0.077
79.0,3.392,2.434,1.003,0.967,0.725,0.476,0.078
79.10000000000001,3.387,2.428,1.001,0.968,0.726,0.477,0.078
79.2,3.384,2.425,1,0.968,0.727,0.477,0.078
79.30000000000001,3.383,2.424,1,0.969,0.727,0.478,0.078
79.4,3.565,2.597,1.061,0.969,0.727,0.477,0.078
79.5,3.456,2.493,1.024,0.97,0.727,0.477,0.078
79.60000000000001,3.412,2.451,1.01,0.97,0.728,0.478,0.078
79.7,3.395,2.435,1.004,0.97,0.727,0.478,0.078
79.80000000000001,3.388,2.428,1.001,0.97,0.727,0.478,0.078
79.9,3.385,2.425,1,0.97,0.727,0.478,0.078
80.0,3.384,2.424,1,0.971,0.727,0.478,0.078
80.10000000000001,3.338,2.382,0.985,0.971,0.727,0.478,0.079
80.2,3.41,2.449,1.009,0.971,0.727,0.478,0.078
80.30000000000001,3.349,2.392,0.988,0.972,0.727,0.478,0.079
80.4,3.369,2.411,0.995,0.971,0.726,0.478,0.078
80.5,3.332,2.376,0.983,0.97,0.726,0.478,0.078
80.60000000000001,3.408,2.447,1.008,0.97,0.727,0.478,0.078
80.7,3.393,2.433,1.003,0.972,0.727,0.479,0.079
80.80000000000001,3.432,2.47,1.016,0.973,0.727,0.48,0.079
80.9,3.403,2.442,1.006,0.973,0.728,0.481,0.079
81.0,3.391,2.431,1.002,0.973,0.727,0.483,0.08
81.10000000000001,3.386,2.426,1.001,0.974,0.727,0.485,0.08
81.2,3.384,2.425,1,0.974,0.727,0.486,0.08
81.30000000000001,3.383,2.424,1,0.976,0.727,0.488,0.081
81.4,3.383,2.424,1,0.976,0.727,0.489,0.081
81.5,3.428,2.466,1.015,0.977,0.727,0.491,0.081
81.60000000000001,3.537,2.57,1.052,0.977,0.728,0.492,0.081
81.7,3.535,2.568,1.051,0.977,0.727,0.493,0.082
81.80000000000001,3.535,2.567,1.051,0.977,0.727,0.493,0.082
81.9,3.534,2.566,1.051,0.976,0.727,0.494,0.082
82.0,3.534,2.566,1.05,0.976,0.727,0.495,0.082
82.10000000000001,3.58,2.61,1.066,0.975,0.727,0.495,0.082
82.2,3.552,2.584,1.057,0.975,0.727,0.495,0.082
82.30000000000001,3.541,2.573,1.053,0.974,0.727,0.496,0.083
82.4,3.537,2.569,1.051,0.975,0.727,0.496,0.083
82.5,3.581,2.611,1.066,0.975,0.727,0.497,0.083
82.60000000000001,3.553,2.584,1.057,0.975,0.727,0.498,0.083
82.7,3.587,2.617,1.068,0.976,0.727,0.498,0.083
82.80000000000001,3.555,2.586,1.058,0.976,0.727,0.499,0.084
82.9,3.543,2.574,1.053,0.976,0.727,0.5,0.083
83.0,3.537,2.569,1.052,0.977,0.727,0.5,0.083
83.10000000000001,3.535,2.567,1.051,0.977,0.727,0.5,0.083
83.2,3.58,2.61,1.066,0.976,0.728,0.501,0.084
83.30000000000001,3.553,2.584,1.057,0.977,0.727,0.501,0.084
83.4,3.541,2.573,1.053,0.976,0.727,0.502,0.084
83.5,3.583,2.612,1.067,0.976,0.727,0.503,0.084
83.60000000000001,3.599,2.628,1.072,0.977,0.727,0.503,0.084
83.7,3.606,2.634,1.075,0.977,0.727,0.504,0.084
83.80000000000001,3.654,2.681,1.091,0.977,0.727,0.505,0.084
83.9,3.628,2.656,1.082,0.977,0.727,0.507,0.084
84.0,3.617,2.645,1.079,0.977,0.727,0.506,0.084
84.10000000000001,3.613,2.641,1.077,0.977,0.726,0.507,0.085
84.2,3.657,2.684,1.092,0.977,0.727,0.51,0.084
84.30000000000001,3.629,2.657,1.083,0.977,0.727,0.511,0.085
84.4,3.618,2.646,1.079,0.977,0.728,0.513,0.085
84.5,3.659,2.686,1.093,0.977,0.727,0.514,0.085
84.60000000000001,3.63,2.657,1.083,0.978,0.727,0.514,0.085
84.7,3.664,2.69,1.094,0.978,0.727,0.514,0.085
84.80000000000001,3.632,2.659,1.083,0.977,0.728,0.515,0.085
84.9,3.619,2.647,1.079,0.977,0.728,0.516,0.086
85.0,3.614,2.642,1.077,0.978,0.727,0.517,0.086
85.10000000000001,3.704,2.729,1.108,0.978,0.727,0.518,0.086
85.2,3.648,2.675,1.089,0.979,0.728,0.519,0.086
85.30000000000001,3.764,2.787,1.128,0.979,0.727,0.519,0.086
85.4,3.672,2.698,1.097,0.978,0.728,0.52,0.086
85.5,3.635,2.662,1.084,0.978,0.728,0.521,0.086
85.60000000000001,3.62,2.648,1.079,0.978,0.727,0.521,0.086
85.7,3.66,2.687,1.093,0.978,0.727,0.523,0.086
85.80000000000001,3.676,2.702,1.098,0.977,0.727,0.524,0.086
85.9,3.683,2.708,1.101,0.979,0.727,0.524,0.086
86.0,3.685,2.71,1.101,0.978,0.726,0.524,0.086
86.10000000000001,3.686,2.711,1.102,0.979,0.727,0.525,0.086
86.2,3.687,2.712,1.102,0.98,0.728,0.526,0.087
86.30000000000001,3.687,2.712,1.102,0.98,0.727,0.526,0.086
86.4,3.687,2.712,1.102,0.98,0.728,0.526,0.086
86.5,3.687,2.712,1.102,0.98,0.727,0.527,0.087
86.60000000000001,3.687,2.712,1.102,0.98,0.727,0.527,0.087
86.7,3.687,2.712,1.102,0.98,0.728,0.528,0.087
86.80000000000001,3.733,2.757,1.118,0.98,0.728,0.529,0.088
86.9,3.705,2.73,1.108,0.979,0.727,0.531,0.088
87.0,3.648,2.675,1.089,0.98,0.728,0.532,0.088
87.10000000000001,3.718,2.742,1.113,0.979,0.728,0.532,0.088
87.2,3.699,2.724,1.106,0.978,0.729,0.532,0.088
87.30000000000001,3.692,2.717,1.104,0.978,0.728,0.533,0.088
87.4,3.689,2.714,1.103,0.979,0.727,0.533,0.087
87.5,3.688,2.713,1.102,0.98,0.728,0.534,0.088
87.60000000000001,3.733,2.757,1.118,0.98,0.727,0.534,0.087
87.7,3.752,2.775,1.124,0.98,0.728,0.535,0.088
87.80000000000001,3.805,2.827,1.142,0.981,0.728,0.536,0.088
87.9,3.78,2.803,1.134,0.981,0.729,0.536,0.088
88.0,3.724,2.748,1.115,0.981,0.729,0.537,0.088
88.10000000000001,3.702,2.727,1.107,0.98,0.728,0.538,0.089
88.2,3.693,2.718,1.104,0.98,0.728,0.538,0.089
88.30000000000001,3.689,2.714,1.103,0.981,0.728,0.539,0.088
88.4,3.688,2.713,1.102,0.981,0.729,0.54,0.088
88.5,3.687,2.712,1.102,0.98,0.728,0.54,0.088
88.60000000000001,3.733,2.757,1.118,0.98,0.727,0.54,0.088
88.7,3.752,2.775,1.124,0.98,0.727,0.541,0.088
88.80000000000001,3.713,2.737,1.111,0.981,0.727,0.541,0.089
88.9,3.743,2.767,1.121,0.981,0.727,0.542,0.088
89.0,3.756,2.779,1.125,0.98,0.727,0.542,0.088
89.10000000000001,3.714,2.739,1.111,0.98,0.728,0.543,0.089
89.2,3.79,2.812,1.137,0.981,0.727,0.544,0.089
89.30000000000001,3.774,2.797,1.132,0.98,0.727,0.545,0.089
89.4,3.768,2.791,1.13,0.981,0.727,0.545,0.089
89.5,3.765,2.788,1.129,0.981,0.728,0.546,0.089
89.60000000000001,3.764,2.787,1.128,0.98,0.728,0.547,0.089
89.7,3.718,2.742,1.113,0.981,0.727,0.548,0.089
89.80000000000001,3.745,2.769,1.122,0.98,0.727,0.548,0.089
89.9,3.756,2.779,1.126,0.98,0.727,0.548,0.089
90.0,3.761,2.784,1.127,0.98,0.726,0.548,0.089
90.10000000000001,3.763,2.785,1.128,0.98,0.727,0.548,0.089
90.2,3.763,2.786,1.128,0.981,0.727,0.549,0.089
90.30000000000001,3.764,2.786,1.128,0.981,0.727,0.549,0.09
90.4,3.764,2.786,1.128,0.981,0.728,0.55,0.089
90.5,3.764,2.786,1.128,0.981,0.727,0.55,0.089
90.60000000000001,3.764,2.786,1.128,0.981,0.727,0.551,0.089
90.7,3.764,2.786,1.128,0.981,0.727,0.551,0.089
90.80000000000001,3.764,2.786,1.128,0.981,0.727,0.552,0.089
90.9,3.764,2.786,1.128,0.981,0.728,0.552,0.09
91.0,3.764,2.786,1.128,0.981,0.727,0.553,0.089
91.10000000000001,3.764,2.786,1.128,0.981,0.727,0.553,0.089
91.2,3.764,2.786,1.128,0.98,0.726,0.553,0.089
91.30000000000001,3.81,2.832,1.144,0.981,0.727,0.554,0.09
91.4,3.829,2.85,1.15,0.981,0.727,0.555,0.09
91.5,3.836,2.857,1.153,0.981,0.727,0.556,0.09
91.60000000000001,3.793,2.815,1.138,0.98,0.727,0.556,0.091
91.7,3.775,2.798,1.132,0.981,0.727,0.557,0.09
91.80000000000001,3.768,2.791,1.13,0.982,0.727,0.557,0.09
91.9,3.812,2.833,1.145,0.981,0.728,0.557,0.091
92.0,3.783,2.805,1.135,0.981,0.727,0.557,0.09
92.10000000000001,3.772,2.794,1.131,0.981,0.727,0.558,0.09
92.2,3.813,2.835,1.145,0.981,0.727,0.558,0.09
92.30000000000001,3.83,2.851,1.151,0.981,0.727,0.559,0.091
92.4,3.837,2.857,1.153,0.981,0.727,0.559,0.09
92.5,3.793,2.815,1.138,0.98,0.727,0.559,0.091
92.60000000000001,3.822,2.843,1.148,0.981,0.727,0.559,0.09
92.7,3.833,2.854,1.152,0.982,0.727,0.56,0.091
92.80000000000001,3.885,2.904,1.169,0.982,0.728,0.561,0.091
92.9,3.859,2.879,1.16,0.981,0.728,0.561,0.091
93.0,3.848,2.868,1.157,0.982,0.729,0.562,0.09
93.10000000000001,3.844,2.864,1.155,0.982,0.728,0.563,0.091
93.2,3.842,2.863,1.155,0.982,0.728,0.564,0.09
93.30000000000001,3.842,2.862,1.155,0.981,0.727,0.564,0.091
93.4,3.841,2.862,1.155,0.982,0.727,0.564,0.091
93.5,3.841,2.862,1.155,0.983,0.727,0.565,0.091
93.60000000000001,3.841,2.862,1.155,0.982,0.728,0.565,0.091
93.7,3.841,2.862,1.155,0.982,0.729,0.565,0.091
93.80000000000001,3.841,2.862,1.154,0.982,0.728,0.566,0.092
93.9,3.841,2.862,1.154,0.981,0.727,0.566,0.091
94.0,3.841,2.862,1.154,0.982,0.727,0.566,0.091
94.10000000000001,3.841,2.862,1.154,0.981,0.727,0.566,0.091
94.2,3.841,2.862,1.154,0.981,0.727,0.566,0.091
94.30000000000001,3.841,2.862,1.154,0.981,0.727,0.566,0.091
94.4,3.935,2.953,1.186,0.982,0.727,0.567,0.091
94.5,3.879,2.898,1.167,0.982,0.728,0.567,0.092
94.60000000000001,3.856,2.876,1.16,0.982,0.727,0.567,0.091
94.7,3.847,2.867,1.157,0.983,0.727,0.568,0.091
94.80000000000001,3.844,2.864,1.155,0.982,0.728,0.569,0.091
94.9,3.842,2.863,1.155,0.983,0.727,0.569,0.091
95.0,3.842,2.862,1.155,0.983,0.727,0.57,0.092
95.10000000000001,3.841,2.862,1.155,0.982,0.727,0.57,0.091
95.2,3.841,2.862,1.155,0.982,0.727,0.57,0.091
95.30000000000001,3.841,2.862,1.155,0.983,0.727,0.571,0.091
95.4,3.841,2.862,1.155,0.982,0.727,0.572,0.091
95.5,3.841,2.862,1.154,0.983,0.728,0.572,0.091
95.60000000000001,3.841,2.862,1.154,0.983,0.729,0.573,0.091
95.7,3.841,2.862,1.154,0.982,0.728,0.572,0.091
95.80000000000001,3.841,2.862,1.154,0.983,0.728,0.573,0.092
95.9,3.841,2.862,1.154,0.983,0.728,0.573,0.092
96.0,3.841,2.862,1.154,0.983,0.728,0.572,0.092
96.10000000000001,3.841,2.862,1.154,0.983,0.729,0.573,0.092
96.2,3.888,2.907,1.17,0.982,0.728,0.575,0.092
96.30000000000001,3.86,2.88,1.161,0.982,0.727,0.576,0.092
96.4,3.895,2.914,1.173,0.983,0.728,0.575,0.092
96.5,3.863,2.883,1.162,0.983,0.728,0.574,0.092
96.60000000000001,3.85,2.87,1.157,0.984,0.729,0.575,0.091
96.7,3.891,2.911,1.172,0.983,0.728,0.576,0.092
96.80000000000001,3.908,2.927,1.177,0.983,0.727,0.576,0.092
96.9,3.868,2.888,1.164,0.983,0.728,0.576,0.092
97.0,3.852,2.872,1.158,0.984,0.727,0.576,0.092
97.10000000000001,3.892,2.911,1.172,0.984,0.728,0.577,0.092
97.2,3.908,2.927,1.177,0.983,0.728,0.578,0.092
97.30000000000001,3.868,2.888,1.164,0.983,0.728,0.577,0.092
97.4,3.899,2.918,1.174,0.984,0.728,0.577,0.092
97.5,3.911,2.93,1.178,0.985,0.727,0.578,0.092
97.60000000000001,3.963,2.981,1.196,0.984,0.728,0.579,0.092
97.7,3.936,2.955,1.187,0.984,0.728,0.578,0.092
97.80000000000001,3.926,2.944,1.183,0.984,0.728,0.579,0.092
97.9,3.922,2.94,1.182,0.983,0.727,0.58,0.092
98.0,3.92,2.939,1.181,0.983,0.727,0.58,0.093
98.10000000000001,3.919,2.938,1.181,0.984,0.728,0.58,0.093
98.2,3.919,2.938,1.181,0.983,0.728,0.58,0.092
98.30000000000001,3.966,2.984,1.197,0.983,0.728,0.58,0.092
98.4,3.985,3.002,1.203,0.984,0.729,0.58,0.092
98.5,3.945,2.963,1.19,0.983,0.728,0.58,0.092
98.60000000000001,3.929,2.948,1.185,0.983,0.727,0.581,0.093
98.7,4.017,3.034,1.215,0.984,0.728,0.581,0.093
98.80000000000001,3.958,2.976,1.194,0.985,0.728,0.582,0.092
98.9,3.935,2.953,1.186,0.984,0.729,0.582,0.093
99.0,3.925,2.944,1.183,0.983,0.728,0.582,0.093
99.10000000000001,3.968,2.986,1.198,0.983,0.728,0.582,0.092
99.2,3.939,2.957,1.188,0.983,0.729,0.583,0.093
99.30000000000001,3.974,2.992,1.2,0.983,0.729,0.583,0.093
99.4,3.941,2.959,1.189,0.983,0.729,0.583,0.092
99.5,3.975,2.992,1.2,0.984,0.729,0.584,0.093
99.60000000000001,3.941,2.96,1.189,0.985,0.729,0.585,0.093
99.7,3.928,2.946,1.184,0.984,0.729,0.584,0.093
99.80000000000001,3.923,2.941,1.182,0.983,0.729,0.584,0.093
99.9,3.92,2.939,1.182,0.983,0.729,0.585,0.093
100.0,3.92,2.938,1.181,0.983,0.729,0.585,0.093
100.10000000000001,3.919,2.938,1.181,0.983,0.729,0.585,0.093
100.2,3.919,2.938,1.181,0.984,0.728,0.586,0.093
100.30000000000001,4.013,3.03,1.213,0.984,0.729,0.586,0.093
100.4,3.957,2.975,1.194,0.984,0.729,0.587,0.093
100.5,3.934,2.952,1.186,0.984,0.728,0.586,0.093
100.60000000000001,3.925,2.944,1.183,0.985,0.728,0.587,0.093
100.7,3.968,2.986,1.198,0.985,0.729,0.588,0.093
100.80000000000001,3.939,2.957,1.188,0.985,0.729,0.588,0.093
100.9,3.927,2.945,1.184,0.985,0.729,0.588,0.093
101.0,3.922,2.941,1.182,0.985,0.729,0.588,0.093
101.10000000000001,4.014,3.032,1.214,0.984,0.728,0.588,0.093
101.2,3.957,2.975,1.194,0.985,0.729,0.589,0.093
101.30000000000001,4.028,3.045,1.218,0.984,0.729,0.589,0.093
101.4,4.057,3.073,1.228,0.983,0.728,0.589,0.094
101.5,3.974,2.992,1.2,0.984,0.728,0.588,0.093
101.60000000000001,3.941,2.959,1.189,0.983,0.729,0.589,0.093
101.7,4.022,3.039,1.216,0.984,0.728,0.589,0.093
101.80000000000001,3.96,2.978,1.195,0.984,0.729,0.589,0.093
101.9,3.935,2.954,1.187,0.983,0.729,0.59,0.093
102.0,3.926,2.944,1.183,0.984,0.728,0.59,0.093
102.10000000000001,3.969,2.986,1.198,0.984,0.727,0.591,0.093
102.2,3.986,3.003,1.204,0.984,0.727,0.59,0.093
102.30000000000001,4.04,3.057,1.222,0.984,0.728,0.59,0.093
102.4,4.014,3.031,1.214,0.983,0.729,0.59,0.093
102.5,4.051,3.068,1.226,0.983,0.729,0.59,0.094
102.60000000000001,4.019,3.036,1.215,0.984,0.729,0.591,0.093
102.7,4.053,3.07,1.227,0.984,0.728,0.59,0.093
102.80000000000001,4.019,3.037,1.215,0.983,0.727,0.591,0.093
102.9,4.006,3.023,1.211,0.983,0.727,0.591,0.094
103.0,4.001,3.018,1.209,0.983,0.727,0.591,0.093
103.10000000000001,3.952,2.97,1.192,0.983,0.728,0.591,0.093
103.2,3.979,2.997,1.202,0.983,0.727,0.591,0.093
103.30000000000001,3.943,2.961,1.189,0.983,0.728,0.592,0.093
103.4,3.975,2.993,1.2,0.983,0.729,0.592,0.093
103.5,3.942,2.96,1.189,0.983,0.728,0.592,0.094
103.60000000000001,3.928,2.946,1.184,0.983,0.727,0.593,0.094
103.7,3.969,2.987,1.198,0.983,0.728,0.593,0.094
103.80000000000001,3.939,2.957,1.188,0.984,0.729,0.593,0.094
103.9,3.974,2.992,1.2,0.983,0.729,0.594,0.093
104.0,3.941,2.959,1.189,0.983,0.728,0.594,0.094
104.10000000000001,3.975,2.992,1.2,0.984,0.729,0.594,0.093
104.2,3.941,2.96,1.189,0.983,0.728,0.593,0.093
104.30000000000001,3.928,2.946,1.184,0.983,0.727,0.594,0.093
104.4,3.923,2.941,1.182,0.984,0.728,0.594,0.094
104.5,3.967,2.985,1.198,0.984,0.728,0.595,0.094
104.60000000000001,3.985,3.003,1.204,0.983,0.729,0.594,0.094
104.7,3.992,3.01,1.206,0.983,0.728,0.594,0.094
104.80000000000001,3.995,3.013,1.207,0.984,0.728,0.595,0.094
104.9,3.996,3.014,1.208,0.984,0.729,0.596,0.094
105.0,3.95,2.968,1.192,0.985,0.728,0.596,0.094
105.10000000000001,3.978,2.996,1.201,0.984,0.729,0.596,0.094
105.2,3.99,3.007,1.205,0.985,0.729,0.596,0.094
105.30000000000001,3.994,3.012,1.207,0.984,0.728,0.597,0.094
105.4,3.996,3.013,1.207,0.985,0.728,0.596,0.094
105.5,3.997,3.014,1.208,0.984,0.729,0.596,0.094
105.60000000000001,3.997,3.014,1.208,0.985,0.729,0.597,0.095
105.7,3.997,3.014,1.208,0.985,0.73,0.596,0.094
105.80000000000001,3.997,3.014,1.208,0.985,0.729,0.596,0.094
105.9,3.997,3.014,1.208,0.984,0.729,0.597,0.094
106.0,3.997,3.014,1.208,0.986,0.728,0.597,0.094
106.10000000000001,3.997,3.014,1.208,0.985,0.729,0.597,0.094
106.2,4.044,3.061,1.224,0.985,0.729,0.598,0.095
106.30000000000001,4.016,3.033,1.214,0.985,0.73,0.598,0.094
106.4,4.005,3.022,1.21,0.985,0.729,0.597,0.095
106.5,4,3.017,1.209,0.985,0.729,0.598,0.094
106.60000000000001,3.998,3.016,1.208,0.986,0.729,0.598,0.095
106.7,3.998,3.015,1.208,0.986,0.729,0.599,0.095
106.80000000000001,3.997,3.015,1.208,0.986,0.729,0.599,0.095
106.9,3.997,3.015,1.208,0.987,0.729,0.598,0.095
107.0,3.997,3.015,1.208,0.986,0.729,0.598,0.095
107.10000000000001,4.092,3.108,1.24,0.985,0.729,0.598,0.095
107.2,4.035,3.052,1.221,0.985,0.73,0.599,0.095
107.30000000000001,4.012,3.029,1.213,0.986,0.729,0.599,0.095
107.4,4.003,3.02,1.21,0.985,0.729,0.599,0.095
107.5,4,3.017,1.209,0.986,0.73,0.599,0.095
107.60000000000001,4.188,3.205,1.274,0.985,0.73,0.599,0.094
107.7,4.264,3.28,1.299,0.986,0.73,0.599,0.094
107.80000000000001,4.151,3.167,1.261,0.986,0.73,0.599,0.094
107.9,4.059,3.076,1.229,0.986,0.729,0.6,0.095
108.0,3.975,2.993,1.2,0.986,0.73,0.6,0.095
108.10000000000001,3.988,3.006,1.205,0.986,0.73,0.601,0.095
108.2,3.994,3.011,1.207,0.987,0.73,0.602,0.095
108.30000000000001,4.043,3.06,1.223,0.986,0.729,0.6,0.095
108.4,4.015,3.033,1.214,0.986,0.729,0.601,0.095
108.5,4.004,3.022,1.21,0.986,0.73,0.601,0.095
108.60000000000001,4,3.017,1.209,0.985,0.73,0.601,0.095
108.7,3.998,3.016,1.208,0.986,0.729,0.601,0.095
108.80000000000001,4.092,3.109,1.24,0.986,0.729,0.601,0.095
108.9,4.035,3.052,1.221,0.985,0.73,0.601,0.095
109.0,4.012,3.03,1.213,0.986,0.729,0.601,0.095
109.10000000000001,4.003,3.021,1.21,0.985,0.73,0.602,0.095
109.2,4,3.017,1.209,0.985,0.73,0.602,0.095
109.30000000000001,4.093,3.109,1.241,0.986,0.729,0.602,0.096
109.4,4.035,3.052,1.221,0.985,0.73,0.603,0.095
109.5,4.012,3.03,1.213,0.986,0.73,0.602,0.095
109.60000000000001,4.003,3.021,1.21,0.985,0.729,0.602,0.095
109.7,4.094,3.111,1.241,0.986,0.729,0.602,0.095
109.80000000000001,4.036,3.053,1.221,0.985,0.729,0.602,0.095
109.9,4.06,3.077,1.229,0.986,0.729,0.603,0.095
110.0,4.022,3.039,1.216,0.986,0.729,0.604,0.095
110.10000000000001,4.007,3.024,1.211,0.987,0.729,0.604,0.095
110.2,4.001,3.018,1.209,0.986,0.73,0.604,0.096
110.30000000000001,3.999,3.016,1.208,0.986,0.73,0.604,0.095
110.4,3.998,3.015,1.208,0.987,0.73,0.604,0.095
110.5,3.997,3.015,1.208,0.987,0.729,0.604,0.095
110.60000000000001,3.997,3.015,1.208,0.987,0.73,0.604,0.095
110.7,3.997,3.015,1.208,0.986,0.73,0.605,0.095
110.80000000000001,4.092,3.108,1.24,0.987,0.73,0.604,0.095
110.9,4.082,3.099,1.237,0.987,0.729,0.605,0.095
111.0,3.984,3.002,1.203,0.987,0.73,0.605,0.095
111.10000000000001,3.992,3.009,1.206,0.986,0.729,0.604,0.096
111.2,4.042,3.059,1.223,0.986,0.73,0.605,0.096
111.30000000000001,3.968,2.986,1.198,0.987,0.73,0.606,0.095
111.4,3.986,3.003,1.204,0.986,0.73,0.605,0.095
111.5,3.993,3.01,1.206,0.986,0.73,0.606,0.096
111.60000000000001,3.995,3.013,1.207,0.986,0.73,0.605,0.096
111.7,3.996,3.014,1.208,0.987,0.73,0.605,0.095
111.80000000000001,3.997,3.014,1.208,0.986,0.73,0.606,0.095
111.9,4.044,3.061,1.224,0.986,0.73,0.605,0.096
112.0,4.063,3.08,1.23,0.986,0.73,0.606,0.096
112.10000000000001,4.024,3.041,1.217,0.987,0.731,0.606,0.095
112.2,4.008,3.025,1.211,0.986,0.731,0.605,0.096
112.30000000000001,4.096,3.112,1.242,0.987,0.73,0.606,0.095
112.4,4.037,3.054,1.221,0.987,0.73,0.606,0.095
112.5,3.966,2.984,1.197,0.987,0.73,0.606,0.095
112.60000000000001,3.985,3.002,1.204,0.986,0.729,0.606,0.096
112.7,3.992,3.01,1.206,0.986,0.73,0.606,0.095
112.80000000000001,3.995,3.013,1.207,0.986,0.73,0.606,0.095
112.9,3.996,3.014,1.207,0.987,0.73,0.606,0.095
113.0,3.997,3.014,1.208,0.986,0.73,0.606,0.096
113.10000000000001,3.997,3.014,1.208,0.987,0.73,0.606,0.095
113.2,4.092,3.108,1.24,0.986,0.729,0.606,0.096
113.30000000000001,3.988,3.006,1.205,0.986,0.73,0.607,0.096
113.4,3.994,3.011,1.207,0.986,0.73,0.607,0.095
113.5,3.996,3.013,1.207,0.986,0.73,0.607,0.096
113.60000000000001,3.95,2.968,1.192,0.986,0.73,0.607,0.096
113.7,3.978,2.996,1.201,0.986,0.73,0.608,0.096
113.80000000000001,3.99,3.007,1.205,0.986,0.73,0.607,0.096
113.9,3.994,3.011,1.207,0.985,0.729,0.607,0.096
114.0,3.996,3.013,1.207,0.986,0.73,0.607,0.096
114.10000000000001,4.091,3.108,1.24,0.986,0.73,0.608,0.095
114.2,4.035,3.052,1.221,0.986,0.731,0.608,0.095
114.30000000000001,4.012,3.029,1.213,0.986,0.73,0.608,0.096
114.4,3.956,2.974,1.194,0.986,0.73,0.607,0.095
114.5,3.981,2.998,1.202,0.987,0.73,0.608,0.095
114.60000000000001,3.991,3.008,1.206,0.986,0.729,0.608,0.096
114.7,4.042,3.059,1.223,0.986,0.73,0.609,0.096
114.80000000000001,4.015,3.032,1.214,0.987,0.73,0.609,0.096
114.9,4.004,3.022,1.21,0.988,0.73,0.61,0.096
115.0,4.047,3.064,1.225,0.987,0.73,0.61,0.096
115.10000000000001,4.017,3.034,1.215,0.987,0.73,0.609,0.096
115.2,4.005,3.022,1.211,0.986,0.729,0.609,0.095
115.30000000000001,4,3.018,1.209,0.987,0.73,0.61,0.095
115.4,3.998,3.016,1.208,0.987,0.731,0.609,0.096
115.5,3.998,3.015,1.208,0.986,0.73,0.609,0.096
115.60000000000001,3.997,3.015,1.208,0.987,0.731,0.61,0.096
115.7,4.092,3.108,1.24,0.987,0.73,0.609,0.096
115.80000000000001,4.082,3.099,1.237,0.987,0.73,0.609,0.096
115.9,4.031,3.048,1.219,0.988,0.73,0.61,0.096
116.0,4.058,3.075,1.229,0.988,0.73,0.609,0.096
116.10000000000001,4.211,3.228,1.282,0.987,0.73,0.61,0.096
116.2,4.225,3.241,1.286,0.986,0.73,0.609,0.096
116.30000000000001,4.088,3.105,1.239,0.986,0.73,0.61,0.096
116.4,4.034,3.051,1.22,0.987,0.73,0.61,0.096
116.5,4.106,3.123,1.245,0.986,0.73,0.61,0.096
116.60000000000001,4.041,3.058,1.223,0.987,0.73,0.611,0.096
116.7,4.015,3.032,1.214,0.986,0.73,0.612,0.096
116.80000000000001,4.004,3.021,1.21,0.986,0.73,0.611,0.096
116.9,4.094,3.111,1.241,0.986,0.73,0.61,0.096
117.0,4.131,3.147,1.254,0.986,0.73,0.61,0.096
117.10000000000001,4.051,3.067,1.226,0.986,0.731,0.61,0.096
117.2,4.113,3.129,1.248,0.986,0.73,0.611,0.096
117.30000000000001,3.903,2.924,1.176,0.987,0.73,0.612,0.096
117.4,3.96,2.978,1.195,0.986,0.73,0.611,0.096
117.5,4.124,3.141,1.252,0.986,0.73,0.611,0.096
117.60000000000001,4.048,3.065,1.225,0.986,0.729,0.612,0.096
117.7,4.017,3.035,1.215,0.987,0.73,0.612,0.096
117.80000000000001,4.052,3.069,1.227,0.986,0.73,0.612,0.096
117.9,4.114,3.13,1.248,0.986,0.73,0.612,0.096
118.0,4.138,3.155,1.256,0.986,0.73,0.612,0.096
118.10000000000001,4.101,3.117,1.243,0.987,0.731,0.612,0.096
118.2,4.039,3.056,1.222,0.987,0.73,0.612,0.096
118.30000000000001,4.108,3.125,1.246,0.987,0.73,0.612,0.096
118.4,4.089,3.105,1.239,0.986,0.73,0.612,0.096
118.5,4.081,3.097,1.237,0.986,0.73,0.612,0.096
118.60000000000001,4.078,3.094,1.235,0.986,0.73,0.612,0.097
118.7,4.029,3.046,1.219,0.987,0.73,0.612,0.096
118.80000000000001,4.01,3.027,1.212,0.986,0.731,0.612,0.097
118.9,4.002,3.02,1.21,0.987,0.73,0.612,0.096
119.0,4.046,3.063,1.225,0.986,0.731,0.612,0.096
119.10000000000001,4.111,3.128,1.247,0.987,0.73,0.612,0.097
119.2,4.09,3.106,1.24,0.987,0.731,0.613,0.096
119.30000000000001,4.034,3.051,1.221,0.987,0.73,0.612,0.097
119.4,4.012,3.029,1.213,0.987,0.731,0.612,0.096
119.5,4.05,3.067,1.226,0.986,0.73,0.612,0.096
119.60000000000001,4.018,3.035,1.215,0.986,0.73,0.612,0.096
119.7,4.053,3.07,1.227,0.986,0.73,0.612,0.097
119.80000000000001,4.067,3.083,1.232,0.986,0.73,0.613,0.097
119.9,4.025,3.042,1.217,0.987,0.731,0.612,0.096
120.0,4.055,3.072,1.228,0.986,0.73,0.612,0.096
120.10000000000001,4.02,3.038,1.216,0.986,0.73,0.612,0.097
120.2,4.006,3.024,1.211,0.986,0.73,0.612,0.096
120.30000000000001,4.001,3.018,1.209,0.986,0.73,0.613,0.097
120.4,3.999,3.016,1.208,0.986,0.73,0.613,0.096
120.5,3.998,3.015,1.208,0.986,0.731,0.613,0.096
120.60000000000001,4.14,3.156,1.257,0.987,0.731,0.613,0.097
120.7,4.149,3.165,1.26,0.987,0.731,0.613,0.096
120.80000000000001,4.105,3.121,1.245,0.987,0.731,0.612,0.097
120.9,4.135,3.151,1.255,0.986,0.731,0.613,0.097
121.0,4.052,3.069,1.227,0.986,0.73,0.613,0.096
121.10000000000001,4.161,3.178,1.264,0.986,0.73,0.613,0.096
121.2,4.205,3.221,1.279,0.987,0.731,0.613,0.097
121.30000000000001,4.127,3.144,1.253,0.986,0.731,0.614,0.097
121.4,4.096,3.113,1.242,0.986,0.731,0.613,0.096
121.5,4.084,3.1,1.238,0.986,0.73,0.612,0.096
121.60000000000001,4.318,3.336,1.319,0.986,0.73,0.613,0.096
121.7,4.173,3.19,1.268,0.986,0.73,0.613,0.097
121.80000000000001,4.115,3.131,1.248,0.986,0.731,0.614,0.097
121.9,4.139,3.155,1.256,0.986,0.731,0.614,0.096
122.0,4.101,3.117,1.243,0.986,0.732,0.614,0.096
122.10000000000001,4.086,3.102,1.238,0.987,0.731,0.614,0.097
122.2,4.033,3.05,1.22,0.986,0.731,0.614,0.097
122.30000000000001,4.011,3.029,1.213,0.986,0.731,0.614,0.097
122.4,4.003,3.02,1.21,0.986,0.73,0.614,0.097
122.5,3.999,3.017,1.209,0.987,0.731,0.613,0.096
122.60000000000001,3.998,3.015,1.208,0.986,0.731,0.614,0.097
122.7,3.998,3.015,1.208,0.986,0.73,0.613,0.097
122.80000000000001,4.092,3.108,1.24,0.987,0.73,0.613,0.097
122.9,4.035,3.052,1.221,0.986,0.73,0.614,0.097
123.0,4.012,3.03,1.213,0.987,0.731,0.614,0.096
123.10000000000001,4.098,3.114,1.242,0.987,0.73,0.613,0.097
123.2,4.037,3.054,1.222,0.986,0.731,0.614,0.097
123.30000000000001,4.013,3.03,1.213,0.987,0.731,0.614,0.097
123.4,4.004,3.021,1.21,0.986,0.73,0.614,0.096
123.5,4.047,3.064,1.225,0.986,0.73,0.614,0.096
123.60000000000001,4.112,3.128,1.247,0.986,0.731,0.614,0.097
123.7,4.043,3.06,1.223,0.987,0.731,0.614,0.097
123.80000000000001,4.015,3.033,1.214,0.986,0.731,0.614,0.096
123.9,4.004,3.022,1.21,0.987,0.731,0.614,0.096
124.0,4,3.017,1.209,0.987,0.732,0.614,0.097
124.10000000000001,3.951,2.97,1.192,0.987,0.731,0.614,0.097
124.2,3.979,2.996,1.202,0.987,0.73,0.615,0.097
124.30000000000001,3.99,3.007,1.205,0.986,0.731,0.615,0.097
124.4,4.041,3.058,1.223,0.986,0.731,0.615,0.096
124.5,4.015,3.032,1.214,0.986,0.731,0.614,0.097
124.60000000000001,4.004,3.021,1.21,0.986,0.731,0.614,0.097
124.7,4,3.017,1.209,0.987,0.731,0.615,0.097
124.80000000000001,3.998,3.016,1.208,0.987,0.732,0.615,0.097
124.9,3.998,3.015,1.208,0.987,0.732,0.615,0.097
125.0,4.044,3.061,1.224,0.988,0.732,0.615,0.097
125.10000000000001,4.063,3.08,1.23,0.987,0.733,0.615,0.096
125.2,4.024,3.041,1.217,0.987,0.732,0.615,0.097
125.30000000000001,4.008,3.025,1.211,0.987,0.731,0.614,0.097
125.4,4.001,3.019,1.209,0.987,0.732,0.615,0.097
125.5,4.093,3.11,1.241,0.987,0.731,0.615,0.097
125.60000000000001,4.036,3.053,1.221,0.988,0.731,0.615,0.097
125.7,4.107,3.124,1.246,0.987,0.732,0.614,0.097
125.80000000000001,4.088,3.105,1.239,0.986,0.731,0.614,0.096
125.9,4.034,3.051,1.22,0.987,0.731,0.614,0.097
126.0,4.012,3.029,1.213,0.987,0.732,0.614,0.097
126.10000000000001,4.003,3.02,1.21,0.988,0.731,0.614,0.097
126.2,4.047,3.063,1.225,0.988,0.732,0.615,0.097
126.30000000000001,4.017,3.034,1.215,0.987,0.731,0.614,0.097
126.4,4.005,3.022,1.21,0.987,0.732,0.615,0.097
126.5,4,3.018,1.209,0.986,0.731,0.615,0.097
126.60000000000001,3.998,3.016,1.208,0.987,0.731,0.615,0.097
126.7,3.998,3.015,1.208,0.986,0.731,0.614,0.097
126.80000000000001,4.092,3.108,1.24,0.986,0.732,0.615,0.097
126.9,4.035,3.052,1.221,0.986,0.732,0.615,0.096
127.0,4.059,3.076,1.229,0.986,0.732,0.615,0.097
127.10000000000001,4.022,3.039,1.216,0.987,0.731,0.615,0.097
127.2,4.054,3.071,1.227,0.986,0.732,0.615,0.096
127.30000000000001,4.067,3.084,1.232,0.986,0.732,0.615,0.097
127.4,4.025,3.042,1.217,0.986,0.732,0.615,0.097
127.5,4.008,3.026,1.212,0.986,0.731,0.614,0.097
127.60000000000001,4.002,3.019,1.209,0.987,0.731,0.615,0.097
127.7,3.999,3.016,1.208,0.987,0.731,0.615,0.097
127.80000000000001,3.998,3.015,1.208,0.986,0.731,0.615,0.097
127.9,4.045,3.061,1.224,0.986,0.73,0.615,0.097
128.0,4.063,3.08,1.23,0.986,0.73,0.614,0.097
128.1,4.024,3.041,1.217,0.986,0.73,0.615,0.097
128.20000000000002,4.055,3.072,1.228,0.986,0.731,0.615,0.097
128.3,4.02,3.037,1.216,0.986,0.73,0.615,0.097
128.4,4.054,3.07,1.227,0.986,0.731,0.614,0.097
128.5,4.067,3.083,1.232,0.987,0.731,0.615,0.097
128.6,4.072,3.089,1.233,0.987,0.73,0.615,0.097
128.70000000000002,4.027,3.044,1.218,0.987,0.731,0.615,0.098
128.8,4.009,3.026,1.212,0.986,0.731,0.615,0.097
128.9,4.049,3.066,1.226,0.986,0.732,0.615,0.097
129.0,4.16,3.176,1.264,0.987,0.731,0.615,0.097
129.1,4.062,3.079,1.23,0.987,0.731,0.615,0.098
129.20000000000002,4.07,3.087,1.233,0.987,0.731,0.615,0.097
129.3,3.98,2.997,1.202,0.986,0.731,0.615,0.097
129.4,3.99,3.008,1.205,0.986,0.731,0.615,0.097
129.5,3.994,3.012,1.207,0.985,0.731,0.615,0.097
129.6,4.043,3.06,1.224,0.985,0.73,0.615,0.097
129.70000000000002,4.016,3.033,1.214,0.985,0.731,0.614,0.097
129.8,4.052,3.068,1.226,0.985,0.731,0.615,0.097
129.9,4.019,3.036,1.215,0.986,0.732,0.615,0.097
130.0,4.006,3.023,1.211,0.987,0.731,0.615,0.097
130.1,4.001,3.018,1.209,0.987,0.73,0.615,0.097
130.20000000000002,4.046,3.062,1.224,0.986,0.731,0.615,0.098
130.3,4.064,3.08,1.231,0.987,0.732,0.615,0.097
130.4,4.071,3.087,1.233,0.986,0.732,0.615,0.097
130.5,4.027,3.044,1.218,0.987,0.732,0.616,0.098
130.6,4.009,3.026,1.212,0.986,0.731,0.615,0.098
130.70000000000002,4.002,3.019,1.209,0.987,0.732,0.615,0.097
130.8,3.999,3.016,1.208,0.986,0.732,0.615,0.098
130.9,4.045,3.062,1.224,0.987,0.732,0.615,0.098
131.0,3.969,2.987,1.198,0.987,0.731,0.616,0.097
131.1,4.033,3.05,1.22,0.986,0.731,0.616,0.098
131.20000000000002,4.202,3.218,1.278,0.987,0.732,0.615,0.097
131.3,4.079,3.096,1.236,0.986,0.731,0.615,0.097
131.4,4.03,3.047,1.219,0.986,0.731,0.615,0.097
131.5,4.057,3.074,1.228,0.986,0.731,0.615,0.098
131.6,4.068,3.085,1.232,0.986,0.73,0.615,0.097
131.70000000000002,4.073,3.089,1.234,0.986,0.731,0.615,0.098
131.8,4.027,3.044,1.218,0.986,0.732,0.615,0.097
131.9,4.056,3.073,1.228,0.987,0.732,0.615,0.097
132.0,4.021,3.038,1.216,0.987,0.731,0.616,0.097
132.1,4.054,3.07,1.227,0.986,0.731,0.615,0.097
132.20000000000002,4.067,3.084,1.232,0.986,0.732,0.616,0.097
132.3,4.215,3.232,1.283,0.987,0.732,0.616,0.098
132.4,4.084,3.101,1.238,0.987,0.732,0.616,0.097
132.5,4.079,3.096,1.236,0.987,0.731,0.616,0.097
132.6,4.077,3.094,1.235,0.986,0.732,0.615,0.098
132.70000000000002,4.076,3.093,1.235,0.987,0.731,0.615,0.097
132.8,4.076,3.092,1.235,0.986,0.732,0.615,0.098
132.9,4.029,3.046,1.219,0.986,0.731,0.615,0.097
133.0,4.057,3.074,1.228,0.987,0.731,0.616,0.097
133.1,4.068,3.085,1.232,0.987,0.732,0.616,0.097
133.20000000000002,4.026,3.043,1.218,0.987,0.731,0.616,0.097
133.3,4.056,3.072,1.228,0.986,0.731,0.615,0.098
133.4,4.068,3.084,1.232,0.985,0.731,0.616,0.098
133.5,4.073,3.089,1.234,0.986,0.731,0.615,0.098
133.6,4.074,3.091,1.234,0.987,0.732,0.615,0.097
133.70000000000002,4.028,3.045,1.218,0.986,0.732,0.615,0.097
133.8,4.057,3.073,1.228,0.986,0.733,0.615,0.097
133.9,4.068,3.085,1.232,0.986,0.732,0.615,0.097
134.0,4.073,3.089,1.234,0.985,0.731,0.615,0.098
134.1,4.122,3.138,1.251,0.986,0.732,0.616,0.098
134.20000000000002,4.047,3.064,1.225,0.986,0.732,0.616,0.097
134.3,4.017,3.034,1.215,0.985,0.732,0.615,0.097
134.4,4.005,3.022,1.211,0.986,0.731,0.615,0.097
134.5,4.047,3.064,1.225,0.986,0.732,0.616,0.098
134.6,4.064,3.081,1.231,0.986,0.732,0.615,0.097
134.70000000000002,4.071,3.088,1.233,0.987,0.732,0.616,0.098
134.8,4.074,3.09,1.234,0.987,0.732,0.616,0.097
134.9,4.028,3.045,1.218,0.987,0.732,0.616,0.098
135.0,4.057,3.073,1.228,0.987,0.732,0.615,0.098
135.1,4.068,3.085,1.232,0.988,0.733,0.615,0.098
135.20000000000002,4.073,3.089,1.234,0.988,0.732,0.616,0.098
135.3,4.075,3.091,1.234,0.987,0.731,0.616,0.098
135.4,4.075,3.092,1.235,0.986,0.732,0.615,0.098
135.5,4.028,3.045,1.218,0.986,0.732,0.615,0.097
135.6,4.057,3.073,1.228,0.986,0.731,0.616,0.098
135.70000000000002,3.853,2.92,1.167,0.936,0.694,0.585,0.093
135.8,3.678,2.785,1.113,0.896,0.664,0.56,0.089
135.9,3.55,2.689,1.075,0.864,0.641,0.539,0.086
136.0,3.448,2.612,1.044,0.838,0.622,0.523,0.083
136.1,3.39,2.575,1.027,0.817,0.606,0.51,0.081
136.20000000000002,3.296,2.498,0.998,0.801,0.594,0.5,0.079
136.3,3.222,2.436,0.975,0.788,0.585,0.492,0.078
136.4,3.162,2.387,0.956,0.777,0.577,0.485,0.077
136.5,3.103,2.337,0.937,0.769,0.57,0.48,0.076
136.6,3.067,2.308,0.926,0.762,0.566,0.475,0.075
136.70000000000002,3.038,2.284,0.917,0.757,0.562,0.472,0.074
136.8,3.063,2.313,0.926,0.752,0.559,0.469,0.074
136.9,3.023,2.277,0.913,0.749,0.556,0.466,0.073
137.0,3.003,2.26,0.907,0.746,0.554,0.464,0.073
137.1,2.988,2.246,0.902,0.744,0.553,0.463,0.073
137.20000000000002,2.963,2.224,0.894,0.742,0.551,0.462,0.072
137.3,2.944,2.206,0.887,0.74,0.55,0.46,0.072
137.4,2.94,2.204,0.886,0.739,0.549,0.459,0.072
137.5,2.925,2.19,0.881,0.738,0.549,0.458,0.072
137.6,2.913,2.179,0.877,0.737,0.548,0.457,0.071
137.70000000000002,2.916,2.182,0.878,0.736,0.548,0.456,0.071
137.8,2.894,2.161,0.871,0.735,0.547,0.455,0.07
137.9,2.865,2.134,0.861,0.735,0.547,0.453,0.07
138.0,2.843,2.111,0.853,0.734,0.547,0.452,0.07
138.1,2.836,2.105,0.851,0.734,0.547,0.451,0.069
138.20000000000002,2.819,2.089,0.845,0.734,0.547,0.45,0.069
138.3,2.817,2.087,0.845,0.733,0.547,0.449,0.069
138.4,2.804,2.074,0.84,0.733,0.547,0.448,0.069
138.5,2.793,2.064,0.837,0.733,0.547,0.447,0.069
138.6,2.796,2.067,0.838,0.732,0.547,0.446,0.068
138.70000000000002,2.787,2.059,0.835,0.732,0.547,0.445,0.068
138.8,2.769,2.041,0.828,0.731,0.547,0.444,0.068
138.9,2.754,2.026,0.823,0.731,0.546,0.443,0.067
139.0,2.742,2.015,0.819,0.731,0.546,0.442,0.067
139.1,2.732,2.006,0.816,0.73,0.547,0.441,0.067
139.20000000000002,2.724,1.998,0.813,0.73,0.546,0.44,0.067
139.3,2.718,1.992,0.811,0.73,0.546,0.439,0.067
139.4,2.714,1.988,0.81,0.73,0.546,0.438,0.066
139.5,2.698,1.973,0.804,0.729,0.546,0.437,0.066
139.6,2.697,1.972,0.804,0.729,0.546,0.436,0.066
139.70000000000002,2.708,1.983,0.808,0.729,0.546,0.436,0.066
139.8,2.705,1.98,0.807,0.729,0.546,0.435,0.066
139.9,2.703,1.978,0.806,0.729,0.546,0.434,0.066
140.0,2.701,1.976,0.806,0.729,0.547,0.434,0.066
140.1,2.711,1.986,0.809,0.729,0.546,0.433,0.066
140.20000000000002,2.708,1.982,0.808,0.729,0.546,0.433,0.066
140.3,2.728,2.002,0.815,0.729,0.546,0.432,0.066
140.4,2.721,1.995,0.812,0.729,0.546,0.432,0.066
140.5,2.716,1.99,0.81,0.729,0.546,0.431,0.066
140.6,2.712,1.986,0.809,0.729,0.546,0.431,0.066
140.70000000000002,2.72,1.994,0.812,0.729,0.546,0.431,0.066
140.8,2.714,1.989,0.81,0.729,0.546,0.431,0.066
140.9,2.71,1.985,0.809,0.729,0.546,0.431,0.066
141.0,2.707,1.982,0.807,0.729,0.546,0.43,0.066
141.1,2.716,1.99,0.81,0.729,0.546,0.43,0.066
141.20000000000002,2.712,1.986,0.809,0.729,0.546,0.429,0.066
141.3,2.731,2.005,0.816,0.729,0.547,0.428,0.065
141.4,2.724,1.998,0.813,0.729,0.547,0.428,0.065
141.5,2.729,2.003,0.815,0.729,0.547,0.428,0.065
141.6,2.722,1.996,0.813,0.729,0.546,0.427,0.065
141.70000000000002,2.74,2.013,0.818,0.729,0.546,0.426,0.065
141.8,2.719,1.993,0.812,0.729,0.546,0.426,0.065
141.9,2.703,1.977,0.806,0.729,0.546,0.425,0.065
142.0,2.712,1.987,0.809,0.729,0.546,0.425,0.065
142.1,2.697,1.972,0.804,0.729,0.546,0.425,0.065
142.20000000000002,2.708,1.983,0.808,0.729,0.546,0.425,0.065
142.3,2.694,1.969,0.803,0.729,0.546,0.424,0.065
142.4,2.683,1.958,0.799,0.729,0.546,0.424,0.064
142.5,2.685,1.96,0.8,0.729,0.546,0.423,0.064
142.6,2.698,1.973,0.804,0.729,0.546,0.423,0.064
142.70000000000002,2.686,1.962,0.8,0.729,0.546,0.422,0.064
142.8,2.676,1.952,0.797,0.729,0.547,0.421,0.064
142.9,2.657,1.934,0.791,0.728,0.546,0.421,0.064
143.0,2.642,1.919,0.785,0.728,0.546,0.42,0.063
143.1,2.629,1.908,0.781,0.728,0.546,0.42,0.063
143.20000000000002,2.62,1.898,0.778,0.727,0.546,0.419,0.063
143.3,2.623,1.902,0.779,0.727,0.546,0.418,0.063
143.4,2.615,1.894,0.776,0.727,0.546,0.417,0.063
143.5,2.608,1.887,0.774,0.727,0.546,0.416,0.063
143.6,2.591,1.871,0.768,0.726,0.546,0.415,0.063
143.70000000000002,2.578,1.859,0.764,0.726,0.546,0.415,0.062
143.8,2.567,1.849,0.76,0.726,0.546,0.414,0.062
143.9,2.558,1.841,0.757,0.726,0.546,0.413,0.062
144.0,2.552,1.834,0.755,0.726,0.546,0.412,0.062
144.1,2.535,1.819,0.75,0.726,0.546,0.411,0.062
144.20000000000002,2.533,1.817,0.749,0.726,0.546,0.411,0.062
144.3,2.531,1.815,0.748,0.726,0.546,0.41,0.062
144.4,2.553,1.835,0.755,0.725,0.546,0.409,0.062
144.5,2.547,1.83,0.754,0.725,0.546,0.408,0.061
144.6,2.554,1.836,0.756,0.725,0.546,0.407,0.061
144.70000000000002,2.548,1.831,0.754,0.725,0.546,0.407,0.061
144.8,2.566,1.848,0.76,0.725,0.546,0.406,0.061
144.9,2.558,1.84,0.757,0.725,0.546,0.405,0.061
145.0,2.551,1.833,0.755,0.725,0.547,0.404,0.061
145.1,2.546,1.828,0.753,0.725,0.546,0.403,0.061
145.20000000000002,2.541,1.824,0.752,0.724,0.546,0.402,0.061
145.3,2.538,1.821,0.751,0.724,0.546,0.402,0.061
145.4,2.535,1.819,0.75,0.724,0.546,0.401,0.061
145.5,2.544,1.827,0.753,0.724,0.546,0.401,0.061
145.6,2.529,1.813,0.748,0.724,0.547,0.4,0.061
145.70000000000002,2.517,1.802,0.744,0.724,0.547,0.399,0.06
145.8,2.507,1.793,0.74,0.724,0.546,0.399,0.06
145.9,2.545,1.828,0.753,0.724,0.547,0.398,0.06
146.0,2.529,1.814,0.748,0.724,0.547,0.398,0.06
146.1,2.517,1.802,0.744,0.724,0.547,0.397,0.06
146.20000000000002,2.507,1.793,0.74,0.724,0.547,0.397,0.06
146.3,2.5,1.786,0.738,0.724,0.547,0.396,0.06
146.4,2.505,1.79,0.739,0.723,0.547,0.396,0.06
146.5,2.52,1.805,0.745,0.724,0.547,0.395,0.06
146.6,2.51,1.795,0.741,0.724,0.547,0.395,0.06
146.70000000000002,2.524,1.808,0.746,0.724,0.547,0.394,0.06
146.8,2.524,1.808,0.746,0.724,0.546,0.394,0.06
146.9,2.513,1.798,0.742,0.723,0.547,0.393,0.06
147.0,2.504,1.79,0.739,0.723,0.547,0.393,0.06
147.1,2.519,1.804,0.744,0.723,0.547,0.392,0.06
147.20000000000002,2.509,1.794,0.741,0.723,0.547,0.392,0.06
147.3,2.501,1.787,0.738,0.723,0.547,0.391,0.06
147.4,2.494,1.781,0.736,0.723,0.547,0.39,0.06
147.5,2.489,1.776,0.734,0.723,0.547,0.389,0.06
147.6,2.496,1.782,0.737,0.723,0.547,0.389,0.06
147.70000000000002,2.491,1.777,0.735,0.722,0.547,0.388,0.06
147.8,2.498,1.783,0.737,0.722,0.547,0.388,0.06
147.9,2.514,1.799,0.743,0.722,0.547,0.387,0.06
148.0,2.516,1.801,0.743,0.721,0.546,0.386,0.06
148.1,2.529,1.813,0.748,0.721,0.546,0.385,0.06
148.20000000000002,2.54,1.823,0.751,0.721,0.546,0.385,0.06
148.3,2.537,1.82,0.75,0.721,0.546,0.384,0.06
148.4,2.534,1.818,0.749,0.721,0.546,0.384,0.06
148.5,2.544,1.827,0.752,0.721,0.546,0.383,0.06
148.6,2.528,1.812,0.747,0.721,0.546,0.383,0.06
148.70000000000002,2.516,1.801,0.743,0.721,0.546,0.383,0.06
148.8,2.507,1.792,0.74,0.721,0.546,0.383,0.06
148.9,2.499,1.785,0.738,0.721,0.546,0.383,0.06
149.0,2.493,1.779,0.735,0.721,0.546,0.383,0.06
149.1,2.488,1.775,0.734,0.721,0.546,0.382,0.06
149.20000000000002,2.495,1.781,0.736,0.721,0.546,0.382,0.06
149.3,2.479,1.766,0.731,0.721,0.546,0.382,0.06
149.4,2.477,1.764,0.73,0.722,0.546,0.381,0.06
149.5,2.464,1.752,0.726,0.722,0.546,0.38,0.06
149.6,2.465,1.753,0.726,0.722,0.547,0.38,0.06
149.70000000000002,2.466,1.754,0.726,0.722,0.547,0.379,0.06
149.8,2.466,1.754,0.727,0.722,0.547,0.379,0.06
149.9,2.467,1.755,0.727,0.722,0.546,0.378,0.06
150.0,2.467,1.755,0.727,0.722,0.547,0.378,0.06
150.1,2.467,1.755,0.727,0.722,0.547,0.378,0.06
150.20000000000002,2.468,1.755,0.727,0.722,0.547,0.377,0.06
150.3,2.468,1.756,0.727,0.721,0.547,0.377,0.06
150.4,2.468,1.756,0.727,0.721,0.547,0.377,0.06
150.5,2.468,1.756,0.727,0.722,0.547,0.376,0.06
150.6,2.479,1.766,0.731,0.721,0.547,0.376,0.06
150.70000000000002,2.477,1.764,0.73,0.721,0.547,0.375,0.06
150.8,2.475,1.763,0.73,0.721,0.547,0.375,0.059
150.9,2.463,1.751,0.725,0.721,0.546,0.375,0.059
151.0,2.453,1.742,0.722,0.721,0.547,0.374,0.059
151.1,2.456,1.745,0.723,0.721,0.547,0.374,0.059
151.20000000000002,2.447,1.737,0.72,0.721,0.547,0.374,0.059
151.3,2.452,1.741,0.722,0.721,0.547,0.373,0.059
151.4,2.512,1.798,0.742,0.721,0.547,0.373,0.059
151.5,2.503,1.789,0.739,0.721,0.547,0.373,0.059
151.6,2.507,1.793,0.74,0.721,0.546,0.372,0.059
151.70000000000002,2.5,1.786,0.738,0.721,0.546,0.372,0.059
151.8,2.493,1.78,0.736,0.721,0.546,0.371,0.058
151.9,2.488,1.775,0.734,0.721,0.547,0.37,0.058
152.0,2.473,1.761,0.729,0.721,0.546,0.37,0.058
152.1,2.472,1.76,0.729,0.72,0.547,0.369,0.058
152.20000000000002,2.46,1.749,0.725,0.72,0.547,0.369,0.058
152.3,2.451,1.74,0.721,0.72,0.547,0.368,0.058
152.4,2.443,1.733,0.719,0.72,0.547,0.368,0.058
152.5,2.437,1.727,0.717,0.72,0.547,0.367,0.058
152.6,2.443,1.733,0.719,0.719,0.547,0.366,0.058
152.70000000000002,2.448,1.738,0.721,0.719,0.546,0.365,0.058
152.8,2.441,1.731,0.718,0.719,0.546,0.364,0.058
152.9,2.436,1.726,0.716,0.719,0.546,0.364,0.058
153.0,2.453,1.742,0.722,0.718,0.547,0.363,0.058
153.1,2.434,1.725,0.716,0.718,0.546,0.362,0.058
153.20000000000002,2.419,1.71,0.711,0.718,0.546,0.361,0.058
153.3,2.418,1.709,0.71,0.718,0.546,0.361,0.058
153.4,2.417,1.708,0.71,0.718,0.547,0.36,0.057
153.5,2.416,1.708,0.71,0.718,0.547,0.359,0.058
153.60000000000002,2.415,1.707,0.71,0.717,0.546,0.359,0.058
153.70000000000002,2.415,1.707,0.709,0.717,0.546,0.358,0.058
153.8,2.437,1.727,0.717,0.717,0.546,0.358,0.058
153.9,2.454,1.743,0.723,0.717,0.547,0.357,0.058
154.0,2.446,1.736,0.72,0.717,0.547,0.356,0.058
154.10000000000002,2.462,1.75,0.725,0.717,0.547,0.356,0.057
154.20000000000002,2.452,1.741,0.722,0.717,0.547,0.356,0.057
154.3,2.455,1.744,0.723,0.717,0.547,0.355,0.057
154.4,2.447,1.736,0.72,0.717,0.547,0.355,0.057
154.5,2.44,1.73,0.718,0.717,0.547,0.354,0.057
154.60000000000002,2.435,1.725,0.716,0.717,0.547,0.354,0.057
154.70000000000002,2.43,1.721,0.715,0.717,0.547,0.353,0.057
154.8,2.416,1.707,0.71,0.717,0.547,0.353,0.057
154.9,2.415,1.707,0.709,0.717,0.547,0.352,0.057
155.0,2.437,1.727,0.717,0.717,0.546,0.352,0.057
155.10000000000002,2.466,1.754,0.726,0.717,0.547,0.352,0.057
155.20000000000002,2.455,1.744,0.723,0.717,0.546,0.351,0.057
155.3,2.447,1.736,0.72,0.717,0.546,0.351,0.057
155.4,2.44,1.73,0.718,0.717,0.546,0.35,0.057
155.5,2.435,1.725,0.716,0.717,0.546,0.35,0.057
155.60000000000002,2.43,1.721,0.715,0.717,0.547,0.35,0.057
155.70000000000002,2.449,1.738,0.721,0.717,0.546,0.349,0.057
155.8,2.464,1.753,0.726,0.717,0.546,0.349,0.057
155.9,2.476,1.764,0.73,0.717,0.547,0.348,0.057
156.0,2.48,1.768,0.731,0.716,0.547,0.346,0.057
156.10000000000002,2.501,1.786,0.738,0.716,0.547,0.345,0.057
156.20000000000002,2.483,1.77,0.732,0.716,0.547,0.345,0.057
156.3,2.491,1.778,0.735,0.716,0.547,0.344,0.057
156.4,2.476,1.763,0.73,0.716,0.547,0.343,0.057
156.5,2.463,1.751,0.725,0.716,0.547,0.343,0.057
156.60000000000002,2.464,1.752,0.726,0.716,0.546,0.342,0.057
156.70000000000002,2.465,1.753,0.726,0.715,0.547,0.342,0.057
156.8,2.466,1.754,0.726,0.715,0.547,0.342,0.057
156.9,2.497,1.783,0.737,0.716,0.547,0.347,0.057
157.0,2.455,1.744,0.723,0.715,0.546,0.342,0.057
157.10000000000002,2.447,1.736,0.72,0.715,0.546,0.341,0.057
157.20000000000002,2.44,1.73,0.718,0.715,0.547,0.341,0.057
157.3,2.434,1.725,0.716,0.715,0.547,0.341,0.057
157.4,2.43,1.721,0.714,0.716,0.547,0.341,0.057
157.5,2.427,1.718,0.713,0.716,0.547,0.341,0.057
157.60000000000002,2.424,1.715,0.712,0.716,0.547,0.341,0.057
157.70000000000002,2.422,1.713,0.712,0.716,0.547,0.341,0.057
157.8,2.42,1.711,0.711,0.716,0.547,0.34,0.057
157.9,2.441,1.731,0.718,0.716,0.547,0.34,0.057
158.0,2.435,1.726,0.716,0.716,0.546,0.34,0.057
158.10000000000002,2.442,1.732,0.718,0.716,0.547,0.34,0.057
158.20000000000002,2.436,1.726,0.716,0.716,0.546,0.34,0.057
158.3,2.454,1.743,0.722,0.716,0.546,0.34,0.057
158.4,2.457,1.746,0.723,0.716,0.546,0.34,0.057
158.5,2.448,1.737,0.72,0.716,0.546,0.34,0.057
158.60000000000002,2.919,2.066,0.858,0.863,0.658,0.41,0.07
158.70000000000002,3.288,2.366,0.973,0.921,0.702,0.437,0.074
158.8,3.436,2.486,1.02,0.944,0.721,0.448,0.076
158.9,3.314,2.365,0.978,0.954,0.728,0.451,0.077
159.0,3.266,2.317,0.961,0.958,0.73,0.453,0.077
159.10000000000002,3.246,2.297,0.954,0.959,0.731,0.454,0.077
159.20000000000002,3.419,2.459,1.012,0.96,0.731,0.453,0.077
159.3,3.352,2.396,0.99,0.96,0.732,0.452,0.077
159.4,3.281,2.329,0.966,0.96,0.731,0.452,0.076
159.5,3.252,2.302,0.956,0.958,0.731,0.453,0.077
159.60000000000002,3.241,2.291,0.952,0.959,0.732,0.453,0.077
159.70000000000002,3.281,2.329,0.966,0.96,0.733,0.452,0.077
159.8,3.387,2.428,1.001,0.958,0.733,0.451,0.077
159.9,3.295,2.342,0.97,0.957,0.732,0.45,0.076
160.0,3.258,2.307,0.958,0.959,0.732,0.45,0.076
160.10000000000002,3.378,2.42,0.998,0.958,0.732,0.449,0.076
160.20000000000002,3.517,2.551,1.045,0.959,0.733,0.451,0.077
160.3,3.404,2.444,1.007,0.961,0.732,0.454,0.078
160.4,3.437,2.475,1.018,0.96,0.733,0.453,0.078
160.5,4.078,3.103,1.237,0.967,0.731,0.478,0.082
160.60000000000002,4.124,3.144,1.252,0.969,0.732,0.493,0.084
160.70000000000002,4.142,3.16,1.258,0.971,0.731,0.504,0.085
160.8,3.777,2.804,1.133,0.972,0.732,0.509,0.086
160.9,3.631,2.661,1.084,0.972,0.732,0.512,0.086
161.0,3.619,2.648,1.079,0.971,0.732,0.513,0.086
161.10000000000002,3.568,2.599,1.062,0.972,0.732,0.514,0.086
161.20000000000002,3.548,2.579,1.055,0.972,0.733,0.514,0.086
161.3,3.585,2.615,1.068,0.972,0.732,0.514,0.086
161.4,3.646,2.673,1.088,0.972,0.732,0.515,0.086
161.5,3.579,2.609,1.066,0.972,0.732,0.516,0.086
161.60000000000002,3.83,2.852,1.151,0.972,0.731,0.517,0.086
161.70000000000002,3.744,2.768,1.122,0.972,0.731,0.518,0.086
161.8,3.618,2.647,1.079,0.971,0.73,0.518,0.086
161.9,3.705,2.731,1.108,0.972,0.731,0.519,0.086
162.0,3.787,2.809,1.136,0.972,0.731,0.519,0.086
162.10000000000002,3.96,2.979,1.195,0.972,0.732,0.521,0.086
162.20000000000002,3.704,2.731,1.108,0.972,0.732,0.522,0.086
162.3,4.211,3.234,1.282,0.972,0.731,0.527,0.086
162.4,4.083,3.102,1.238,0.971,0.73,0.529,0.086
162.5,3.845,2.868,1.156,0.971,0.731,0.529,0.086
162.60000000000002,3.658,2.687,1.093,0.971,0.731,0.53,0.085
162.70000000000002,3.675,2.702,1.098,0.97,0.731,0.53,0.086
162.8,3.728,2.753,1.116,0.97,0.731,0.53,0.085
162.9,3.703,2.728,1.108,0.97,0.731,0.53,0.086
163.0,3.927,2.947,1.184,0.97,0.731,0.53,0.085
163.10000000000002,3.691,2.718,1.104,0.97,0.73,0.531,0.086
163.20000000000002,3.597,2.627,1.072,0.971,0.73,0.53,0.086
163.3,3.605,2.634,1.074,0.971,0.73,0.531,0.086
163.4,3.608,2.637,1.075,0.971,0.731,0.532,0.086
163.5,3.564,2.594,1.06,0.97,0.73,0.532,0.086
163.60000000000002,3.455,2.492,1.024,0.97,0.731,0.532,0.086
163.70000000000002,3.457,2.493,1.025,0.97,0.73,0.532,0.086
163.8,3.503,2.537,1.04,0.971,0.73,0.532,0.086
163.9,3.522,2.554,1.046,0.971,0.73,0.532,0.086
164.0,3.529,2.561,1.049,0.97,0.73,0.532,0.086
164.10000000000002,3.736,2.76,1.119,0.971,0.73,0.533,0.086
164.20000000000002,3.578,2.608,1.065,0.97,0.73,0.532,0.086
164.3,3.94,2.959,1.188,0.97,0.73,0.532,0.086
164.4,3.974,2.992,1.2,0.97,0.73,0.533,0.086
164.5,3.71,2.737,1.11,0.97,0.731,0.532,0.085
164.60000000000002,3.696,2.722,1.105,0.97,0.73,0.533,0.086
164.70000000000002,3.645,2.672,1.088,0.97,0.73,0.533,0.086
164.8,3.763,2.786,1.128,0.97,0.73,0.533,0.085
164.9,3.763,2.786,1.128,0.97,0.73,0.534,0.086
165.0,3.717,2.742,1.112,0.969,0.73,0.533,0.086
165.10000000000002,3.653,2.68,1.091,0.969,0.729,0.533,0.086
165.20000000000002,3.72,2.744,1.113,0.97,0.73,0.533,0.085
165.3,3.7,2.725,1.106,0.97,0.731,0.534,0.086
165.4,3.738,2.762,1.12,0.97,0.73,0.533,0.086
165.5,3.616,2.644,1.078,0.97,0.73,0.533,0.086
165.60000000000002,3.521,2.554,1.046,0.969,0.73,0.534,0.086
165.70000000000002,3.529,2.561,1.049,0.969,0.731,0.533,0.086
165.8,3.532,2.564,1.05,0.97,0.73,0.534,0.086
165.9,3.488,2.522,1.035,0.97,0.73,0.533,0.086
166.0,3.515,2.549,1.044,0.97,0.73,0.534,0.086
166.10000000000002,3.572,2.603,1.063,0.97,0.731,0.534,0.086
166.20000000000002,3.641,2.668,1.087,0.97,0.73,0.533,0.086
166.3,3.577,2.607,1.065,0.97,0.73,0.534,0.086
166.4,3.551,2.582,1.056,0.97,0.73,0.534,0.085
166.5,3.495,2.53,1.037,0.969,0.73,0.534,0.086
166.60000000000002,3.473,2.508,1.03,0.97,0.73,0.534,0.086
166.70000000000002,3.601,2.631,1.073,0.97,0.731,0.534,0.086
166.8,3.515,2.549,1.044,0.97,0.73,0.533,0.086
166.9,3.527,2.559,1.048,0.97,0.73,0.533,0.086
167.0,3.486,2.52,1.034,0.97,0.73,0.533,0.086
167.10000000000002,3.469,2.505,1.029,0.971,0.73,0.533,0.086
167.20000000000002,3.508,2.542,1.042,0.97,0.73,0.533,0.086
167.3,3.661,2.688,1.094,0.97,0.73,0.534,0.086
167.4,3.585,2.615,1.068,0.969,0.731,0.533,0.086
167.5,3.554,2.586,1.057,0.969,0.73,0.534,0.086
167.60000000000002,3.497,2.531,1.038,0.97,0.73,0.534,0.085
167.70000000000002,3.519,2.552,1.045,0.97,0.73,0.534,0.085
167.8,3.666,2.693,1.095,0.97,0.73,0.534,0.086
167.9,3.541,2.574,1.053,0.969,0.73,0.534,0.085
168.0,3.537,2.569,1.051,0.97,0.731,0.534,0.086
168.10000000000002,3.49,2.524,1.036,0.969,0.73,0.533,0.086
168.20000000000002,3.471,2.506,1.029,0.969,0.729,0.533,0.085
168.3,3.463,2.499,1.027,0.969,0.729,0.534,0.086
168.4,3.46,2.496,1.026,0.969,0.73,0.533,0.086
168.5,3.459,2.495,1.025,0.969,0.73,0.533,0.086
168.60000000000002,3.504,2.538,1.04,0.969,0.73,0.533,0.086
168.70000000000002,3.522,2.555,1.046,0.97,0.73,0.533,0.085
168.8,3.484,2.519,1.034,0.97,0.73,0.533,0.086
168.9,3.606,2.635,1.075,0.97,0.729,0.534,0.085
169.0,3.563,2.594,1.06,0.969,0.73,0.533,0.085
169.10000000000002,3.545,2.577,1.054,0.969,0.73,0.533,0.085
169.20000000000002,3.539,2.57,1.052,0.97,0.731,0.534,0.086
169.3,3.674,2.7,1.098,0.97,0.73,0.533,0.085
169.4,3.544,2.577,1.054,0.97,0.73,0.533,0.086
169.5,3.447,2.485,1.021,0.969,0.729,0.534,0.086
169.60000000000002,3.499,2.534,1.039,0.97,0.729,0.533,0.086
169.70000000000002,3.566,2.597,1.061,0.969,0.73,0.533,0.086
169.8,3.592,2.622,1.07,0.97,0.729,0.534,0.085
169.9,3.603,2.632,1.074,0.969,0.73,0.533,0.086
170.0,3.562,2.592,1.06,0.97,0.729,0.533,0.086
170.10000000000002,3.5,2.534,1.039,0.969,0.73,0.533,0.086
170.20000000000002,3.475,2.51,1.031,0.969,0.729,0.534,0.085
170.3,3.465,2.501,1.027,0.969,0.73,0.533,0.086
170.4,3.552,2.583,1.057,0.969,0.73,0.534,0.085
170.5,3.496,2.53,1.038,0.97,0.731,0.533,0.085
170.60000000000002,3.473,2.509,1.03,0.97,0.73,0.534,0.086
170.70000000000002,3.51,2.543,1.042,0.969,0.731,0.534,0.085
170.8,3.479,2.514,1.032,0.969,0.73,0.533,0.086
170.9,3.512,2.545,1.043,0.969,0.73,0.533,0.085
171.0,3.525,2.558,1.047,0.968,0.73,0.534,0.085
171.10000000000002,3.485,2.52,1.034,0.969,0.73,0.533,0.085
171.20000000000002,3.469,2.505,1.029,0.969,0.73,0.533,0.086
171.3,3.462,2.498,1.026,0.969,0.729,0.533,0.086
171.4,3.505,2.539,1.041,0.969,0.73,0.534,0.085
171.5,3.477,2.512,1.031,0.969,0.729,0.533,0.086
171.60000000000002,3.557,2.588,1.058,0.97,0.73,0.533,0.085
171.70000000000002,3.498,2.532,1.038,0.969,0.729,0.533,0.085
171.8,3.474,2.509,1.03,0.969,0.729,0.533,0.085
171.9,3.556,2.587,1.058,0.969,0.73,0.533,0.085
172.0,3.497,2.531,1.038,0.969,0.729,0.533,0.086
172.10000000000002,3.657,2.684,1.092,0.97,0.729,0.533,0.085
172.20000000000002,3.538,2.57,1.052,0.969,0.73,0.533,0.085
172.3,3.581,2.611,1.066,0.969,0.73,0.533,0.085
172.4,3.691,2.716,1.103,0.97,0.73,0.533,0.085
172.5,3.597,2.626,1.072,0.97,0.73,0.533,0.086
172.60000000000002,3.514,2.547,1.044,0.969,0.73,0.532,0.086
172.70000000000002,3.48,2.515,1.032,0.97,0.73,0.533,0.085
172.8,3.558,2.589,1.059,0.97,0.729,0.532,0.085
172.9,3.544,2.575,1.054,0.969,0.729,0.533,0.085
173.0,3.492,2.527,1.036,0.969,0.73,0.533,0.085
173.10000000000002,3.382,2.423,0.999,0.97,0.729,0.533,0.085
173.20000000000002,3.428,2.466,1.015,0.969,0.73,0.533,0.085
173.3,3.491,2.526,1.036,0.97,0.73,0.533,0.085
173.4,3.472,2.507,1.029,0.969,0.73,0.533,0.085
173.5,3.464,2.499,1.027,0.969,0.729,0.533,0.085
173.60000000000002,3.552,2.583,1.056,0.969,0.73,0.533,0.085
173.70000000000002,3.633,2.66,1.084,0.969,0.73,0.532,0.085
173.8,3.528,2.561,1.048,0.97,0.73,0.533,0.085
173.9,3.623,2.652,1.081,0.969,0.731,0.532,0.085
174.0,3.524,2.557,1.047,0.969,0.73,0.533,0.086
174.10000000000002,3.485,2.52,1.034,0.969,0.73,0.533,0.085
174.20000000000002,3.652,2.68,1.09,0.97,0.73,0.532,0.085
174.3,3.536,2.568,1.051,0.97,0.73,0.532,0.085
174.4,3.489,2.524,1.035,0.97,0.73,0.532,0.085
174.5,3.562,2.593,1.06,0.97,0.73,0.532,0.085
174.60000000000002,3.5,2.534,1.039,0.97,0.73,0.532,0.085
174.70000000000002,3.475,2.51,1.031,0.969,0.73,0.532,0.085
174.8,3.556,2.587,1.058,0.969,0.73,0.532,0.085
174.9,3.497,2.532,1.038,0.969,0.731,0.533,0.085
175.0,3.565,2.596,1.061,0.969,0.73,0.532,0.085
175.10000000000002,3.501,2.535,1.039,0.969,0.73,0.532,0.085
175.20000000000002,3.465,2.501,1.027,0.969,0.729,0.532,0.085
175.3,3.461,2.497,1.026,0.969,0.73,0.532,0.085
175.4,3.459,2.495,1.025,0.969,0.73,0.532,0.085
175.5,3.459,2.495,1.025,0.969,0.73,0.532,0.085
175.60000000000002,3.458,2.495,1.025,0.969,0.73,0.532,0.085
175.70000000000002,3.458,2.494,1.025,0.968,0.731,0.532,0.085
175.8,3.595,2.625,1.071,0.968,0.73,0.532,0.085
175.9,3.559,2.59,1.059,0.969,0.73,0.532,0.085
176.0,3.498,2.532,1.038,0.969,0.73,0.532,0.085
176.10000000000002,3.474,2.51,1.03,0.969,0.731,0.532,0.086
176.20000000000002,3.465,2.5,1.027,0.968,0.73,0.532,0.085
176.3,3.506,2.54,1.041,0.968,0.73,0.532,0.086
176.4,3.475,2.511,1.031,0.969,0.73,0.532,0.086
176.5,3.477,2.513,1.031,0.969,0.731,0.532,0.085
176.60000000000002,3.466,2.502,1.028,0.969,0.73,0.532,0.085
176.70000000000002,3.507,2.54,1.041,0.969,0.73,0.532,0.085
176.8,3.478,2.513,1.031,0.969,0.73,0.532,0.085
176.9,3.466,2.502,1.028,0.968,0.729,0.532,0.085
177.0,3.461,2.497,1.026,0.968,0.729,0.532,0.085
177.10000000000002,3.505,2.539,1.041,0.967,0.729,0.532,0.085
177.20000000000002,3.522,2.555,1.047,0.968,0.73,0.531,0.085
177.3,3.484,2.519,1.034,0.968,0.729,0.532,0.085
177.4,3.468,2.504,1.028,0.969,0.73,0.532,0.085
177.5,3.462,2.498,1.026,0.968,0.729,0.532,0.085
177.60000000000002,3.505,2.539,1.041,0.968,0.729,0.531,0.085
177.70000000000002,3.477,2.512,1.031,0.968,0.73,0.532,0.085
177.8,3.466,2.502,1.027,0.968,0.73,0.532,0.085
177.9,3.552,2.584,1.057,0.968,0.729,0.532,0.085
178.0,3.496,2.53,1.038,0.968,0.73,0.531,0.085
178.10000000000002,3.657,2.684,1.092,0.969,0.729,0.53,0.085
178.20000000000002,3.538,2.57,1.052,0.968,0.73,0.531,0.085
178.3,3.581,2.611,1.066,0.968,0.73,0.531,0.085
178.4,3.507,2.541,1.042,0.969,0.729,0.53,0.085
178.5,3.478,2.513,1.032,0.969,0.729,0.531,0.085
178.60000000000002,3.466,2.502,1.028,0.97,0.73,0.531,0.085
178.70000000000002,3.461,2.497,1.026,0.969,0.73,0.53,0.085
178.8,3.414,2.453,1.01,0.969,0.729,0.53,0.085
178.9,3.532,2.564,1.05,0.968,0.729,0.53,0.085
179.0,3.533,2.565,1.05,0.968,0.73,0.531,0.085
179.10000000000002,3.488,2.523,1.035,0.968,0.73,0.531,0.085
179.20000000000002,3.425,2.463,1.014,0.967,0.73,0.53,0.086
179.3,3.49,2.525,1.036,0.967,0.73,0.53,0.085
179.4,3.471,2.507,1.029,0.967,0.729,0.53,0.085
179.5,3.463,2.499,1.027,0.967,0.729,0.53,0.085
179.60000000000002,3.46,2.496,1.026,0.968,0.73,0.53,0.085
179.70000000000002,3.505,2.538,1.041,0.968,0.729,0.53,0.085
179.8,3.477,2.512,1.031,0.968,0.729,0.529,0.085
179.9,3.466,2.501,1.027,0.969,0.73,0.53,0.085
180.0,3.552,2.584,1.057,0.968,0.729,0.53,0.085
180.10000000000002,3.633,2.661,1.084,0.967,0.73,0.529,0.085
180.20000000000002,3.665,2.692,1.095,0.967,0.729,0.53,0.085
180.3,3.632,2.66,1.084,0.967,0.729,0.529,0.085
180.4,3.528,2.561,1.048,0.967,0.73,0.53,0.085
180.5,3.441,2.478,1.019,0.966,0.73,0.529,0.085
180.60000000000002,3.588,2.619,1.069,0.967,0.729,0.529,0.085
180.70000000000002,3.51,2.544,1.043,0.967,0.729,0.529,0.085
180.8,3.525,2.557,1.047,0.967,0.729,0.529,0.086
180.9,3.668,2.695,1.096,0.966,0.73,0.529,0.085
181.0,3.542,2.575,1.053,0.967,0.729,0.529,0.086
181.10000000000002,3.492,2.526,1.036,0.966,0.729,0.529,0.085
181.20000000000002,3.563,2.594,1.06,0.967,0.729,0.528,0.085
181.3,3.683,2.709,1.101,0.967,0.729,0.528,0.085
181.4,3.639,2.667,1.086,0.967,0.729,0.528,0.085
181.5,3.576,2.606,1.065,0.966,0.729,0.528,0.084
181.60000000000002,3.505,2.539,1.041,0.966,0.73,0.528,0.085
181.70000000000002,3.477,2.512,1.031,0.967,0.73,0.527,0.085
181.8,3.466,2.502,1.027,0.967,0.729,0.527,0.085
181.9,3.645,2.672,1.088,0.968,0.729,0.527,0.085
182.0,3.533,2.566,1.05,0.968,0.73,0.527,0.084
182.10000000000002,4.032,3.056,1.221,0.966,0.729,0.526,0.084
182.20000000000002,3.779,2.806,1.134,0.965,0.728,0.525,0.085
182.3,3.586,2.619,1.069,0.965,0.727,0.525,0.085
182.4,3.433,2.472,1.017,0.965,0.728,0.525,0.085
182.5,3.632,2.661,1.084,0.964,0.728,0.525,0.085
182.60000000000002,3.528,2.561,1.048,0.965,0.727,0.525,0.085
182.70000000000002,3.577,2.608,1.065,0.965,0.727,0.525,0.084
182.8,3.461,2.497,1.026,0.966,0.728,0.525,0.084
182.9,3.414,2.453,1.01,0.965,0.728,0.524,0.084
183.0,3.44,2.478,1.019,0.965,0.727,0.525,0.084
183.10000000000002,3.51,2.544,1.042,0.965,0.728,0.526,0.084
183.20000000000002,3.406,2.445,1.007,0.965,0.727,0.525,0.084
183.3,3.437,2.475,1.018,0.966,0.728,0.525,0.084
183.4,3.405,2.444,1.007,0.966,0.728,0.525,0.084
183.5,3.482,2.517,1.033,0.965,0.728,0.525,0.084
183.60000000000002,3.468,2.504,1.028,0.966,0.727,0.525,0.085
183.70000000000002,3.372,2.414,0.996,0.965,0.727,0.525,0.084
183.8,3.378,2.42,0.998,0.965,0.727,0.525,0.084
183.9,3.381,2.422,0.999,0.965,0.726,0.524,0.085
184.0,3.473,2.508,1.03,0.965,0.727,0.524,0.085
184.10000000000002,3.555,2.587,1.058,0.965,0.727,0.524,0.085
184.20000000000002,3.452,2.489,1.023,0.965,0.728,0.524,0.084
184.3,3.41,2.45,1.009,0.965,0.727,0.524,0.084
184.4,3.394,2.434,1.003,0.965,0.728,0.525,0.084
184.5,3.432,2.47,1.016,0.965,0.727,0.524,0.084
184.60000000000002,3.403,2.442,1.006,0.965,0.727,0.524,0.085
184.70000000000002,3.391,2.431,1.002,0.965,0.727,0.524,0.084
184.8,3.386,2.426,1.001,0.966,0.728,0.524,0.084
184.9,3.475,2.51,1.031,0.965,0.727,0.524,0.084
185.0,3.42,2.458,1.012,0.964,0.727,0.524,0.084
185.10000000000002,3.398,2.437,1.005,0.965,0.727,0.524,0.085
185.20000000000002,3.389,2.429,1.002,0.966,0.728,0.524,0.084
185.3,3.385,2.426,1,0.965,0.727,0.524,0.084
185.4,3.474,2.51,1.03,0.965,0.728,0.525,0.084
185.5,3.465,2.501,1.027,0.965,0.727,0.524,0.085
185.60000000000002,3.552,2.583,1.057,0.965,0.728,0.524,0.085
185.70000000000002,3.541,2.573,1.053,0.965,0.728,0.524,0.085
185.8,3.446,2.483,1.021,0.965,0.728,0.524,0.084
185.9,3.408,2.447,1.008,0.965,0.727,0.524,0.084
186.0,3.393,2.433,1.003,0.965,0.727,0.524,0.084
186.10000000000002,3.432,2.47,1.016,0.965,0.727,0.524,0.084
186.20000000000002,3.448,2.485,1.021,0.965,0.727,0.523,0.085
186.3,3.409,2.448,1.008,0.965,0.727,0.524,0.084
186.4,3.393,2.433,1.003,0.965,0.727,0.523,0.084
186.5,3.387,2.427,1.001,0.966,0.727,0.522,0.084
186.60000000000002,3.384,2.425,1,0.965,0.727,0.523,0.084
186.70000000000002,3.474,2.51,1.03,0.964,0.727,0.523,0.084
186.8,3.465,2.5,1.027,0.965,0.726,0.523,0.084
186.9,3.416,2.454,1.011,0.964,0.727,0.522,0.084
187.0,3.396,2.436,1.004,0.964,0.727,0.522,0.084
187.10000000000002,3.388,2.428,1.001,0.964,0.726,0.522,0.084
187.20000000000002,3.385,2.425,1,0.964,0.727,0.522,0.084
187.3,3.384,2.424,1,0.964,0.727,0.522,0.084
187.4,3.383,2.424,1,0.964,0.727,0.522,0.084
187.5,3.428,2.466,1.015,0.964,0.727,0.522,0.084
187.60000000000002,3.446,2.483,1.021,0.964,0.727,0.521,0.084
187.70000000000002,3.408,2.447,1.008,0.965,0.726,0.522,0.084
187.8,3.393,2.433,1.003,0.964,0.727,0.522,0.084
187.9,3.432,2.47,1.016,0.964,0.727,0.521,0.084
188.0,3.25,2.337,0.962,0.915,0.69,0.495,0.08
188.10000000000002,3.161,2.285,0.938,0.875,0.66,0.473,0.076
188.20000000000002,3.022,2.179,0.895,0.844,0.636,0.456,0.074
188.3,2.911,2.094,0.862,0.819,0.617,0.442,0.071
188.4,2.822,2.026,0.835,0.798,0.602,0.431,0.07
188.5,2.762,1.982,0.817,0.782,0.59,0.422,0.068
188.60000000000002,2.714,1.947,0.803,0.769,0.581,0.415,0.067
188.70000000000002,2.665,1.909,0.787,0.759,0.573,0.409,0.066
188.8,2.625,1.878,0.775,0.751,0.567,0.405,0.065
188.9,2.616,1.875,0.773,0.744,0.562,0.401,0.065
189.0,2.587,1.851,0.764,0.739,0.558,0.398,0.064
189.10000000000002,2.563,1.832,0.757,0.735,0.555,0.395,0.064
189.20000000000002,2.544,1.817,0.751,0.731,0.552,0.393,0.063
189.3,2.529,1.805,0.746,0.728,0.55,0.392,0.063
189.4,2.528,1.805,0.746,0.726,0.549,0.391,0.063
189.5,2.516,1.796,0.742,0.724,0.547,0.39,0.063
189.60000000000002,2.506,1.788,0.739,0.723,0.546,0.389,0.062
189.70000000000002,2.499,1.781,0.737,0.722,0.545,0.388,0.062
189.8,2.515,1.797,0.742,0.721,0.545,0.387,0.062
189.9,2.528,1.81,0.747,0.72,0.544,0.387,0.062
190.0,2.516,1.799,0.743,0.72,0.544,0.386,0.062
190.10000000000002,2.507,1.791,0.74,0.719,0.544,0.386,0.062
190.20000000000002,2.51,1.794,0.741,0.719,0.543,0.385,0.062
190.3,2.502,1.787,0.738,0.719,0.543,0.385,0.062
190.4,2.495,1.781,0.736,0.718,0.543,0.384,0.062
190.5,2.512,1.797,0.742,0.718,0.543,0.384,0.062
190.60000000000002,2.492,1.778,0.735,0.718,0.543,0.384,0.061
190.70000000000002,2.488,1.774,0.734,0.718,0.543,0.383,0.061
190.8,2.484,1.77,0.732,0.718,0.543,0.383,0.061
190.9,2.492,1.778,0.735,0.718,0.542,0.383,0.061
191.0,2.487,1.774,0.734,0.718,0.542,0.383,0.061
191.10000000000002,2.483,1.77,0.732,0.718,0.542,0.383,0.061
191.20000000000002,2.48,1.767,0.731,0.718,0.542,0.383,0.061
191.3,2.478,1.765,0.73,0.717,0.542,0.382,0.061
191.4,2.476,1.763,0.73,0.717,0.542,0.381,0.061
191.5,2.486,1.772,0.733,0.717,0.542,0.381,0.061
191.60000000000002,2.516,1.801,0.743,0.717,0.542,0.38,0.061
191.70000000000002,2.484,1.772,0.733,0.717,0.542,0.379,0.061
191.8,2.47,1.758,0.728,0.717,0.542,0.379,0.061
191.9,2.459,1.747,0.724,0.717,0.542,0.378,0.061
192.0,2.461,1.749,0.725,0.717,0.542,0.378,0.061
192.10000000000002,2.473,1.761,0.729,0.717,0.542,0.378,0.061
192.20000000000002,2.461,1.75,0.725,0.717,0.542,0.377,0.061
192.3,2.452,1.741,0.722,0.717,0.542,0.377,0.061
192.4,2.433,1.723,0.715,0.716,0.542,0.376,0.06
192.5,2.429,1.72,0.714,0.716,0.542,0.376,0.06
192.60000000000002,2.425,1.717,0.713,0.716,0.542,0.375,0.06
192.70000000000002,2.412,1.704,0.708,0.715,0.542,0.375,0.06
192.8,2.423,1.714,0.712,0.715,0.542,0.374,0.06
192.9,2.41,1.702,0.708,0.715,0.542,0.374,0.06
193.0,2.399,1.693,0.704,0.714,0.542,0.373,0.06
193.10000000000002,2.391,1.685,0.702,0.714,0.542,0.372,0.06
193.20000000000002,2.384,1.679,0.699,0.714,0.542,0.371,0.06
193.3,2.39,1.684,0.701,0.713,0.542,0.371,0.06
193.4,2.384,1.678,0.699,0.713,0.542,0.37,0.059
193.5,2.389,1.683,0.701,0.713,0.542,0.369,0.059
193.60000000000002,2.383,1.677,0.699,0.713,0.542,0.369,0.059
193.70000000000002,2.378,1.673,0.697,0.713,0.542,0.369,0.059
193.8,2.374,1.669,0.696,0.713,0.542,0.368,0.059
193.9,2.382,1.676,0.698,0.713,0.542,0.368,0.059
194.0,2.377,1.672,0.697,0.713,0.542,0.368,0.059
194.10000000000002,2.373,1.668,0.695,0.713,0.542,0.367,0.059
194.20000000000002,2.381,1.675,0.698,0.713,0.542,0.367,0.059
194.3,2.387,1.681,0.7,0.713,0.542,0.367,0.059
194.4,2.438,1.728,0.717,0.713,0.542,0.367,0.059
194.5,2.478,1.766,0.731,0.713,0.542,0.366,0.059
194.60000000000002,2.498,1.785,0.737,0.712,0.542,0.365,0.059
194.70000000000002,2.47,1.759,0.728,0.712,0.542,0.364,0.058
194.8,2.448,1.738,0.72,0.712,0.542,0.363,0.058
194.9,2.429,1.721,0.714,0.712,0.542,0.362,0.058
195.0,2.426,1.718,0.713,0.711,0.542,0.361,0.058
195.10000000000002,2.412,1.705,0.709,0.711,0.542,0.361,0.058
195.20000000000002,2.401,1.694,0.705,0.711,0.542,0.36,0.058
195.3,2.393,1.686,0.702,0.711,0.542,0.359,0.058
195.4,2.385,1.68,0.7,0.711,0.542,0.359,0.058
195.5,2.402,1.695,0.705,0.711,0.542,0.358,0.057
195.60000000000002,2.382,1.677,0.699,0.71,0.542,0.357,0.057
195.70000000000002,2.355,1.652,0.69,0.71,0.542,0.356,0.057
195.8,2.345,1.642,0.686,0.71,0.542,0.355,0.057
195.9,2.336,1.634,0.683,0.71,0.542,0.354,0.057
196.0,2.34,1.638,0.685,0.709,0.542,0.354,0.057
196.10000000000002,2.333,1.631,0.682,0.709,0.542,0.353,0.057
196.20000000000002,2.338,1.636,0.684,0.709,0.542,0.352,0.057
196.3,2.342,1.639,0.685,0.709,0.542,0.352,0.057
196.4,2.345,1.642,0.686,0.709,0.542,0.351,0.057
196.5,2.347,1.645,0.687,0.709,0.542,0.351,0.057
196.60000000000002,2.349,1.646,0.688,0.709,0.542,0.35,0.057
196.70000000000002,2.351,1.648,0.688,0.709,0.542,0.349,0.057
196.8,2.352,1.649,0.689,0.708,0.542,0.349,0.056
196.9,2.342,1.64,0.685,0.708,0.542,0.348,0.056
197.0,2.345,1.643,0.686,0.708,0.542,0.347,0.057
197.10000000000002,2.337,1.635,0.683,0.708,0.542,0.347,0.057
197.20000000000002,2.33,1.629,0.681,0.708,0.542,0.346,0.057
197.3,2.324,1.624,0.679,0.708,0.542,0.346,0.057
197.4,2.331,1.63,0.682,0.708,0.542,0.345,0.057
197.5,2.325,1.624,0.68,0.708,0.542,0.345,0.057
197.60000000000002,2.321,1.62,0.678,0.708,0.542,0.344,0.057
197.70000000000002,2.306,1.607,0.673,0.708,0.542,0.344,0.057
197.8,2.305,1.606,0.673,0.708,0.542,0.344,0.057
197.9,2.305,1.606,0.673,0.708,0.542,0.343,0.056
198.0,2.304,1.605,0.673,0.708,0.542,0.343,0.057
198.10000000000002,2.304,1.605,0.673,0.708,0.542,0.342,0.056
198.20000000000002,2.315,1.615,0.676,0.708,0.542,0.342,0.056
198.3,2.323,1.623,0.679,0.708,0.542,0.342,0.056
198.4,2.33,1.629,0.681,0.708,0.542,0.341,0.056
198.5,2.336,1.634,0.683,0.708,0.542,0.341,0.056
198.60000000000002,2.34,1.638,0.685,0.708,0.542,0.341,0.056
198.70000000000002,2.344,1.641,0.686,0.708,0.542,0.34,0.056
198.8,2.346,1.644,0.687,0.707,0.542,0.34,0.056
198.9,2.36,1.656,0.691,0.707,0.542,0.339,0.056
199.0,2.359,1.655,0.691,0.707,0.542,0.339,0.056
199.10000000000002,2.359,1.655,0.691,0.707,0.542,0.338,0.056
199.20000000000002,2.359,1.655,0.691,0.706,0.542,0.337,0.056
199.3,2.37,1.665,0.694,0.706,0.542,0.336,0.056
199.4,2.367,1.663,0.694,0.706,0.542,0.336,0.056
199.5,2.365,1.661,0.693,0.706,0.542,0.335,0.056
199.60000000000002,2.375,1.67,0.696,0.706,0.542,0.334,0.056
199.70000000000002,2.382,1.677,0.699,0.706,0.542,0.333,0.055
199.8,2.389,1.682,0.701,0.705,0.542,0.332,0.055
199.9,2.371,1.667,0.695,0.705,0.542,0.331,0.055
200.0,2.357,1.654,0.69,0.705,0.542,0.33,0.055
200.10000000000002,2.357,1.654,0.69,0.705,0.542,0.329,0.055
200.20000000000002,2.346,1.644,0.687,0.704,0.542,0.329,0.055
200.3,2.349,1.646,0.687,0.705,0.542,0.328,0.055
200.4,2.35,1.647,0.688,0.704,0.542,0.327,0.055
200.5,2.363,1.659,0.692,0.704,0.542,0.326,0.055
200.60000000000002,2.373,1.668,0.696,0.704,0.542,0.325,0.055
200.70000000000002,2.381,1.675,0.698,0.704,0.542,0.325,0.055
200.8,2.376,1.671,0.697,0.704,0.542,0.324,0.055
200.9,2.395,1.688,0.703,0.704,0.542,0.323,0.055
201.0,2.398,1.692,0.704,0.703,0.542,0.322,0.055
201.10000000000002,2.401,1.694,0.705,0.703,0.542,0.322,0.055
201.20000000000002,2.393,1.686,0.702,0.703,0.542,0.321,0.055
201.3,2.397,1.69,0.703,0.703,0.542,0.321,0.055
201.4,2.4,1.693,0.704,0.703,0.542,0.321,0.055
201.5,2.414,1.706,0.709,0.703,0.542,0.32,0.055
201.60000000000002,2.414,1.705,0.709,0.703,0.542,0.32,0.055
201.70000000000002,2.447,1.737,0.72,0.703,0.542,0.319,0.055
201.8,2.451,1.741,0.722,0.703,0.542,0.319,0.055
201.9,2.433,1.723,0.715,0.703,0.542,0.318,0.055
202.0,2.406,1.699,0.707,0.703,0.542,0.318,0.055
202.10000000000002,2.397,1.69,0.703,0.703,0.542,0.317,0.055
202.20000000000002,2.4,1.693,0.704,0.702,0.542,0.317,0.055
202.3,2.391,1.685,0.702,0.702,0.542,0.316,0.055
202.4,2.385,1.679,0.699,0.702,0.542,0.316,0.055
202.5,2.379,1.674,0.698,0.703,0.542,0.316,0.055
202.60000000000002,2.375,1.67,0.696,0.703,0.542,0.316,0.055
202.70000000000002,2.382,1.677,0.699,0.703,0.542,0.315,0.055
202.8,2.389,1.682,0.701,0.703,0.542,0.315,0.055
202.9,2.382,1.677,0.699,0.703,0.542,0.315,0.055
203.0,2.377,1.672,0.697,0.702,0.542,0.314,0.055
203.10000000000002,2.384,1.679,0.699,0.702,0.542,0.314,0.055
203.20000000000002,2.379,1.674,0.698,0.702,0.542,0.313,0.055
203.3,2.364,1.66,0.692,0.702,0.542,0.313,0.055
203.4,2.351,1.648,0.688,0.702,0.542,0.313,0.055
203.5,2.342,1.639,0.685,0.702,0.542,0.312,0.055
203.60000000000002,2.345,1.642,0.686,0.702,0.542,0.312,0.055
203.70000000000002,2.347,1.645,0.687,0.702,0.542,0.312,0.055
203.8,2.338,1.636,0.684,0.702,0.542,0.311,0.055
203.9,2.342,1.64,0.685,0.702,0.542,0.311,0.055
204.0,2.345,1.643,0.686,0.702,0.542,0.31,0.055
204.10000000000002,2.348,1.645,0.687,0.702,0.542,0.31,0.055
204.20000000000002,2.35,1.647,0.688,0.702,0.541,0.31,0.055
204.3,2.351,1.648,0.688,0.702,0.542,0.31,0.055
204.4,2.353,1.649,0.689,0.702,0.542,0.31,0.056
204.5,2.354,1.65,0.689,0.702,0.542,0.309,0.056
204.60000000000002,2.365,1.661,0.693,0.702,0.542,0.309,0.056
204.70000000000002,2.364,1.66,0.692,0.702,0.542,0.309,0.056
204.8,2.363,1.658,0.692,0.702,0.542,0.309,0.056
204.9,2.362,1.658,0.692,0.702,0.542,0.309,0.056
205.0,2.35,1.647,0.688,0.702,0.542,0.309,0.056
205.10000000000002,2.351,1.648,0.688,0.702,0.542,0.309,0.056
205.20000000000002,2.341,1.639,0.685,0.702,0.542,0.308,0.056
205.3,2.345,1.642,0.686,0.702,0.542,0.308,0.056
205.4,2.358,1.655,0.691,0.702,0.541,0.308,0.056
205.5,2.358,1.654,0.691,0.702,0.542,0.308,0.056
205.60000000000002,2.369,1.665,0.694,0.702,0.541,0.308,0.056
205.70000000000002,2.378,1.673,0.697,0.702,0.541,0.308,0.056
205.8,2.396,1.689,0.703,0.702,0.541,0.307,0.056
205.9,2.388,1.682,0.701,0.702,0.541,0.307,0.056
206.0,2.405,1.697,0.706,0.702,0.541,0.307,0.056
206.10000000000002,2.395,1.688,0.703,0.702,0.541,0.307,0.056
206.20000000000002,2.388,1.681,0.7,0.702,0.541,0.306,0.056
206.3,2.393,1.686,0.702,0.702,0.541,0.306,0.056
206.4,2.386,1.68,0.7,0.702,0.541,0.306,0.056
206.5,2.38,1.674,0.698,0.702,0.541,0.306,0.056
206.60000000000002,2.387,1.681,0.7,0.702,0.541,0.305,0.056
206.70000000000002,2.381,1.675,0.698,0.702,0.541,0.305,0.056
206.8,2.376,1.671,0.697,0.702,0.541,0.305,0.056
206.9,2.361,1.657,0.692,0.702,0.541,0.305,0.056
207.0,2.349,1.647,0.688,0.701,0.541,0.304,0.056
207.10000000000002,2.362,1.658,0.692,0.701,0.541,0.304,0.056
207.20000000000002,2.35,1.647,0.688,0.701,0.541,0.304,0.056
207.3,2.341,1.638,0.685,0.701,0.541,0.304,0.056
207.4,2.355,1.652,0.69,0.701,0.541,0.303,0.055
207.5,2.345,1.642,0.686,0.701,0.541,0.303,0.055
207.60000000000002,2.336,1.634,0.683,0.701,0.541,0.303,0.055
207.70000000000002,2.352,1.648,0.688,0.701,0.541,0.302,0.055
207.8,2.364,1.66,0.692,0.7,0.541,0.302,0.055
207.9,2.352,1.648,0.688,0.7,0.541,0.301,0.055
208.0,2.353,1.65,0.689,0.7,0.541,0.301,0.055
208.10000000000002,2.354,1.65,0.689,0.7,0.541,0.301,0.055
208.20000000000002,2.343,1.641,0.686,0.7,0.541,0.301,0.055
208.3,2.335,1.633,0.683,0.7,0.541,0.3,0.055
208.4,2.34,1.638,0.684,0.7,0.541,0.3,0.055
208.5,2.366,1.661,0.693,0.7,0.541,0.3,0.055
208.60000000000002,2.364,1.66,0.693,0.7,0.541,0.299,0.055
208.70000000000002,2.363,1.659,0.692,0.7,0.541,0.299,0.055
208.8,2.362,1.658,0.692,0.7,0.541,0.299,0.055
208.9,2.361,1.657,0.691,0.7,0.541,0.298,0.055
209.0,2.36,1.656,0.691,0.7,0.541,0.298,0.055
209.10000000000002,2.371,1.666,0.695,0.7,0.541,0.298,0.055
209.20000000000002,2.357,1.653,0.69,0.7,0.541,0.298,0.055
209.3,2.368,1.664,0.694,0.7,0.541,0.298,0.055
209.4,2.377,1.672,0.697,0.7,0.541,0.298,0.055
209.5,2.373,1.668,0.696,0.7,0.541,0.297,0.055
209.60000000000002,2.37,1.665,0.695,0.7,0.541,0.297,0.055
209.70000000000002,2.357,1.653,0.69,0.7,0.541,0.297,0.055
209.8,2.357,1.653,0.69,0.7,0.541,0.297,0.055
209.9,2.368,1.664,0.694,0.7,0.541,0.297,0.055
210.0,2.377,1.672,0.697,0.7,0.541,0.297,0.055
210.10000000000002,2.384,1.678,0.699,0.7,0.541,0.296,0.056
210.20000000000002,2.379,1.673,0.697,0.7,0.541,0.296,0.055
210.3,2.386,1.68,0.7,0.7,0.541,0.296,0.055
210.4,2.38,1.675,0.698,0.699,0.541,0.295,0.055
210.5,2.364,1.66,0.693,0.699,0.541,0.295,0.055
210.60000000000002,2.374,1.669,0.696,0.699,0.541,0.294,0.055
210.70000000000002,2.382,1.676,0.698,0.699,0.541,0.294,0.055
210.8,2.377,1.672,0.697,0.699,0.541,0.294,0.055
210.9,2.395,1.689,0.703,0.699,0.541,0.293,0.055
211.0,2.377,1.672,0.697,0.699,0.541,0.293,0.055
211.10000000000002,2.846,1.998,0.834,0.842,0.651,0.351,0.066
211.20000000000002,3.034,2.129,0.889,0.9,0.696,0.374,0.071
211.3,3.154,2.222,0.925,0.922,0.714,0.384,0.073
211.4,3.157,2.219,0.925,0.931,0.721,0.387,0.074
211.5,3.158,2.217,0.925,0.934,0.723,0.388,0.074
211.60000000000002,3.115,2.176,0.91,0.936,0.724,0.388,0.074
211.70000000000002,3.097,2.16,0.905,0.937,0.725,0.389,0.073
211.8,3.134,2.193,0.917,0.937,0.725,0.388,0.074
211.9,3.105,2.167,0.907,0.938,0.725,0.388,0.074
212.0,3.093,2.156,0.903,0.936,0.725,0.388,0.074
212.10000000000002,3.133,2.192,0.916,0.937,0.725,0.388,0.074
212.20000000000002,3.149,2.206,0.922,0.936,0.725,0.388,0.074
212.3,3.111,2.172,0.909,0.936,0.724,0.388,0.074
212.4,3.14,2.198,0.919,0.937,0.725,0.388,0.074
212.5,3.151,2.209,0.922,0.937,0.725,0.387,0.075
212.60000000000002,3.156,2.213,0.924,0.936,0.725,0.388,0.074
212.70000000000002,3.247,2.297,0.954,0.936,0.725,0.388,0.074
212.8,3.194,2.249,0.937,0.937,0.725,0.388,0.075
212.9,3.173,2.229,0.93,0.937,0.725,0.388,0.074
213.0,3.165,2.221,0.927,0.936,0.725,0.388,0.074
213.10000000000002,3.161,2.218,0.926,0.937,0.725,0.388,0.074
213.20000000000002,3.249,2.299,0.955,0.937,0.725,0.388,0.075
213.3,3.24,2.29,0.952,0.938,0.725,0.388,0.075
213.4,3.191,2.246,0.936,0.937,0.726,0.389,0.074
213.5,3.172,2.228,0.929,0.938,0.725,0.388,0.074
213.60000000000002,3.164,2.221,0.927,0.938,0.725,0.388,0.075
213.70000000000002,3.161,2.218,0.926,0.938,0.725,0.389,0.074
213.8,3.16,2.217,0.925,0.939,0.724,0.389,0.075
213.9,3.204,2.257,0.94,0.94,0.724,0.39,0.075
214.0,3.266,2.315,0.961,0.941,0.725,0.393,0.076
214.10000000000002,3.246,2.297,0.954,0.941,0.725,0.395,0.076
214.20000000000002,3.239,2.289,0.951,0.941,0.725,0.395,0.077
214.3,3.325,2.37,0.98,0.942,0.725,0.397,0.077
214.4,3.405,2.445,1.007,0.944,0.724,0.4,0.078
214.5,3.302,2.348,0.973,0.944,0.725,0.402,0.078
214.60000000000002,3.261,2.31,0.959,0.945,0.725,0.403,0.078
214.70000000000002,3.244,2.295,0.953,0.946,0.725,0.404,0.078
214.8,3.327,2.372,0.981,0.946,0.725,0.406,0.078
214.9,3.451,2.488,1.023,0.947,0.725,0.408,0.079
215.0,3.365,2.407,0.994,0.947,0.725,0.411,0.079
215.10000000000002,3.376,2.417,0.997,0.948,0.725,0.413,0.079
215.20000000000002,3.29,2.337,0.969,0.948,0.726,0.414,0.079
215.3,3.346,2.389,0.987,0.949,0.725,0.415,0.079
215.4,3.323,2.368,0.98,0.949,0.725,0.416,0.079
215.5,3.314,2.359,0.977,0.95,0.725,0.417,0.079
215.60000000000002,3.355,2.398,0.99,0.95,0.725,0.419,0.079
215.70000000000002,3.327,2.371,0.981,0.95,0.725,0.419,0.08
215.8,3.315,2.361,0.977,0.95,0.725,0.42,0.079
215.9,3.266,2.315,0.961,0.95,0.725,0.421,0.079
216.0,3.291,2.338,0.969,0.949,0.725,0.422,0.079
216.10000000000002,3.346,2.389,0.987,0.95,0.725,0.422,0.08
216.20000000000002,3.278,2.326,0.965,0.95,0.725,0.424,0.08
216.3,3.251,2.301,0.956,0.95,0.725,0.425,0.08
216.4,3.33,2.375,0.982,0.951,0.725,0.427,0.08
216.5,3.272,2.32,0.963,0.951,0.725,0.428,0.08
216.60000000000002,3.294,2.34,0.97,0.951,0.725,0.428,0.081
216.70000000000002,3.347,2.39,0.988,0.952,0.725,0.429,0.08
216.8,3.369,2.41,0.995,0.952,0.726,0.431,0.08
216.9,3.332,2.376,0.983,0.952,0.725,0.432,0.08
217.0,3.318,2.363,0.978,0.951,0.724,0.432,0.08
217.10000000000002,3.267,2.316,0.961,0.951,0.725,0.433,0.08
217.20000000000002,3.292,2.338,0.969,0.951,0.725,0.434,0.081
217.3,3.346,2.389,0.987,0.952,0.725,0.435,0.08
217.4,3.323,2.368,0.98,0.951,0.725,0.436,0.08
217.5,3.404,2.444,1.007,0.952,0.725,0.436,0.081
217.60000000000002,3.391,2.432,1.003,0.953,0.725,0.437,0.081
217.70000000000002,3.341,2.385,0.986,0.952,0.725,0.438,0.08
217.8,3.366,2.408,0.994,0.953,0.725,0.438,0.08
217.9,3.286,2.334,0.967,0.952,0.725,0.439,0.08
218.0,3.255,2.304,0.957,0.953,0.725,0.439,0.08
218.10000000000002,3.332,2.376,0.983,0.953,0.724,0.44,0.08
218.20000000000002,3.317,2.362,0.978,0.952,0.724,0.441,0.08
218.3,3.312,2.357,0.976,0.952,0.725,0.441,0.08
218.4,3.309,2.355,0.975,0.951,0.725,0.442,0.081
218.5,3.308,2.354,0.975,0.951,0.725,0.442,0.08
218.60000000000002,3.308,2.354,0.975,0.952,0.725,0.443,0.08
218.70000000000002,3.353,2.396,0.99,0.952,0.725,0.444,0.08
218.8,3.371,2.412,0.996,0.951,0.725,0.444,0.08
218.9,3.288,2.336,0.968,0.951,0.725,0.444,0.08
219.0,3.3,2.346,0.972,0.95,0.725,0.445,0.08
219.10000000000002,3.35,2.393,0.989,0.951,0.725,0.445,0.08
219.20000000000002,3.28,2.328,0.965,0.95,0.725,0.445,0.08
219.3,3.252,2.302,0.956,0.951,0.724,0.445,0.08
219.4,3.241,2.291,0.952,0.951,0.724,0.446,0.08
219.5,3.281,2.329,0.966,0.952,0.725,0.446,0.08
219.60000000000002,3.297,2.344,0.971,0.951,0.724,0.446,0.08
219.70000000000002,3.259,2.308,0.958,0.95,0.724,0.446,0.08
219.8,3.333,2.377,0.983,0.951,0.724,0.447,0.08
219.9,3.408,2.448,1.008,0.951,0.724,0.448,0.081
220.0,3.348,2.391,0.988,0.95,0.724,0.448,0.08
220.10000000000002,3.414,2.453,1.01,0.95,0.723,0.449,0.08
220.20000000000002,3.35,2.393,0.989,0.951,0.724,0.449,0.081
220.3,3.325,2.369,0.98,0.952,0.724,0.449,0.08
220.4,3.315,2.36,0.977,0.951,0.725,0.45,0.08
220.5,3.311,2.356,0.975,0.951,0.724,0.45,0.08
220.60000000000002,3.264,2.313,0.96,0.952,0.724,0.451,0.08
220.70000000000002,3.246,2.296,0.954,0.952,0.724,0.451,0.08
220.8,3.373,2.415,0.997,0.952,0.723,0.452,0.08
220.9,3.379,2.42,0.998,0.953,0.724,0.452,0.08
221.0,3.292,2.339,0.969,0.953,0.723,0.452,0.08
221.10000000000002,3.301,2.348,0.972,0.952,0.724,0.452,0.08
221.20000000000002,3.305,2.351,0.974,0.952,0.724,0.452,0.08
221.3,3.262,2.311,0.959,0.952,0.724,0.452,0.08
221.4,3.29,2.337,0.968,0.951,0.723,0.453,0.08
221.5,3.301,2.347,0.972,0.951,0.723,0.452,0.08
221.60000000000002,3.35,2.393,0.989,0.952,0.723,0.452,0.081
221.70000000000002,3.28,2.328,0.965,0.951,0.724,0.453,0.08
221.8,3.252,2.302,0.956,0.952,0.723,0.453,0.08
221.9,3.33,2.375,0.982,0.952,0.723,0.453,0.08
222.0,3.272,2.321,0.963,0.951,0.723,0.453,0.08
222.10000000000002,3.294,2.34,0.97,0.951,0.723,0.454,0.08
222.20000000000002,3.257,2.307,0.958,0.95,0.723,0.454,0.08
222.3,3.11,2.172,0.909,0.951,0.724,0.454,0.08
222.4,3.184,2.239,0.933,0.952,0.724,0.454,0.08
222.5,3.303,2.35,0.973,0.951,0.724,0.454,0.08
222.60000000000002,3.306,2.352,0.974,0.951,0.723,0.454,0.081
222.70000000000002,3.262,2.311,0.959,0.952,0.723,0.454,0.08
222.8,3.245,2.295,0.954,0.952,0.723,0.454,0.08
222.9,3.283,2.33,0.966,0.951,0.724,0.455,0.081
223.0,3.253,2.303,0.956,0.951,0.724,0.454,0.08
223.10000000000002,3.241,2.292,0.952,0.951,0.725,0.455,0.08
223.20000000000002,3.236,2.287,0.951,0.952,0.723,0.455,0.08
223.3,3.235,2.286,0.95,0.951,0.724,0.454,0.08
223.4,3.234,2.285,0.95,0.951,0.724,0.455,0.08
223.5,3.233,2.285,0.95,0.951,0.724,0.455,0.08
223.60000000000002,3.233,2.284,0.95,0.95,0.723,0.455,0.08
223.70000000000002,3.233,2.284,0.95,0.95,0.722,0.455,0.08
223.8,3.233,2.284,0.95,0.951,0.723,0.455,0.08
223.9,3.233,2.284,0.95,0.951,0.723,0.455,0.08
224.0,3.233,2.284,0.95,0.95,0.722,0.455,0.08
224.10000000000002,3.233,2.284,0.95,0.951,0.723,0.455,0.08
224.20000000000002,3.233,2.284,0.95,0.951,0.723,0.455,0.08
224.3,3.233,2.284,0.95,0.951,0.723,0.456,0.08
224.4,3.233,2.284,0.95,0.95,0.722,0.456,0.08
224.5,3.233,2.284,0.95,0.95,0.723,0.457,0.08
224.60000000000002,3.233,2.284,0.95,0.95,0.722,0.457,0.08
224.70000000000002,3.145,2.203,0.92,0.95,0.723,0.457,0.08
224.8,3.243,2.293,0.953,0.95,0.722,0.457,0.08
224.9,3.148,2.207,0.922,0.95,0.723,0.457,0.08
225.0,3.199,2.253,0.938,0.95,0.723,0.457,0.08
225.10000000000002,3.22,2.272,0.945,0.951,0.722,0.457,0.081
225.20000000000002,3.228,2.279,0.948,0.951,0.722,0.458,0.08
225.3,3.231,2.282,0.949,0.951,0.722,0.457,0.08
225.4,3.232,2.284,0.949,0.951,0.723,0.458,0.08
225.5,3.233,2.284,0.95,0.95,0.723,0.458,0.08
225.60000000000002,3.233,2.284,0.95,0.95,0.722,0.458,0.08
225.70000000000002,3.233,2.284,0.95,0.951,0.722,0.457,0.08
225.8,3.233,2.284,0.95,0.951,0.722,0.458,0.08
225.9,3.233,2.284,0.95,0.95,0.723,0.457,0.08
226.0,3.278,2.326,0.965,0.951,0.723,0.458,0.08
226.10000000000002,3.207,2.26,0.941,0.95,0.722,0.457,0.08
226.20000000000002,3.223,2.275,0.946,0.951,0.722,0.458,0.08
226.3,3.229,2.28,0.948,0.95,0.722,0.458,0.08
226.4,3.232,2.283,0.949,0.949,0.722,0.458,0.08
226.5,3.233,2.284,0.949,0.95,0.723,0.458,0.08
226.60000000000002,3.278,2.326,0.965,0.95,0.722,0.458,0.08
226.70000000000002,3.251,2.301,0.956,0.949,0.722,0.458,0.08
226.8,3.24,2.291,0.952,0.95,0.722,0.458,0.08
226.9,3.281,2.328,0.966,0.95,0.722,0.458,0.08
227.0,3.252,2.302,0.956,0.95,0.722,0.458,0.08
227.10000000000002,3.286,2.333,0.967,0.951,0.722,0.458,0.08
227.20000000000002,3.254,2.304,0.957,0.951,0.722,0.458,0.08
227.3,3.242,2.292,0.953,0.951,0.723,0.458,0.08
227.4,3.237,2.287,0.951,0.95,0.722,0.459,0.08
227.5,3.235,2.286,0.95,0.951,0.722,0.459,0.08
227.60000000000002,3.234,2.285,0.95,0.951,0.722,0.459,0.08
227.70000000000002,3.233,2.285,0.95,0.95,0.722,0.458,0.079
227.8,3.323,2.368,0.98,0.951,0.723,0.458,0.08
227.9,3.269,2.318,0.962,0.951,0.723,0.459,0.08
228.0,3.248,2.298,0.955,0.951,0.722,0.46,0.079
228.10000000000002,3.239,2.29,0.952,0.95,0.722,0.459,0.08
228.20000000000002,3.236,2.286,0.95,0.95,0.722,0.459,0.08
228.3,3.279,2.327,0.965,0.949,0.721,0.46,0.08
228.4,3.163,2.22,0.926,0.95,0.722,0.46,0.08
228.5,3.295,2.342,0.97,0.95,0.722,0.459,0.08
228.60000000000002,3.258,2.307,0.958,0.95,0.722,0.46,0.08
228.70000000000002,3.243,2.294,0.953,0.95,0.722,0.46,0.08
228.8,3.237,2.288,0.951,0.95,0.722,0.46,0.08
228.9,3.235,2.286,0.95,0.95,0.722,0.459,0.08
229.0,3.234,2.285,0.95,0.95,0.722,0.46,0.08
229.10000000000002,3.234,2.285,0.95,0.95,0.722,0.46,0.08
229.20000000000002,3.233,2.284,0.95,0.949,0.722,0.46,0.079
229.3,3.233,2.284,0.95,0.95,0.722,0.46,0.08
229.4,3.233,2.284,0.95,0.95,0.721,0.46,0.08
229.5,3.233,2.284,0.95,0.951,0.722,0.46,0.08
229.60000000000002,3.233,2.284,0.95,0.95,0.722,0.46,0.08
229.70000000000002,3.233,2.284,0.95,0.95,0.722,0.46,0.08
229.8,3.233,2.284,0.95,0.949,0.721,0.46,0.08
229.9,3.233,2.284,0.95,0.95,0.722,0.46,0.08
230.0,3.233,2.284,0.95,0.949,0.722,0.46,0.079
230.10000000000002,3.233,2.284,0.95,0.949,0.721,0.46,0.08
230.20000000000002,3.233,2.284,0.95,0.949,0.721,0.46,0.08
230.3,3.233,2.284,0.95,0.949,0.721,0.46,0.08
230.4,3.233,2.284,0.95,0.95,0.722,0.46,0.08
230.5,3.233,2.284,0.95,0.95,0.722,0.46,0.08
230.60000000000002,3.233,2.284,0.95,0.95,0.722,0.46,0.08
230.70000000000002,3.233,2.284,0.95,0.95,0.721,0.46,0.08
230.8,3.233,2.284,0.95,0.949,0.721,0.46,0.079
230.9,3.233,2.284,0.95,0.949,0.721,0.46,0.08
231.0,3.233,2.284,0.95,0.949,0.722,0.46,0.08
231.10000000000002,3.233,2.284,0.95,0.95,0.721,0.46,0.08
231.20000000000002,3.278,2.326,0.965,0.95,0.721,0.46,0.08
231.3,3.251,2.301,0.956,0.95,0.721,0.46,0.08
231.4,3.24,2.291,0.952,0.95,0.722,0.46,0.079
231.5,3.236,2.287,0.951,0.949,0.721,0.461,0.08
231.60000000000002,3.279,2.327,0.965,0.95,0.722,0.46,0.079
231.70000000000002,3.252,2.301,0.956,0.95,0.722,0.46,0.079
231.8,3.241,2.291,0.952,0.949,0.722,0.46,0.079
231.9,3.236,2.287,0.951,0.95,0.721,0.46,0.08
232.0,3.234,2.285,0.95,0.95,0.722,0.46,0.08
232.10000000000002,3.234,2.285,0.95,0.95,0.722,0.46,0.079
232.20000000000002,3.233,2.285,0.95,0.949,0.722,0.46,0.079
232.3,3.233,2.284,0.95,0.949,0.722,0.46,0.079
232.4,3.323,2.368,0.98,0.949,0.721,0.46,0.08
232.5,3.269,2.318,0.962,0.949,0.721,0.46,0.08
232.60000000000002,3.248,2.298,0.955,0.949,0.721,0.46,0.08
232.70000000000002,3.239,2.29,0.952,0.949,0.722,0.46,0.08
232.8,3.236,2.286,0.95,0.949,0.721,0.46,0.079
232.9,3.234,2.285,0.95,0.949,0.721,0.46,0.079
233.0,3.234,2.285,0.95,0.949,0.721,0.46,0.08
233.10000000000002,3.233,2.284,0.95,0.949,0.721,0.46,0.079
233.20000000000002,3.233,2.284,0.95,0.949,0.721,0.46,0.08
233.3,3.233,2.284,0.95,0.948,0.72,0.46,0.079
233.4,3.233,2.284,0.95,0.949,0.72,0.46,0.08
233.5,3.189,2.243,0.935,0.949,0.72,0.46,0.08
233.60000000000002,3.215,2.268,0.944,0.949,0.721,0.46,0.08
233.70000000000002,3.226,2.278,0.947,0.949,0.721,0.46,0.08
233.8,3.275,2.323,0.964,0.949,0.721,0.46,0.079
233.9,3.25,2.3,0.955,0.948,0.721,0.46,0.079
234.0,3.24,2.291,0.952,0.948,0.721,0.46,0.079
234.10000000000002,3.236,2.287,0.951,0.949,0.72,0.459,0.08
234.20000000000002,3.234,2.285,0.95,0.948,0.721,0.46,0.079
234.3,3.234,2.285,0.95,0.949,0.72,0.46,0.08
234.4,3.233,2.285,0.95,0.948,0.72,0.46,0.08
234.5,3.233,2.284,0.95,0.948,0.721,0.46,0.079
234.60000000000002,3.233,2.284,0.95,0.949,0.72,0.459,0.079
234.70000000000002,3.233,2.284,0.95,0.949,0.721,0.46,0.079
234.8,3.233,2.284,0.95,0.949,0.721,0.46,0.079
234.9,3.233,2.284,0.95,0.949,0.721,0.46,0.079
235.0,3.233,2.284,0.95,0.949,0.721,0.46,0.079
235.10000000000002,3.233,2.284,0.95,0.95,0.721,0.46,0.079
235.20000000000002,3.233,2.284,0.95,0.949,0.721,0.46,0.08
235.3,3.233,2.284,0.95,0.949,0.721,0.46,0.079
235.4,3.189,2.244,0.935,0.948,0.72,0.46,0.079
235.5,3.235,2.286,0.95,0.948,0.72,0.46,0.079
235.60000000000002,3.26,2.31,0.959,0.948,0.72,0.459,0.08
235.70000000000002,3.242,2.292,0.953,0.948,0.72,0.46,0.08
235.8,3.359,2.403,0.992,0.949,0.719,0.46,0.079
235.9,3.197,2.251,0.938,0.948,0.719,0.459,0.078
236.0,3.237,2.288,0.951,0.948,0.721,0.46,0.079
236.10000000000002,3.254,2.304,0.957,0.949,0.721,0.46,0.08
236.20000000000002,3.286,2.334,0.967,0.949,0.721,0.46,0.079
236.3,3.227,2.278,0.948,0.949,0.721,0.46,0.08
236.4,3.217,2.269,0.944,0.949,0.72,0.46,0.08
236.5,3.366,2.408,0.994,0.949,0.721,0.46,0.08
236.60000000000002,3.254,2.304,0.957,0.948,0.721,0.46,0.079
236.70000000000002,3.242,2.292,0.952,0.949,0.721,0.46,0.08
236.8,3.251,2.301,0.956,0.949,0.721,0.46,0.08
236.9,3.285,2.332,0.967,0.948,0.721,0.46,0.079
237.0,3.233,2.284,0.95,0.949,0.721,0.46,0.08
237.10000000000002,3.278,2.326,0.965,0.949,0.722,0.46,0.079
237.20000000000002,3.233,2.284,0.95,0.948,0.721,0.46,0.079
237.3,3.244,2.294,0.953,0.947,0.72,0.458,0.08
237.4,3.238,2.288,0.951,0.948,0.719,0.458,0.079
237.5,3.235,2.286,0.95,0.948,0.72,0.459,0.079
237.60000000000002,3.233,2.284,0.95,0.948,0.72,0.459,0.079
237.70000000000002,3.234,2.285,0.95,0.947,0.72,0.459,0.079
237.8,3.234,2.285,0.95,0.948,0.719,0.459,0.079
237.9,3.171,2.227,0.929,0.948,0.72,0.458,0.08
238.0,3.208,2.261,0.941,0.948,0.719,0.459,0.079
238.10000000000002,3.233,2.284,0.95,0.948,0.72,0.458,0.079
238.20000000000002,3.189,2.243,0.935,0.949,0.72,0.459,0.079
238.3,3.192,2.246,0.936,0.949,0.72,0.46,0.08
238.4,3.233,2.284,0.95,0.949,0.722,0.46,0.08
238.5,3.223,2.275,0.946,0.948,0.719,0.459,0.079
238.60000000000002,3.548,2.582,1.055,0.949,0.719,0.459,0.079
238.70000000000002,3.284,2.332,0.967,0.947,0.72,0.46,0.08
238.8,3.253,2.303,0.956,0.948,0.72,0.459,0.079
238.9,3.172,2.228,0.929,0.948,0.719,0.459,0.079
239.0,3.263,2.313,0.96,0.948,0.719,0.46,0.078
239.10000000000002,3.29,2.337,0.969,0.949,0.719,0.459,0.079
239.20000000000002,3.164,2.221,0.927,0.948,0.719,0.458,0.079
239.3,3.256,2.305,0.957,0.949,0.72,0.458,0.078
239.4,3.161,2.218,0.926,0.947,0.719,0.459,0.078
239.5,3.16,2.217,0.925,0.948,0.718,0.458,0.079
239.60000000000002,3.242,2.293,0.953,0.948,0.719,0.459,0.079
239.70000000000002,3.19,2.245,0.935,0.948,0.72,0.458,0.079
239.8,3.159,2.216,0.925,0.947,0.718,0.458,0.079
239.9,3.237,2.288,0.951,0.948,0.719,0.458,0.079
240.0,3.159,2.216,0.925,0.948,0.719,0.459,0.078
240.10000000000002,3.159,2.216,0.925,0.948,0.719,0.459,0.078
240.20000000000002,3.159,2.216,0.925,0.947,0.719,0.458,0.079
240.3,3.071,2.136,0.896,0.947,0.718,0.458,0.079
240.4,3.124,2.184,0.913,0.946,0.719,0.458,0.079
240.5,3.145,2.203,0.92,0.948,0.718,0.458,0.078
240.60000000000002,3.153,2.211,0.923,0.947,0.718,0.458,0.078
240.70000000000002,3.157,2.214,0.924,0.946,0.718,0.458,0.079
240.8,3.158,2.215,0.925,0.947,0.719,0.458,0.079
240.9,3.159,2.216,0.925,0.947,0.719,0.458,0.079
241.0,3.203,2.257,0.94,0.948,0.72,0.458,0.078
241.10000000000002,3.177,2.232,0.931,0.948,0.719,0.458,0.078
241.20000000000002,3.166,2.223,0.927,0.948,0.718,0.458,0.078
241.3,3.162,2.219,0.926,0.948,0.718,0.458,0.078
241.4,3.116,2.177,0.911,0.948,0.719,0.458,0.078
241.5,3.219,2.271,0.945,0.947,0.72,0.458,0.078
241.60000000000002,3.142,2.2,0.919,0.948,0.719,0.458,0.079
241.70000000000002,3.183,2.238,0.933,0.947,0.719,0.458,0.078
241.8,3.197,2.251,0.938,0.948,0.719,0.459,0.078
241.9,3.258,2.307,0.958,0.947,0.719,0.458,0.078
242.0,3.199,2.253,0.938,0.947,0.718,0.458,0.079
242.10000000000002,3.175,2.231,0.93,0.946,0.718,0.458,0.079
242.20000000000002,3.165,2.222,0.927,0.947,0.718,0.458,0.078
242.3,3.162,2.218,0.926,0.948,0.718,0.458,0.079
242.4,3.205,2.258,0.94,0.947,0.719,0.458,0.079
242.5,3.229,2.28,0.948,0.947,0.718,0.458,0.079
242.60000000000002,3.187,2.242,0.934,0.948,0.718,0.457,0.078
242.70000000000002,3.222,2.274,0.946,0.947,0.718,0.458,0.079
242.8,3.126,2.186,0.914,0.947,0.719,0.458,0.079
242.9,3.19,2.245,0.935,0.946,0.718,0.458,0.078
243.0,3.261,2.31,0.959,0.947,0.718,0.458,0.079
243.10000000000002,3.2,2.254,0.939,0.947,0.718,0.457,0.078
243.20000000000002,3.22,2.272,0.945,0.947,0.718,0.458,0.078
243.3,3.183,2.238,0.933,0.948,0.718,0.457,0.078
243.4,3.258,2.307,0.958,0.947,0.719,0.458,0.078
243.5,3.288,2.335,0.968,0.948,0.718,0.457,0.079
243.60000000000002,3.211,2.264,0.942,0.948,0.718,0.457,0.078
243.70000000000002,3.269,2.318,0.962,0.948,0.718,0.457,0.078
243.8,3.203,2.257,0.94,0.948,0.718,0.458,0.079
243.9,3.211,2.264,0.942,0.947,0.718,0.457,0.078
244.0,3.269,2.318,0.962,0.947,0.718,0.457,0.079
244.10000000000002,3.248,2.298,0.954,0.947,0.719,0.457,0.078
244.20000000000002,3.284,2.331,0.967,0.946,0.718,0.457,0.079
244.3,3.177,2.232,0.931,0.949,0.719,0.458,0.078
244.4,3.253,2.303,0.956,0.947,0.718,0.457,0.079
244.5,3.772,2.803,1.132,0.946,0.718,0.455,0.078
244.60000000000002,3.493,2.533,1.038,0.946,0.718,0.454,0.078
244.70000000000002,3.337,2.384,0.985,0.946,0.717,0.454,0.078
244.8,3.275,2.324,0.964,0.945,0.718,0.454,0.078
244.9,3.205,2.259,0.941,0.946,0.717,0.454,0.078
245.0,3.222,2.274,0.946,0.946,0.717,0.454,0.078
245.10000000000002,3.229,2.28,0.948,0.946,0.717,0.455,0.078
245.20000000000002,3.187,2.242,0.934,0.946,0.717,0.455,0.078
245.3,3.26,2.309,0.958,0.946,0.717,0.454,0.078
245.4,3.199,2.253,0.938,0.945,0.718,0.454,0.078
245.5,3.22,2.272,0.945,0.945,0.718,0.454,0.078
245.60000000000002,3.228,2.279,0.948,0.944,0.718,0.454,0.077
245.70000000000002,3.187,2.241,0.934,0.945,0.717,0.454,0.078
245.8,3.17,2.226,0.929,0.945,0.718,0.453,0.077
245.9,3.164,2.22,0.927,0.945,0.718,0.453,0.078
246.0,3.161,2.218,0.926,0.946,0.717,0.453,0.078
246.10000000000002,3.16,2.217,0.925,0.945,0.717,0.453,0.078
246.20000000000002,3.159,2.216,0.925,0.946,0.718,0.452,0.078
246.3,3.159,2.216,0.925,0.945,0.717,0.452,0.078
246.4,3.159,2.216,0.925,0.945,0.717,0.452,0.078
246.5,3.159,2.216,0.925,0.946,0.717,0.452,0.078
246.60000000000002,3.159,2.216,0.925,0.945,0.717,0.453,0.078
246.70000000000002,3.159,2.216,0.925,0.945,0.717,0.453,0.078
246.8,3.159,2.216,0.925,0.944,0.717,0.453,0.078
246.9,3.159,2.216,0.925,0.944,0.717,0.452,0.078
247.0,3.159,2.216,0.925,0.945,0.717,0.453,0.078
247.10000000000002,3.159,2.216,0.925,0.945,0.717,0.453,0.078
247.20000000000002,3.159,2.216,0.925,0.945,0.716,0.452,0.078
247.3,3.159,2.216,0.925,0.945,0.717,0.452,0.078
247.4,3.159,2.216,0.925,0.946,0.717,0.452,0.078
247.5,3.159,2.216,0.925,0.945,0.717,0.452,0.078
247.60000000000002,3.159,2.216,0.925,0.945,0.717,0.452,0.077
247.70000000000002,3.159,2.216,0.925,0.945,0.717,0.452,0.078
247.8,3.159,2.216,0.925,0.944,0.717,0.452,0.078
247.9,3.159,2.216,0.925,0.945,0.717,0.452,0.078
248.0,3.159,2.216,0.925,0.945,0.717,0.452,0.078
248.10000000000002,3.115,2.176,0.91,0.945,0.717,0.452,0.078
248.20000000000002,3.141,2.2,0.919,0.945,0.717,0.452,0.078
248.3,3.152,2.21,0.923,0.945,0.718,0.452,0.078
248.4,3.156,2.213,0.924,0.945,0.718,0.452,0.077
248.5,3.202,2.256,0.939,0.944,0.717,0.452,0.078
248.60000000000002,3.176,2.232,0.931,0.945,0.717,0.452,0.078
248.70000000000002,3.166,2.222,0.927,0.944,0.717,0.452,0.078
248.8,3.162,2.219,0.926,0.944,0.717,0.452,0.078
248.9,3.16,2.217,0.925,0.945,0.717,0.452,0.077
249.0,3.16,2.216,0.925,0.945,0.718,0.452,0.077
249.10000000000002,3.159,2.216,0.925,0.945,0.717,0.452,0.078
249.20000000000002,3.159,2.216,0.925,0.946,0.717,0.452,0.077
249.3,3.159,2.216,0.925,0.945,0.717,0.452,0.078
249.4,3.159,2.216,0.925,0.945,0.717,0.452,0.078
249.5,3.159,2.216,0.925,0.945,0.717,0.452,0.078
249.60000000000002,3.159,2.216,0.925,0.944,0.716,0.452,0.077
249.70000000000002,3.159,2.216,0.925,0.945,0.717,0.452,0.078
249.8,3.159,2.216,0.925,0.945,0.717,0.452,0.078
249.9,3.115,2.176,0.91,0.945,0.717,0.452,0.077
250.0,3.053,2.12,0.89,0.944,0.717,0.45,0.077
250.10000000000002,3.072,2.137,0.896,0.942,0.717,0.449,0.076
250.20000000000002,3.08,2.144,0.899,0.942,0.716,0.448,0.076
250.3,3.083,2.147,0.9,0.941,0.716,0.448,0.076
250.4,3.085,2.148,0.9,0.94,0.717,0.446,0.076
250.5,3.085,2.148,0.901,0.94,0.716,0.446,0.076
250.60000000000002,3.085,2.149,0.901,0.94,0.716,0.445,0.076
250.70000000000002,3.085,2.149,0.901,0.939,0.716,0.444,0.075
250.8,3.041,2.109,0.886,0.938,0.717,0.443,0.075
250.9,3.024,2.093,0.88,0.938,0.717,0.442,0.074
251.0,3.017,2.086,0.878,0.937,0.716,0.44,0.074
251.10000000000002,3.014,2.084,0.877,0.937,0.716,0.439,0.074
251.20000000000002,3.013,2.083,0.877,0.937,0.717,0.438,0.075
251.3,3.012,2.082,0.877,0.936,0.716,0.437,0.075
251.4,3.012,2.082,0.876,0.937,0.717,0.437,0.075
251.5,3.012,2.082,0.876,0.937,0.717,0.436,0.075
251.60000000000002,3.012,2.082,0.876,0.937,0.717,0.436,0.074
251.70000000000002,3.012,2.082,0.876,0.937,0.717,0.435,0.074
251.8,3.012,2.082,0.876,0.937,0.716,0.435,0.074
251.9,3.012,2.082,0.876,0.937,0.716,0.434,0.074
252.0,3.012,2.082,0.876,0.938,0.717,0.433,0.075
252.10000000000002,3.012,2.082,0.876,0.937,0.716,0.433,0.074
252.20000000000002,3.056,2.122,0.891,0.938,0.717,0.432,0.074
252.3,3.03,2.098,0.882,0.938,0.716,0.431,0.074
252.4,3.019,2.089,0.879,0.937,0.716,0.431,0.075
252.5,3.015,2.085,0.877,0.938,0.717,0.431,0.075
252.60000000000002,3.057,2.123,0.891,0.938,0.717,0.43,0.075
252.70000000000002,3.074,2.138,0.897,0.938,0.716,0.43,0.075
252.8,3.037,2.105,0.885,0.938,0.716,0.43,0.075
252.9,3.022,2.091,0.88,0.939,0.717,0.43,0.075
253.0,3.016,2.086,0.878,0.939,0.716,0.43,0.075
253.10000000000002,3.014,2.084,0.877,0.939,0.717,0.43,0.074
253.20000000000002,3.013,2.083,0.877,0.939,0.717,0.43,0.075
253.3,3.056,2.122,0.891,0.938,0.717,0.429,0.075
253.4,3.074,2.138,0.897,0.939,0.716,0.43,0.075
253.5,3.081,2.144,0.899,0.939,0.716,0.43,0.074
253.60000000000002,3.084,2.147,0.9,0.938,0.715,0.43,0.075
253.70000000000002,3.085,2.148,0.9,0.938,0.716,0.43,0.075
253.8,3.085,2.148,0.901,0.939,0.716,0.43,0.075
253.9,3.085,2.149,0.901,0.939,0.716,0.43,0.075
254.0,3.085,2.149,0.901,0.94,0.717,0.43,0.075
254.10000000000002,3.041,2.109,0.886,0.94,0.717,0.43,0.076
254.20000000000002,3.068,2.133,0.895,0.941,0.716,0.43,0.076
254.3,3.078,2.142,0.898,0.94,0.716,0.43,0.076
254.4,3.083,2.146,0.9,0.94,0.716,0.43,0.076
254.5,3.084,2.148,0.9,0.941,0.716,0.43,0.076
254.60000000000002,3.085,2.148,0.9,0.94,0.715,0.43,0.076
254.70000000000002,3.085,2.149,0.901,0.94,0.716,0.43,0.076
254.8,3.041,2.109,0.886,0.94,0.717,0.43,0.076
254.9,3.068,2.133,0.895,0.94,0.716,0.43,0.076
255.0,3.078,2.142,0.898,0.94,0.716,0.43,0.076
255.10000000000002,3.127,2.187,0.914,0.941,0.716,0.43,0.076
255.20000000000002,3.102,2.164,0.906,0.941,0.715,0.431,0.077
255.3,3.092,2.155,0.903,0.94,0.716,0.43,0.076
255.4,3.088,2.151,0.902,0.941,0.716,0.431,0.076
255.5,3.086,2.15,0.901,0.941,0.716,0.431,0.076
255.60000000000002,3.086,2.149,0.901,0.941,0.716,0.431,0.077
255.70000000000002,3.174,2.23,0.93,0.941,0.716,0.431,0.076
255.8,3.121,2.181,0.912,0.941,0.715,0.431,0.076
255.9,3.1,2.162,0.905,0.941,0.716,0.431,0.077
256.0,3.091,2.154,0.903,0.94,0.715,0.431,0.076
256.1,3.088,2.151,0.901,0.941,0.715,0.431,0.077
256.2,3.086,2.15,0.901,0.941,0.716,0.432,0.076
256.3,3.086,2.149,0.901,0.941,0.716,0.432,0.077
256.40000000000003,3.086,2.149,0.901,0.942,0.716,0.431,0.076
256.5,3.085,2.149,0.901,0.942,0.716,0.432,0.076
256.6,3.13,2.189,0.915,0.941,0.715,0.432,0.077
256.7,3.103,2.165,0.906,0.942,0.716,0.433,0.076
256.8,3.137,2.196,0.918,0.941,0.717,0.433,0.077
256.90000000000003,2.803,1.899,0.808,0.941,0.715,0.433,0.077
257.0,2.972,2.049,0.864,0.941,0.715,0.432,0.076
257.1,3.129,2.19,0.915,0.94,0.715,0.433,0.077
257.2,3.103,2.165,0.907,0.941,0.716,0.433,0.076
257.3,3.092,2.155,0.903,0.94,0.715,0.433,0.077
257.40000000000003,3.267,2.316,0.961,0.941,0.715,0.433,0.077
257.5,3.158,2.216,0.925,0.941,0.715,0.433,0.077
257.6,3.114,2.175,0.91,0.941,0.715,0.434,0.077
257.7,3.097,2.159,0.904,0.941,0.716,0.434,0.077
257.8,3.09,2.153,0.902,0.941,0.716,0.433,0.077
257.90000000000003,3.087,2.15,0.901,0.942,0.717,0.433,0.077
258.0,3.13,2.19,0.916,0.941,0.716,0.434,0.077
258.1,3.148,2.206,0.921,0.942,0.715,0.433,0.076
258.2,3.155,2.212,0.924,0.941,0.716,0.434,0.077
258.3,3.157,2.214,0.924,0.941,0.716,0.433,0.077
258.40000000000003,3.158,2.215,0.925,0.941,0.715,0.434,0.077
258.5,3.159,2.216,0.925,0.941,0.716,0.434,0.077
258.6,3.115,2.176,0.91,0.942,0.716,0.434,0.077
258.7,3.141,2.2,0.919,0.942,0.716,0.434,0.077
258.8,3.108,2.169,0.908,0.942,0.716,0.435,0.077
258.90000000000003,3.139,2.197,0.918,0.943,0.716,0.436,0.077
259.0,3.151,2.209,0.922,0.942,0.716,0.435,0.078
259.1,3.156,2.213,0.924,0.942,0.715,0.436,0.077
259.2,3.114,2.174,0.91,0.941,0.716,0.436,0.077
259.3,3.097,2.159,0.904,0.942,0.715,0.436,0.077
259.40000000000003,3.134,2.193,0.917,0.941,0.715,0.435,0.078
259.5,3.149,2.207,0.922,0.941,0.714,0.436,0.077
259.6,3.155,2.212,0.924,0.941,0.715,0.436,0.077
259.7,3.113,2.174,0.91,0.941,0.715,0.436,0.077
259.8,3.141,2.199,0.919,0.941,0.715,0.436,0.077
259.90000000000003,3.108,2.169,0.908,0.941,0.715,0.436,0.077
260.0,3.138,2.197,0.918,0.942,0.716,0.436,0.078
260.1,3.151,2.209,0.922,0.942,0.715,0.436,0.077
260.2,3.156,2.213,0.924,0.941,0.716,0.436,0.077
260.3,3.202,2.256,0.939,0.942,0.715,0.436,0.077
260.40000000000003,3.176,2.232,0.931,0.941,0.716,0.436,0.077
260.5,3.166,2.222,0.927,0.942,0.716,0.436,0.077
260.6,3.118,2.178,0.911,0.941,0.715,0.436,0.077
260.7,3.098,2.16,0.905,0.942,0.716,0.436,0.077
260.8,3.135,2.194,0.917,0.941,0.715,0.436,0.077
260.90000000000003,3.149,2.207,0.922,0.941,0.715,0.436,0.077
261.0,3.155,2.213,0.924,0.941,0.714,0.436,0.078
261.1,3.158,2.215,0.925,0.941,0.714,0.436,0.077
261.2,3.114,2.175,0.91,0.941,0.714,0.436,0.077
261.3,3.097,2.159,0.904,0.942,0.715,0.437,0.078
261.40000000000003,3.134,2.193,0.917,0.941,0.714,0.437,0.077
261.5,3.149,2.207,0.922,0.941,0.715,0.437,0.077
261.6,3.155,2.212,0.924,0.942,0.714,0.437,0.077
261.7,3.158,2.215,0.925,0.941,0.714,0.437,0.078
261.8,3.114,2.175,0.91,0.941,0.714,0.437,0.077
261.90000000000003,3.141,2.2,0.919,0.942,0.715,0.437,0.078
262.0,3.152,2.21,0.923,0.942,0.715,0.436,0.077
262.1,3.156,2.213,0.924,0.941,0.714,0.437,0.078
262.2,3.114,2.175,0.91,0.942,0.715,0.437,0.077
262.3,3.009,2.08,0.875,0.942,0.715,0.437,0.077
262.40000000000003,3.099,2.162,0.905,0.942,0.715,0.437,0.077
262.5,3.135,2.194,0.917,0.941,0.715,0.437,0.078
262.6,3.239,2.29,0.952,0.941,0.714,0.438,0.077
262.7,3.191,2.246,0.936,0.941,0.714,0.437,0.077
262.8,3.172,2.228,0.929,0.942,0.714,0.438,0.078
262.90000000000003,3.209,2.262,0.942,0.942,0.714,0.438,0.077
263.0,3.358,2.401,0.992,0.941,0.714,0.438,0.078
263.1,3.239,2.29,0.952,0.941,0.714,0.438,0.077
263.2,3.191,2.246,0.936,0.942,0.715,0.438,0.077
263.3,3.057,2.158,0.898,0.894,0.678,0.416,0.073
263.40000000000003,2.916,2.057,0.856,0.855,0.649,0.398,0.07
263.5,2.804,1.976,0.823,0.824,0.626,0.384,0.067
263.6,2.692,1.891,0.789,0.8,0.607,0.372,0.066
263.7,2.625,1.843,0.769,0.78,0.592,0.363,0.064
263.8,2.582,1.815,0.757,0.765,0.58,0.356,0.063
263.90000000000003,2.526,1.773,0.74,0.752,0.571,0.35,0.062
264.0,2.503,1.759,0.734,0.742,0.563,0.345,0.061
264.1,2.474,1.738,0.725,0.734,0.557,0.342,0.061
264.2,2.44,1.711,0.714,0.728,0.552,0.339,0.06
264.3,2.412,1.689,0.706,0.723,0.549,0.336,0.06
264.40000000000003,2.401,1.682,0.703,0.719,0.546,0.334,0.059
264.5,2.381,1.666,0.697,0.715,0.543,0.333,0.059
264.6,2.399,1.684,0.703,0.713,0.541,0.331,0.059
264.7,2.391,1.678,0.7,0.711,0.539,0.33,0.058
264.8,2.373,1.663,0.695,0.709,0.538,0.33,0.058
264.90000000000003,2.37,1.661,0.694,0.708,0.537,0.329,0.058
265.0,2.356,1.65,0.689,0.706,0.536,0.328,0.058
265.1,2.345,1.64,0.686,0.705,0.536,0.328,0.058
265.2,2.348,1.643,0.687,0.705,0.535,0.327,0.058
265.3,2.339,1.635,0.684,0.704,0.535,0.327,0.058
265.40000000000003,2.331,1.629,0.681,0.704,0.535,0.327,0.058
265.5,2.326,1.624,0.68,0.703,0.534,0.326,0.058
265.6,2.332,1.63,0.682,0.703,0.534,0.326,0.058
265.7,2.326,1.624,0.68,0.703,0.534,0.326,0.058
265.8,2.321,1.62,0.678,0.702,0.534,0.325,0.058
265.90000000000003,2.318,1.617,0.677,0.702,0.534,0.325,0.058
266.0,2.315,1.614,0.676,0.702,0.534,0.325,0.058
266.1,2.334,1.632,0.683,0.702,0.533,0.325,0.057
266.2,2.328,1.627,0.681,0.701,0.533,0.324,0.057
266.3,2.345,1.642,0.686,0.701,0.533,0.324,0.057
266.40000000000003,2.325,1.625,0.68,0.701,0.533,0.324,0.057
266.5,2.321,1.62,0.678,0.701,0.533,0.323,0.057
266.6,2.317,1.617,0.677,0.701,0.533,0.323,0.057
266.7,2.314,1.614,0.676,0.7,0.533,0.322,0.057
266.8,2.312,1.612,0.675,0.7,0.533,0.322,0.057
266.90000000000003,2.299,1.6,0.671,0.7,0.533,0.321,0.057
267.0,2.311,1.611,0.675,0.7,0.533,0.321,0.057
267.1,2.32,1.62,0.678,0.699,0.533,0.32,0.057
267.2,2.317,1.616,0.677,0.699,0.533,0.32,0.057
267.3,2.314,1.614,0.676,0.699,0.533,0.319,0.057
267.40000000000003,2.312,1.612,0.675,0.698,0.533,0.318,0.056
267.5,2.321,1.62,0.678,0.698,0.533,0.318,0.056
267.6,2.317,1.617,0.677,0.698,0.533,0.317,0.056
267.7,2.303,1.604,0.672,0.698,0.533,0.316,0.056
267.8,2.303,1.604,0.672,0.697,0.533,0.316,0.056
267.90000000000003,2.314,1.614,0.676,0.697,0.533,0.315,0.056
268.0,2.29,1.592,0.668,0.697,0.533,0.315,0.056
268.1,2.281,1.584,0.665,0.697,0.533,0.314,0.056
268.2,2.308,1.609,0.674,0.697,0.533,0.313,0.055
268.3,2.318,1.618,0.677,0.697,0.533,0.313,0.055
268.40000000000003,2.304,1.605,0.673,0.697,0.533,0.312,0.055
268.5,2.292,1.595,0.669,0.697,0.533,0.312,0.056
268.6,2.283,1.586,0.666,0.697,0.533,0.311,0.056
268.7,2.332,1.631,0.682,0.697,0.533,0.311,0.056
268.8,2.326,1.626,0.68,0.697,0.533,0.31,0.055
268.90000000000003,2.321,1.621,0.678,0.697,0.533,0.309,0.055
269.0,2.307,1.608,0.674,0.696,0.533,0.309,0.055
269.1,2.295,1.597,0.67,0.696,0.533,0.308,0.055
269.2,2.285,1.588,0.666,0.696,0.533,0.307,0.055
269.3,2.278,1.581,0.664,0.696,0.533,0.307,0.055
269.40000000000003,2.272,1.576,0.662,0.696,0.533,0.306,0.055
269.5,2.267,1.571,0.66,0.696,0.533,0.306,0.055
269.6,2.263,1.568,0.659,0.696,0.533,0.305,0.055
269.7,2.26,1.565,0.658,0.695,0.533,0.305,0.055
269.8,2.258,1.563,0.657,0.695,0.533,0.304,0.055
269.90000000000003,2.256,1.561,0.657,0.695,0.533,0.304,0.055
270.0,2.254,1.56,0.656,0.695,0.533,0.304,0.055
270.1,2.264,1.568,0.659,0.695,0.533,0.304,0.055
270.2,2.261,1.565,0.658,0.694,0.533,0.303,0.055
270.3,2.258,1.563,0.657,0.694,0.533,0.303,0.055
270.40000000000003,2.267,1.571,0.66,0.694,0.533,0.303,0.055
270.5,2.274,1.578,0.663,0.694,0.533,0.303,0.055
270.6,2.28,1.583,0.665,0.694,0.533,0.303,0.055
270.7,2.284,1.587,0.666,0.694,0.533,0.302,0.055
270.8,2.277,1.58,0.664,0.694,0.533,0.302,0.055
270.90000000000003,2.282,1.585,0.665,0.694,0.533,0.302,0.055
271.0,2.297,1.599,0.67,0.694,0.533,0.302,0.055
271.1,2.298,1.6,0.671,0.694,0.533,0.302,0.055
271.2,2.288,1.591,0.667,0.693,0.533,0.301,0.055
271.3,2.28,1.583,0.665,0.694,0.533,0.301,0.055
271.40000000000003,2.274,1.577,0.663,0.694,0.533,0.301,0.055
271.5,2.268,1.573,0.661,0.693,0.533,0.301,0.055
271.6,2.264,1.569,0.659,0.693,0.533,0.301,0.055
271.7,2.261,1.566,0.658,0.693,0.533,0.3,0.055
271.8,2.258,1.563,0.658,0.693,0.533,0.3,0.055
271.90000000000003,2.267,1.571,0.66,0.693,0.533,0.3,0.055
272.0,2.263,1.568,0.659,0.693,0.533,0.3,0.055
272.1,2.26,1.565,0.658,0.693,0.533,0.3,0.055
272.2,2.258,1.563,0.657,0.693,0.533,0.3,0.055
272.3,2.256,1.561,0.657,0.693,0.533,0.3,0.055
272.40000000000003,2.276,1.58,0.663,0.693,0.533,0.3,0.055
272.5,2.27,1.574,0.662,0.693,0.533,0.3,0.055
272.6,2.266,1.57,0.66,0.693,0.533,0.3,0.055
272.7,2.262,1.567,0.659,0.694,0.533,0.299,0.055
272.8,2.281,1.584,0.665,0.694,0.533,0.299,0.055
272.90000000000003,2.275,1.578,0.663,0.693,0.533,0.299,0.055
273.0,2.269,1.573,0.661,0.693,0.533,0.299,0.055
273.1,2.276,1.579,0.663,0.693,0.533,0.298,0.055
273.2,2.27,1.574,0.661,0.693,0.533,0.298,0.055
273.3,2.266,1.57,0.66,0.693,0.533,0.298,0.055
273.40000000000003,2.262,1.567,0.659,0.693,0.533,0.297,0.055
273.5,2.259,1.564,0.658,0.693,0.533,0.297,0.055
273.6,2.257,1.562,0.657,0.693,0.533,0.297,0.055
273.7,2.266,1.57,0.66,0.693,0.533,0.297,0.055
273.8,2.262,1.567,0.659,0.693,0.533,0.296,0.055
273.90000000000003,2.259,1.564,0.658,0.693,0.533,0.296,0.055
274.0,2.257,1.562,0.657,0.693,0.533,0.295,0.055
274.1,2.255,1.561,0.657,0.693,0.533,0.295,0.055
274.2,2.254,1.559,0.656,0.693,0.533,0.295,0.055
274.3,2.253,1.558,0.656,0.693,0.533,0.294,0.055
274.40000000000003,2.252,1.557,0.655,0.693,0.533,0.294,0.055
274.5,2.251,1.557,0.655,0.693,0.533,0.293,0.055
274.6,2.25,1.556,0.655,0.692,0.533,0.293,0.055
274.7,2.25,1.556,0.655,0.692,0.533,0.293,0.055
274.8,2.249,1.555,0.655,0.692,0.533,0.292,0.055
274.90000000000003,2.249,1.555,0.654,0.692,0.533,0.292,0.055
275.0,2.271,1.575,0.662,0.692,0.533,0.291,0.055
275.1,2.266,1.571,0.66,0.692,0.533,0.291,0.055
275.2,2.263,1.567,0.659,0.692,0.533,0.29,0.055
275.3,2.271,1.575,0.662,0.692,0.533,0.29,0.055
275.40000000000003,2.288,1.59,0.667,0.692,0.533,0.289,0.055
275.5,2.28,1.583,0.665,0.692,0.533,0.289,0.055
275.6,2.284,1.587,0.666,0.692,0.533,0.288,0.055
275.7,2.31,1.611,0.675,0.692,0.533,0.288,0.054
275.8,2.309,1.609,0.674,0.692,0.533,0.288,0.054
275.90000000000003,2.307,1.608,0.674,0.692,0.533,0.287,0.054
276.0,2.306,1.607,0.673,0.692,0.533,0.286,0.054
276.1,2.306,1.606,0.673,0.692,0.533,0.286,0.054
276.2,2.305,1.606,0.673,0.692,0.533,0.285,0.054
276.3,2.305,1.605,0.673,0.692,0.533,0.285,0.054
276.40000000000003,2.304,1.605,0.673,0.692,0.533,0.284,0.054
276.5,2.326,1.625,0.68,0.691,0.533,0.284,0.054
276.6,2.321,1.621,0.678,0.691,0.533,0.283,0.054
276.7,2.329,1.627,0.681,0.691,0.533,0.282,0.054
276.8,2.323,1.623,0.679,0.691,0.533,0.282,0.054
276.90000000000003,2.319,1.619,0.678,0.691,0.533,0.281,0.054
277.0,2.316,1.616,0.677,0.691,0.533,0.281,0.054
277.1,2.313,1.613,0.676,0.691,0.533,0.281,0.054
277.2,2.311,1.611,0.675,0.691,0.533,0.28,0.054
277.3,2.309,1.61,0.674,0.69,0.533,0.28,0.054
277.40000000000003,2.308,1.608,0.674,0.69,0.533,0.279,0.054
277.5,2.307,1.607,0.674,0.69,0.533,0.279,0.054
277.6,2.306,1.607,0.673,0.69,0.533,0.279,0.054
277.7,2.305,1.606,0.673,0.69,0.533,0.279,0.054
277.8,2.305,1.606,0.673,0.69,0.533,0.278,0.054
277.90000000000003,2.304,1.605,0.673,0.69,0.533,0.278,0.054
278.0,2.304,1.605,0.673,0.69,0.533,0.277,0.054
278.1,2.304,1.605,0.672,0.69,0.533,0.277,0.054
278.2,2.292,1.594,0.669,0.69,0.533,0.277,0.054
278.3,2.283,1.586,0.666,0.69,0.533,0.276,0.054
278.40000000000003,2.287,1.59,0.667,0.69,0.533,0.276,0.054
278.5,2.279,1.582,0.664,0.69,0.533,0.275,0.054
278.6,2.273,1.577,0.662,0.69,0.533,0.275,0.054
278.7,2.268,1.572,0.661,0.69,0.533,0.275,0.054
278.8,2.264,1.568,0.659,0.69,0.533,0.275,0.054
278.90000000000003,2.261,1.565,0.658,0.69,0.533,0.275,0.054
279.0,2.258,1.563,0.657,0.69,0.533,0.274,0.054
279.1,2.256,1.561,0.657,0.69,0.533,0.274,0.054
279.2,2.265,1.57,0.66,0.69,0.533,0.274,0.054
279.3,2.273,1.577,0.662,0.69,0.533,0.274,0.054
279.40000000000003,2.268,1.572,0.661,0.69,0.533,0.274,0.054
279.5,2.264,1.568,0.659,0.69,0.533,0.273,0.054
279.6,2.294,1.596,0.669,0.691,0.533,0.273,0.054
279.7,2.296,1.597,0.67,0.691,0.533,0.273,0.054
279.8,2.297,1.599,0.67,0.691,0.533,0.273,0.054
279.90000000000003,2.287,1.59,0.667,0.691,0.533,0.273,0.054
280.0,2.279,1.582,0.664,0.691,0.534,0.273,0.054
280.1,2.273,1.577,0.662,0.69,0.534,0.273,0.054
280.2,2.268,1.572,0.661,0.69,0.534,0.273,0.054
280.3,2.264,1.568,0.659,0.69,0.534,0.273,0.054
280.40000000000003,2.272,1.575,0.662,0.69,0.533,0.273,0.054
280.5,2.267,1.571,0.66,0.69,0.534,0.273,0.054
280.6,2.263,1.568,0.659,0.69,0.534,0.273,0.054
280.7,2.26,1.565,0.658,0.69,0.533,0.272,0.054
280.8,2.257,1.563,0.657,0.69,0.533,0.272,0.054
280.90000000000003,2.267,1.571,0.66,0.69,0.533,0.272,0.054
281.0,2.274,1.577,0.663,0.69,0.533,0.272,0.054
281.1,2.269,1.573,0.661,0.69,0.533,0.272,0.055
281.2,2.275,1.579,0.663,0.69,0.533,0.272,0.055
281.3,2.27,1.574,0.661,0.69,0.533,0.272,0.055
281.40000000000003,2.265,1.57,0.66,0.69,0.533,0.272,0.055
281.5,2.284,1.587,0.666,0.69,0.533,0.272,0.055
281.6,2.277,1.58,0.664,0.69,0.533,0.272,0.055
281.7,2.282,1.585,0.665,0.69,0.533,0.272,0.055
281.8,2.275,1.579,0.663,0.69,0.533,0.273,0.055
281.90000000000003,2.27,1.574,0.661,0.691,0.533,0.273,0.055
282.0,2.265,1.57,0.66,0.691,0.533,0.273,0.055
282.1,2.262,1.566,0.659,0.691,0.533,0.273,0.055
282.2,2.259,1.564,0.658,0.691,0.533,0.273,0.055
282.3,2.279,1.582,0.664,0.691,0.533,0.273,0.055
282.40000000000003,2.272,1.576,0.662,0.691,0.533,0.273,0.055
282.5,2.268,1.572,0.661,0.691,0.533,0.273,0.055
282.6,2.264,1.568,0.659,0.692,0.533,0.273,0.055
282.7,2.26,1.565,0.658,0.692,0.533,0.273,0.055
282.8,2.28,1.583,0.665,0.692,0.533,0.273,0.055
282.90000000000003,2.273,1.577,0.663,0.691,0.533,0.272,0.055
283.0,2.268,1.573,0.661,0.691,0.533,0.272,0.055
283.1,2.264,1.569,0.659,0.691,0.533,0.272,0.055
283.2,2.261,1.566,0.658,0.691,0.533,0.272,0.055
283.3,2.269,1.573,0.661,0.691,0.534,0.272,0.055
283.40000000000003,2.276,1.579,0.663,0.691,0.534,0.272,0.055
283.5,2.292,1.594,0.669,0.691,0.534,0.272,0.055
283.6,2.294,1.596,0.669,0.69,0.533,0.272,0.055
283.7,2.285,1.588,0.666,0.69,0.533,0.271,0.055
283.8,2.278,1.581,0.664,0.69,0.533,0.271,0.055
283.90000000000003,2.272,1.575,0.662,0.69,0.533,0.271,0.055
284.0,2.278,1.581,0.664,0.69,0.533,0.271,0.055
284.1,2.272,1.576,0.662,0.69,0.533,0.27,0.055
284.2,2.3,1.602,0.671,0.69,0.534,0.27,0.055
284.3,2.29,1.592,0.668,0.69,0.534,0.27,0.055
284.40000000000003,2.281,1.584,0.665,0.689,0.533,0.27,0.055
284.5,2.274,1.578,0.663,0.689,0.533,0.27,0.055
284.6,2.269,1.573,0.661,0.689,0.533,0.27,0.055
284.7,2.265,1.569,0.66,0.689,0.533,0.269,0.055
284.8,2.261,1.566,0.659,0.689,0.533,0.269,0.055
284.90000000000003,2.259,1.564,0.658,0.689,0.533,0.269,0.055
285.0,2.256,1.562,0.657,0.69,0.533,0.269,0.055
285.1,2.255,1.56,0.656,0.69,0.533,0.269,0.055
285.2,2.264,1.569,0.66,0.69,0.533,0.269,0.055
285.3,2.272,1.576,0.662,0.689,0.533,0.269,0.055
285.40000000000003,2.289,1.591,0.668,0.689,0.533,0.268,0.055
285.5,2.27,1.574,0.661,0.689,0.533,0.268,0.055
285.6,2.276,1.58,0.664,0.689,0.533,0.268,0.055
285.7,2.271,1.575,0.662,0.69,0.533,0.268,0.055
285.8,2.266,1.571,0.66,0.69,0.533,0.268,0.055
285.90000000000003,2.262,1.567,0.659,0.69,0.533,0.268,0.055
286.0,2.27,1.574,0.662,0.69,0.533,0.268,0.055
286.1,2.266,1.57,0.66,0.69,0.533,0.268,0.055
286.2,2.262,1.567,0.659,0.69,0.533,0.268,0.055
286.3,2.259,1.564,0.658,0.69,0.533,0.268,0.055
286.40000000000003,2.257,1.562,0.657,0.69,0.533,0.268,0.055
286.5,2.255,1.561,0.656,0.69,0.533,0.268,0.055
286.6,2.254,1.559,0.656,0.69,0.533,0.268,0.055
286.7,2.242,1.548,0.652,0.69,0.533,0.267,0.055
286.8,2.243,1.549,0.652,0.69,0.533,0.267,0.055
286.90000000000003,2.244,1.55,0.653,0.69,0.533,0.267,0.055
287.0,2.267,1.571,0.66,0.69,0.533,0.267,0.055
287.1,2.263,1.568,0.659,0.69,0.533,0.267,0.055
287.2,2.26,1.565,0.658,0.69,0.533,0.267,0.055
287.3,2.257,1.563,0.657,0.69,0.533,0.267,0.055
287.40000000000003,2.255,1.561,0.657,0.69,0.533,0.267,0.055
287.5,2.254,1.559,0.656,0.69,0.533,0.267,0.055
287.6,2.253,1.558,0.656,0.69,0.533,0.267,0.055
287.7,2.252,1.557,0.655,0.69,0.533,0.267,0.055
287.8,2.251,1.557,0.655,0.69,0.533,0.267,0.055
287.90000000000003,2.272,1.576,0.662,0.69,0.533,0.267,0.055
288.0,2.278,1.582,0.664,0.69,0.533,0.267,0.055
288.1,2.294,1.596,0.669,0.69,0.533,0.267,0.055
288.2,2.285,1.588,0.666,0.69,0.533,0.267,0.055
288.3,2.277,1.581,0.664,0.69,0.533,0.267,0.055
288.40000000000003,2.272,1.575,0.662,0.69,0.533,0.267,0.055
288.5,2.278,1.581,0.664,0.69,0.533,0.267,0.055
288.6,2.283,1.586,0.666,0.69,0.533,0.267,0.055
288.7,2.298,1.599,0.671,0.69,0.534,0.267,0.055
288.8,2.299,1.6,0.671,0.69,0.534,0.267,0.055
288.90000000000003,2.299,1.601,0.671,0.69,0.534,0.267,0.055
289.0,2.289,1.591,0.668,0.69,0.534,0.267,0.055
289.1,2.292,1.594,0.669,0.69,0.534,0.267,0.055
289.2,2.283,1.586,0.666,0.69,0.534,0.267,0.055
289.3,2.764,1.924,0.807,0.83,0.642,0.321,0.066
289.40000000000003,3.001,2.099,0.878,0.887,0.686,0.343,0.07
289.5,3.008,2.089,0.877,0.91,0.704,0.351,0.072
289.6,3.054,2.125,0.891,0.919,0.71,0.355,0.073
289.7,3.117,2.18,0.912,0.923,0.713,0.355,0.073
289.8,3.054,2.121,0.89,0.924,0.715,0.356,0.074
289.90000000000003,3.073,2.138,0.897,0.924,0.715,0.356,0.073
290.0,3.169,2.226,0.928,0.923,0.714,0.356,0.073
290.1,3.119,2.179,0.912,0.924,0.715,0.356,0.074
290.2,3.143,2.201,0.92,0.924,0.715,0.356,0.074
290.3,3.108,2.17,0.908,0.923,0.715,0.356,0.073
290.40000000000003,3.095,2.157,0.904,0.923,0.714,0.356,0.074
290.5,3.089,2.152,0.902,0.924,0.714,0.356,0.074
290.6,3.087,2.15,0.901,0.924,0.714,0.356,0.074
290.7,3.086,2.149,0.901,0.925,0.714,0.356,0.073
290.8,3.086,2.149,0.901,0.925,0.715,0.356,0.074
290.90000000000003,3.085,2.149,0.901,0.924,0.715,0.356,0.074
291.0,3.13,2.189,0.915,0.925,0.715,0.356,0.074
291.1,3.103,2.165,0.907,0.925,0.715,0.356,0.074
291.2,3.137,2.196,0.918,0.925,0.715,0.356,0.074
291.3,3.106,2.167,0.907,0.925,0.715,0.355,0.074
291.40000000000003,3.05,2.116,0.889,0.926,0.715,0.355,0.074
291.5,3.027,2.096,0.881,0.925,0.715,0.354,0.074
291.6,3.018,2.088,0.878,0.925,0.714,0.354,0.074
291.7,3.058,2.124,0.892,0.926,0.715,0.354,0.074
291.8,3.075,2.139,0.897,0.925,0.715,0.354,0.074
291.90000000000003,3.037,2.105,0.885,0.925,0.714,0.354,0.074
292.0,3.066,2.131,0.894,0.927,0.714,0.355,0.074
292.1,3.078,2.142,0.898,0.926,0.715,0.356,0.075
292.2,3.082,2.146,0.9,0.926,0.714,0.356,0.075
292.3,3.084,2.148,0.9,0.927,0.715,0.357,0.075
292.40000000000003,3.174,2.23,0.93,0.928,0.714,0.357,0.074
292.5,3.165,2.222,0.927,0.928,0.715,0.358,0.075
292.6,3.117,2.178,0.911,0.929,0.715,0.36,0.075
292.7,3.142,2.201,0.92,0.928,0.715,0.361,0.075
292.8,3.152,2.21,0.923,0.929,0.715,0.361,0.076
292.90000000000003,3.156,2.214,0.924,0.93,0.715,0.362,0.075
293.0,3.114,2.175,0.91,0.93,0.714,0.363,0.076
293.1,3.141,2.2,0.919,0.93,0.715,0.364,0.076
293.2,3.196,2.25,0.937,0.931,0.715,0.364,0.076
293.3,3.174,2.23,0.93,0.932,0.714,0.365,0.076
293.40000000000003,3.165,2.222,0.927,0.932,0.714,0.366,0.077
293.5,3.161,2.218,0.926,0.932,0.714,0.367,0.076
293.6,3.249,2.299,0.955,0.933,0.715,0.369,0.076
293.7,3.24,2.29,0.952,0.933,0.714,0.37,0.076
293.8,3.191,2.246,0.936,0.934,0.714,0.371,0.076
293.90000000000003,3.172,2.228,0.929,0.933,0.714,0.372,0.076
294.0,3.164,2.221,0.927,0.934,0.714,0.373,0.076
294.1,3.161,2.218,0.926,0.934,0.715,0.373,0.077
294.2,3.16,2.217,0.925,0.934,0.714,0.374,0.077
294.3,3.159,2.216,0.925,0.934,0.715,0.375,0.077
294.40000000000003,3.159,2.216,0.925,0.934,0.714,0.376,0.077
294.5,3.204,2.257,0.94,0.934,0.714,0.377,0.077
294.6,3.221,2.273,0.946,0.935,0.714,0.378,0.077
294.7,3.229,2.28,0.948,0.934,0.714,0.379,0.077
294.8,3.366,2.409,0.994,0.936,0.714,0.382,0.077
294.90000000000003,3.331,2.376,0.982,0.937,0.714,0.384,0.078
295.0,3.317,2.362,0.978,0.937,0.714,0.385,0.078
295.1,3.312,2.357,0.976,0.937,0.714,0.386,0.078
295.2,3.309,2.355,0.975,0.938,0.715,0.387,0.078
295.3,3.308,2.354,0.975,0.938,0.715,0.388,0.078
295.40000000000003,3.308,2.354,0.975,0.939,0.714,0.389,0.078
295.5,3.308,2.354,0.975,0.938,0.714,0.391,0.079
295.6,3.308,2.354,0.975,0.939,0.714,0.393,0.079
295.7,3.308,2.354,0.975,0.94,0.714,0.394,0.079
295.8,3.353,2.396,0.99,0.94,0.714,0.395,0.079
295.90000000000003,3.416,2.455,1.011,0.941,0.715,0.396,0.079
296.0,3.396,2.436,1.004,0.94,0.714,0.398,0.08
296.1,3.433,2.471,1.017,0.941,0.714,0.399,0.08
296.2,3.448,2.485,1.022,0.941,0.714,0.401,0.08
296.3,3.409,2.448,1.008,0.941,0.714,0.403,0.081
296.40000000000003,3.439,2.476,1.018,0.942,0.714,0.404,0.081
296.5,3.542,2.574,1.053,0.943,0.714,0.407,0.082
296.6,3.492,2.526,1.036,0.942,0.714,0.409,0.082
296.7,3.472,2.507,1.029,0.943,0.714,0.411,0.082
296.8,3.464,2.499,1.027,0.943,0.714,0.412,0.082
296.90000000000003,3.46,2.496,1.026,0.944,0.714,0.414,0.083
297.0,3.459,2.495,1.025,0.944,0.714,0.416,0.082
297.1,3.504,2.538,1.04,0.945,0.714,0.418,0.083
297.2,3.568,2.598,1.062,0.945,0.714,0.421,0.083
297.3,3.547,2.579,1.055,0.945,0.715,0.423,0.083
297.40000000000003,3.585,2.615,1.068,0.946,0.715,0.425,0.083
297.5,3.646,2.673,1.088,0.946,0.716,0.427,0.084
297.6,3.625,2.652,1.081,0.946,0.715,0.429,0.085
297.7,3.662,2.688,1.094,0.947,0.714,0.431,0.084
297.8,3.723,2.747,1.114,0.948,0.714,0.434,0.085
297.90000000000003,3.701,2.726,1.107,0.948,0.714,0.436,0.085
298.0,3.647,2.674,1.088,0.947,0.714,0.438,0.085
298.1,3.671,2.697,1.097,0.947,0.715,0.44,0.086
298.2,3.68,2.706,1.1,0.948,0.715,0.442,0.086
298.3,3.684,2.71,1.101,0.949,0.714,0.443,0.086
298.40000000000003,3.686,2.711,1.102,0.949,0.714,0.444,0.087
298.5,3.686,2.712,1.102,0.949,0.714,0.446,0.087
298.6,3.687,2.712,1.102,0.948,0.714,0.449,0.086
298.7,3.733,2.757,1.118,0.949,0.714,0.451,0.087
298.8,3.705,2.73,1.108,0.95,0.714,0.452,0.087
298.90000000000003,3.74,2.764,1.12,0.949,0.714,0.453,0.088
299.0,3.708,2.733,1.109,0.95,0.715,0.455,0.088
299.1,3.742,2.765,1.121,0.95,0.714,0.457,0.088
299.2,3.755,2.778,1.125,0.95,0.714,0.459,0.088
299.3,3.9,2.92,1.175,0.951,0.715,0.462,0.089
299.40000000000003,3.818,2.84,1.147,0.95,0.714,0.464,0.089
299.5,3.786,2.808,1.136,0.951,0.714,0.466,0.089
299.6,3.819,2.84,1.147,0.951,0.713,0.468,0.09
299.7,3.879,2.899,1.167,0.952,0.714,0.469,0.09
299.8,3.903,2.922,1.176,0.951,0.714,0.471,0.09
299.90000000000003,3.866,2.886,1.163,0.952,0.714,0.473,0.09
300.0,3.851,2.871,1.158,0.951,0.714,0.475,0.09
300.1,3.892,2.911,1.172,0.952,0.715,0.477,0.09
300.2,3.955,2.973,1.193,0.952,0.714,0.48,0.091
300.3,3.887,2.906,1.17,0.953,0.714,0.482,0.091
300.40000000000003,3.906,2.925,1.177,0.954,0.714,0.484,0.091
300.5,3.914,2.933,1.179,0.954,0.714,0.485,0.092
300.6,3.964,2.982,1.196,0.954,0.714,0.487,0.092
300.7,3.937,2.955,1.187,0.954,0.714,0.488,0.092
300.8,3.926,2.945,1.183,0.955,0.714,0.489,0.093
300.90000000000003,3.969,2.987,1.198,0.954,0.713,0.491,0.092
301.0,3.986,3.003,1.204,0.955,0.714,0.493,0.092
301.1,3.946,2.964,1.19,0.954,0.714,0.494,0.093
301.2,4.071,3.088,1.233,0.955,0.714,0.498,0.093
301.3,4.027,3.044,1.218,0.955,0.714,0.5,0.093
301.40000000000003,4.056,3.073,1.228,0.956,0.713,0.502,0.094
301.5,4.021,3.038,1.216,0.956,0.713,0.504,0.094
301.6,4.007,3.024,1.211,0.956,0.713,0.505,0.094
301.7,3.954,2.972,1.193,0.956,0.713,0.509,0.094
301.8,4.027,3.044,1.218,0.956,0.713,0.511,0.094
301.90000000000003,4.009,3.026,1.212,0.956,0.714,0.512,0.095
302.0,4.049,3.066,1.226,0.957,0.714,0.513,0.094
302.1,4.065,3.082,1.231,0.956,0.713,0.515,0.095
302.2,4.071,3.088,1.233,0.958,0.713,0.517,0.095
302.3,4.074,3.091,1.234,0.958,0.713,0.518,0.095
302.40000000000003,4.075,3.092,1.234,0.957,0.713,0.519,0.096
302.5,4.028,3.045,1.218,0.957,0.713,0.52,0.095
302.6,4.057,3.073,1.228,0.959,0.713,0.522,0.096
302.7,4.068,3.085,1.232,0.958,0.713,0.524,0.096
302.8,4.073,3.089,1.234,0.959,0.714,0.525,0.096
302.90000000000003,4.075,3.091,1.234,0.958,0.714,0.526,0.097
303.0,4.075,3.092,1.235,0.959,0.713,0.528,0.097
303.1,4.076,3.092,1.235,0.96,0.713,0.529,0.097
303.2,4.123,3.139,1.251,0.96,0.714,0.531,0.097
303.3,4.142,3.158,1.258,0.96,0.713,0.532,0.098
303.40000000000003,4.15,3.166,1.26,0.96,0.713,0.533,0.098
303.5,4.2,3.216,1.278,0.96,0.713,0.534,0.098
303.6,4.173,3.189,1.268,0.96,0.714,0.536,0.098
303.7,4.354,3.372,1.331,0.96,0.714,0.538,0.098
303.8,4.282,3.299,1.306,0.961,0.714,0.539,0.098
303.90000000000003,4.253,3.27,1.296,0.96,0.714,0.541,0.098
304.0,4.242,3.258,1.292,0.96,0.713,0.542,0.098
304.1,4.333,3.35,1.323,0.961,0.714,0.544,0.099
304.2,4.274,3.29,1.303,0.961,0.713,0.546,0.099
304.3,4.346,3.363,1.328,0.962,0.713,0.549,0.1
304.40000000000003,4.279,3.295,1.305,0.961,0.714,0.55,0.1
304.5,4.252,3.268,1.295,0.961,0.713,0.552,0.1
304.6,4.337,3.354,1.325,0.962,0.713,0.554,0.101
304.7,4.275,3.292,1.303,0.962,0.714,0.556,0.101
304.8,4.298,3.315,1.311,0.962,0.713,0.557,0.101
304.90000000000003,4.308,3.324,1.315,0.961,0.713,0.558,0.102
305.0,4.311,3.328,1.316,0.961,0.713,0.561,0.101
305.1,4.313,3.33,1.316,0.962,0.714,0.561,0.101
305.2,4.41,3.428,1.35,0.962,0.714,0.564,0.102
305.3,4.4,3.418,1.347,0.963,0.714,0.565,0.102
305.40000000000003,4.396,3.414,1.345,0.963,0.713,0.566,0.103
305.5,4.443,3.462,1.362,0.964,0.713,0.568,0.103
305.6,4.462,3.481,1.368,0.963,0.713,0.571,0.103
305.7,4.469,3.489,1.371,0.964,0.713,0.572,0.104
305.8,4.521,3.541,1.389,0.964,0.714,0.574,0.104
305.90000000000003,4.542,3.562,1.396,0.964,0.713,0.576,0.105
306.0,4.55,3.571,1.399,0.965,0.713,0.577,0.105
306.1,4.553,3.574,1.4,0.965,0.713,0.579,0.106
306.2,4.603,3.626,1.417,0.965,0.713,0.581,0.106
306.3,4.478,3.497,1.374,0.965,0.713,0.583,0.107
306.40000000000003,4.573,3.595,1.407,0.965,0.713,0.585,0.108
306.5,4.66,3.685,1.437,0.965,0.713,0.587,0.108
306.6,4.646,3.67,1.432,0.966,0.714,0.589,0.108
306.7,4.739,3.766,1.465,0.966,0.713,0.591,0.109
306.8,4.727,3.753,1.46,0.966,0.713,0.593,0.11
306.90000000000003,4.82,3.851,1.493,0.966,0.712,0.595,0.11
307.0,4.858,3.89,1.507,0.967,0.713,0.597,0.111
307.1,4.923,3.958,1.529,0.967,0.713,0.598,0.112
307.20000000000005,4.949,3.985,1.538,0.968,0.713,0.6,0.113
307.3,4.959,3.996,1.542,0.969,0.713,0.603,0.113
307.40000000000003,5.013,4.053,1.561,0.969,0.713,0.605,0.114
307.5,4.985,4.024,1.551,0.969,0.713,0.607,0.114
307.6,4.973,4.012,1.547,0.969,0.713,0.61,0.115
307.70000000000005,5.019,4.06,1.563,0.97,0.712,0.611,0.115
307.8,4.937,3.974,1.534,0.97,0.712,0.613,0.116
307.90000000000003,4.954,3.992,1.54,0.97,0.712,0.615,0.116
308.0,5.011,4.052,1.561,0.97,0.713,0.617,0.117
308.1,5.084,4.129,1.586,0.97,0.713,0.619,0.117
308.20000000000005,5.063,4.106,1.579,0.97,0.712,0.62,0.118
308.3,5.206,4.259,1.629,0.971,0.713,0.624,0.118
308.40000000000003,5.162,4.212,1.614,0.971,0.712,0.626,0.119
308.5,5.144,4.193,1.608,0.972,0.713,0.627,0.12
308.6,5.137,4.185,1.605,0.971,0.712,0.629,0.12
308.70000000000005,5.135,4.182,1.604,0.972,0.713,0.631,0.121
308.8,5.184,4.235,1.622,0.972,0.713,0.633,0.121
308.90000000000003,5.203,4.256,1.629,0.973,0.713,0.635,0.122
309.0,5.211,4.264,1.631,0.973,0.712,0.638,0.122
309.1,5.265,4.322,1.65,0.973,0.713,0.639,0.122
309.20000000000005,5.338,4.4,1.676,0.973,0.712,0.641,0.123
309.3,5.366,4.431,1.686,0.974,0.713,0.643,0.123
309.40000000000003,5.327,4.389,1.673,0.973,0.713,0.644,0.124
309.5,5.413,4.482,1.703,0.974,0.713,0.646,0.124
309.6,5.346,4.409,1.679,0.974,0.712,0.648,0.125
309.70000000000005,5.319,4.38,1.67,0.974,0.713,0.65,0.125
309.8,5.461,4.534,1.72,0.974,0.712,0.653,0.126
309.90000000000003,5.416,4.485,1.704,0.974,0.712,0.654,0.127
310.0,5.5,4.576,1.734,0.975,0.712,0.655,0.126
310.1,5.483,4.557,1.728,0.975,0.712,0.657,0.126
310.20000000000005,5.425,4.494,1.707,0.975,0.713,0.659,0.127
310.3,5.452,4.524,1.717,0.976,0.712,0.661,0.127
310.40000000000003,5.412,4.481,1.703,0.975,0.713,0.662,0.128
310.5,5.499,4.575,1.734,0.976,0.712,0.663,0.128
310.6,5.482,4.556,1.728,0.976,0.713,0.664,0.128
310.70000000000005,5.475,4.549,1.725,0.977,0.713,0.665,0.129
310.8,5.627,4.715,1.78,0.977,0.713,0.667,0.129
310.90000000000003,5.636,4.725,1.783,0.977,0.713,0.67,0.13
311.0,5.588,4.672,1.766,0.978,0.712,0.671,0.13
311.1,5.673,4.765,1.796,0.978,0.713,0.673,0.131
311.20000000000005,5.654,4.745,1.789,0.978,0.712,0.675,0.131
311.3,5.647,4.737,1.787,0.978,0.713,0.677,0.132
311.40000000000003,5.644,4.733,1.786,0.978,0.712,0.677,0.132
311.5,5.695,4.789,1.804,0.978,0.712,0.678,0.132
311.6,5.715,4.811,1.811,0.978,0.712,0.681,0.133
311.70000000000005,5.723,4.82,1.814,0.979,0.713,0.683,0.132
311.8,5.726,4.824,1.815,0.979,0.713,0.683,0.133
311.90000000000003,5.728,4.825,1.816,0.98,0.712,0.684,0.133
312.0,5.78,4.883,1.835,0.98,0.713,0.685,0.134
312.1,5.749,4.849,1.823,0.98,0.712,0.686,0.135
312.20000000000005,5.894,5.009,1.875,0.981,0.713,0.69,0.135
312.3,5.847,4.957,1.859,0.981,0.713,0.691,0.135
312.40000000000003,5.932,5.052,1.889,0.98,0.712,0.692,0.136
312.5,5.914,5.032,1.883,0.98,0.712,0.694,0.136
312.6,5.96,5.082,1.899,0.981,0.712,0.696,0.137
312.70000000000005,5.873,4.986,1.868,0.981,0.712,0.698,0.138
312.8,5.786,4.89,1.837,0.981,0.713,0.699,0.138
312.90000000000003,5.961,5.085,1.9,0.982,0.713,0.701,0.138
313.0,5.978,5.103,1.906,0.982,0.712,0.702,0.139
313.1,5.933,5.052,1.89,0.982,0.713,0.703,0.139
313.20000000000005,6.02,5.149,1.921,0.981,0.712,0.704,0.139
313.3,6.002,5.129,1.914,0.982,0.712,0.705,0.14
313.40000000000003,6.047,5.18,1.931,0.982,0.712,0.706,0.14
313.5,6.065,5.201,1.938,0.982,0.713,0.708,0.14
313.6,6.02,5.15,1.921,0.983,0.712,0.708,0.141
313.70000000000005,6.107,5.248,1.953,0.983,0.713,0.71,0.141
313.8,6.09,5.228,1.946,0.982,0.712,0.711,0.142
313.90000000000003,6.082,5.22,1.944,0.983,0.712,0.712,0.142
314.0,6.027,5.157,1.924,0.982,0.712,0.714,0.142
314.1,6.11,5.251,1.954,0.983,0.713,0.715,0.142
314.20000000000005,6.144,5.288,1.966,0.983,0.712,0.716,0.142
314.3,6.104,5.244,1.951,0.984,0.712,0.716,0.143
314.40000000000003,6.141,5.286,1.965,0.984,0.712,0.717,0.143
314.5,6.262,5.423,2.009,0.985,0.713,0.718,0.144
314.6,6.204,5.357,1.988,0.985,0.712,0.719,0.144
314.70000000000005,6.181,5.331,1.979,0.985,0.713,0.721,0.144
314.8,6.172,5.32,1.976,0.985,0.713,0.721,0.145
314.90000000000003,6.168,5.316,1.975,0.985,0.713,0.723,0.145
315.0,6.114,5.255,1.955,0.986,0.713,0.724,0.145
315.1,6.092,5.23,1.947,0.986,0.712,0.724,0.146
315.20000000000005,6.136,5.28,1.963,0.985,0.712,0.725,0.146
315.3,6.207,5.36,1.989,0.986,0.713,0.725,0.146
315.40000000000003,6.077,5.214,1.942,0.985,0.712,0.726,0.146
315.5,6.13,5.273,1.961,0.986,0.712,0.726,0.146
315.6,6.151,5.297,1.969,0.986,0.713,0.727,0.146
315.70000000000005,6.107,5.247,1.953,0.986,0.712,0.727,0.147
315.8,6.195,5.347,1.985,0.986,0.713,0.729,0.146
315.90000000000003,6.231,5.387,1.997,0.986,0.713,0.729,0.147
316.0,6.192,5.343,1.983,0.986,0.713,0.731,0.147
316.1,6.176,5.325,1.978,0.985,0.713,0.732,0.147
316.20000000000005,6.17,5.318,1.975,0.987,0.713,0.732,0.147
316.3,6.167,5.315,1.974,0.988,0.713,0.732,0.146
316.40000000000003,6.166,5.314,1.974,0.987,0.713,0.733,0.147
316.5,6.113,5.254,1.955,0.986,0.713,0.733,0.147
316.6,6.198,5.35,1.986,0.987,0.713,0.734,0.148
316.70000000000005,6.285,5.448,2.017,0.986,0.712,0.734,0.148
316.8,6.267,5.427,2.011,0.986,0.713,0.734,0.148
316.90000000000003,6.206,5.359,1.989,0.987,0.712,0.735,0.148
317.0,6.235,5.392,1.999,0.988,0.713,0.736,0.149
317.1,6.3,5.465,2.023,0.988,0.713,0.737,0.149
317.20000000000005,6.326,5.495,2.032,0.987,0.713,0.738,0.149
317.3,6.283,5.446,2.016,0.988,0.713,0.739,0.149
317.40000000000003,6.266,5.426,2.01,0.987,0.713,0.738,0.15
317.5,6.312,5.479,2.027,0.988,0.713,0.739,0.149
317.6,6.331,5.5,2.034,0.988,0.712,0.74,0.15
317.70000000000005,6.338,5.509,2.037,0.987,0.712,0.74,0.15
317.8,6.288,5.451,2.018,0.987,0.711,0.741,0.151
317.90000000000003,6.215,5.369,1.992,0.988,0.712,0.741,0.151
318.0,6.238,5.395,2,0.988,0.713,0.742,0.15
318.1,6.195,5.346,1.984,0.988,0.713,0.742,0.151
318.20000000000005,6.391,5.57,2.056,0.989,0.712,0.742,0.151
318.3,6.362,5.536,2.045,0.989,0.712,0.744,0.151
318.40000000000003,6.405,5.584,2.061,0.988,0.713,0.745,0.152
318.5,6.368,5.542,2.047,0.988,0.712,0.745,0.152
318.6,6.353,5.525,2.042,0.989,0.712,0.747,0.152
318.70000000000005,6.347,5.519,2.04,0.989,0.712,0.746,0.153
318.8,6.291,5.455,2.02,0.989,0.712,0.747,0.153
318.90000000000003,6.376,5.552,2.05,0.989,0.713,0.748,0.154
319.0,6.356,5.529,2.043,0.989,0.713,0.748,0.153
319.1,6.348,5.52,2.04,0.989,0.713,0.748,0.153
319.20000000000005,6.345,5.517,2.039,0.989,0.713,0.749,0.154
319.3,6.291,5.455,2.019,0.989,0.713,0.749,0.154
319.40000000000003,6.322,5.49,2.031,0.989,0.712,0.75,0.153
319.5,6.335,5.505,2.035,0.989,0.712,0.75,0.154
319.6,6.287,5.45,2.018,0.988,0.713,0.75,0.154
319.70000000000005,6.321,5.488,2.03,0.989,0.712,0.751,0.155
319.8,6.281,5.443,2.016,0.989,0.712,0.75,0.154
319.90000000000003,6.318,5.486,2.029,0.99,0.712,0.751,0.154
320.0,6.333,5.503,2.035,0.989,0.712,0.751,0.155
320.1,6.339,5.51,2.037,0.991,0.713,0.752,0.155
320.20000000000005,6.288,5.452,2.018,0.99,0.713,0.753,0.155
320.3,6.321,5.489,2.03,0.99,0.713,0.754,0.155
320.40000000000003,6.334,5.504,2.035,0.99,0.712,0.754,0.156
320.5,6.393,5.571,2.057,0.989,0.712,0.754,0.155
320.6,6.417,5.598,2.065,0.99,0.713,0.755,0.156
320.70000000000005,6.373,5.548,2.049,0.989,0.712,0.756,0.155
320.8,6.355,5.528,2.043,0.989,0.713,0.756,0.155
320.90000000000003,6.348,5.52,2.04,0.989,0.713,0.756,0.155
321.0,6.453,5.639,2.078,0.99,0.713,0.756,0.156
321.1,6.387,5.564,2.054,0.99,0.713,0.757,0.155
321.20000000000005,6.414,5.595,2.064,0.99,0.712,0.757,0.156
321.3,6.372,5.547,2.049,0.989,0.713,0.758,0.156
321.40000000000003,6.355,5.527,2.043,0.989,0.712,0.757,0.157
321.5,6.348,5.519,2.04,0.99,0.712,0.758,0.156
321.6,6.239,5.396,2,0.991,0.712,0.758,0.157
321.70000000000005,6.355,5.528,2.043,0.99,0.713,0.758,0.157
321.8,6.402,5.581,2.06,0.991,0.713,0.758,0.157
321.90000000000003,6.367,5.541,2.047,0.991,0.712,0.759,0.157
322.0,6.46,5.647,2.081,0.99,0.713,0.759,0.157
322.1,6.444,5.629,2.075,0.991,0.713,0.76,0.158
322.20000000000005,6.383,5.56,2.053,0.991,0.713,0.759,0.158
322.3,6.413,5.594,2.064,0.99,0.713,0.76,0.158
322.40000000000003,6.479,5.669,2.088,0.991,0.713,0.761,0.158
322.5,6.451,5.637,2.078,0.991,0.713,0.761,0.158
322.6,6.494,5.686,2.093,0.991,0.713,0.762,0.158
322.70000000000005,6.457,5.644,2.08,0.992,0.713,0.762,0.158
322.8,6.496,5.689,2.094,0.993,0.713,0.763,0.159
322.90000000000003,6.458,5.645,2.08,0.992,0.713,0.764,0.159
323.0,6.443,5.628,2.075,0.992,0.713,0.764,0.159
323.1,6.49,5.682,2.092,0.992,0.713,0.764,0.159
323.20000000000005,6.51,5.704,2.099,0.992,0.714,0.766,0.158
323.3,6.463,5.651,2.082,0.993,0.714,0.765,0.159
323.40000000000003,6.445,5.63,2.075,0.992,0.713,0.767,0.158
323.5,6.384,5.561,2.053,0.992,0.713,0.768,0.159
323.6,6.467,5.655,2.084,0.993,0.713,0.768,0.159
323.70000000000005,6.5,5.693,2.096,0.993,0.714,0.768,0.16
323.8,6.46,5.647,2.081,0.993,0.713,0.768,0.16
323.90000000000003,6.443,5.628,2.075,0.992,0.713,0.768,0.16
324.0,6.437,5.621,2.073,0.992,0.713,0.768,0.16
324.1,6.381,5.557,2.052,0.993,0.713,0.769,0.16
324.20000000000005,6.412,5.592,2.063,0.992,0.714,0.768,0.161
324.3,6.371,5.545,2.048,0.993,0.713,0.768,0.161
324.40000000000003,6.516,5.711,2.101,0.993,0.713,0.768,0.16
324.5,6.52,5.716,2.103,0.992,0.713,0.769,0.161
324.6,6.467,5.656,2.084,0.993,0.713,0.768,0.161
324.70000000000005,6.446,5.632,2.076,0.994,0.713,0.77,0.162
324.8,6.438,5.622,2.073,0.993,0.713,0.77,0.162
324.90000000000003,6.381,5.557,2.052,0.993,0.713,0.77,0.161
325.0,6.412,5.593,2.063,0.993,0.713,0.771,0.161
325.1,6.586,5.793,2.127,0.993,0.714,0.77,0.161
325.20000000000005,6.548,5.748,2.113,0.992,0.714,0.77,0.162
325.3,6.479,5.669,2.088,0.993,0.713,0.77,0.162
325.40000000000003,6.505,5.699,2.097,0.994,0.713,0.771,0.163
325.5,6.461,5.649,2.082,0.993,0.713,0.772,0.163
325.6,6.391,5.568,2.056,0.993,0.713,0.772,0.163
325.70000000000005,6.416,5.597,2.065,0.993,0.713,0.772,0.163
325.8,6.426,5.608,2.068,0.993,0.714,0.772,0.163
325.90000000000003,6.43,5.613,2.07,0.995,0.713,0.772,0.163
326.0,6.431,5.615,2.071,0.994,0.714,0.772,0.163
326.1,6.432,5.615,2.071,0.994,0.713,0.772,0.163
326.20000000000005,6.432,5.616,2.071,0.994,0.713,0.772,0.162
326.3,6.432,5.616,2.071,0.994,0.713,0.772,0.163
326.40000000000003,6.486,5.678,2.091,0.994,0.714,0.772,0.164
326.5,6.454,5.641,2.079,0.994,0.713,0.773,0.163
326.6,6.495,5.687,2.094,0.993,0.713,0.773,0.164
326.70000000000005,6.511,5.706,2.1,0.993,0.714,0.774,0.164
326.8,6.464,5.652,2.082,0.993,0.714,0.773,0.164
326.90000000000003,6.499,5.692,2.095,0.994,0.713,0.773,0.165
327.0,6.731,5.96,2.18,0.993,0.713,0.773,0.164
327.1,6.66,5.877,2.154,0.993,0.713,0.773,0.164
327.20000000000005,6.577,5.782,2.124,0.993,0.713,0.774,0.165
327.3,6.49,5.682,2.092,0.993,0.713,0.774,0.165
327.40000000000003,6.456,5.643,2.079,0.994,0.713,0.774,0.165
327.5,6.442,5.627,2.074,0.994,0.714,0.774,0.165
327.6,6.436,5.62,2.072,0.993,0.713,0.774,0.165
327.70000000000005,6.434,5.618,2.071,0.993,0.713,0.774,0.165
327.8,6.433,5.617,2.071,0.994,0.714,0.774,0.165
327.90000000000003,6.433,5.616,2.071,0.994,0.714,0.775,0.165
328.0,6.433,5.616,2.071,0.994,0.713,0.774,0.165
328.1,6.433,5.616,2.071,0.994,0.714,0.775,0.166
328.20000000000005,6.433,5.616,2.071,0.994,0.713,0.775,0.165
328.3,6.54,5.74,2.11,0.995,0.714,0.776,0.166
328.40000000000003,6.53,5.727,2.106,0.994,0.714,0.775,0.166
328.5,6.579,5.784,2.125,0.994,0.713,0.776,0.166
328.6,6.653,5.87,2.152,0.994,0.714,0.777,0.166
328.70000000000005,6.629,5.841,2.143,0.994,0.714,0.777,0.166
328.8,6.565,5.768,2.119,0.994,0.713,0.777,0.166
328.90000000000003,6.539,5.738,2.11,0.995,0.713,0.778,0.166
329.0,6.583,5.789,2.126,0.994,0.714,0.778,0.166
329.1,6.547,5.747,2.113,0.994,0.714,0.778,0.166
329.20000000000005,6.532,5.73,2.107,0.995,0.713,0.779,0.166
329.3,6.526,5.723,2.105,0.995,0.713,0.778,0.166
329.40000000000003,6.47,5.659,2.085,0.995,0.714,0.779,0.167
329.5,6.501,5.695,2.096,0.994,0.713,0.779,0.166
329.6,6.46,5.647,2.081,0.995,0.713,0.779,0.167
329.70000000000005,6.606,5.815,2.134,0.995,0.714,0.779,0.167
329.8,6.61,5.819,2.136,0.994,0.713,0.779,0.167
329.90000000000003,6.557,5.759,2.117,0.995,0.713,0.78,0.167
330.0,6.59,5.797,2.129,0.995,0.713,0.78,0.167
330.1,6.549,5.75,2.114,0.994,0.713,0.78,0.167
330.20000000000005,6.533,5.731,2.108,0.994,0.713,0.78,0.167
330.3,6.581,5.786,2.125,0.995,0.713,0.78,0.168
330.40000000000003,6.546,5.745,2.112,0.996,0.713,0.78,0.167
330.5,6.532,5.729,2.107,0.996,0.714,0.781,0.167
330.6,6.472,5.661,2.085,0.996,0.713,0.781,0.168
330.70000000000005,6.502,5.696,2.096,0.996,0.714,0.78,0.168
330.8,6.514,5.709,2.101,0.995,0.713,0.781,0.169
330.90000000000003,6.519,5.715,2.103,0.994,0.713,0.781,0.169
331.0,6.629,5.842,2.143,0.996,0.713,0.781,0.169
331.1,6.565,5.768,2.119,0.996,0.714,0.781,0.169
331.20000000000005,6.539,5.738,2.11,0.995,0.713,0.781,0.168
331.3,6.583,5.789,2.126,0.996,0.713,0.782,0.169
331.40000000000003,6.655,5.871,2.152,0.996,0.713,0.782,0.169
331.5,6.629,5.842,2.143,0.995,0.713,0.782,0.17
331.6,6.565,5.768,2.119,0.996,0.714,0.782,0.169
331.70000000000005,6.539,5.738,2.11,0.996,0.714,0.782,0.169
331.8,6.529,5.726,2.106,0.995,0.714,0.782,0.169
331.90000000000003,6.633,5.846,2.144,0.997,0.714,0.783,0.17
332.0,6.567,5.77,2.12,0.997,0.714,0.782,0.17
332.1,6.54,5.739,2.11,0.996,0.714,0.783,0.17
332.20000000000005,6.583,5.789,2.126,0.996,0.714,0.784,0.17
332.3,6.655,5.871,2.152,0.995,0.713,0.783,0.17
332.40000000000003,6.575,5.78,2.123,0.996,0.714,0.785,0.17
332.5,6.598,5.805,2.131,0.996,0.713,0.785,0.171
332.6,6.552,5.753,2.115,0.997,0.714,0.786,0.17
332.70000000000005,6.534,5.732,2.108,0.996,0.714,0.785,0.171
332.8,6.581,5.786,2.125,0.997,0.715,0.786,0.17
332.90000000000003,6.654,5.87,2.152,0.996,0.714,0.786,0.17
333.0,6.575,5.779,2.123,0.996,0.714,0.785,0.17
333.1,6.597,5.805,2.131,0.997,0.714,0.786,0.171
333.20000000000005,6.606,5.815,2.134,0.996,0.713,0.785,0.171
333.3,6.61,5.819,2.136,0.997,0.714,0.786,0.171
333.40000000000003,6.666,5.884,2.156,0.997,0.715,0.787,0.172
333.5,6.688,5.909,2.164,0.997,0.715,0.788,0.171
333.6,6.643,5.857,2.148,0.997,0.714,0.788,0.171
333.70000000000005,6.624,5.836,2.141,0.997,0.715,0.788,0.172
333.8,6.671,5.89,2.158,0.996,0.715,0.788,0.172
333.90000000000003,6.582,5.787,2.126,0.997,0.714,0.788,0.172
334.0,6.6,5.808,2.132,0.997,0.714,0.788,0.172
334.1,6.607,5.817,2.135,0.998,0.715,0.788,0.172
334.20000000000005,6.556,5.758,2.116,0.998,0.714,0.788,0.173
334.3,6.375,5.551,2.05,0.998,0.714,0.788,0.172
334.40000000000003,6.463,5.652,2.082,0.997,0.715,0.788,0.173
334.5,6.445,5.63,2.075,0.997,0.714,0.788,0.173
334.6,6.545,5.745,2.112,0.997,0.715,0.788,0.173
334.70000000000005,6.64,5.854,2.147,0.997,0.715,0.788,0.173
334.8,6.623,5.835,2.141,0.997,0.714,0.788,0.173
334.90000000000003,6.617,5.827,2.138,0.998,0.715,0.789,0.174
335.0,6.668,5.887,2.157,0.997,0.714,0.788,0.173
335.1,6.581,5.786,2.125,0.998,0.715,0.788,0.174
335.20000000000005,6.6,5.808,2.132,0.997,0.714,0.789,0.173
335.3,6.716,5.942,2.175,0.997,0.714,0.788,0.173
335.40000000000003,6.654,5.87,2.152,0.997,0.714,0.789,0.173
335.5,6.629,5.841,2.143,0.998,0.714,0.788,0.173
335.6,6.619,5.83,2.139,0.997,0.714,0.789,0.173
335.70000000000005,6.669,5.888,2.158,0.998,0.714,0.788,0.174
335.8,6.635,5.848,2.145,0.997,0.715,0.789,0.173
335.90000000000003,6.676,5.895,2.16,0.997,0.714,0.789,0.173
336.0,6.584,5.789,2.126,0.998,0.714,0.789,0.173
336.1,6.71,5.935,2.172,0.997,0.715,0.789,0.174
336.20000000000005,6.651,5.867,2.151,0.997,0.715,0.789,0.174
336.3,6.682,5.903,2.162,0.998,0.715,0.789,0.173
336.40000000000003,6.64,5.854,2.147,0.998,0.715,0.789,0.174
336.5,6.569,5.773,2.121,0.998,0.714,0.789,0.174
336.6,6.541,5.74,2.111,0.997,0.714,0.789,0.174
336.70000000000005,6.638,5.852,2.146,0.998,0.715,0.789,0.174
336.8,6.569,5.772,2.121,0.998,0.714,0.79,0.174
336.90000000000003,6.649,5.865,2.15,0.997,0.715,0.79,0.174
337.0,6.573,5.777,2.122,0.998,0.714,0.789,0.174
337.1,6.597,5.804,2.131,0.997,0.714,0.789,0.175
337.20000000000005,6.552,5.753,2.115,0.998,0.714,0.79,0.175
337.3,6.588,5.794,2.128,0.998,0.714,0.79,0.174
337.40000000000003,6.603,5.811,2.133,0.998,0.715,0.79,0.175
337.5,6.608,5.818,2.135,0.997,0.714,0.79,0.174
337.6,6.611,5.82,2.136,0.998,0.715,0.791,0.174
337.70000000000005,6.558,5.759,2.117,0.997,0.715,0.79,0.175
337.8,6.59,5.797,2.129,0.998,0.715,0.791,0.175
337.90000000000003,6.658,5.875,2.153,0.998,0.715,0.79,0.176
338.0,6.739,5.969,2.183,0.998,0.715,0.79,0.175
338.1,6.717,5.943,2.175,0.997,0.714,0.79,0.176
338.20000000000005,6.6,5.809,2.132,0.998,0.715,0.79,0.176
338.3,6.553,5.755,2.115,0.998,0.715,0.79,0.176
338.40000000000003,6.535,5.733,2.108,0.997,0.714,0.79,0.175
338.5,6.527,5.724,2.106,0.998,0.715,0.79,0.175
338.6,6.578,5.783,2.124,0.997,0.714,0.79,0.175
338.70000000000005,6.599,5.806,2.132,0.997,0.714,0.791,0.174
338.8,6.661,5.878,2.155,0.997,0.714,0.79,0.175
338.90000000000003,6.578,5.783,2.124,0.996,0.714,0.791,0.174
339.0,6.599,5.806,2.132,0.997,0.715,0.791,0.175
339.1,6.661,5.878,2.155,0.997,0.714,0.79,0.175
339.20000000000005,6.632,5.845,2.144,0.998,0.715,0.791,0.175
339.3,6.62,5.831,2.14,0.997,0.715,0.79,0.176
339.40000000000003,6.615,5.826,2.138,0.997,0.715,0.79,0.175
339.5,6.614,5.824,2.137,0.997,0.714,0.791,0.176
339.6,6.722,5.948,2.177,0.998,0.715,0.791,0.175
339.70000000000005,6.602,5.811,2.133,0.998,0.714,0.791,0.176
339.8,6.5,5.694,2.096,0.997,0.715,0.79,0.175
339.90000000000003,6.513,5.709,2.101,0.997,0.715,0.791,0.176
340.0,6.519,5.715,2.102,0.998,0.715,0.79,0.176
340.1,6.629,5.842,2.143,0.997,0.715,0.791,0.175
340.20000000000005,6.619,5.83,2.139,0.998,0.715,0.791,0.176
340.3,6.454,5.641,2.079,0.998,0.715,0.791,0.175
340.40000000000003,6.549,5.749,2.113,0.998,0.714,0.791,0.175
340.5,6.641,5.856,2.147,0.998,0.715,0.791,0.176
340.6,6.624,5.836,2.141,0.998,0.715,0.791,0.175
340.70000000000005,6.563,5.765,2.119,0.998,0.715,0.791,0.175
340.8,6.701,5.925,2.169,0.998,0.715,0.791,0.175
340.90000000000003,6.54,5.74,2.11,0.998,0.714,0.792,0.176
341.0,6.529,5.727,2.106,0.998,0.715,0.791,0.176
341.1,6.525,5.722,2.105,0.998,0.715,0.791,0.176
341.20000000000005,6.523,5.72,2.104,0.998,0.716,0.791,0.176
341.3,6.523,5.719,2.104,0.998,0.715,0.791,0.176
341.40000000000003,6.576,5.781,2.124,0.998,0.715,0.791,0.176
341.5,6.544,5.744,2.112,0.998,0.715,0.791,0.176
341.6,6.639,5.853,2.147,0.998,0.714,0.791,0.176
341.70000000000005,6.569,5.772,2.121,0.997,0.714,0.791,0.177
341.8,6.541,5.74,2.111,0.997,0.715,0.791,0.177
341.90000000000003,6.584,5.789,2.126,0.998,0.715,0.792,0.176
342.0,6.547,5.747,2.113,0.998,0.715,0.791,0.177
342.1,6.532,5.73,2.107,0.998,0.715,0.791,0.177
342.20000000000005,6.58,5.785,2.125,0.998,0.715,0.791,0.177
342.3,6.6,5.807,2.132,0.998,0.715,0.791,0.177
342.40000000000003,6.499,5.693,2.095,0.997,0.714,0.791,0.177
342.5,6.621,5.833,2.14,0.998,0.715,0.791,0.177
342.6,6.616,5.826,2.138,0.998,0.715,0.792,0.177
342.70000000000005,6.506,5.7,2.098,0.998,0.715,0.791,0.177
342.8,6.516,5.711,2.101,0.998,0.714,0.792,0.177
342.90000000000003,6.466,5.654,2.083,0.997,0.715,0.793,0.177
343.0,6.446,5.631,2.076,0.997,0.715,0.793,0.177
343.1,6.492,5.684,2.093,0.998,0.715,0.794,0.177
343.20000000000005,6.564,5.767,2.119,0.997,0.715,0.792,0.177
343.3,6.539,5.738,2.11,0.998,0.715,0.793,0.177
343.40000000000003,6.583,5.788,2.126,0.998,0.715,0.793,0.177
343.5,6.601,5.809,2.132,0.998,0.714,0.793,0.177
343.6,6.716,5.942,2.175,0.998,0.715,0.793,0.177
343.70000000000005,6.654,5.87,2.152,0.998,0.716,0.794,0.177
343.8,6.738,5.967,2.183,0.998,0.715,0.793,0.177
343.90000000000003,6.608,5.818,2.135,0.999,0.716,0.793,0.177
344.0,6.503,5.697,2.097,0.998,0.715,0.794,0.177
344.1,6.461,5.648,2.081,0.998,0.715,0.793,0.177
344.20000000000005,6.498,5.69,2.095,0.997,0.714,0.794,0.178
344.3,6.512,5.707,2.1,0.997,0.715,0.794,0.177
344.40000000000003,6.465,5.653,2.083,0.998,0.715,0.794,0.178
344.5,6.445,5.631,2.076,0.998,0.715,0.792,0.178
344.6,6.384,5.561,2.053,0.997,0.716,0.793,0.177
344.70000000000005,6.413,5.594,2.064,0.998,0.715,0.794,0.178
344.8,6.371,5.546,2.049,0.997,0.715,0.792,0.178
344.90000000000003,6.408,5.588,2.062,0.997,0.714,0.793,0.177
345.0,6.585,5.791,2.127,0.998,0.715,0.793,0.177
345.1,6.547,5.748,2.113,0.998,0.715,0.794,0.178
345.20000000000005,6.586,5.792,2.127,0.998,0.715,0.792,0.178
345.3,6.602,5.81,2.133,0.998,0.715,0.793,0.178
345.40000000000003,6.772,6.007,2.195,0.998,0.716,0.794,0.178
345.5,6.676,5.896,2.16,0.999,0.715,0.794,0.178
345.6,6.53,5.728,2.107,0.999,0.716,0.795,0.177
345.70000000000005,6.525,5.722,2.105,0.999,0.716,0.794,0.178
345.8,6.632,5.845,2.144,0.998,0.715,0.794,0.178
345.90000000000003,6.304,5.559,2.038,0.947,0.679,0.753,0.169
346.0,6.029,5.315,1.949,0.907,0.65,0.721,0.161
346.1,5.782,5.089,1.868,0.874,0.627,0.695,0.156
346.20000000000005,5.585,4.909,1.803,0.848,0.608,0.675,0.151
346.3,5.414,4.749,1.747,0.828,0.593,0.658,0.148
346.40000000000003,5.264,4.606,1.696,0.811,0.581,0.645,0.145
346.5,5.131,4.478,1.651,0.798,0.572,0.634,0.142
346.6,5.024,4.375,1.616,0.787,0.564,0.626,0.14
346.70000000000005,4.939,4.292,1.587,0.779,0.558,0.619,0.139
346.8,4.858,4.212,1.559,0.772,0.553,0.614,0.137
346.90000000000003,4.793,4.147,1.537,0.767,0.55,0.61,0.136
347.0,4.741,4.096,1.519,0.762,0.547,0.606,0.135
347.1,4.7,4.055,1.505,0.759,0.544,0.603,0.135
347.20000000000005,4.68,4.037,1.499,0.756,0.542,0.601,0.134
347.3,4.664,4.022,1.494,0.754,0.541,0.599,0.133
347.40000000000003,4.625,3.981,1.48,0.752,0.539,0.597,0.133
347.5,4.581,3.934,1.464,0.75,0.538,0.596,0.132
347.6,4.546,3.896,1.452,0.749,0.538,0.594,0.131
347.70000000000005,4.517,3.866,1.442,0.748,0.537,0.593,0.131
347.8,4.482,3.827,1.429,0.748,0.536,0.593,0.13
347.90000000000003,4.453,3.796,1.419,0.747,0.536,0.592,0.129
348.0,4.404,3.743,1.401,0.746,0.536,0.591,0.129
348.1,4.353,3.686,1.383,0.746,0.535,0.591,0.128
348.20000000000005,4.337,3.669,1.377,0.745,0.535,0.59,0.127
348.3,4.325,3.655,1.373,0.745,0.535,0.59,0.127
348.40000000000003,4.289,3.616,1.36,0.745,0.535,0.59,0.126
348.5,4.26,3.585,1.35,0.744,0.535,0.589,0.126
348.6,4.25,3.574,1.346,0.744,0.535,0.589,0.125
348.70000000000005,4.229,3.551,1.339,0.744,0.535,0.588,0.125
348.8,4.213,3.533,1.333,0.744,0.535,0.588,0.125
348.90000000000003,4.187,3.505,1.324,0.744,0.535,0.588,0.125
349.0,4.153,3.468,1.311,0.744,0.535,0.587,0.124
349.1,4.113,3.425,1.297,0.744,0.535,0.587,0.124
349.20000000000005,4.044,3.35,1.273,0.744,0.535,0.587,0.124
349.3,4.001,3.304,1.257,0.743,0.535,0.586,0.124
349.40000000000003,3.954,3.254,1.241,0.743,0.535,0.586,0.123
349.5,3.904,3.2,1.223,0.743,0.535,0.585,0.123
349.6,3.864,3.157,1.209,0.743,0.535,0.585,0.122
349.70000000000005,3.82,3.11,1.193,0.743,0.535,0.584,0.121
349.8,3.772,3.06,1.176,0.742,0.535,0.584,0.12
349.90000000000003,3.734,3.019,1.163,0.742,0.535,0.583,0.12
350.0,3.716,3,1.156,0.742,0.535,0.582,0.118
350.1,3.702,2.984,1.151,0.741,0.535,0.581,0.117
350.20000000000005,3.69,2.972,1.147,0.741,0.535,0.58,0.116
350.3,3.706,2.988,1.153,0.741,0.535,0.579,0.115
350.40000000000003,3.718,3.001,1.157,0.741,0.535,0.579,0.114
350.5,3.716,2.999,1.156,0.741,0.535,0.578,0.113
350.6,3.739,3.023,1.164,0.74,0.535,0.577,0.112
350.70000000000005,3.757,3.042,1.171,0.74,0.535,0.577,0.111
350.8,3.747,3.031,1.167,0.74,0.535,0.576,0.11
350.90000000000003,3.751,3.036,1.169,0.74,0.535,0.576,0.11
351.0,3.742,3.026,1.165,0.74,0.535,0.575,0.11
351.1,3.71,2.992,1.154,0.74,0.535,0.575,0.11
351.20000000000005,3.684,2.965,1.145,0.74,0.535,0.574,0.11
351.3,3.664,2.944,1.138,0.74,0.535,0.574,0.11
351.40000000000003,3.66,2.94,1.136,0.74,0.535,0.574,0.11
351.5,3.644,2.923,1.131,0.74,0.535,0.574,0.11
351.6,3.62,2.897,1.122,0.74,0.535,0.574,0.109
351.70000000000005,3.612,2.89,1.12,0.74,0.535,0.574,0.109
351.8,3.594,2.87,1.113,0.739,0.535,0.573,0.109
351.90000000000003,3.579,2.855,1.108,0.739,0.535,0.572,0.108
352.0,3.555,2.83,1.1,0.739,0.535,0.571,0.108
352.1,3.524,2.798,1.089,0.739,0.535,0.57,0.108
352.20000000000005,3.487,2.76,1.076,0.739,0.535,0.569,0.107
352.3,3.457,2.729,1.065,0.738,0.535,0.568,0.107
352.40000000000003,3.421,2.692,1.053,0.738,0.535,0.568,0.107
352.5,3.393,2.663,1.043,0.738,0.535,0.567,0.107
352.6,3.382,2.652,1.039,0.738,0.535,0.567,0.106
352.70000000000005,3.373,2.643,1.036,0.738,0.535,0.566,0.106
352.8,3.354,2.623,1.03,0.737,0.535,0.566,0.106
352.90000000000003,3.327,2.596,1.02,0.737,0.535,0.565,0.105
353.0,3.318,2.586,1.017,0.737,0.535,0.565,0.105
353.1,3.31,2.578,1.014,0.737,0.535,0.564,0.104
353.20000000000005,3.292,2.559,1.008,0.736,0.535,0.564,0.104
353.3,3.277,2.544,1.003,0.736,0.535,0.563,0.104
353.40000000000003,3.265,2.532,0.999,0.736,0.535,0.562,0.103
353.5,3.244,2.511,0.991,0.736,0.535,0.562,0.103
353.6,3.275,2.543,1.002,0.736,0.535,0.561,0.103
353.70000000000005,3.252,2.519,0.994,0.736,0.535,0.561,0.102
353.8,3.258,2.525,0.996,0.735,0.535,0.56,0.102
353.90000000000003,3.238,2.505,0.989,0.735,0.535,0.56,0.102
354.0,3.234,2.501,0.988,0.735,0.535,0.56,0.101
354.1,3.219,2.486,0.983,0.735,0.535,0.559,0.101
354.20000000000005,3.207,2.474,0.979,0.735,0.535,0.558,0.1
354.3,3.21,2.476,0.979,0.735,0.535,0.558,0.099
354.40000000000003,3.2,2.466,0.976,0.734,0.535,0.557,0.099
354.5,3.18,2.446,0.969,0.734,0.535,0.556,0.098
354.6,3.164,2.43,0.964,0.734,0.536,0.555,0.098
354.70000000000005,3.151,2.417,0.959,0.734,0.536,0.555,0.097
354.8,3.141,2.407,0.956,0.733,0.536,0.554,0.096
354.90000000000003,3.133,2.399,0.953,0.733,0.536,0.554,0.096
355.0,3.126,2.392,0.951,0.733,0.536,0.553,0.095
355.1,3.121,2.387,0.949,0.733,0.536,0.552,0.095
355.20000000000005,3.117,2.383,0.947,0.733,0.535,0.551,0.094
355.3,3.114,2.379,0.946,0.733,0.536,0.55,0.094
355.40000000000003,3.111,2.377,0.945,0.732,0.536,0.549,0.093
355.5,3.109,2.375,0.945,0.732,0.536,0.548,0.092
355.6,3.107,2.373,0.944,0.732,0.536,0.548,0.092
355.70000000000005,3.13,2.396,0.952,0.732,0.536,0.547,0.091
355.8,3.124,2.39,0.95,0.732,0.536,0.546,0.091
355.90000000000003,3.119,2.385,0.948,0.732,0.536,0.545,0.09
356.0,3.115,2.381,0.947,0.731,0.536,0.544,0.09
356.1,3.124,2.39,0.95,0.731,0.536,0.543,0.089
356.20000000000005,3.12,2.385,0.948,0.731,0.536,0.542,0.089
356.3,3.104,2.37,0.943,0.73,0.536,0.541,0.089
356.40000000000003,3.115,2.381,0.947,0.73,0.536,0.54,0.088
356.5,3.1,2.366,0.942,0.73,0.536,0.54,0.088
356.6,3.077,2.343,0.934,0.73,0.536,0.539,0.088
356.70000000000005,3.082,2.347,0.935,0.73,0.536,0.538,0.088
356.8,3.062,2.328,0.928,0.729,0.536,0.538,0.088
356.90000000000003,3.046,2.312,0.923,0.729,0.536,0.537,0.088
357.0,3.033,2.3,0.919,0.729,0.536,0.537,0.087
357.1,3.023,2.289,0.915,0.729,0.536,0.536,0.087
357.20000000000005,3.015,2.281,0.912,0.729,0.536,0.536,0.087
357.3,3.009,2.275,0.91,0.729,0.536,0.536,0.087
357.40000000000003,2.992,2.258,0.904,0.729,0.536,0.535,0.087
357.5,2.978,2.245,0.9,0.729,0.536,0.535,0.087
357.6,2.967,2.234,0.896,0.729,0.536,0.534,0.087
357.70000000000005,2.971,2.238,0.897,0.729,0.536,0.534,0.086
357.8,2.973,2.24,0.898,0.729,0.536,0.533,0.086
357.90000000000003,2.952,2.219,0.891,0.729,0.536,0.533,0.086
358.0,2.935,2.202,0.885,0.729,0.536,0.532,0.086
358.1,2.921,2.189,0.88,0.728,0.536,0.531,0.086
358.20000000000005,2.91,2.178,0.876,0.728,0.536,0.531,0.086
358.3,2.901,2.17,0.873,0.728,0.536,0.53,0.086
358.40000000000003,2.906,2.174,0.875,0.728,0.536,0.53,0.086
358.5,2.91,2.178,0.876,0.728,0.536,0.529,0.085
358.6,2.913,2.181,0.877,0.728,0.536,0.529,0.085
358.70000000000005,2.915,2.183,0.878,0.728,0.536,0.528,0.085
358.8,2.917,2.185,0.879,0.728,0.536,0.528,0.085
358.90000000000003,2.919,2.186,0.879,0.728,0.536,0.527,0.085
359.0,2.931,2.199,0.884,0.728,0.536,0.527,0.085
359.1,2.918,2.186,0.879,0.728,0.536,0.526,0.084
359.20000000000005,2.908,2.176,0.876,0.728,0.536,0.526,0.084
359.3,2.9,2.168,0.873,0.727,0.536,0.525,0.084
359.40000000000003,2.893,2.161,0.871,0.728,0.536,0.525,0.084
359.5,2.888,2.156,0.869,0.727,0.536,0.524,0.084
359.6,2.872,2.141,0.863,0.727,0.536,0.524,0.084
359.70000000000005,2.859,2.128,0.859,0.727,0.536,0.523,0.084
359.8,2.872,2.141,0.864,0.727,0.536,0.523,0.084
359.90000000000003,2.825,2.096,0.848,0.727,0.536,0.522,0.084
360.0,2.822,2.092,0.846,0.727,0.536,0.521,0.083
360.1,2.842,2.113,0.853,0.727,0.536,0.52,0.083
360.20000000000005,2.859,2.129,0.859,0.726,0.536,0.519,0.083
360.3,2.86,2.13,0.86,0.726,0.536,0.518,0.082
360.40000000000003,2.862,2.131,0.86,0.726,0.536,0.517,0.082
360.5,2.851,2.121,0.856,0.726,0.536,0.516,0.081
360.6,2.843,2.112,0.853,0.726,0.536,0.516,0.081
360.70000000000005,2.836,2.106,0.851,0.725,0.536,0.515,0.081
360.8,2.83,2.1,0.849,0.725,0.536,0.514,0.08
360.90000000000003,2.826,2.096,0.848,0.725,0.536,0.513,0.08
361.0,2.823,2.093,0.847,0.725,0.536,0.513,0.08
361.1,2.82,2.09,0.846,0.725,0.536,0.512,0.079
361.20000000000005,2.829,2.099,0.849,0.724,0.536,0.511,0.079
361.3,2.814,2.084,0.844,0.724,0.536,0.51,0.079
361.40000000000003,2.813,2.083,0.843,0.724,0.536,0.509,0.079
361.5,2.812,2.082,0.843,0.724,0.536,0.509,0.079
361.6,2.823,2.093,0.847,0.724,0.536,0.508,0.078
361.70000000000005,2.82,2.09,0.846,0.724,0.536,0.507,0.078
361.8,2.806,2.077,0.841,0.724,0.536,0.507,0.078
361.90000000000003,2.807,2.077,0.841,0.724,0.536,0.506,0.078
362.0,2.819,2.089,0.845,0.723,0.536,0.505,0.077
362.1,2.817,2.087,0.845,0.723,0.536,0.504,0.077
362.20000000000005,2.815,2.086,0.844,0.723,0.536,0.503,0.077
362.3,2.814,2.084,0.844,0.722,0.536,0.502,0.077
362.40000000000003,2.813,2.083,0.843,0.722,0.536,0.502,0.077
362.5,2.8,2.071,0.839,0.722,0.536,0.501,0.077
362.6,2.802,2.073,0.84,0.722,0.536,0.5,0.077
362.70000000000005,2.792,2.063,0.836,0.722,0.536,0.499,0.077
362.8,2.784,2.055,0.833,0.721,0.536,0.499,0.077
362.90000000000003,2.8,2.071,0.839,0.721,0.536,0.498,0.076
363.0,2.791,2.062,0.836,0.721,0.536,0.497,0.076
363.1,2.783,2.054,0.833,0.721,0.537,0.496,0.076
363.20000000000005,2.776,2.048,0.831,0.721,0.537,0.496,0.076
363.3,2.794,2.066,0.837,0.721,0.537,0.495,0.076
363.40000000000003,2.797,2.068,0.838,0.721,0.537,0.494,0.076
363.5,2.8,2.071,0.839,0.72,0.537,0.494,0.076
363.6,2.802,2.072,0.839,0.72,0.537,0.493,0.076
363.70000000000005,2.803,2.074,0.84,0.72,0.537,0.493,0.076
363.8,2.816,2.086,0.844,0.72,0.537,0.493,0.076
363.90000000000003,2.803,2.074,0.84,0.72,0.537,0.492,0.076
364.0,2.792,2.064,0.836,0.72,0.537,0.492,0.076
364.1,2.784,2.056,0.834,0.72,0.537,0.492,0.077
364.20000000000005,2.778,2.049,0.831,0.721,0.537,0.492,0.077
364.3,2.784,2.055,0.833,0.721,0.537,0.492,0.077
364.40000000000003,2.8,2.071,0.839,0.721,0.537,0.491,0.077
364.5,2.814,2.084,0.844,0.721,0.537,0.491,0.077
364.6,2.801,2.072,0.839,0.721,0.537,0.491,0.078
364.70000000000005,2.791,2.063,0.836,0.721,0.537,0.491,0.078
364.8,2.783,2.055,0.833,0.721,0.537,0.491,0.078
364.90000000000003,2.777,2.049,0.831,0.721,0.537,0.491,0.078
365.0,2.772,2.044,0.829,0.721,0.537,0.491,0.079
365.1,2.768,2.04,0.828,0.722,0.537,0.491,0.079
365.20000000000005,2.776,2.048,0.831,0.722,0.537,0.491,0.079
365.3,2.771,2.043,0.829,0.722,0.537,0.491,0.079
365.40000000000003,2.767,2.039,0.828,0.722,0.537,0.491,0.079
365.5,2.752,2.025,0.823,0.722,0.537,0.491,0.079
365.6,2.752,2.025,0.823,0.722,0.537,0.49,0.079
365.70000000000005,2.74,2.014,0.819,0.722,0.537,0.49,0.079
365.8,2.72,1.994,0.812,0.722,0.537,0.49,0.079
365.90000000000003,2.703,1.978,0.806,0.722,0.537,0.489,0.079
366.0,2.69,1.965,0.802,0.722,0.537,0.489,0.079
366.1,2.679,1.955,0.798,0.722,0.537,0.489,0.079
366.20000000000005,2.682,1.958,0.799,0.722,0.537,0.489,0.079
366.3,2.685,1.96,0.8,0.722,0.537,0.488,0.079
366.40000000000003,2.698,1.973,0.804,0.722,0.537,0.488,0.079
366.5,2.686,1.961,0.8,0.722,0.537,0.488,0.078
366.6,2.676,1.952,0.797,0.722,0.537,0.488,0.078
366.70000000000005,2.668,1.945,0.794,0.722,0.538,0.487,0.078
366.8,2.674,1.95,0.796,0.721,0.537,0.487,0.078
366.90000000000003,2.666,1.943,0.794,0.721,0.537,0.486,0.078
367.0,2.672,1.948,0.796,0.721,0.537,0.486,0.078
367.1,2.665,1.941,0.793,0.721,0.537,0.486,0.077
367.20000000000005,2.659,1.936,0.791,0.721,0.538,0.485,0.077
367.3,2.655,1.932,0.79,0.721,0.538,0.485,0.077
367.40000000000003,2.663,1.939,0.793,0.721,0.537,0.484,0.077
367.5,2.669,1.945,0.795,0.721,0.537,0.484,0.077
367.6,2.674,1.95,0.796,0.721,0.537,0.483,0.077
367.70000000000005,2.667,1.943,0.794,0.721,0.537,0.483,0.077
367.8,2.672,1.948,0.796,0.721,0.538,0.482,0.077
367.90000000000003,2.665,1.942,0.793,0.721,0.538,0.482,0.077
368.0,2.66,1.936,0.791,0.721,0.537,0.481,0.076
368.1,2.655,1.932,0.79,0.72,0.538,0.481,0.076
368.20000000000005,2.663,1.939,0.793,0.72,0.538,0.48,0.076
368.3,2.669,1.945,0.795,0.72,0.538,0.48,0.076
368.40000000000003,2.663,1.939,0.793,0.72,0.538,0.48,0.076
368.5,2.658,1.934,0.791,0.72,0.538,0.479,0.076
368.6,2.654,1.931,0.789,0.72,0.538,0.479,0.076
368.70000000000005,2.639,1.917,0.784,0.72,0.538,0.478,0.075
368.8,2.627,1.906,0.781,0.72,0.538,0.478,0.075
368.90000000000003,2.629,1.907,0.781,0.72,0.538,0.477,0.075
369.0,2.62,1.898,0.778,0.72,0.538,0.477,0.075
369.1,2.612,1.891,0.775,0.719,0.538,0.476,0.075
369.20000000000005,2.606,1.885,0.773,0.719,0.538,0.475,0.075
369.3,2.589,1.87,0.768,0.719,0.537,0.475,0.075
369.40000000000003,2.576,1.857,0.763,0.719,0.537,0.474,0.075
369.5,2.566,1.848,0.76,0.719,0.537,0.473,0.074
369.6,2.58,1.861,0.765,0.719,0.538,0.473,0.074
369.70000000000005,2.58,1.861,0.765,0.719,0.538,0.472,0.074
369.8,2.592,1.872,0.769,0.719,0.538,0.472,0.074
369.90000000000003,2.59,1.87,0.768,0.719,0.538,0.471,0.074
370.0,2.588,1.868,0.767,0.719,0.538,0.471,0.074
370.1,2.586,1.867,0.767,0.719,0.538,0.47,0.074
370.20000000000005,2.585,1.866,0.766,0.719,0.538,0.47,0.073
370.3,2.596,1.876,0.77,0.719,0.537,0.469,0.073
370.40000000000003,2.593,1.873,0.769,0.718,0.538,0.468,0.073
370.5,2.602,1.881,0.772,0.718,0.538,0.468,0.073
370.6,2.62,1.899,0.778,0.718,0.538,0.467,0.073
370.70000000000005,2.624,1.902,0.779,0.718,0.538,0.466,0.073
370.8,2.638,1.916,0.784,0.718,0.538,0.465,0.072
370.90000000000003,2.638,1.916,0.784,0.718,0.538,0.465,0.072
371.0,3.13,2.263,0.929,0.864,0.648,0.557,0.086
371.1,3.372,2.445,1.002,0.922,0.692,0.593,0.092
371.20000000000005,3.469,2.518,1.031,0.945,0.709,0.606,0.094
371.3,3.508,2.547,1.043,0.955,0.716,0.611,0.094
371.40000000000003,3.433,2.473,1.017,0.958,0.719,0.613,0.095
371.5,3.585,2.616,1.068,0.959,0.72,0.613,0.095
371.6,3.555,2.586,1.057,0.96,0.72,0.612,0.095
371.70000000000005,3.542,2.574,1.053,0.96,0.721,0.612,0.095
371.8,3.537,2.569,1.052,0.961,0.721,0.611,0.094
371.90000000000003,3.535,2.567,1.051,0.96,0.72,0.61,0.095
372.0,3.535,2.567,1.051,0.96,0.721,0.61,0.094
372.1,3.534,2.566,1.051,0.96,0.72,0.609,0.094
372.20000000000005,3.534,2.566,1.05,0.96,0.721,0.607,0.095
372.3,3.534,2.566,1.05,0.96,0.721,0.607,0.095
372.40000000000003,3.534,2.566,1.05,0.96,0.721,0.606,0.095
372.5,3.534,2.566,1.05,0.958,0.72,0.605,0.095
372.6,3.534,2.566,1.05,0.959,0.721,0.605,0.095
372.70000000000005,3.58,2.61,1.066,0.959,0.72,0.605,0.095
372.8,3.552,2.584,1.057,0.959,0.72,0.604,0.095
372.90000000000003,3.541,2.573,1.053,0.96,0.72,0.604,0.096
373.0,3.537,2.569,1.051,0.959,0.721,0.605,0.096
373.1,3.581,2.611,1.066,0.959,0.721,0.604,0.096
373.20000000000005,3.507,2.541,1.041,0.96,0.721,0.604,0.096
373.3,3.478,2.513,1.032,0.961,0.721,0.604,0.096
373.40000000000003,3.512,2.545,1.043,0.96,0.721,0.603,0.096
373.5,3.48,2.515,1.032,0.96,0.721,0.602,0.096
373.6,3.467,2.502,1.028,0.96,0.721,0.602,0.096
373.70000000000005,3.462,2.498,1.026,0.96,0.721,0.602,0.096
373.8,3.551,2.582,1.056,0.96,0.721,0.601,0.096
373.90000000000003,3.495,2.53,1.037,0.96,0.721,0.601,0.096
374.0,3.473,2.508,1.03,0.961,0.721,0.6,0.096
374.1,3.464,2.5,1.027,0.96,0.721,0.599,0.096
374.20000000000005,3.461,2.497,1.026,0.96,0.721,0.599,0.096
374.3,3.55,2.582,1.056,0.96,0.721,0.598,0.096
374.40000000000003,3.495,2.529,1.037,0.96,0.721,0.598,0.096
374.5,3.564,2.595,1.061,0.961,0.721,0.597,0.096
374.6,3.501,2.535,1.039,0.96,0.721,0.598,0.096
374.70000000000005,3.521,2.553,1.046,0.961,0.721,0.597,0.096
374.8,3.529,2.561,1.049,0.96,0.722,0.597,0.096
374.90000000000003,3.624,2.652,1.081,0.961,0.721,0.596,0.097
375.0,3.616,2.644,1.078,0.961,0.72,0.596,0.096
375.1,3.567,2.597,1.061,0.96,0.721,0.596,0.097
375.20000000000005,3.685,2.711,1.101,0.96,0.721,0.596,0.097
375.3,3.732,2.756,1.117,0.96,0.721,0.596,0.098
375.40000000000003,3.613,2.642,1.077,0.96,0.72,0.595,0.098
375.5,3.566,2.597,1.061,0.961,0.721,0.596,0.098
375.6,3.547,2.578,1.055,0.961,0.722,0.596,0.099
375.70000000000005,3.539,2.571,1.052,0.961,0.721,0.596,0.099
375.8,3.582,2.612,1.067,0.962,0.721,0.595,0.099
375.90000000000003,3.553,2.584,1.057,0.961,0.721,0.596,0.099
376.0,3.542,2.573,1.053,0.961,0.721,0.595,0.099
376.1,3.537,2.569,1.051,0.96,0.722,0.595,0.099
376.20000000000005,3.535,2.567,1.051,0.961,0.721,0.595,0.099
376.3,3.534,2.567,1.051,0.961,0.72,0.595,0.1
376.40000000000003,3.534,2.566,1.051,0.962,0.721,0.595,0.099
376.5,3.534,2.566,1.05,0.962,0.721,0.594,0.099
376.6,3.534,2.566,1.05,0.961,0.722,0.594,0.099
376.70000000000005,3.534,2.566,1.05,0.962,0.721,0.593,0.099
376.8,3.534,2.566,1.05,0.962,0.721,0.593,0.099
376.90000000000003,3.534,2.566,1.05,0.962,0.721,0.593,0.099
377.0,3.534,2.566,1.05,0.962,0.721,0.592,0.099
377.1,3.534,2.566,1.05,0.961,0.721,0.592,0.099
377.20000000000005,3.534,2.566,1.05,0.961,0.721,0.591,0.098
377.3,3.534,2.566,1.05,0.961,0.721,0.591,0.098
377.40000000000003,3.534,2.566,1.05,0.962,0.721,0.59,0.098
377.5,3.58,2.61,1.066,0.962,0.721,0.589,0.099
377.6,3.534,2.566,1.05,0.962,0.721,0.59,0.099
377.70000000000005,3.552,2.584,1.057,0.961,0.721,0.59,0.098
377.8,3.541,2.573,1.053,0.962,0.721,0.59,0.099
377.90000000000003,3.629,2.656,1.082,0.963,0.722,0.59,0.098
378.0,3.572,2.602,1.063,0.962,0.721,0.59,0.098
378.1,3.549,2.581,1.056,0.963,0.721,0.59,0.098
378.20000000000005,3.586,2.615,1.068,0.962,0.721,0.59,0.098
378.3,3.509,2.543,1.042,0.962,0.72,0.589,0.096
378.40000000000003,3.344,2.388,0.987,0.957,0.72,0.584,0.094
378.5,3.189,2.244,0.935,0.952,0.72,0.58,0.091
378.6,3.083,2.147,0.9,0.948,0.721,0.576,0.09
378.70000000000005,3.084,2.148,0.9,0.942,0.721,0.569,0.088
378.8,2.954,2.03,0.857,0.937,0.721,0.563,0.087
378.90000000000003,2.945,2.022,0.854,0.934,0.72,0.559,0.086
379.0,2.941,2.019,0.853,0.931,0.72,0.554,0.085
379.1,2.984,2.057,0.867,0.928,0.72,0.548,0.084
379.20000000000005,3.001,2.072,0.873,0.926,0.72,0.544,0.084
379.3,2.964,2.039,0.861,0.925,0.721,0.54,0.083
379.40000000000003,2.949,2.025,0.856,0.924,0.72,0.537,0.083
379.5,3.075,2.14,0.897,0.922,0.72,0.531,0.082
379.6,2.993,2.066,0.87,0.92,0.719,0.528,0.082
379.70000000000005,2.961,2.036,0.86,0.919,0.72,0.524,0.082
379.8,2.992,2.064,0.87,0.916,0.719,0.519,0.081
379.90000000000003,2.917,1.997,0.845,0.913,0.718,0.516,0.081
380.0,2.887,1.97,0.835,0.911,0.718,0.511,0.081
380.1,2.875,1.959,0.831,0.91,0.719,0.507,0.081
380.20000000000005,2.913,1.993,0.844,0.909,0.718,0.504,0.08
380.3,2.885,1.968,0.835,0.907,0.719,0.502,0.081
380.40000000000003,2.874,1.958,0.831,0.906,0.718,0.499,0.081
380.5,2.957,2.033,0.858,0.904,0.718,0.495,0.081
380.6,2.903,1.984,0.84,0.902,0.718,0.49,0.081
380.70000000000005,2.881,1.965,0.833,0.901,0.718,0.488,0.081
380.8,2.872,1.957,0.831,0.901,0.718,0.485,0.081
380.90000000000003,2.869,1.954,0.829,0.9,0.718,0.482,0.08
381.0,2.911,1.991,0.843,0.899,0.718,0.478,0.081
381.1,2.884,1.968,0.834,0.898,0.719,0.475,0.081
381.20000000000005,2.874,1.958,0.831,0.898,0.718,0.472,0.08
381.3,2.869,1.954,0.83,0.897,0.718,0.47,0.08
381.40000000000003,2.911,1.992,0.843,0.896,0.717,0.467,0.081
381.5,2.884,1.968,0.834,0.896,0.718,0.465,0.081
381.6,2.917,1.997,0.845,0.896,0.717,0.462,0.081
381.70000000000005,2.93,2.009,0.85,0.896,0.717,0.461,0.081
381.8,3.023,2.093,0.88,0.897,0.717,0.457,0.082
381.90000000000003,2.973,2.047,0.864,0.897,0.718,0.455,0.082
382.0,3.04,2.108,0.886,0.897,0.717,0.451,0.081
382.1,2.98,2.053,0.866,0.896,0.717,0.449,0.082
382.20000000000005,2.955,2.031,0.858,0.897,0.717,0.446,0.082
382.3,2.946,2.022,0.855,0.896,0.717,0.445,0.082
382.40000000000003,2.985,2.058,0.868,0.896,0.717,0.443,0.082
382.5,2.958,2.033,0.859,0.897,0.717,0.44,0.082
382.6,2.947,2.023,0.855,0.896,0.717,0.438,0.082
382.70000000000005,2.942,2.019,0.853,0.896,0.717,0.437,0.082
382.8,2.94,2.018,0.853,0.897,0.717,0.435,0.082
382.90000000000003,2.983,2.056,0.867,0.896,0.716,0.433,0.082
383.0,2.957,2.032,0.858,0.896,0.717,0.431,0.083
383.1,2.946,2.023,0.855,0.896,0.717,0.429,0.082
383.20000000000005,2.942,2.019,0.853,0.896,0.718,0.427,0.083
383.3,3.028,2.097,0.882,0.896,0.717,0.425,0.083
383.40000000000003,3.018,2.088,0.879,0.896,0.717,0.423,0.083
383.5,3.059,2.124,0.892,0.896,0.717,0.42,0.083
383.6,2.987,2.06,0.868,0.896,0.717,0.419,0.083
383.70000000000005,2.958,2.034,0.859,0.896,0.717,0.417,0.084
383.8,2.991,2.063,0.869,0.893,0.716,0.414,0.083
383.90000000000003,2.96,2.035,0.859,0.892,0.717,0.412,0.083
384.0,2.947,2.024,0.855,0.891,0.716,0.41,0.084
384.1,2.942,2.019,0.853,0.89,0.716,0.408,0.084
384.20000000000005,2.94,2.018,0.853,0.89,0.716,0.407,0.084
384.3,3.027,2.096,0.882,0.889,0.716,0.405,0.084
384.40000000000003,2.974,2.048,0.864,0.888,0.715,0.403,0.085
