Time,CO (MCS),Ethanol (MCS),VOC (MCS),NO2 (GM),Ethanol (GM),VOC (GM),CO (GM)
0.0,2.371,1.523,0.668,0.864,0.562,0.281,0.087
0.1,2.434,1.576,0.688,0.864,0.562,0.281,0.087
0.2,2.396,1.544,0.676,0.864,0.562,0.281,0.087
0.30000000000000004,2.381,1.531,0.672,0.864,0.561,0.281,0.087
0.4,2.344,1.5,0.66,0.864,0.562,0.281,0.087
0.5,2.33,1.488,0.655,0.864,0.561,0.281,0.087
0.6000000000000001,2.48,1.616,0.703,0.864,0.561,0.281,0.087
0.7000000000000001,2.384,1.534,0.672,0.864,0.561,0.28,0.086
0.8,2.345,1.501,0.66,0.864,0.562,0.281,0.086
0.9,2.37,1.522,0.668,0.865,0.562,0.281,0.088
1.0,2.361,1.514,0.665,0.863,0.562,0.28,0.086
1.1,2.336,1.494,0.657,0.864,0.562,0.28,0.086
1.2000000000000002,2.42,1.564,0.684,0.862,0.562,0.279,0.085
1.3,2.422,1.566,0.685,0.861,0.561,0.279,0.086
1.4000000000000001,2.361,1.514,0.665,0.861,0.561,0.278,0.086
1.5,2.336,1.493,0.657,0.86,0.562,0.278,0.086
1.6,2.265,1.434,0.634,0.86,0.562,0.278,0.086
1.7000000000000002,2.298,1.461,0.645,0.861,0.562,0.278,0.085
1.8,2.311,1.472,0.649,0.861,0.561,0.278,0.085
1.9000000000000001,2.316,1.477,0.651,0.86,0.562,0.278,0.085
2.0,2.318,1.479,0.651,0.86,0.561,0.278,0.085
2.1,2.319,1.479,0.652,0.859,0.562,0.278,0.085
2.2,2.319,1.479,0.652,0.859,0.561,0.277,0.085
2.3000000000000003,2.32,1.48,0.652,0.859,0.562,0.277,0.084
2.4000000000000004,2.32,1.48,0.652,0.859,0.561,0.277,0.085
2.5,2.32,1.48,0.652,0.858,0.561,0.277,0.084
2.6,2.32,1.48,0.652,0.858,0.561,0.277,0.085
2.7,2.32,1.48,0.652,0.858,0.561,0.276,0.084
2.8000000000000003,2.32,1.48,0.652,0.859,0.561,0.276,0.084
2.9000000000000004,2.32,1.48,0.652,0.858,0.561,0.276,0.085
3.0,2.289,1.454,0.642,0.858,0.561,0.276,0.085
3.1,2.276,1.444,0.638,0.858,0.561,0.276,0.085
3.2,2.302,1.465,0.646,0.858,0.561,0.276,0.084
3.3000000000000003,2.282,1.448,0.64,0.858,0.561,0.276,0.084
3.4000000000000004,2.305,1.467,0.647,0.858,0.561,0.276,0.084
3.5,2.283,1.449,0.64,0.857,0.561,0.276,0.084
3.6,2.305,1.467,0.647,0.858,0.562,0.276,0.084
3.7,2.283,1.449,0.64,0.857,0.562,0.276,0.084
3.8000000000000003,2.305,1.467,0.647,0.857,0.561,0.275,0.083
3.9000000000000004,2.283,1.449,0.64,0.858,0.561,0.276,0.084
4.0,2.274,1.442,0.637,0.858,0.562,0.275,0.084
4.1000000000000005,2.301,1.465,0.646,0.858,0.561,0.275,0.085
4.2,2.282,1.448,0.64,0.857,0.562,0.276,0.084
4.3,2.274,1.441,0.637,0.858,0.562,0.275,0.084
4.4,2.301,1.464,0.646,0.858,0.562,0.275,0.084
4.5,2.281,1.448,0.64,0.858,0.561,0.274,0.084
4.6000000000000005,2.273,1.441,0.637,0.858,0.561,0.275,0.084
4.7,2.301,1.464,0.646,0.858,0.562,0.274,0.084
4.800000000000001,2.312,1.474,0.649,0.857,0.561,0.274,0.084
4.9,2.286,1.452,0.641,0.857,0.562,0.274,0.084
5.0,2.275,1.443,0.638,0.857,0.562,0.274,0.084
5.1000000000000005,2.271,1.439,0.636,0.858,0.562,0.274,0.084
5.2,2.269,1.438,0.636,0.858,0.562,0.274,0.085
5.300000000000001,2.331,1.489,0.655,0.857,0.562,0.274,0.084
5.4,2.202,1.383,0.614,0.858,0.562,0.274,0.083
5.5,2.366,1.52,0.667,0.857,0.561,0.274,0.084
5.6000000000000005,2.307,1.47,0.648,0.858,0.562,0.274,0.084
5.7,2.284,1.45,0.641,0.858,0.561,0.274,0.084
5.800000000000001,2.274,1.442,0.637,0.858,0.562,0.273,0.084
5.9,2.333,1.491,0.656,0.857,0.562,0.274,0.084
6.0,2.356,1.51,0.663,0.858,0.562,0.273,0.083
6.1000000000000005,2.303,1.466,0.647,0.858,0.562,0.273,0.084
6.2,2.375,1.527,0.67,0.858,0.562,0.274,0.084
6.300000000000001,2.311,1.473,0.649,0.858,0.562,0.273,0.084
6.4,2.316,1.477,0.651,0.858,0.562,0.273,0.084
6.5,2.318,1.479,0.651,0.858,0.562,0.273,0.084
6.6000000000000005,2.288,1.454,0.642,0.858,0.562,0.273,0.084
6.7,2.276,1.444,0.638,0.859,0.562,0.273,0.084
6.800000000000001,2.271,1.44,0.637,0.858,0.562,0.274,0.083
6.9,2.27,1.438,0.636,0.858,0.562,0.274,0.084
7.0,2.3,1.463,0.645,0.858,0.562,0.273,0.083
7.1000000000000005,2.281,1.447,0.639,0.858,0.562,0.273,0.084
7.2,2.273,1.441,0.637,0.859,0.562,0.274,0.084
7.300000000000001,2.301,1.464,0.646,0.858,0.562,0.274,0.084
7.4,2.281,1.448,0.64,0.859,0.563,0.273,0.084
7.5,2.273,1.441,0.637,0.859,0.563,0.273,0.085
7.6000000000000005,2.27,1.439,0.636,0.858,0.562,0.274,0.084
7.7,2.269,1.438,0.636,0.859,0.562,0.273,0.083
7.800000000000001,2.269,1.437,0.636,0.858,0.563,0.273,0.083
7.9,2.268,1.437,0.636,0.859,0.562,0.273,0.084
8.0,2.268,1.437,0.636,0.859,0.562,0.273,0.084
8.1,2.268,1.437,0.635,0.86,0.562,0.273,0.083
8.200000000000001,2.268,1.437,0.635,0.859,0.562,0.273,0.084
8.3,2.268,1.437,0.635,0.859,0.563,0.273,0.084
8.4,2.299,1.463,0.645,0.859,0.562,0.273,0.084
8.5,2.281,1.447,0.639,0.858,0.562,0.273,0.084
8.6,2.273,1.441,0.637,0.859,0.562,0.273,0.083
8.700000000000001,2.27,1.439,0.636,0.858,0.562,0.273,0.084
8.8,2.269,1.438,0.636,0.859,0.563,0.273,0.083
8.9,2.238,1.412,0.626,0.859,0.563,0.274,0.083
9.0,2.256,1.427,0.632,0.859,0.562,0.273,0.084
9.1,2.263,1.433,0.634,0.859,0.562,0.273,0.084
9.200000000000001,2.297,1.461,0.645,0.859,0.563,0.273,0.084
9.3,2.28,1.447,0.639,0.86,0.563,0.272,0.084
9.4,2.304,1.466,0.647,0.859,0.562,0.273,0.084
9.5,2.313,1.474,0.65,0.859,0.563,0.273,0.084
9.600000000000001,2.286,1.452,0.641,0.859,0.563,0.273,0.084
9.700000000000001,2.275,1.443,0.638,0.859,0.563,0.273,0.083
9.8,2.302,1.465,0.646,0.859,0.563,0.273,0.084
9.9,2.282,1.448,0.64,0.858,0.562,0.273,0.084
10.0,2.274,1.441,0.637,0.859,0.563,0.272,0.084
10.100000000000001,2.301,1.464,0.646,0.859,0.563,0.273,0.083
10.200000000000001,2.281,1.448,0.64,0.858,0.563,0.273,0.084
10.3,2.274,1.441,0.637,0.858,0.563,0.272,0.084
10.4,2.27,1.439,0.636,0.858,0.563,0.272,0.084
10.5,2.238,1.412,0.626,0.858,0.562,0.272,0.083
10.600000000000001,2.287,1.453,0.642,0.859,0.562,0.272,0.084
10.700000000000001,2.276,1.443,0.638,0.859,0.563,0.272,0.083
10.8,2.271,1.439,0.636,0.859,0.563,0.272,0.083
10.9,2.3,1.464,0.646,0.859,0.563,0.273,0.084
11.0,2.312,1.473,0.649,0.859,0.563,0.272,0.084
11.100000000000001,2.286,1.451,0.641,0.858,0.563,0.272,0.084
11.200000000000001,2.275,1.443,0.638,0.859,0.563,0.272,0.084
11.3,2.271,1.439,0.636,0.859,0.563,0.272,0.084
11.4,2.269,1.438,0.636,0.859,0.563,0.272,0.084
11.5,2.207,1.387,0.616,0.86,0.564,0.272,0.084
11.600000000000001,2.244,1.417,0.628,0.86,0.564,0.271,0.084
11.700000000000001,2.259,1.429,0.632,0.859,0.564,0.272,0.084
11.8,2.264,1.434,0.634,0.859,0.563,0.272,0.084
11.9,2.267,1.436,0.635,0.859,0.563,0.272,0.084
12.0,2.268,1.436,0.635,0.86,0.564,0.272,0.084
12.100000000000001,2.299,1.462,0.645,0.86,0.563,0.271,0.084
12.200000000000001,2.28,1.447,0.639,0.859,0.564,0.272,0.084
12.3,2.273,1.441,0.637,0.859,0.564,0.272,0.084
12.4,2.27,1.439,0.636,0.859,0.563,0.272,0.084
12.5,2.269,1.438,0.636,0.859,0.563,0.272,0.083
12.600000000000001,2.269,1.437,0.636,0.859,0.563,0.271,0.084
12.700000000000001,2.268,1.437,0.636,0.86,0.564,0.272,0.083
12.8,2.268,1.437,0.636,0.859,0.563,0.271,0.083
12.9,2.268,1.437,0.635,0.86,0.564,0.271,0.083
13.0,2.268,1.437,0.635,0.859,0.564,0.272,0.084
13.100000000000001,2.299,1.463,0.645,0.86,0.564,0.271,0.083
13.200000000000001,2.281,1.447,0.639,0.859,0.564,0.271,0.083
13.3,2.304,1.467,0.647,0.86,0.564,0.271,0.084
13.4,2.344,1.5,0.66,0.859,0.564,0.272,0.084
13.5,2.299,1.462,0.645,0.86,0.564,0.271,0.084
13.600000000000001,2.28,1.447,0.639,0.86,0.565,0.271,0.083
13.700000000000001,2.335,1.493,0.657,0.86,0.564,0.271,0.084
13.8,2.295,1.459,0.644,0.859,0.564,0.271,0.083
13.9,2.279,1.446,0.639,0.859,0.564,0.271,0.084
14.0,2.272,1.44,0.637,0.86,0.564,0.271,0.083
14.100000000000001,2.27,1.438,0.636,0.86,0.565,0.271,0.083
14.200000000000001,2.269,1.437,0.636,0.86,0.564,0.271,0.083
14.3,2.268,1.437,0.636,0.86,0.563,0.271,0.084
14.4,2.268,1.437,0.636,0.859,0.564,0.272,0.084
14.5,2.299,1.463,0.645,0.859,0.564,0.271,0.084
14.600000000000001,2.281,1.447,0.639,0.859,0.564,0.271,0.084
14.700000000000001,2.273,1.441,0.637,0.859,0.564,0.271,0.084
14.8,2.27,1.439,0.636,0.859,0.564,0.271,0.084
14.9,2.3,1.463,0.646,0.86,0.565,0.271,0.083
15.0,2.281,1.447,0.64,0.86,0.564,0.271,0.084
15.100000000000001,2.273,1.441,0.637,0.86,0.564,0.271,0.083
15.200000000000001,2.27,1.439,0.636,0.86,0.564,0.271,0.083
15.3,2.269,1.438,0.636,0.86,0.564,0.271,0.083
15.4,2.269,1.437,0.636,0.86,0.565,0.272,0.084
15.5,2.299,1.463,0.645,0.86,0.564,0.271,0.083
15.600000000000001,2.281,1.447,0.639,0.86,0.564,0.271,0.084
15.700000000000001,2.304,1.467,0.647,0.861,0.565,0.271,0.084
15.8,2.283,1.449,0.64,0.86,0.565,0.271,0.084
15.9,2.274,1.442,0.637,0.86,0.564,0.271,0.083
16.0,2.271,1.439,0.636,0.86,0.564,0.271,0.083
16.1,2.269,1.438,0.636,0.859,0.564,0.271,0.084
16.2,2.269,1.437,0.636,0.859,0.564,0.271,0.083
16.3,2.268,1.437,0.636,0.86,0.565,0.271,0.084
16.400000000000002,2.268,1.437,0.636,0.859,0.564,0.271,0.084
16.5,2.268,1.437,0.635,0.859,0.564,0.271,0.083
16.6,2.268,1.437,0.635,0.86,0.565,0.271,0.084
16.7,2.268,1.437,0.635,0.86,0.565,0.272,0.084
16.8,2.268,1.437,0.635,0.86,0.565,0.271,0.083
16.900000000000002,2.268,1.437,0.635,0.861,0.565,0.271,0.083
17.0,2.33,1.489,0.655,0.86,0.564,0.272,0.084
17.1,2.293,1.458,0.643,0.861,0.565,0.271,0.083
17.2,2.278,1.445,0.639,0.86,0.565,0.271,0.084
17.3,2.272,1.44,0.637,0.861,0.565,0.271,0.084
17.400000000000002,2.27,1.438,0.636,0.86,0.565,0.271,0.084
17.5,2.269,1.437,0.636,0.86,0.565,0.271,0.083
17.6,2.299,1.463,0.645,0.86,0.565,0.271,0.083
17.7,2.312,1.473,0.649,0.86,0.565,0.271,0.083
17.8,2.286,1.451,0.641,0.859,0.565,0.271,0.083
17.900000000000002,2.275,1.443,0.638,0.86,0.565,0.271,0.084
18.0,2.302,1.465,0.646,0.86,0.565,0.272,0.084
18.1,2.282,1.448,0.64,0.861,0.565,0.271,0.083
18.2,2.274,1.441,0.637,0.861,0.565,0.271,0.084
18.3,2.27,1.439,0.636,0.861,0.565,0.272,0.084
18.400000000000002,2.269,1.438,0.636,0.86,0.565,0.272,0.084
18.5,2.269,1.437,0.636,0.861,0.564,0.271,0.084
18.6,2.33,1.489,0.655,0.861,0.565,0.271,0.084
18.7,2.293,1.458,0.643,0.86,0.565,0.272,0.084
18.8,2.278,1.445,0.639,0.861,0.565,0.272,0.084
18.900000000000002,2.272,1.44,0.637,0.861,0.565,0.272,0.083
19.0,2.27,1.438,0.636,0.861,0.565,0.271,0.083
19.1,2.269,1.437,0.636,0.861,0.565,0.272,0.084
19.200000000000003,2.268,1.437,0.636,0.861,0.565,0.272,0.084
19.3,2.268,1.437,0.636,0.861,0.565,0.272,0.084
19.400000000000002,2.299,1.463,0.645,0.861,0.565,0.272,0.084
19.5,2.281,1.447,0.639,0.861,0.565,0.272,0.084
19.6,2.273,1.441,0.637,0.861,0.565,0.272,0.084
19.700000000000003,2.27,1.439,0.636,0.861,0.565,0.271,0.083
19.8,2.269,1.438,0.636,0.861,0.565,0.272,0.084
19.900000000000002,2.269,1.437,0.636,0.861,0.565,0.271,0.083
20.0,2.268,1.437,0.636,0.861,0.565,0.271,0.084
20.1,2.268,1.437,0.636,0.861,0.565,0.272,0.084
20.200000000000003,2.299,1.463,0.645,0.861,0.565,0.271,0.084
20.3,2.281,1.447,0.639,0.863,0.566,0.272,0.084
20.400000000000002,2.273,1.441,0.637,0.862,0.565,0.272,0.084
20.5,2.27,1.439,0.636,0.861,0.566,0.272,0.084
20.6,2.269,1.438,0.636,0.861,0.565,0.272,0.084
20.700000000000003,2.269,1.437,0.636,0.861,0.565,0.272,0.084
20.8,2.177,1.362,0.607,0.862,0.566,0.272,0.084
20.900000000000002,2.201,1.382,0.614,0.862,0.566,0.272,0.084
21.0,2.241,1.415,0.627,0.862,0.566,0.272,0.084
21.1,2.288,1.454,0.642,0.862,0.566,0.271,0.083
21.200000000000003,2.307,1.469,0.648,0.861,0.565,0.272,0.084
21.3,2.284,1.45,0.64,0.862,0.566,0.272,0.084
21.400000000000002,2.274,1.442,0.637,0.861,0.566,0.272,0.084
21.5,2.271,1.439,0.636,0.861,0.566,0.271,0.084
21.6,2.269,1.438,0.636,0.862,0.566,0.272,0.084
21.700000000000003,2.362,1.515,0.665,0.862,0.565,0.272,0.084
21.8,2.306,1.468,0.647,0.862,0.566,0.271,0.083
21.900000000000002,2.283,1.449,0.64,0.861,0.566,0.272,0.084
22.0,2.274,1.442,0.637,0.861,0.566,0.272,0.084
22.1,2.271,1.439,0.636,0.861,0.565,0.272,0.084
22.200000000000003,2.269,1.438,0.636,0.861,0.566,0.272,0.083
22.3,2.269,1.437,0.636,0.861,0.566,0.272,0.084
22.400000000000002,2.268,1.437,0.636,0.862,0.565,0.272,0.084
22.5,2.268,1.437,0.636,0.862,0.566,0.272,0.084
22.6,2.299,1.463,0.645,0.861,0.566,0.271,0.084
22.700000000000003,2.281,1.447,0.639,0.861,0.566,0.272,0.084
22.8,2.273,1.441,0.637,0.862,0.565,0.272,0.083
22.900000000000002,2.27,1.439,0.636,0.861,0.566,0.271,0.084
23.0,2.269,1.438,0.636,0.861,0.566,0.272,0.084
23.1,2.269,1.437,0.636,0.861,0.566,0.272,0.084
23.200000000000003,2.268,1.437,0.636,0.861,0.566,0.272,0.084
23.3,2.268,1.437,0.636,0.861,0.566,0.272,0.084
23.400000000000002,2.268,1.437,0.635,0.861,0.566,0.272,0.084
23.5,2.299,1.463,0.645,0.861,0.566,0.272,0.084
23.6,2.281,1.447,0.639,0.861,0.566,0.272,0.084
23.700000000000003,2.273,1.441,0.637,0.862,0.566,0.272,0.084
23.8,2.27,1.439,0.636,0.862,0.566,0.272,0.084
23.900000000000002,2.269,1.438,0.636,0.861,0.566,0.272,0.084
24.0,2.269,1.437,0.636,0.862,0.566,0.272,0.084
24.1,2.299,1.463,0.645,0.862,0.566,0.272,0.084
24.200000000000003,2.311,1.473,0.649,0.861,0.567,0.272,0.084
24.3,2.286,1.451,0.641,0.861,0.566,0.271,0.084
24.400000000000002,2.275,1.443,0.638,0.861,0.566,0.272,0.085
24.5,2.271,1.439,0.636,0.861,0.566,0.272,0.084
24.6,2.394,1.542,0.676,0.862,0.567,0.272,0.083
24.700000000000003,2.318,1.479,0.652,0.861,0.566,0.272,0.084
24.8,2.288,1.454,0.642,0.862,0.566,0.273,0.084
24.900000000000002,2.307,1.469,0.648,0.862,0.566,0.272,0.084
25.0,2.284,1.45,0.64,0.862,0.566,0.272,0.084
25.1,2.305,1.468,0.647,0.861,0.566,0.272,0.084
25.200000000000003,2.314,1.475,0.65,0.861,0.567,0.272,0.084
25.3,2.286,1.452,0.641,0.862,0.566,0.272,0.084
25.400000000000002,2.276,1.443,0.638,0.861,0.567,0.272,0.084
25.5,2.271,1.439,0.636,0.861,0.566,0.272,0.084
25.6,2.269,1.438,0.636,0.861,0.567,0.272,0.084
25.700000000000003,2.269,1.437,0.636,0.862,0.567,0.272,0.084
25.8,2.299,1.463,0.645,0.862,0.567,0.272,0.084
25.900000000000002,2.281,1.447,0.639,0.861,0.566,0.272,0.084
26.0,2.273,1.441,0.637,0.862,0.566,0.272,0.084
26.1,2.27,1.439,0.636,0.861,0.567,0.272,0.084
26.200000000000003,2.3,1.463,0.646,0.862,0.567,0.272,0.084
26.3,2.312,1.473,0.649,0.862,0.567,0.273,0.084
26.400000000000002,2.316,1.477,0.651,0.861,0.567,0.272,0.084
26.5,2.288,1.453,0.642,0.862,0.566,0.272,0.084
26.6,2.276,1.443,0.638,0.862,0.567,0.272,0.084
26.700000000000003,2.271,1.439,0.636,0.862,0.567,0.273,0.084
26.8,2.269,1.438,0.636,0.861,0.567,0.272,0.084
26.900000000000002,2.269,1.437,0.636,0.861,0.567,0.272,0.084
27.0,2.268,1.437,0.636,0.861,0.566,0.272,0.084
27.1,2.268,1.437,0.636,0.862,0.567,0.272,0.084
27.200000000000003,2.268,1.437,0.636,0.862,0.566,0.272,0.084
27.3,2.268,1.437,0.635,0.862,0.567,0.273,0.084
27.400000000000002,2.268,1.437,0.635,0.862,0.566,0.273,0.084
27.5,2.299,1.463,0.645,0.861,0.566,0.272,0.084
27.6,2.281,1.447,0.639,0.861,0.566,0.272,0.084
27.700000000000003,2.273,1.441,0.637,0.861,0.567,0.272,0.084
27.8,2.27,1.439,0.636,0.862,0.566,0.272,0.084
27.900000000000002,2.269,1.438,0.636,0.861,0.566,0.272,0.084
28.0,2.269,1.437,0.636,0.862,0.566,0.272,0.084
28.1,2.299,1.463,0.645,0.861,0.566,0.272,0.084
28.200000000000003,2.281,1.447,0.639,0.861,0.566,0.272,0.084
28.3,2.273,1.441,0.637,0.861,0.566,0.272,0.084
28.400000000000002,2.27,1.439,0.636,0.861,0.567,0.272,0.084
28.5,2.269,1.438,0.636,0.861,0.566,0.272,0.084
28.6,2.269,1.437,0.636,0.861,0.566,0.272,0.084
28.700000000000003,2.268,1.437,0.636,0.863,0.567,0.273,0.084
28.8,2.268,1.437,0.636,0.862,0.567,0.272,0.084
28.900000000000002,2.268,1.437,0.635,0.861,0.567,0.272,0.084
29.0,2.268,1.437,0.635,0.862,0.567,0.272,0.084
29.1,2.268,1.437,0.635,0.863,0.567,0.273,0.084
29.200000000000003,2.268,1.437,0.635,0.864,0.567,0.272,0.084
29.3,2.268,1.437,0.635,0.862,0.567,0.273,0.084
29.400000000000002,2.299,1.463,0.645,0.861,0.567,0.272,0.083
29.5,2.281,1.447,0.639,0.862,0.568,0.273,0.084
29.6,2.304,1.467,0.647,0.862,0.567,0.273,0.085
29.700000000000003,2.283,1.449,0.64,0.861,0.567,0.272,0.084
29.8,2.274,1.442,0.637,0.861,0.567,0.273,0.084
29.900000000000002,2.271,1.439,0.636,0.862,0.567,0.273,0.084
30.0,2.269,1.438,0.636,0.862,0.567,0.272,0.084
30.1,2.207,1.387,0.616,0.862,0.566,0.273,0.084
30.200000000000003,2.244,1.417,0.628,0.861,0.567,0.273,0.084
30.3,2.258,1.429,0.632,0.862,0.567,0.273,0.085
30.400000000000002,2.264,1.434,0.634,0.862,0.567,0.272,0.084
30.5,2.267,1.436,0.635,0.862,0.567,0.273,0.084
30.6,2.268,1.436,0.635,0.863,0.567,0.273,0.084
30.700000000000003,2.268,1.437,0.635,0.862,0.567,0.272,0.084
30.8,2.33,1.488,0.655,0.862,0.567,0.273,0.084
30.900000000000002,2.293,1.458,0.643,0.863,0.567,0.272,0.084
31.0,2.278,1.445,0.639,0.864,0.567,0.273,0.084
31.1,2.272,1.44,0.637,0.863,0.568,0.273,0.084
31.200000000000003,2.27,1.438,0.636,0.863,0.568,0.273,0.084
31.3,2.3,1.463,0.646,0.864,0.567,0.272,0.084
31.400000000000002,2.281,1.447,0.639,0.863,0.567,0.273,0.085
31.5,2.273,1.441,0.637,0.863,0.568,0.272,0.084
31.6,2.27,1.439,0.636,0.862,0.567,0.273,0.084
31.700000000000003,2.269,1.438,0.636,0.863,0.568,0.273,0.084
31.8,2.269,1.437,0.636,0.864,0.568,0.272,0.083
31.900000000000002,2.268,1.437,0.636,0.863,0.568,0.273,0.084
32.0,2.268,1.437,0.636,0.862,0.568,0.273,0.084
32.1,2.268,1.437,0.635,0.863,0.568,0.273,0.084
32.2,2.299,1.463,0.645,0.864,0.567,0.273,0.084
32.300000000000004,2.311,1.473,0.649,0.863,0.568,0.272,0.084
32.4,2.285,1.451,0.641,0.862,0.568,0.272,0.084
32.5,2.275,1.443,0.638,0.863,0.567,0.273,0.084
32.6,2.271,1.439,0.636,0.863,0.567,0.272,0.085
32.7,2.269,1.438,0.636,0.862,0.568,0.272,0.084
32.800000000000004,2.269,1.437,0.636,0.863,0.568,0.272,0.084
32.9,2.268,1.437,0.636,0.862,0.567,0.273,0.084
33.0,2.268,1.437,0.636,0.862,0.567,0.272,0.084
33.1,2.268,1.437,0.636,0.862,0.568,0.273,0.084
33.2,2.268,1.437,0.635,0.861,0.568,0.273,0.084
33.300000000000004,2.268,1.437,0.635,0.862,0.568,0.273,0.084
33.4,2.268,1.437,0.635,0.862,0.567,0.272,0.084
33.5,2.268,1.437,0.635,0.862,0.568,0.273,0.084
33.6,2.268,1.437,0.635,0.863,0.568,0.273,0.084
33.7,2.268,1.437,0.635,0.862,0.569,0.273,0.084
33.800000000000004,2.268,1.437,0.635,0.863,0.569,0.272,0.084
33.9,2.268,1.437,0.635,0.864,0.569,0.272,0.084
34.0,2.268,1.437,0.635,0.863,0.568,0.273,0.084
34.1,2.268,1.437,0.635,0.862,0.567,0.273,0.084
34.2,2.268,1.437,0.635,0.863,0.568,0.273,0.084
34.300000000000004,2.268,1.437,0.635,0.864,0.568,0.273,0.084
34.4,2.268,1.437,0.635,0.863,0.568,0.272,0.084
34.5,2.268,1.437,0.635,0.862,0.568,0.272,0.084
34.6,2.268,1.437,0.635,0.863,0.569,0.273,0.084
34.7,2.268,1.437,0.635,0.862,0.568,0.273,0.084
34.800000000000004,2.268,1.437,0.635,0.863,0.569,0.273,0.084
34.9,2.299,1.463,0.645,0.862,0.568,0.272,0.084
35.0,2.281,1.447,0.639,0.862,0.567,0.272,0.084
35.1,2.273,1.441,0.637,0.862,0.568,0.272,0.084
35.2,2.27,1.439,0.636,0.862,0.568,0.273,0.084
35.300000000000004,2.3,1.463,0.646,0.863,0.569,0.272,0.084
35.4,2.281,1.447,0.64,0.862,0.569,0.273,0.084
35.5,2.273,1.441,0.637,0.863,0.568,0.273,0.084
35.6,2.27,1.439,0.636,0.863,0.568,0.273,0.084
35.7,2.3,1.463,0.646,0.862,0.568,0.273,0.084
35.800000000000004,2.281,1.447,0.64,0.862,0.569,0.273,0.084
35.9,2.273,1.441,0.637,0.862,0.568,0.272,0.085
36.0,2.27,1.439,0.636,0.863,0.568,0.272,0.084
36.1,2.269,1.438,0.636,0.862,0.568,0.273,0.084
36.2,2.269,1.437,0.636,0.862,0.569,0.273,0.084
36.300000000000004,2.268,1.437,0.636,0.862,0.568,0.273,0.084
36.4,2.268,1.437,0.636,0.862,0.569,0.273,0.084
36.5,2.299,1.463,0.645,0.862,0.569,0.273,0.084
36.6,2.311,1.473,0.649,0.863,0.569,0.273,0.084
36.7,2.285,1.451,0.641,0.863,0.568,0.272,0.084
36.800000000000004,2.275,1.443,0.638,0.863,0.569,0.273,0.084
36.9,2.271,1.439,0.636,0.863,0.569,0.273,0.084
37.0,2.269,1.438,0.636,0.862,0.568,0.272,0.084
37.1,2.269,1.437,0.636,0.863,0.569,0.273,0.084
37.2,2.268,1.437,0.636,0.862,0.569,0.273,0.084
37.300000000000004,2.268,1.437,0.636,0.863,0.569,0.272,0.084
37.4,2.393,1.541,0.675,0.862,0.569,0.272,0.084
37.5,2.318,1.479,0.651,0.863,0.569,0.273,0.084
37.6,2.288,1.454,0.642,0.864,0.569,0.272,0.084
37.7,2.276,1.444,0.638,0.864,0.569,0.273,0.084
37.800000000000004,2.271,1.44,0.637,0.864,0.57,0.272,0.085
37.9,2.269,1.438,0.636,0.863,0.569,0.273,0.085
38.0,2.269,1.437,0.636,0.864,0.569,0.273,0.084
38.1,2.268,1.437,0.636,0.863,0.569,0.272,0.084
38.2,2.268,1.437,0.636,0.862,0.569,0.272,0.084
38.300000000000004,2.268,1.437,0.636,0.863,0.569,0.272,0.084
38.400000000000006,2.268,1.437,0.635,0.863,0.569,0.272,0.084
38.5,2.268,1.437,0.635,0.862,0.569,0.273,0.084
38.6,2.268,1.437,0.635,0.863,0.569,0.273,0.084
38.7,2.268,1.437,0.635,0.863,0.569,0.272,0.084
38.800000000000004,2.299,1.463,0.645,0.863,0.569,0.272,0.084
38.900000000000006,2.281,1.447,0.639,0.864,0.57,0.272,0.084
39.0,2.273,1.441,0.637,0.862,0.569,0.273,0.084
39.1,2.301,1.464,0.646,0.863,0.569,0.272,0.085
39.2,2.281,1.448,0.64,0.862,0.569,0.272,0.084
39.300000000000004,2.273,1.441,0.637,0.863,0.57,0.272,0.084
39.400000000000006,2.27,1.439,0.636,0.863,0.569,0.273,0.085
39.5,2.269,1.438,0.636,0.864,0.57,0.272,0.084
39.6,2.269,1.437,0.636,0.864,0.57,0.272,0.084
39.7,2.299,1.463,0.645,0.864,0.569,0.272,0.084
39.800000000000004,2.281,1.447,0.639,0.863,0.569,0.272,0.084
39.900000000000006,2.273,1.441,0.637,0.864,0.57,0.273,0.084
40.0,2.27,1.439,0.636,0.863,0.569,0.272,0.084
40.1,2.269,1.438,0.636,0.864,0.57,0.273,0.085
40.2,2.269,1.437,0.636,0.864,0.57,0.272,0.084
40.300000000000004,2.268,1.437,0.636,0.864,0.57,0.273,0.084
40.400000000000006,2.268,1.437,0.636,0.863,0.569,0.273,0.084
40.5,2.268,1.437,0.635,0.864,0.569,0.272,0.084
40.6,2.268,1.437,0.635,0.864,0.57,0.272,0.084
40.7,2.268,1.437,0.635,0.864,0.57,0.272,0.085
40.800000000000004,2.268,1.437,0.635,0.864,0.57,0.273,0.084
40.900000000000006,2.268,1.437,0.635,0.863,0.569,0.272,0.084
41.0,2.207,1.387,0.616,0.864,0.57,0.272,0.084
41.1,2.244,1.417,0.628,0.864,0.57,0.273,0.084
41.2,2.258,1.429,0.632,0.864,0.57,0.273,0.084
41.300000000000004,2.264,1.434,0.634,0.863,0.57,0.272,0.084
41.400000000000006,2.267,1.436,0.635,0.864,0.569,0.272,0.084
41.5,2.268,1.436,0.635,0.864,0.57,0.272,0.085
41.6,2.268,1.437,0.635,0.864,0.57,0.272,0.084
41.7,2.237,1.412,0.626,0.863,0.57,0.272,0.084
41.800000000000004,2.256,1.427,0.632,0.864,0.569,0.273,0.084
41.900000000000006,2.263,1.433,0.634,0.863,0.57,0.272,0.084
42.0,2.266,1.435,0.635,0.862,0.57,0.272,0.084
42.1,2.267,1.436,0.635,0.863,0.571,0.272,0.084
42.2,2.268,1.437,0.635,0.864,0.57,0.272,0.084
42.300000000000004,2.268,1.437,0.635,0.863,0.57,0.273,0.084
42.400000000000006,2.268,1.437,0.635,0.864,0.57,0.273,0.084
42.5,2.268,1.437,0.635,0.864,0.57,0.273,0.084
42.6,2.268,1.437,0.635,0.864,0.571,0.273,0.084
42.7,2.268,1.437,0.635,0.864,0.57,0.273,0.084
42.800000000000004,2.268,1.437,0.635,0.864,0.57,0.272,0.084
42.900000000000006,2.268,1.437,0.635,0.863,0.57,0.272,0.084
43.0,2.268,1.437,0.635,0.862,0.57,0.272,0.084
43.1,2.268,1.437,0.635,0.862,0.569,0.272,0.084
43.2,2.268,1.437,0.635,0.862,0.57,0.272,0.084
43.300000000000004,2.268,1.437,0.635,0.863,0.57,0.272,0.084
43.400000000000006,2.268,1.437,0.635,0.862,0.57,0.273,0.084
43.5,2.268,1.437,0.635,0.862,0.57,0.272,0.084
43.6,2.268,1.437,0.635,0.863,0.571,0.272,0.085
43.7,2.299,1.463,0.645,0.863,0.57,0.273,0.084
43.800000000000004,2.281,1.447,0.639,0.863,0.57,0.272,0.085
43.900000000000006,2.304,1.467,0.647,0.862,0.57,0.272,0.085
44.0,2.283,1.449,0.64,0.862,0.571,0.272,0.085
44.1,2.274,1.442,0.637,0.863,0.57,0.272,0.085
44.2,2.271,1.439,0.636,0.863,0.57,0.273,0.084
44.300000000000004,2.362,1.516,0.665,0.863,0.571,0.273,0.084
44.400000000000006,2.306,1.468,0.647,0.864,0.57,0.273,0.085
44.5,2.314,1.475,0.65,0.864,0.571,0.273,0.085
44.6,2.348,1.504,0.661,0.864,0.57,0.272,0.085
44.7,2.3,1.464,0.646,0.863,0.57,0.272,0.084
44.800000000000004,2.281,1.448,0.64,0.862,0.57,0.273,0.085
44.900000000000006,2.335,1.493,0.657,0.863,0.571,0.273,0.085
45.0,2.295,1.459,0.644,0.863,0.57,0.272,0.084
45.1,2.279,1.446,0.639,0.863,0.57,0.272,0.085
45.2,2.273,1.441,0.637,0.863,0.571,0.272,0.084
45.300000000000004,2.332,1.49,0.656,0.863,0.571,0.272,0.084
45.400000000000006,2.356,1.51,0.663,0.863,0.571,0.272,0.084
45.5,2.303,1.466,0.647,0.863,0.57,0.272,0.084
45.6,2.282,1.449,0.64,0.863,0.57,0.273,0.084
45.7,2.274,1.442,0.637,0.863,0.57,0.272,0.084
45.800000000000004,2.27,1.439,0.636,0.864,0.57,0.273,0.084
45.900000000000006,2.3,1.463,0.646,0.864,0.57,0.273,0.084
46.0,2.312,1.473,0.649,0.864,0.57,0.272,0.084
46.1,2.255,1.426,0.631,0.863,0.57,0.272,0.083
46.2,2.263,1.433,0.634,0.864,0.571,0.272,0.084
46.300000000000004,2.266,1.435,0.635,0.864,0.571,0.272,0.084
46.400000000000006,2.342,1.499,0.659,0.864,0.571,0.272,0.084
46.5,2.36,1.513,0.665,0.864,0.57,0.272,0.084
46.6,2.305,1.467,0.647,0.864,0.571,0.273,0.084
46.7,2.283,1.449,0.64,0.864,0.571,0.272,0.084
46.800000000000004,2.243,1.416,0.628,0.864,0.571,0.272,0.084
46.900000000000006,2.258,1.429,0.632,0.863,0.57,0.273,0.084
47.0,2.234,1.408,0.625,0.864,0.571,0.272,0.084
47.1,2.254,1.425,0.631,0.864,0.57,0.272,0.084
47.2,2.263,1.432,0.634,0.864,0.571,0.273,0.084
47.300000000000004,2.297,1.461,0.645,0.864,0.571,0.272,0.084
47.400000000000006,2.28,1.446,0.639,0.864,0.571,0.272,0.084
47.5,2.298,1.462,0.645,0.864,0.571,0.272,0.084
47.6,2.273,1.441,0.637,0.864,0.571,0.272,0.084
47.7,2.27,1.438,0.636,0.864,0.571,0.272,0.084
47.800000000000004,2.269,1.438,0.636,0.864,0.571,0.272,0.084
47.900000000000006,2.269,1.437,0.636,0.864,0.57,0.272,0.085
48.0,2.299,1.463,0.645,0.864,0.571,0.272,0.085
48.1,2.281,1.447,0.639,0.864,0.572,0.272,0.084
48.2,2.273,1.441,0.637,0.864,0.571,0.273,0.084
48.300000000000004,2.27,1.439,0.636,0.864,0.572,0.272,0.084
48.400000000000006,2.269,1.438,0.636,0.864,0.572,0.272,0.084
48.5,2.269,1.437,0.636,0.863,0.571,0.272,0.084
48.6,2.33,1.489,0.655,0.864,0.571,0.272,0.084
48.7,2.293,1.458,0.643,0.864,0.572,0.273,0.085
48.800000000000004,2.278,1.445,0.639,0.864,0.572,0.272,0.085
48.900000000000006,2.272,1.44,0.637,0.864,0.572,0.273,0.084
49.0,2.27,1.438,0.636,0.864,0.572,0.273,0.084
49.1,2.269,1.437,0.636,0.863,0.571,0.272,0.084
49.2,2.238,1.412,0.626,0.864,0.572,0.272,0.084
49.300000000000004,2.287,1.453,0.641,0.864,0.571,0.272,0.084
49.400000000000006,2.276,1.443,0.638,0.864,0.571,0.272,0.084
49.5,2.271,1.439,0.636,0.864,0.571,0.273,0.084
49.6,2.269,1.438,0.636,0.864,0.571,0.273,0.085
49.7,2.269,1.437,0.636,0.864,0.571,0.273,0.084
49.800000000000004,2.268,1.437,0.636,0.864,0.571,0.272,0.085
49.900000000000006,2.268,1.437,0.636,0.864,0.571,0.272,0.084
50.0,2.268,1.437,0.636,0.864,0.571,0.272,0.084
50.1,2.299,1.463,0.645,0.864,0.572,0.272,0.084
50.2,2.281,1.447,0.639,0.864,0.571,0.272,0.084
50.300000000000004,2.273,1.441,0.637,0.864,0.572,0.273,0.084
50.400000000000006,2.27,1.439,0.636,0.864,0.571,0.272,0.084
50.5,2.269,1.438,0.636,0.864,0.572,0.272,0.084
50.6,2.269,1.437,0.636,0.864,0.571,0.272,0.084
50.7,2.268,1.437,0.636,0.864,0.572,0.273,0.084
50.800000000000004,2.268,1.437,0.636,0.864,0.571,0.273,0.084
50.900000000000006,2.268,1.437,0.635,0.864,0.572,0.273,0.084
51.0,2.268,1.437,0.635,0.864,0.572,0.273,0.084
51.1,2.268,1.437,0.635,0.864,0.572,0.273,0.084
51.2,2.33,1.489,0.655,0.864,0.572,0.272,0.084
51.300000000000004,2.293,1.458,0.643,0.864,0.572,0.272,0.084
51.400000000000006,2.278,1.445,0.639,0.864,0.571,0.272,0.084
51.5,2.272,1.44,0.637,0.864,0.572,0.272,0.084
51.6,2.27,1.438,0.636,0.864,0.571,0.273,0.084
51.7,2.3,1.463,0.646,0.864,0.571,0.273,0.084
51.800000000000004,2.281,1.447,0.639,0.864,0.571,0.272,0.084
51.900000000000006,2.273,1.441,0.637,0.864,0.572,0.273,0.084
52.0,2.27,1.439,0.636,0.864,0.572,0.272,0.084
52.1,2.269,1.438,0.636,0.864,0.572,0.272,0.084
52.2,2.362,1.515,0.665,0.864,0.572,0.272,0.084
52.300000000000004,2.336,1.494,0.657,0.864,0.571,0.273,0.084
52.400000000000006,2.295,1.46,0.644,0.864,0.572,0.272,0.084
52.5,2.279,1.446,0.639,0.864,0.572,0.273,0.084
52.6,2.273,1.441,0.637,0.864,0.572,0.273,0.084
52.7,2.27,1.438,0.636,0.864,0.573,0.273,0.084
52.800000000000004,2.269,1.438,0.636,0.865,0.572,0.272,0.083
52.900000000000006,2.269,1.437,0.636,0.864,0.573,0.272,0.083
53.0,2.299,1.463,0.645,0.864,0.572,0.272,0.084
53.1,2.281,1.447,0.639,0.864,0.573,0.272,0.084
53.2,2.273,1.441,0.637,0.864,0.572,0.273,0.084
53.300000000000004,2.27,1.439,0.636,0.864,0.572,0.272,0.084
53.400000000000006,2.269,1.438,0.636,0.864,0.572,0.273,0.084
53.5,2.269,1.437,0.636,0.864,0.572,0.273,0.084
53.6,2.268,1.437,0.636,0.864,0.572,0.272,0.084
53.7,2.268,1.437,0.636,0.864,0.572,0.273,0.084
53.800000000000004,2.268,1.437,0.635,0.864,0.573,0.272,0.084
53.900000000000006,2.268,1.437,0.635,0.864,0.572,0.272,0.084
54.0,2.268,1.437,0.635,0.864,0.573,0.273,0.084
54.1,2.268,1.437,0.635,0.864,0.572,0.273,0.084
54.2,2.268,1.437,0.635,0.864,0.572,0.273,0.084
54.300000000000004,2.268,1.437,0.635,0.864,0.573,0.273,0.084
54.400000000000006,2.268,1.437,0.635,0.864,0.572,0.272,0.084
54.5,2.268,1.437,0.635,0.864,0.572,0.273,0.084
54.6,2.268,1.437,0.635,0.864,0.572,0.272,0.084
54.7,2.268,1.437,0.635,0.864,0.572,0.273,0.084
54.800000000000004,2.238,1.412,0.626,0.865,0.573,0.273,0.083
54.900000000000006,2.256,1.427,0.632,0.864,0.573,0.273,0.083
55.0,2.263,1.433,0.634,0.864,0.572,0.273,0.084
55.1,2.266,1.435,0.635,0.864,0.572,0.273,0.084
55.2,2.267,1.436,0.635,0.864,0.572,0.273,0.084
55.300000000000004,2.268,1.437,0.635,0.864,0.572,0.273,0.084
55.400000000000006,2.268,1.437,0.635,0.864,0.572,0.273,0.084
55.5,2.268,1.437,0.635,0.864,0.572,0.273,0.084
55.6,2.268,1.437,0.635,0.864,0.572,0.272,0.084
55.7,2.268,1.437,0.635,0.864,0.572,0.273,0.084
55.800000000000004,2.268,1.437,0.635,0.864,0.572,0.272,0.084
55.900000000000006,2.268,1.437,0.635,0.864,0.572,0.273,0.084
56.0,2.268,1.437,0.635,0.864,0.572,0.273,0.084
56.1,2.268,1.437,0.635,0.864,0.573,0.273,0.085
56.2,2.268,1.437,0.635,0.864,0.572,0.272,0.084
56.300000000000004,2.268,1.437,0.635,0.864,0.572,0.273,0.084
56.400000000000006,2.268,1.437,0.635,0.864,0.573,0.273,0.084
56.5,2.268,1.437,0.635,0.864,0.572,0.273,0.085
56.6,2.299,1.463,0.645,0.864,0.573,0.273,0.084
56.7,2.281,1.447,0.639,0.864,0.573,0.273,0.084
56.800000000000004,2.273,1.441,0.637,0.864,0.573,0.273,0.084
56.900000000000006,2.27,1.439,0.636,0.864,0.573,0.273,0.084
57.0,2.269,1.438,0.636,0.864,0.573,0.272,0.085
57.1,2.269,1.437,0.636,0.864,0.573,0.273,0.084
57.2,2.268,1.437,0.636,0.864,0.573,0.273,0.084
57.300000000000004,2.268,1.437,0.636,0.864,0.573,0.273,0.084
57.400000000000006,2.268,1.437,0.635,0.864,0.573,0.273,0.084
57.5,2.268,1.437,0.635,0.864,0.573,0.273,0.084
57.6,2.268,1.437,0.635,0.864,0.573,0.273,0.084
57.7,2.268,1.437,0.635,0.865,0.573,0.273,0.084
57.800000000000004,2.268,1.437,0.635,0.864,0.572,0.273,0.084
57.900000000000006,2.268,1.437,0.635,0.864,0.573,0.273,0.084
58.0,2.268,1.437,0.635,0.864,0.573,0.273,0.084
58.1,2.268,1.437,0.635,0.865,0.573,0.273,0.084
58.2,2.268,1.437,0.635,0.864,0.573,0.273,0.084
58.300000000000004,2.268,1.437,0.635,0.865,0.573,0.273,0.084
58.400000000000006,2.268,1.437,0.635,0.864,0.573,0.273,0.084
58.5,2.268,1.437,0.635,0.864,0.573,0.273,0.085
58.6,2.268,1.437,0.635,0.864,0.573,0.273,0.084
58.7,2.299,1.463,0.645,0.864,0.573,0.273,0.084
58.800000000000004,2.281,1.447,0.639,0.864,0.573,0.273,0.084
58.900000000000006,2.273,1.441,0.637,0.864,0.573,0.273,0.084
59.0,2.27,1.439,0.636,0.864,0.573,0.273,0.084
59.1,2.269,1.438,0.636,0.864,0.573,0.273,0.083
59.2,2.269,1.437,0.636,0.865,0.573,0.273,0.084
59.300000000000004,2.268,1.437,0.636,0.865,0.573,0.273,0.084
59.400000000000006,2.268,1.437,0.636,0.865,0.573,0.273,0.084
59.5,2.238,1.412,0.626,0.865,0.572,0.273,0.084
59.6,2.164,1.352,0.603,0.865,0.573,0.273,0.084
59.7,2.258,1.429,0.632,0.864,0.573,0.273,0.084
59.800000000000004,2.264,1.434,0.634,0.864,0.573,0.273,0.084
59.900000000000006,2.236,1.41,0.625,0.865,0.573,0.273,0.084
60.0,2.255,1.426,0.631,0.864,0.573,0.273,0.084
60.1,2.142,1.355,0.6,0.82,0.544,0.259,0.08
60.2,2.052,1.298,0.575,0.785,0.52,0.248,0.076
60.300000000000004,1.987,1.259,0.557,0.757,0.502,0.239,0.073
60.400000000000006,1.928,1.222,0.54,0.734,0.487,0.232,0.071
60.5,1.881,1.192,0.527,0.717,0.475,0.226,0.07
60.6,1.843,1.168,0.516,0.702,0.466,0.222,0.068
60.7,1.813,1.149,0.508,0.691,0.459,0.218,0.067
60.800000000000004,1.789,1.133,0.501,0.681,0.452,0.215,0.066
60.900000000000006,1.777,1.127,0.498,0.674,0.447,0.213,0.065
61.0,1.76,1.116,0.493,0.668,0.444,0.211,0.065
61.1,1.747,1.107,0.49,0.664,0.441,0.209,0.064
61.2,1.751,1.113,0.491,0.66,0.438,0.208,0.064
61.300000000000004,1.739,1.105,0.488,0.657,0.437,0.207,0.064
61.400000000000006,1.73,1.098,0.485,0.655,0.435,0.207,0.064
61.5,1.723,1.093,0.483,0.653,0.434,0.206,0.063
61.6,1.717,1.089,0.481,0.651,0.433,0.205,0.063
61.7,1.712,1.086,0.48,0.65,0.432,0.205,0.063
61.800000000000004,1.7,1.077,0.476,0.649,0.431,0.204,0.063
61.900000000000006,1.699,1.076,0.476,0.648,0.43,0.204,0.063
62.0,1.698,1.075,0.476,0.647,0.43,0.204,0.063
62.1,1.697,1.075,0.475,0.647,0.429,0.204,0.063
62.2,1.696,1.074,0.475,0.646,0.429,0.204,0.063
62.300000000000004,1.695,1.074,0.475,0.645,0.429,0.203,0.063
62.400000000000006,1.687,1.067,0.472,0.645,0.429,0.203,0.062
62.5,1.68,1.062,0.47,0.645,0.429,0.203,0.062
62.6,1.683,1.064,0.471,0.644,0.429,0.203,0.062
62.7,1.677,1.059,0.469,0.644,0.429,0.203,0.062
62.800000000000004,1.665,1.049,0.465,0.644,0.429,0.202,0.062
62.900000000000006,1.663,1.048,0.465,0.644,0.429,0.202,0.062
63.0,1.661,1.046,0.464,0.643,0.429,0.202,0.062
63.1,1.66,1.045,0.464,0.643,0.429,0.202,0.062
63.2,1.666,1.051,0.466,0.643,0.429,0.202,0.062
63.300000000000004,1.672,1.055,0.468,0.643,0.429,0.201,0.062
63.400000000000006,1.676,1.058,0.469,0.643,0.429,0.201,0.062
63.5,1.679,1.061,0.47,0.643,0.429,0.201,0.062
63.6,1.682,1.063,0.471,0.642,0.429,0.201,0.062
63.7,1.676,1.059,0.469,0.642,0.429,0.201,0.062
63.800000000000004,1.672,1.055,0.468,0.642,0.43,0.201,0.062
63.900000000000006,1.669,1.052,0.467,0.642,0.429,0.201,0.062
64.0,1.666,1.05,0.466,0.642,0.429,0.2,0.062
64.10000000000001,1.694,1.074,0.475,0.642,0.429,0.2,0.062
64.2,1.686,1.067,0.472,0.642,0.429,0.2,0.062
64.3,1.68,1.062,0.47,0.641,0.429,0.2,0.062
64.4,1.675,1.058,0.469,0.641,0.429,0.2,0.062
64.5,1.671,1.054,0.467,0.641,0.429,0.2,0.062
64.60000000000001,1.668,1.052,0.466,0.641,0.429,0.2,0.061
64.7,1.665,1.049,0.465,0.641,0.429,0.199,0.061
64.8,1.663,1.048,0.465,0.641,0.429,0.199,0.062
64.9,1.661,1.046,0.464,0.641,0.429,0.199,0.062
65.0,1.668,1.052,0.466,0.641,0.429,0.199,0.062
65.10000000000001,1.665,1.049,0.465,0.641,0.428,0.199,0.062
65.2,1.663,1.048,0.465,0.64,0.429,0.199,0.062
65.3,1.669,1.053,0.467,0.64,0.428,0.198,0.061
65.4,1.666,1.05,0.466,0.64,0.429,0.198,0.061
65.5,1.664,1.048,0.465,0.64,0.429,0.198,0.062
65.60000000000001,1.662,1.047,0.464,0.64,0.429,0.198,0.061
65.7,1.66,1.046,0.464,0.639,0.429,0.197,0.061
65.8,1.659,1.045,0.464,0.639,0.428,0.197,0.061
65.9,1.658,1.044,0.463,0.639,0.429,0.197,0.061
66.0,1.65,1.037,0.461,0.639,0.428,0.197,0.061
66.10000000000001,1.636,1.025,0.456,0.639,0.429,0.196,0.061
66.2,1.639,1.028,0.457,0.638,0.429,0.196,0.061
66.3,1.642,1.031,0.458,0.638,0.429,0.196,0.061
66.4,1.645,1.033,0.459,0.638,0.429,0.196,0.061
66.5,1.647,1.035,0.46,0.638,0.429,0.196,0.061
66.60000000000001,1.648,1.036,0.46,0.638,0.428,0.196,0.061
66.7,1.65,1.037,0.461,0.638,0.428,0.195,0.061
66.8,1.651,1.038,0.461,0.638,0.428,0.195,0.061
66.9,1.651,1.038,0.461,0.638,0.428,0.195,0.061
67.0,1.652,1.039,0.461,0.638,0.428,0.195,0.061
67.10000000000001,1.653,1.039,0.462,0.637,0.429,0.195,0.061
67.2,1.661,1.046,0.464,0.637,0.429,0.195,0.061
67.3,1.659,1.045,0.464,0.637,0.429,0.194,0.061
67.4,1.658,1.044,0.463,0.637,0.429,0.194,0.061
67.5,1.658,1.043,0.463,0.637,0.428,0.194,0.061
67.60000000000001,1.657,1.043,0.463,0.637,0.428,0.194,0.061
67.7,1.657,1.042,0.463,0.637,0.428,0.194,0.061
67.8,1.656,1.042,0.463,0.637,0.428,0.194,0.061
67.9,1.656,1.042,0.463,0.637,0.428,0.193,0.061
68.0,1.656,1.042,0.462,0.636,0.428,0.193,0.061
68.10000000000001,1.655,1.041,0.462,0.636,0.429,0.193,0.061
68.2,1.655,1.041,0.462,0.637,0.429,0.193,0.061
68.3,1.655,1.041,0.462,0.636,0.429,0.193,0.061
68.4,1.663,1.048,0.465,0.636,0.429,0.192,0.061
68.5,1.661,1.046,0.464,0.636,0.429,0.192,0.061
68.60000000000001,1.66,1.045,0.464,0.636,0.429,0.192,0.061
68.7,1.659,1.044,0.463,0.636,0.429,0.192,0.061
68.8,1.658,1.044,0.463,0.636,0.429,0.192,0.061
68.9,1.657,1.043,0.463,0.636,0.429,0.192,0.061
69.0,1.641,1.03,0.458,0.636,0.428,0.192,0.061
69.10000000000001,1.644,1.032,0.459,0.636,0.428,0.192,0.061
69.2,1.646,1.034,0.46,0.636,0.428,0.191,0.061
69.3,1.656,1.042,0.462,0.636,0.429,0.191,0.061
69.4,1.655,1.042,0.462,0.636,0.429,0.191,0.061
69.5,1.655,1.041,0.462,0.636,0.429,0.191,0.061
69.60000000000001,1.655,1.041,0.462,0.635,0.428,0.191,0.061
69.7,1.655,1.041,0.462,0.636,0.428,0.191,0.061
69.8,1.655,1.041,0.462,0.635,0.428,0.191,0.061
69.9,1.655,1.041,0.462,0.635,0.428,0.191,0.061
70.0,1.655,1.041,0.462,0.635,0.428,0.19,0.061
70.10000000000001,1.655,1.041,0.462,0.635,0.429,0.19,0.061
70.2,1.655,1.041,0.462,0.635,0.428,0.19,0.061
70.3,1.655,1.041,0.462,0.635,0.428,0.189,0.061
70.4,1.655,1.041,0.462,0.634,0.428,0.189,0.061
70.5,1.655,1.041,0.462,0.634,0.428,0.189,0.061
70.60000000000001,1.655,1.041,0.462,0.634,0.428,0.189,0.061
70.7,1.655,1.041,0.462,0.634,0.428,0.189,0.061
70.8,1.655,1.041,0.462,0.634,0.428,0.189,0.061
70.9,1.655,1.041,0.462,0.633,0.428,0.189,0.061
71.0,1.655,1.041,0.462,0.633,0.428,0.188,0.06
71.10000000000001,1.655,1.041,0.462,0.633,0.428,0.188,0.06
71.2,1.655,1.041,0.462,0.633,0.428,0.188,0.06
71.3,1.662,1.047,0.465,0.633,0.429,0.188,0.06
71.4,1.661,1.046,0.464,0.633,0.428,0.187,0.06
71.5,1.659,1.045,0.464,0.633,0.428,0.187,0.06
71.60000000000001,1.658,1.044,0.463,0.633,0.428,0.187,0.06
71.7,1.658,1.043,0.463,0.633,0.428,0.187,0.06
71.8,1.657,1.043,0.463,0.633,0.428,0.187,0.06
71.9,1.657,1.042,0.463,0.633,0.429,0.186,0.06
72.0,1.656,1.042,0.463,0.632,0.429,0.187,0.06
72.10000000000001,1.656,1.042,0.463,0.632,0.428,0.186,0.06
72.2,1.663,1.048,0.465,0.632,0.428,0.186,0.06
72.3,1.661,1.047,0.464,0.632,0.428,0.186,0.06
72.4,1.66,1.045,0.464,0.632,0.428,0.186,0.06
72.5,1.651,1.038,0.461,0.632,0.428,0.186,0.06
72.60000000000001,1.715,1.092,0.481,0.632,0.428,0.185,0.06
72.7,1.71,1.088,0.48,0.632,0.428,0.185,0.06
72.8,1.699,1.078,0.476,0.632,0.428,0.185,0.06
72.9,1.69,1.071,0.474,0.632,0.428,0.184,0.06
73.0,1.691,1.071,0.474,0.632,0.428,0.184,0.06
73.10000000000001,1.691,1.071,0.474,0.632,0.428,0.184,0.06
73.2,1.754,1.125,0.494,0.631,0.428,0.184,0.06
73.3,1.742,1.114,0.49,0.631,0.428,0.183,0.06
73.4,1.732,1.106,0.487,0.631,0.428,0.183,0.06
73.5,1.724,1.099,0.484,0.631,0.428,0.183,0.06
73.60000000000001,1.71,1.087,0.48,0.631,0.428,0.183,0.06
73.7,1.699,1.078,0.476,0.631,0.428,0.182,0.06
73.8,1.69,1.071,0.473,0.631,0.428,0.182,0.06
73.9,1.675,1.058,0.469,0.63,0.428,0.182,0.06
74.0,1.686,1.068,0.472,0.63,0.428,0.182,0.06
74.10000000000001,1.703,1.081,0.478,0.63,0.428,0.181,0.06
74.2,1.693,1.073,0.475,0.63,0.428,0.181,0.06
74.3,1.693,1.073,0.474,0.63,0.428,0.181,0.06
74.4,1.685,1.067,0.472,0.629,0.428,0.181,0.06
74.5,1.679,1.061,0.47,0.629,0.428,0.181,0.06
74.60000000000001,1.682,1.064,0.471,0.629,0.428,0.181,0.06
74.7,1.684,1.065,0.472,0.629,0.428,0.181,0.06
74.8,1.701,1.08,0.477,0.629,0.428,0.181,0.06
74.9,1.692,1.072,0.474,0.629,0.428,0.18,0.06
75.0,1.684,1.066,0.472,0.629,0.428,0.18,0.06
75.10000000000001,1.678,1.061,0.47,0.629,0.427,0.18,0.06
75.2,1.689,1.069,0.473,0.629,0.427,0.18,0.06
75.3,1.69,1.07,0.473,0.629,0.428,0.18,0.06
75.4,1.69,1.07,0.474,0.629,0.428,0.18,0.06
75.5,1.691,1.071,0.474,0.629,0.428,0.18,0.06
75.60000000000001,1.684,1.065,0.471,0.629,0.428,0.18,0.06
75.7,1.685,1.066,0.472,0.629,0.428,0.18,0.06
75.8,1.687,1.068,0.472,0.629,0.428,0.18,0.06
75.9,1.688,1.068,0.473,0.629,0.428,0.18,0.06
76.0,1.689,1.069,0.473,0.629,0.428,0.179,0.06
76.10000000000001,1.69,1.07,0.473,0.63,0.428,0.179,0.06
76.2,1.69,1.07,0.473,0.629,0.428,0.179,0.06
76.3,1.691,1.071,0.474,0.629,0.428,0.179,0.06
76.4,1.691,1.071,0.474,0.629,0.428,0.179,0.06
76.5,1.691,1.071,0.474,0.629,0.428,0.179,0.06
76.60000000000001,1.692,1.072,0.474,0.629,0.428,0.179,0.06
76.7,1.692,1.072,0.474,0.629,0.427,0.179,0.06
76.80000000000001,1.692,1.072,0.474,0.629,0.427,0.179,0.06
76.9,1.7,1.078,0.477,0.629,0.427,0.179,0.06
77.0,1.698,1.077,0.476,0.629,0.427,0.179,0.06
77.10000000000001,1.69,1.07,0.473,0.629,0.427,0.179,0.06
77.2,1.69,1.07,0.473,0.629,0.428,0.178,0.06
77.30000000000001,1.691,1.071,0.474,0.629,0.428,0.178,0.06
77.4,1.691,1.071,0.474,0.629,0.428,0.178,0.06
77.5,1.691,1.071,0.474,0.629,0.428,0.178,0.06
77.60000000000001,1.692,1.072,0.474,0.629,0.428,0.178,0.06
77.7,1.684,1.065,0.472,0.629,0.428,0.178,0.06
77.80000000000001,1.694,1.073,0.475,0.628,0.428,0.178,0.06
77.9,1.686,1.067,0.472,0.628,0.428,0.178,0.06
78.0,1.687,1.068,0.473,0.628,0.428,0.178,0.06
78.10000000000001,1.688,1.069,0.473,0.628,0.427,0.178,0.06
78.2,1.689,1.069,0.473,0.628,0.427,0.177,0.06
78.30000000000001,1.69,1.07,0.473,0.628,0.427,0.177,0.06
78.4,1.69,1.07,0.474,0.628,0.427,0.177,0.06
78.5,1.691,1.071,0.474,0.628,0.427,0.177,0.06
78.60000000000001,1.691,1.071,0.474,0.628,0.427,0.177,0.06
78.7,1.699,1.078,0.476,0.628,0.427,0.177,0.06
78.80000000000001,1.69,1.07,0.473,0.627,0.427,0.177,0.06
78.9,1.691,1.071,0.474,0.628,0.428,0.177,0.06
79.0,1.691,1.071,0.474,0.627,0.427,0.176,0.06
79.10000000000001,1.691,1.071,0.474,0.627,0.427,0.176,0.06
79.2,1.692,1.072,0.474,0.627,0.427,0.176,0.06
79.30000000000001,1.692,1.072,0.474,0.627,0.427,0.176,0.06
79.4,1.692,1.072,0.474,0.627,0.427,0.176,0.06
79.5,1.692,1.072,0.474,0.627,0.427,0.176,0.06
79.60000000000001,1.692,1.072,0.474,0.627,0.427,0.176,0.06
79.7,1.692,1.072,0.474,0.627,0.427,0.176,0.059
79.80000000000001,1.692,1.072,0.474,0.627,0.427,0.176,0.06
79.9,1.692,1.072,0.474,0.627,0.427,0.176,0.06
80.0,1.693,1.072,0.474,0.627,0.427,0.176,0.06
80.10000000000001,1.693,1.072,0.474,0.627,0.427,0.176,0.06
80.2,1.693,1.072,0.474,0.627,0.427,0.176,0.06
80.30000000000001,1.693,1.072,0.474,0.627,0.427,0.176,0.06
80.4,1.724,1.098,0.484,0.627,0.427,0.176,0.06
80.5,1.71,1.087,0.48,0.627,0.427,0.176,0.06
80.60000000000001,1.706,1.084,0.479,0.627,0.427,0.176,0.06
80.7,1.704,1.082,0.478,0.627,0.427,0.176,0.06
80.80000000000001,1.701,1.08,0.477,0.627,0.427,0.176,0.06
80.9,1.7,1.078,0.476,0.627,0.427,0.176,0.06
81.0,1.706,1.083,0.478,0.627,0.427,0.176,0.06
81.10000000000001,1.703,1.081,0.478,0.627,0.427,0.176,0.06
81.2,1.701,1.079,0.477,0.627,0.427,0.176,0.06
81.30000000000001,1.699,1.078,0.476,0.627,0.427,0.176,0.06
81.4,1.706,1.083,0.478,0.627,0.427,0.176,0.06
81.5,1.703,1.081,0.478,0.627,0.427,0.175,0.06
81.60000000000001,1.701,1.079,0.477,0.627,0.427,0.175,0.06
81.7,1.699,1.078,0.476,0.627,0.427,0.175,0.06
81.80000000000001,1.69,1.07,0.474,0.627,0.427,0.175,0.06
81.9,1.691,1.071,0.474,0.627,0.427,0.175,0.059
82.0,1.691,1.071,0.474,0.627,0.427,0.175,0.059
82.10000000000001,1.692,1.071,0.474,0.627,0.427,0.175,0.06
82.2,1.692,1.072,0.474,0.627,0.427,0.175,0.06
82.30000000000001,1.692,1.072,0.474,0.627,0.427,0.175,0.06
82.4,1.692,1.072,0.474,0.627,0.427,0.175,0.06
82.5,1.692,1.072,0.474,0.626,0.427,0.175,0.059
82.60000000000001,1.692,1.072,0.474,0.626,0.427,0.175,0.06
82.7,1.692,1.072,0.474,0.626,0.427,0.175,0.06
82.80000000000001,1.692,1.072,0.474,0.626,0.427,0.175,0.06
82.9,1.693,1.072,0.474,0.626,0.427,0.175,0.06
83.0,1.693,1.072,0.474,0.626,0.427,0.174,0.06
83.10000000000001,1.693,1.072,0.474,0.626,0.427,0.174,0.06
83.2,1.693,1.072,0.474,0.626,0.427,0.174,0.06
83.30000000000001,1.693,1.072,0.474,0.626,0.427,0.174,0.06
83.4,1.693,1.072,0.474,0.626,0.427,0.174,0.06
83.5,1.693,1.072,0.474,0.626,0.427,0.174,0.06
83.60000000000001,1.693,1.072,0.474,0.626,0.427,0.174,0.06
83.7,1.693,1.072,0.474,0.625,0.427,0.174,0.06
83.80000000000001,1.693,1.072,0.474,0.626,0.427,0.174,0.06
83.9,1.693,1.072,0.474,0.626,0.427,0.174,0.06
84.0,1.693,1.072,0.474,0.626,0.427,0.174,0.06
84.10000000000001,1.693,1.072,0.474,0.625,0.427,0.174,0.06
84.2,1.685,1.066,0.472,0.625,0.427,0.174,0.06
84.30000000000001,1.687,1.067,0.472,0.625,0.427,0.174,0.06
84.4,1.696,1.075,0.475,0.625,0.427,0.174,0.06
84.5,1.71,1.087,0.48,0.625,0.427,0.174,0.06
84.60000000000001,1.707,1.084,0.479,0.625,0.427,0.174,0.059
84.7,1.704,1.082,0.478,0.625,0.427,0.173,0.06
84.80000000000001,1.702,1.08,0.477,0.625,0.427,0.173,0.059
84.9,1.7,1.078,0.477,0.625,0.427,0.173,0.059
85.0,1.698,1.077,0.476,0.625,0.427,0.173,0.059
85.10000000000001,1.697,1.076,0.476,0.625,0.427,0.173,0.059
85.2,1.696,1.075,0.475,0.625,0.427,0.173,0.06
85.30000000000001,1.703,1.081,0.478,0.625,0.427,0.173,0.06
85.4,1.701,1.079,0.477,0.625,0.426,0.173,0.06
85.5,1.7,1.078,0.476,0.625,0.426,0.173,0.059
85.60000000000001,1.698,1.077,0.476,0.625,0.426,0.173,0.06
85.7,1.705,1.082,0.478,0.625,0.426,0.173,0.06
85.80000000000001,1.679,1.062,0.47,0.625,0.426,0.173,0.06
85.9,2.033,1.287,0.569,0.752,0.513,0.208,0.072
86.0,2.174,1.377,0.609,0.803,0.548,0.222,0.077
86.10000000000001,2.231,1.413,0.625,0.823,0.562,0.227,0.079
86.2,2.253,1.427,0.631,0.832,0.568,0.23,0.079
86.30000000000001,2.262,1.433,0.634,0.835,0.57,0.23,0.08
86.4,2.266,1.435,0.635,0.836,0.571,0.231,0.08
86.5,2.237,1.411,0.625,0.837,0.571,0.23,0.08
86.60000000000001,2.256,1.427,0.631,0.837,0.571,0.231,0.08
86.7,2.263,1.433,0.634,0.837,0.571,0.231,0.079
86.80000000000001,2.297,1.461,0.645,0.837,0.571,0.23,0.08
86.9,2.28,1.447,0.639,0.836,0.571,0.23,0.08
87.0,2.273,1.441,0.637,0.837,0.572,0.23,0.08
87.10000000000001,2.27,1.438,0.636,0.837,0.571,0.23,0.079
87.2,2.269,1.438,0.636,0.837,0.572,0.23,0.08
87.30000000000001,2.299,1.463,0.645,0.837,0.571,0.23,0.079
87.4,2.281,1.447,0.639,0.837,0.571,0.23,0.08
87.5,2.273,1.441,0.637,0.837,0.571,0.23,0.08
87.60000000000001,2.301,1.464,0.646,0.837,0.571,0.23,0.08
87.7,2.312,1.473,0.649,0.837,0.571,0.23,0.08
87.80000000000001,2.286,1.452,0.641,0.837,0.572,0.231,0.08
87.9,2.275,1.443,0.638,0.837,0.571,0.231,0.08
88.0,2.271,1.439,0.636,0.837,0.571,0.23,0.08
88.10000000000001,2.3,1.464,0.646,0.838,0.572,0.23,0.079
88.2,2.281,1.448,0.64,0.837,0.572,0.23,0.08
88.30000000000001,2.304,1.467,0.647,0.837,0.571,0.23,0.08
88.4,2.283,1.449,0.64,0.837,0.571,0.23,0.079
88.5,2.305,1.467,0.647,0.837,0.571,0.23,0.08
88.60000000000001,2.314,1.475,0.65,0.838,0.571,0.23,0.08
88.7,2.317,1.478,0.651,0.838,0.571,0.23,0.08
88.80000000000001,2.288,1.453,0.642,0.837,0.571,0.23,0.08
88.9,2.307,1.469,0.648,0.838,0.571,0.231,0.08
89.0,2.284,1.45,0.64,0.839,0.571,0.231,0.081
89.10000000000001,2.305,1.468,0.647,0.84,0.571,0.232,0.081
89.2,2.314,1.475,0.65,0.84,0.571,0.232,0.081
89.30000000000001,2.317,1.478,0.651,0.841,0.571,0.232,0.08
89.4,2.288,1.453,0.642,0.842,0.571,0.232,0.08
89.5,2.307,1.469,0.648,0.842,0.571,0.233,0.08
89.60000000000001,2.315,1.475,0.65,0.842,0.57,0.233,0.081
89.7,2.318,1.478,0.651,0.843,0.571,0.233,0.081
89.80000000000001,2.319,1.479,0.652,0.844,0.571,0.234,0.08
89.9,2.319,1.479,0.652,0.844,0.571,0.233,0.08
90.0,2.32,1.48,0.652,0.845,0.571,0.233,0.08
90.10000000000001,2.32,1.48,0.652,0.845,0.571,0.234,0.081
90.2,2.32,1.48,0.652,0.845,0.571,0.234,0.08
90.30000000000001,2.32,1.48,0.652,0.846,0.571,0.234,0.08
90.4,2.32,1.48,0.652,0.846,0.571,0.235,0.081
90.5,2.32,1.48,0.652,0.847,0.571,0.236,0.081
90.60000000000001,2.32,1.48,0.652,0.847,0.571,0.236,0.08
90.7,2.32,1.48,0.652,0.847,0.571,0.236,0.081
90.80000000000001,2.258,1.429,0.632,0.848,0.57,0.236,0.081
90.9,2.264,1.434,0.634,0.848,0.57,0.236,0.081
91.0,2.297,1.461,0.645,0.848,0.571,0.236,0.08
91.10000000000001,2.28,1.447,0.639,0.849,0.571,0.236,0.08
91.2,2.273,1.441,0.637,0.849,0.572,0.236,0.081
91.30000000000001,2.301,1.464,0.646,0.849,0.571,0.236,0.08
91.4,2.312,1.473,0.649,0.849,0.571,0.237,0.08
91.5,2.286,1.452,0.641,0.849,0.571,0.237,0.08
91.60000000000001,2.275,1.443,0.638,0.848,0.572,0.237,0.08
91.7,2.271,1.439,0.636,0.849,0.571,0.237,0.081
91.80000000000001,2.269,1.438,0.636,0.849,0.572,0.237,0.081
91.9,2.269,1.437,0.636,0.849,0.571,0.238,0.08
92.0,2.268,1.437,0.636,0.85,0.572,0.237,0.081
92.10000000000001,2.268,1.437,0.636,0.85,0.571,0.237,0.08
92.2,2.268,1.437,0.636,0.85,0.571,0.238,0.081
92.30000000000001,2.268,1.437,0.635,0.85,0.571,0.238,0.081
92.4,2.331,1.489,0.655,0.849,0.57,0.238,0.08
92.5,2.293,1.458,0.643,0.85,0.571,0.239,0.081
92.60000000000001,2.278,1.445,0.639,0.85,0.571,0.239,0.081
92.7,2.272,1.44,0.637,0.851,0.57,0.239,0.08
92.80000000000001,2.27,1.438,0.636,0.85,0.571,0.239,0.08
92.9,2.269,1.437,0.636,0.851,0.571,0.239,0.08
93.0,2.268,1.437,0.636,0.85,0.57,0.239,0.08
93.10000000000001,2.268,1.437,0.636,0.85,0.571,0.239,0.08
93.2,2.268,1.437,0.636,0.85,0.571,0.239,0.08
93.30000000000001,2.268,1.437,0.635,0.851,0.57,0.24,0.08
93.4,2.268,1.437,0.635,0.85,0.57,0.24,0.081
93.5,2.268,1.437,0.635,0.85,0.57,0.24,0.081
93.60000000000001,2.424,1.568,0.685,0.849,0.571,0.238,0.081
93.7,2.268,1.437,0.635,0.851,0.57,0.241,0.081
93.80000000000001,2.268,1.437,0.635,0.85,0.57,0.24,0.08
93.9,2.268,1.437,0.635,0.85,0.571,0.24,0.08
94.0,2.268,1.437,0.635,0.85,0.57,0.24,0.08
94.10000000000001,2.268,1.437,0.635,0.851,0.571,0.241,0.08
94.2,2.268,1.437,0.635,0.851,0.571,0.241,0.081
94.30000000000001,2.238,1.412,0.626,0.85,0.57,0.241,0.081
94.4,2.256,1.427,0.632,0.85,0.571,0.241,0.081
94.5,2.263,1.433,0.634,0.85,0.571,0.241,0.081
94.60000000000001,2.266,1.435,0.635,0.85,0.571,0.241,0.081
94.7,2.267,1.436,0.635,0.85,0.571,0.241,0.08
94.80000000000001,2.268,1.437,0.635,0.85,0.57,0.241,0.081
94.9,2.268,1.437,0.635,0.851,0.571,0.241,0.081
95.0,2.268,1.437,0.635,0.85,0.57,0.242,0.08
95.10000000000001,2.268,1.437,0.635,0.851,0.57,0.241,0.08
95.2,2.268,1.437,0.635,0.85,0.57,0.242,0.08
95.30000000000001,2.238,1.412,0.626,0.851,0.57,0.242,0.081
95.4,2.256,1.427,0.632,0.85,0.57,0.242,0.08
95.5,2.263,1.433,0.634,0.85,0.571,0.242,0.08
95.60000000000001,2.266,1.435,0.635,0.85,0.57,0.242,0.08
95.7,2.267,1.436,0.635,0.851,0.57,0.242,0.08
95.80000000000001,2.268,1.437,0.635,0.851,0.57,0.242,0.08
95.9,2.268,1.437,0.635,0.85,0.57,0.242,0.08
96.0,2.268,1.437,0.635,0.85,0.57,0.242,0.08
96.10000000000001,2.268,1.437,0.635,0.85,0.57,0.242,0.08
96.2,2.268,1.437,0.635,0.851,0.57,0.243,0.08
96.30000000000001,2.268,1.437,0.635,0.85,0.57,0.243,0.08
96.4,2.268,1.437,0.635,0.851,0.57,0.242,0.08
96.5,2.238,1.412,0.626,0.851,0.57,0.242,0.08
96.60000000000001,2.256,1.427,0.632,0.85,0.57,0.243,0.081
96.7,2.233,1.408,0.624,0.85,0.57,0.243,0.08
96.80000000000001,2.254,1.425,0.631,0.85,0.57,0.243,0.08
96.9,2.263,1.432,0.634,0.851,0.57,0.243,0.08
97.0,2.39,1.54,0.675,0.85,0.571,0.243,0.08
97.10000000000001,2.286,1.453,0.641,0.85,0.57,0.243,0.08
97.2,2.275,1.443,0.638,0.85,0.57,0.243,0.08
97.30000000000001,2.271,1.439,0.636,0.85,0.57,0.243,0.08
97.4,2.269,1.438,0.636,0.85,0.57,0.243,0.08
97.5,2.238,1.412,0.626,0.85,0.57,0.243,0.08
97.60000000000001,2.225,1.402,0.622,0.85,0.57,0.244,0.08
97.7,2.251,1.423,0.63,0.85,0.569,0.243,0.079
97.80000000000001,2.261,1.431,0.633,0.851,0.57,0.244,0.08
97.9,2.235,1.409,0.625,0.85,0.57,0.244,0.08
98.0,2.224,1.401,0.622,0.85,0.57,0.244,0.08
98.10000000000001,2.251,1.422,0.63,0.849,0.57,0.243,0.079
98.2,2.23,1.406,0.624,0.85,0.57,0.244,0.08
98.30000000000001,2.222,1.399,0.621,0.85,0.57,0.244,0.08
98.4,2.25,1.422,0.63,0.85,0.57,0.244,0.079
98.5,2.261,1.431,0.633,0.849,0.57,0.244,0.08
98.60000000000001,2.265,1.435,0.635,0.85,0.569,0.244,0.08
98.7,2.236,1.411,0.625,0.85,0.57,0.244,0.08
98.80000000000001,2.255,1.426,0.631,0.85,0.57,0.244,0.08
98.9,2.202,1.382,0.615,0.85,0.57,0.244,0.079
99.0,2.242,1.415,0.627,0.85,0.57,0.244,0.079
99.10000000000001,2.258,1.428,0.632,0.85,0.57,0.244,0.08
99.2,2.233,1.408,0.624,0.851,0.57,0.244,0.08
99.30000000000001,2.254,1.425,0.631,0.85,0.57,0.244,0.08
99.4,2.263,1.432,0.634,0.849,0.569,0.244,0.08
99.5,2.266,1.435,0.635,0.849,0.569,0.244,0.08
99.60000000000001,2.237,1.411,0.625,0.85,0.57,0.244,0.079
99.7,2.225,1.401,0.622,0.85,0.569,0.244,0.079
99.80000000000001,2.251,1.423,0.63,0.85,0.57,0.244,0.079
99.9,2.261,1.431,0.633,0.85,0.57,0.244,0.08
100.0,2.235,1.409,0.625,0.85,0.57,0.244,0.08
100.10000000000001,2.224,1.401,0.622,0.849,0.569,0.244,0.08
100.2,2.251,1.422,0.63,0.85,0.57,0.245,0.079
100.30000000000001,2.354,1.509,0.663,0.849,0.57,0.244,0.079
100.4,2.272,1.44,0.637,0.85,0.569,0.244,0.079
100.5,2.239,1.413,0.626,0.849,0.57,0.244,0.079
100.60000000000001,2.226,1.402,0.622,0.85,0.569,0.244,0.079
100.7,2.221,1.398,0.62,0.849,0.569,0.244,0.079
100.80000000000001,2.218,1.396,0.62,0.849,0.569,0.244,0.079
100.9,2.187,1.37,0.61,0.849,0.57,0.244,0.079
101.0,2.205,1.385,0.615,0.849,0.57,0.244,0.079
101.10000000000001,2.212,1.391,0.618,0.85,0.57,0.244,0.079
101.2,2.215,1.393,0.619,0.849,0.569,0.244,0.079
101.30000000000001,2.216,1.394,0.619,0.849,0.57,0.244,0.079
101.4,2.217,1.394,0.619,0.849,0.57,0.244,0.079
101.5,2.217,1.395,0.619,0.849,0.569,0.244,0.079
101.60000000000001,2.248,1.42,0.629,0.849,0.57,0.244,0.08
101.7,2.229,1.405,0.623,0.85,0.57,0.245,0.079
101.80000000000001,2.253,1.424,0.631,0.849,0.569,0.245,0.079
101.9,2.231,1.406,0.624,0.85,0.569,0.244,0.079
102.0,2.223,1.399,0.621,0.849,0.569,0.244,0.079
102.10000000000001,2.219,1.397,0.62,0.849,0.57,0.244,0.079
102.2,2.218,1.395,0.62,0.848,0.569,0.244,0.08
102.30000000000001,2.217,1.395,0.619,0.849,0.569,0.244,0.08
102.4,2.217,1.395,0.619,0.85,0.569,0.244,0.079
102.5,2.217,1.395,0.619,0.849,0.57,0.244,0.079
102.60000000000001,2.217,1.395,0.619,0.849,0.57,0.244,0.079
102.7,2.217,1.395,0.619,0.849,0.57,0.244,0.08
102.80000000000001,2.217,1.395,0.619,0.849,0.569,0.245,0.079
102.9,2.217,1.395,0.619,0.848,0.569,0.244,0.08
103.0,2.217,1.395,0.619,0.849,0.569,0.244,0.08
103.10000000000001,2.217,1.395,0.619,0.849,0.569,0.244,0.079
103.2,2.217,1.395,0.619,0.849,0.569,0.244,0.079
103.30000000000001,2.217,1.395,0.619,0.849,0.569,0.244,0.079
103.4,2.217,1.395,0.619,0.849,0.569,0.245,0.079
103.5,2.217,1.395,0.619,0.848,0.569,0.245,0.079
103.60000000000001,2.217,1.395,0.619,0.849,0.569,0.245,0.079
103.7,2.248,1.42,0.629,0.849,0.569,0.245,0.079
103.80000000000001,2.229,1.405,0.623,0.849,0.569,0.245,0.079
103.9,2.222,1.399,0.621,0.849,0.57,0.245,0.078
104.0,2.189,1.371,0.61,0.849,0.569,0.244,0.079
104.10000000000001,2.206,1.385,0.616,0.848,0.569,0.245,0.08
104.2,2.213,1.391,0.618,0.848,0.569,0.245,0.079
104.30000000000001,2.215,1.393,0.619,0.849,0.569,0.245,0.079
104.4,2.216,1.394,0.619,0.849,0.569,0.245,0.078
104.5,2.217,1.394,0.619,0.848,0.569,0.245,0.079
104.60000000000001,2.217,1.395,0.619,0.849,0.569,0.244,0.079
104.7,2.217,1.395,0.619,0.848,0.569,0.244,0.079
104.80000000000001,2.248,1.42,0.629,0.848,0.569,0.245,0.079
104.9,2.229,1.405,0.623,0.848,0.569,0.244,0.079
105.0,2.222,1.399,0.621,0.848,0.569,0.245,0.079
105.10000000000001,2.281,1.447,0.639,0.847,0.568,0.244,0.079
105.2,2.242,1.416,0.627,0.848,0.569,0.245,0.079
105.30000000000001,2.227,1.403,0.623,0.848,0.568,0.245,0.079
105.4,2.221,1.398,0.621,0.848,0.569,0.244,0.079
105.5,2.219,1.396,0.62,0.849,0.568,0.244,0.079
105.60000000000001,2.218,1.395,0.619,0.848,0.569,0.244,0.079
105.7,2.217,1.395,0.619,0.847,0.569,0.245,0.079
105.80000000000001,2.217,1.395,0.619,0.848,0.568,0.245,0.079
105.9,2.217,1.395,0.619,0.849,0.569,0.244,0.079
106.0,2.217,1.395,0.619,0.848,0.569,0.244,0.079
106.10000000000001,2.217,1.395,0.619,0.848,0.569,0.244,0.079
106.2,2.217,1.395,0.619,0.848,0.569,0.244,0.079
106.30000000000001,2.217,1.395,0.619,0.848,0.569,0.245,0.079
106.4,2.217,1.395,0.619,0.847,0.569,0.245,0.079
106.5,2.217,1.395,0.619,0.848,0.569,0.245,0.079
106.60000000000001,2.217,1.395,0.619,0.848,0.568,0.244,0.078
106.7,2.217,1.395,0.619,0.847,0.568,0.244,0.079
106.80000000000001,2.126,1.321,0.591,0.846,0.568,0.244,0.079
106.9,2.181,1.365,0.608,0.847,0.569,0.244,0.079
107.0,2.233,1.408,0.624,0.847,0.568,0.244,0.079
107.10000000000001,2.224,1.4,0.621,0.848,0.569,0.245,0.079
107.2,2.22,1.397,0.62,0.848,0.568,0.244,0.079
107.30000000000001,2.218,1.396,0.62,0.848,0.568,0.244,0.079
107.4,2.217,1.395,0.619,0.848,0.568,0.244,0.078
107.5,2.217,1.395,0.619,0.847,0.568,0.244,0.079
107.60000000000001,2.217,1.395,0.619,0.846,0.569,0.244,0.079
107.7,2.217,1.395,0.619,0.847,0.569,0.245,0.079
107.80000000000001,2.217,1.395,0.619,0.847,0.568,0.244,0.079
107.9,2.217,1.395,0.619,0.847,0.567,0.244,0.078
108.0,2.217,1.395,0.619,0.848,0.568,0.244,0.078
108.10000000000001,2.248,1.42,0.629,0.847,0.568,0.244,0.079
108.2,2.229,1.405,0.623,0.846,0.567,0.244,0.079
108.30000000000001,2.222,1.399,0.621,0.846,0.568,0.244,0.078
108.4,2.219,1.396,0.62,0.846,0.567,0.244,0.079
108.5,2.218,1.395,0.62,0.846,0.568,0.244,0.078
108.60000000000001,2.217,1.395,0.619,0.847,0.568,0.244,0.078
108.7,2.217,1.395,0.619,0.846,0.567,0.244,0.078
108.80000000000001,2.217,1.395,0.619,0.847,0.567,0.244,0.079
108.9,2.217,1.395,0.619,0.846,0.568,0.244,0.078
109.0,2.248,1.42,0.629,0.846,0.567,0.244,0.078
109.10000000000001,2.229,1.405,0.623,0.846,0.568,0.244,0.078
109.2,2.222,1.399,0.621,0.845,0.568,0.244,0.078
109.30000000000001,2.219,1.396,0.62,0.846,0.568,0.244,0.079
109.4,2.218,1.395,0.62,0.846,0.567,0.244,0.079
109.5,2.217,1.395,0.619,0.845,0.568,0.244,0.078
109.60000000000001,2.217,1.395,0.619,0.846,0.568,0.244,0.079
109.7,2.217,1.395,0.619,0.845,0.568,0.244,0.079
109.80000000000001,2.217,1.395,0.619,0.845,0.567,0.244,0.078
109.9,2.217,1.395,0.619,0.845,0.567,0.243,0.079
110.0,2.217,1.395,0.619,0.845,0.567,0.244,0.078
110.10000000000001,2.217,1.395,0.619,0.846,0.567,0.244,0.079
110.2,2.217,1.395,0.619,0.845,0.567,0.244,0.079
110.30000000000001,2.217,1.395,0.619,0.845,0.566,0.244,0.078
110.4,2.248,1.42,0.629,0.845,0.567,0.244,0.078
110.5,2.229,1.405,0.623,0.845,0.567,0.244,0.079
110.60000000000001,2.253,1.424,0.631,0.845,0.567,0.244,0.078
110.7,2.231,1.406,0.624,0.845,0.567,0.243,0.079
110.80000000000001,2.253,1.425,0.631,0.845,0.567,0.243,0.079
110.9,2.232,1.407,0.624,0.845,0.567,0.244,0.078
111.0,2.192,1.375,0.611,0.845,0.566,0.244,0.078
111.10000000000001,2.207,1.387,0.616,0.845,0.566,0.244,0.079
111.2,2.213,1.391,0.618,0.844,0.566,0.244,0.078
111.30000000000001,2.216,1.393,0.619,0.844,0.567,0.244,0.078
111.4,2.216,1.394,0.619,0.845,0.567,0.244,0.078
111.5,2.217,1.395,0.619,0.845,0.567,0.244,0.078
111.60000000000001,2.217,1.395,0.619,0.845,0.567,0.243,0.078
111.7,2.217,1.395,0.619,0.845,0.567,0.243,0.078
111.80000000000001,2.187,1.37,0.61,0.844,0.567,0.244,0.078
111.9,2.205,1.385,0.615,0.844,0.566,0.243,0.078
112.0,2.212,1.391,0.618,0.845,0.566,0.243,0.078
112.10000000000001,2.215,1.393,0.619,0.845,0.567,0.243,0.078
112.2,2.216,1.394,0.619,0.844,0.566,0.243,0.079
112.30000000000001,2.217,1.394,0.619,0.845,0.567,0.244,0.078
112.4,2.217,1.395,0.619,0.844,0.567,0.243,0.078
112.5,2.217,1.395,0.619,0.844,0.566,0.244,0.078
112.60000000000001,2.217,1.395,0.619,0.844,0.566,0.243,0.078
112.7,2.217,1.395,0.619,0.843,0.567,0.244,0.078
112.80000000000001,2.217,1.395,0.619,0.843,0.566,0.243,0.078
112.9,2.217,1.395,0.619,0.844,0.566,0.243,0.078
113.0,2.217,1.395,0.619,0.844,0.566,0.243,0.078
113.10000000000001,2.217,1.395,0.619,0.843,0.566,0.242,0.078
113.2,2.217,1.395,0.619,0.843,0.566,0.242,0.078
113.30000000000001,2.217,1.395,0.619,0.844,0.566,0.242,0.078
113.4,2.217,1.395,0.619,0.843,0.566,0.242,0.078
113.5,2.096,1.297,0.581,0.843,0.566,0.242,0.078
113.60000000000001,2.169,1.355,0.604,0.842,0.566,0.242,0.078
113.7,2.198,1.379,0.613,0.843,0.566,0.243,0.078
113.80000000000001,2.209,1.388,0.617,0.843,0.566,0.243,0.078
113.9,2.214,1.392,0.618,0.843,0.565,0.242,0.078
114.0,2.247,1.419,0.629,0.843,0.566,0.242,0.078
114.10000000000001,2.229,1.404,0.623,0.843,0.567,0.242,0.078
114.2,2.222,1.399,0.621,0.844,0.566,0.242,0.078
114.30000000000001,2.219,1.396,0.62,0.843,0.566,0.242,0.078
114.4,2.218,1.395,0.62,0.842,0.566,0.242,0.078
114.5,2.217,1.395,0.619,0.843,0.565,0.242,0.078
114.60000000000001,2.248,1.42,0.629,0.843,0.566,0.242,0.078
114.7,2.229,1.405,0.623,0.843,0.565,0.242,0.078
114.80000000000001,2.222,1.399,0.621,0.843,0.566,0.242,0.078
114.9,2.219,1.396,0.62,0.842,0.566,0.242,0.077
115.0,2.218,1.395,0.62,0.842,0.565,0.242,0.078
115.10000000000001,2.217,1.395,0.619,0.842,0.566,0.242,0.078
115.2,2.217,1.395,0.619,0.842,0.565,0.241,0.078
115.30000000000001,2.217,1.395,0.619,0.842,0.566,0.242,0.078
115.4,2.187,1.37,0.61,0.841,0.566,0.242,0.077
115.5,2.205,1.385,0.615,0.841,0.566,0.242,0.078
115.60000000000001,2.212,1.391,0.618,0.842,0.566,0.242,0.078
115.7,2.215,1.393,0.619,0.842,0.565,0.241,0.078
115.80000000000001,2.216,1.394,0.619,0.842,0.566,0.242,0.078
115.9,2.217,1.394,0.619,0.843,0.565,0.242,0.078
116.0,2.217,1.395,0.619,0.842,0.565,0.242,0.078
116.10000000000001,2.217,1.395,0.619,0.842,0.565,0.241,0.077
116.2,2.217,1.395,0.619,0.842,0.565,0.242,0.078
116.30000000000001,2.217,1.395,0.619,0.842,0.565,0.242,0.077
116.4,2.217,1.395,0.619,0.842,0.565,0.242,0.078
116.5,2.217,1.395,0.619,0.841,0.565,0.241,0.078
116.60000000000001,2.217,1.395,0.619,0.842,0.565,0.241,0.078
116.7,2.217,1.395,0.619,0.841,0.565,0.242,0.077
116.80000000000001,2.217,1.395,0.619,0.841,0.565,0.241,0.077
116.9,2.217,1.395,0.619,0.842,0.565,0.241,0.078
117.0,2.217,1.395,0.619,0.841,0.565,0.241,0.077
117.10000000000001,2.217,1.395,0.619,0.841,0.565,0.241,0.078
117.2,2.217,1.395,0.619,0.842,0.565,0.241,0.078
117.30000000000001,2.217,1.395,0.619,0.841,0.565,0.241,0.078
117.4,2.217,1.395,0.619,0.841,0.565,0.241,0.078
117.5,2.217,1.395,0.619,0.842,0.564,0.241,0.078
117.60000000000001,2.217,1.395,0.619,0.841,0.565,0.241,0.078
117.7,2.217,1.395,0.619,0.841,0.566,0.241,0.077
117.80000000000001,2.217,1.395,0.619,0.842,0.565,0.241,0.078
117.9,2.217,1.395,0.619,0.841,0.565,0.241,0.077
118.0,2.217,1.395,0.619,0.841,0.565,0.241,0.078
118.10000000000001,2.217,1.395,0.619,0.84,0.565,0.241,0.078
118.2,2.217,1.395,0.619,0.841,0.565,0.24,0.078
118.30000000000001,2.217,1.395,0.619,0.841,0.565,0.24,0.078
118.4,2.217,1.395,0.619,0.842,0.565,0.241,0.078
118.5,2.217,1.395,0.619,0.841,0.565,0.241,0.078
118.60000000000001,2.217,1.395,0.619,0.842,0.565,0.241,0.077
118.7,2.248,1.42,0.629,0.841,0.565,0.24,0.078
118.80000000000001,2.26,1.43,0.633,0.841,0.565,0.241,0.077
118.9,2.234,1.409,0.625,0.841,0.565,0.241,0.077
119.0,2.224,1.4,0.621,0.841,0.565,0.24,0.077
119.10000000000001,2.22,1.397,0.62,0.841,0.565,0.24,0.078
119.2,2.218,1.396,0.62,0.841,0.565,0.24,0.078
119.30000000000001,2.218,1.395,0.619,0.84,0.565,0.24,0.078
119.4,2.217,1.395,0.619,0.841,0.565,0.24,0.078
119.5,2.217,1.395,0.619,0.841,0.565,0.24,0.078
119.60000000000001,2.217,1.395,0.619,0.841,0.565,0.24,0.078
119.7,2.217,1.395,0.619,0.841,0.565,0.241,0.077
119.80000000000001,2.217,1.395,0.619,0.84,0.564,0.24,0.078
119.9,2.217,1.395,0.619,0.841,0.565,0.24,0.077
120.0,2.217,1.395,0.619,0.841,0.564,0.24,0.077
120.10000000000001,2.217,1.395,0.619,0.84,0.564,0.24,0.078
120.2,2.217,1.395,0.619,0.841,0.564,0.239,0.078
120.30000000000001,2.217,1.395,0.619,0.84,0.565,0.24,0.077
120.4,2.248,1.42,0.629,0.839,0.564,0.24,0.078
120.5,2.229,1.405,0.623,0.839,0.564,0.24,0.077
120.60000000000001,2.222,1.399,0.621,0.839,0.564,0.239,0.078
120.7,2.219,1.396,0.62,0.84,0.564,0.24,0.077
120.80000000000001,2.187,1.37,0.61,0.839,0.564,0.239,0.077
120.9,2.205,1.385,0.616,0.84,0.563,0.239,0.077
121.0,2.212,1.391,0.618,0.839,0.564,0.239,0.078
121.10000000000001,2.215,1.393,0.619,0.839,0.564,0.24,0.077
121.2,2.216,1.394,0.619,0.838,0.564,0.24,0.077
121.30000000000001,2.217,1.394,0.619,0.839,0.564,0.239,0.078
121.4,2.217,1.395,0.619,0.839,0.563,0.239,0.077
121.5,2.217,1.395,0.619,0.839,0.564,0.239,0.078
121.60000000000001,2.217,1.395,0.619,0.839,0.563,0.24,0.077
121.7,2.217,1.395,0.619,0.839,0.563,0.239,0.077
121.80000000000001,2.217,1.395,0.619,0.838,0.563,0.239,0.077
121.9,2.126,1.321,0.591,0.838,0.564,0.239,0.077
122.0,2.181,1.365,0.608,0.839,0.564,0.24,0.077
122.10000000000001,2.172,1.358,0.605,0.839,0.564,0.239,0.077
122.2,2.23,1.405,0.623,0.839,0.563,0.239,0.078
122.30000000000001,2.222,1.399,0.621,0.839,0.563,0.239,0.077
122.4,2.219,1.396,0.62,0.839,0.564,0.239,0.078
122.5,2.218,1.395,0.62,0.839,0.564,0.238,0.078
122.60000000000001,2.217,1.395,0.619,0.838,0.564,0.239,0.078
122.7,2.217,1.395,0.619,0.838,0.563,0.239,0.077
122.80000000000001,2.217,1.395,0.619,0.839,0.564,0.239,0.078
122.9,2.217,1.395,0.619,0.839,0.564,0.239,0.077
123.0,2.126,1.321,0.591,0.839,0.563,0.238,0.077
123.10000000000001,2.181,1.365,0.608,0.838,0.563,0.239,0.077
123.2,2.203,1.383,0.615,0.838,0.563,0.238,0.077
123.30000000000001,2.211,1.39,0.617,0.838,0.563,0.238,0.077
123.4,2.215,1.393,0.619,0.838,0.563,0.238,0.077
123.5,2.216,1.394,0.619,0.838,0.563,0.238,0.077
123.60000000000001,2.217,1.394,0.619,0.839,0.564,0.238,0.077
123.7,2.217,1.395,0.619,0.839,0.564,0.239,0.077
123.80000000000001,2.187,1.37,0.61,0.839,0.564,0.238,0.077
123.9,2.205,1.385,0.615,0.838,0.563,0.238,0.077
124.0,2.212,1.391,0.618,0.838,0.563,0.238,0.077
124.10000000000001,2.215,1.393,0.619,0.838,0.564,0.238,0.077
124.2,2.216,1.394,0.619,0.838,0.564,0.238,0.077
124.30000000000001,2.247,1.42,0.629,0.838,0.563,0.238,0.077
124.4,2.229,1.405,0.623,0.838,0.563,0.238,0.077
124.5,2.222,1.399,0.621,0.838,0.563,0.238,0.077
124.60000000000001,2.219,1.396,0.62,0.838,0.562,0.238,0.077
124.7,2.218,1.395,0.62,0.838,0.562,0.238,0.077
124.80000000000001,2.248,1.42,0.629,0.838,0.563,0.238,0.077
124.9,2.229,1.405,0.623,0.837,0.562,0.238,0.077
125.0,2.222,1.399,0.621,0.838,0.562,0.238,0.077
125.10000000000001,2.219,1.396,0.62,0.838,0.562,0.238,0.077
125.2,2.249,1.421,0.629,0.837,0.562,0.237,0.077
125.30000000000001,2.23,1.405,0.623,0.838,0.562,0.238,0.077
125.4,2.222,1.399,0.621,0.838,0.563,0.238,0.077
125.5,2.219,1.396,0.62,0.838,0.563,0.237,0.078
125.60000000000001,2.218,1.395,0.62,0.838,0.563,0.237,0.078
125.7,2.217,1.395,0.619,0.837,0.562,0.237,0.077
125.80000000000001,2.217,1.395,0.619,0.838,0.562,0.237,0.078
125.9,2.187,1.37,0.61,0.837,0.562,0.237,0.077
126.0,2.205,1.385,0.615,0.838,0.563,0.237,0.077
126.10000000000001,2.462,1.602,0.698,0.837,0.562,0.237,0.077
126.2,2.315,1.478,0.651,0.837,0.562,0.237,0.077
126.30000000000001,2.256,1.428,0.632,0.837,0.563,0.237,0.077
126.4,2.233,1.408,0.624,0.837,0.562,0.237,0.078
126.5,2.223,1.4,0.621,0.837,0.562,0.237,0.077
126.60000000000001,2.22,1.397,0.62,0.836,0.562,0.237,0.077
126.7,2.218,1.396,0.62,0.837,0.563,0.237,0.078
126.80000000000001,2.217,1.395,0.619,0.836,0.562,0.237,0.077
126.9,2.217,1.395,0.619,0.836,0.562,0.237,0.077
127.0,2.217,1.395,0.619,0.836,0.562,0.237,0.077
127.10000000000001,2.126,1.321,0.591,0.837,0.562,0.237,0.078
127.2,2.181,1.365,0.608,0.836,0.562,0.237,0.077
127.30000000000001,2.203,1.383,0.615,0.836,0.562,0.236,0.077
127.4,2.211,1.39,0.617,0.836,0.562,0.236,0.077
127.5,2.215,1.393,0.619,0.836,0.562,0.236,0.078
127.60000000000001,2.186,1.369,0.609,0.837,0.562,0.236,0.077
127.7,2.174,1.359,0.606,0.836,0.561,0.236,0.077
127.80000000000001,2.2,1.381,0.614,0.836,0.562,0.236,0.077
127.9,2.21,1.389,0.617,0.836,0.561,0.236,0.077
128.0,2.214,1.392,0.618,0.836,0.562,0.236,0.078
128.1,2.216,1.394,0.619,0.837,0.562,0.236,0.078
128.20000000000002,2.217,1.394,0.619,0.836,0.562,0.236,0.078
128.3,2.217,1.395,0.619,0.837,0.562,0.236,0.077
128.4,2.217,1.395,0.619,0.836,0.562,0.236,0.077
128.5,2.217,1.395,0.619,0.836,0.562,0.236,0.077
128.6,2.217,1.395,0.619,0.836,0.562,0.236,0.077
128.70000000000002,2.217,1.395,0.619,0.835,0.562,0.236,0.077
128.8,2.248,1.42,0.629,0.836,0.562,0.236,0.077
128.9,2.26,1.43,0.633,0.836,0.562,0.236,0.078
129.0,2.204,1.384,0.615,0.836,0.561,0.236,0.078
129.1,2.212,1.39,0.618,0.835,0.562,0.236,0.078
129.20000000000002,2.215,1.393,0.619,0.836,0.561,0.236,0.077
129.3,2.216,1.394,0.619,0.836,0.562,0.236,0.077
129.4,2.217,1.394,0.619,0.836,0.561,0.236,0.077
129.5,2.186,1.37,0.61,0.837,0.562,0.236,0.077
129.6,2.205,1.385,0.615,0.836,0.562,0.236,0.078
129.70000000000002,2.212,1.391,0.618,0.836,0.562,0.236,0.077
129.8,2.185,1.368,0.609,0.836,0.561,0.236,0.077
129.9,2.204,1.384,0.615,0.836,0.562,0.235,0.078
130.0,2.212,1.39,0.618,0.836,0.562,0.236,0.077
130.1,2.215,1.393,0.619,0.836,0.561,0.236,0.077
130.20000000000002,2.186,1.369,0.609,0.835,0.562,0.236,0.077
130.3,2.205,1.384,0.615,0.836,0.561,0.236,0.077
130.4,2.212,1.391,0.618,0.836,0.561,0.235,0.077
130.5,2.215,1.393,0.619,0.836,0.561,0.236,0.077
130.6,2.216,1.394,0.619,0.836,0.561,0.236,0.077
130.70000000000002,2.217,1.394,0.619,0.836,0.561,0.236,0.077
130.8,2.186,1.37,0.61,0.836,0.561,0.236,0.077
130.9,2.205,1.385,0.615,0.836,0.561,0.236,0.077
131.0,2.243,1.416,0.627,0.835,0.561,0.235,0.077
131.1,2.227,1.403,0.623,0.835,0.562,0.236,0.077
131.20000000000002,2.221,1.398,0.621,0.835,0.561,0.235,0.077
131.3,2.219,1.396,0.62,0.835,0.561,0.236,0.077
131.4,2.218,1.395,0.619,0.835,0.561,0.235,0.077
131.5,2.217,1.395,0.619,0.835,0.561,0.235,0.077
131.6,2.217,1.395,0.619,0.836,0.561,0.235,0.077
131.70000000000002,2.217,1.395,0.619,0.835,0.561,0.234,0.077
131.8,2.217,1.395,0.619,0.835,0.561,0.235,0.077
131.9,2.217,1.395,0.619,0.834,0.561,0.235,0.077
132.0,2.217,1.395,0.619,0.835,0.561,0.235,0.078
132.1,2.217,1.395,0.619,0.834,0.561,0.235,0.077
132.20000000000002,2.217,1.395,0.619,0.834,0.561,0.235,0.077
132.3,2.217,1.395,0.619,0.835,0.56,0.235,0.077
132.4,2.217,1.395,0.619,0.834,0.561,0.235,0.077
132.5,2.435,1.579,0.689,0.834,0.56,0.235,0.077
132.6,2.304,1.468,0.647,0.834,0.561,0.235,0.078
132.70000000000002,2.252,1.424,0.63,0.834,0.561,0.235,0.078
132.8,2.231,1.406,0.624,0.835,0.561,0.235,0.078
132.9,2.223,1.399,0.621,0.835,0.56,0.234,0.078
133.0,2.219,1.397,0.62,0.835,0.56,0.235,0.077
133.1,2.218,1.395,0.62,0.835,0.561,0.234,0.077
133.20000000000002,2.217,1.395,0.619,0.834,0.561,0.235,0.077
133.3,2.217,1.395,0.619,0.834,0.56,0.234,0.077
133.4,2.217,1.395,0.619,0.835,0.56,0.234,0.078
133.5,2.248,1.42,0.629,0.834,0.559,0.234,0.077
133.6,2.229,1.405,0.623,0.834,0.56,0.234,0.077
133.70000000000002,2.222,1.399,0.621,0.834,0.561,0.234,0.077
133.8,2.219,1.396,0.62,0.834,0.561,0.234,0.077
133.9,2.218,1.395,0.62,0.834,0.56,0.234,0.077
134.0,2.217,1.395,0.619,0.834,0.561,0.234,0.077
134.1,2.217,1.395,0.619,0.835,0.56,0.234,0.077
134.20000000000002,2.217,1.395,0.619,0.834,0.56,0.234,0.078
134.3,2.217,1.395,0.619,0.834,0.56,0.234,0.077
134.4,2.248,1.42,0.629,0.835,0.56,0.234,0.077
134.5,2.229,1.405,0.623,0.834,0.56,0.234,0.077
134.6,2.222,1.399,0.621,0.834,0.56,0.234,0.077
134.70000000000002,2.219,1.396,0.62,0.834,0.561,0.234,0.077
134.8,2.218,1.395,0.62,0.834,0.56,0.233,0.077
134.9,2.217,1.395,0.619,0.835,0.561,0.233,0.077
135.0,2.187,1.37,0.61,0.834,0.56,0.234,0.077
135.1,2.205,1.385,0.615,0.834,0.56,0.234,0.077
135.20000000000002,2.212,1.391,0.618,0.834,0.559,0.233,0.077
135.3,2.246,1.418,0.628,0.834,0.559,0.233,0.077
135.4,2.229,1.404,0.623,0.834,0.559,0.234,0.078
135.5,2.222,1.399,0.621,0.833,0.559,0.233,0.077
135.6,2.219,1.396,0.62,0.834,0.559,0.233,0.077
135.70000000000002,2.218,1.395,0.62,0.833,0.56,0.234,0.077
135.8,2.217,1.395,0.619,0.833,0.559,0.233,0.077
135.9,2.217,1.395,0.619,0.833,0.559,0.233,0.077
136.0,2.217,1.395,0.619,0.833,0.558,0.234,0.077
136.1,2.217,1.395,0.619,0.833,0.559,0.233,0.077
136.20000000000002,2.217,1.395,0.619,0.833,0.56,0.233,0.077
136.3,2.217,1.395,0.619,0.834,0.56,0.233,0.077
136.4,2.217,1.395,0.619,0.834,0.559,0.233,0.078
136.5,2.217,1.395,0.619,0.833,0.559,0.233,0.078
136.6,2.217,1.395,0.619,0.833,0.56,0.233,0.077
136.70000000000002,2.217,1.395,0.619,0.834,0.559,0.233,0.077
136.8,2.217,1.395,0.619,0.833,0.559,0.233,0.077
136.9,2.217,1.395,0.619,0.833,0.559,0.233,0.077
137.0,2.217,1.395,0.619,0.832,0.559,0.233,0.077
137.1,2.217,1.395,0.619,0.833,0.559,0.234,0.077
137.20000000000002,2.217,1.395,0.619,0.833,0.56,0.233,0.078
137.3,2.217,1.395,0.619,0.833,0.559,0.233,0.077
137.4,2.217,1.395,0.619,0.833,0.559,0.233,0.077
137.5,2.248,1.42,0.629,0.833,0.559,0.232,0.077
137.6,2.199,1.38,0.614,0.833,0.559,0.233,0.077
137.70000000000002,2.21,1.389,0.617,0.833,0.559,0.233,0.077
137.8,2.214,1.392,0.618,0.833,0.559,0.233,0.077
137.9,2.216,1.394,0.619,0.834,0.559,0.233,0.077
138.0,2.217,1.394,0.619,0.833,0.559,0.232,0.077
138.1,2.217,1.395,0.619,0.833,0.559,0.232,0.077
138.20000000000002,2.217,1.395,0.619,0.833,0.558,0.233,0.077
138.3,2.217,1.395,0.619,0.833,0.558,0.233,0.078
138.4,2.248,1.42,0.629,0.833,0.558,0.233,0.077
138.5,2.229,1.405,0.623,0.833,0.558,0.233,0.077
138.6,2.222,1.399,0.621,0.833,0.558,0.232,0.077
138.70000000000002,2.25,1.422,0.63,0.832,0.558,0.233,0.077
138.8,2.292,1.456,0.643,0.833,0.559,0.232,0.077
138.9,2.278,1.445,0.638,0.832,0.559,0.233,0.077
139.0,2.241,1.415,0.627,0.833,0.559,0.233,0.077
139.1,2.227,1.403,0.622,0.832,0.559,0.232,0.077
139.20000000000002,2.252,1.423,0.63,0.833,0.558,0.233,0.077
139.3,2.231,1.406,0.624,0.833,0.558,0.232,0.078
139.4,2.223,1.399,0.621,0.832,0.558,0.232,0.077
139.5,2.219,1.397,0.62,0.833,0.559,0.232,0.077
139.6,2.218,1.395,0.62,0.833,0.558,0.232,0.078
139.70000000000002,2.217,1.395,0.619,0.833,0.558,0.232,0.077
139.8,2.217,1.395,0.619,0.832,0.558,0.233,0.077
139.9,2.217,1.395,0.619,0.833,0.559,0.232,0.077
140.0,2.217,1.395,0.619,0.833,0.558,0.232,0.077
140.1,2.217,1.395,0.619,0.833,0.558,0.232,0.078
140.20000000000002,2.217,1.395,0.619,0.833,0.558,0.232,0.077
140.3,2.217,1.395,0.619,0.833,0.558,0.232,0.078
140.4,2.217,1.395,0.619,0.833,0.558,0.232,0.077
140.5,2.156,1.345,0.6,0.834,0.559,0.232,0.077
140.6,2.193,1.375,0.612,0.833,0.559,0.232,0.078
140.70000000000002,2.207,1.387,0.616,0.833,0.559,0.232,0.077
140.8,2.213,1.392,0.618,0.833,0.558,0.232,0.077
140.9,2.185,1.368,0.609,0.833,0.558,0.232,0.077
141.0,2.204,1.384,0.615,0.832,0.558,0.232,0.078
141.1,2.212,1.391,0.618,0.832,0.558,0.231,0.077
141.20000000000002,2.215,1.393,0.619,0.833,0.558,0.231,0.077
141.3,2.216,1.394,0.619,0.832,0.558,0.232,0.077
141.4,2.217,1.394,0.619,0.832,0.558,0.232,0.077
141.5,2.217,1.395,0.619,0.832,0.558,0.232,0.077
141.6,2.217,1.395,0.619,0.832,0.558,0.231,0.077
141.70000000000002,2.217,1.395,0.619,0.832,0.559,0.232,0.077
141.8,2.217,1.395,0.619,0.832,0.558,0.231,0.077
141.9,2.217,1.395,0.619,0.832,0.558,0.231,0.077
142.0,2.217,1.395,0.619,0.832,0.558,0.231,0.078
142.1,2.217,1.395,0.619,0.833,0.558,0.232,0.077
142.20000000000002,2.217,1.395,0.619,0.832,0.558,0.231,0.077
142.3,2.217,1.395,0.619,0.832,0.558,0.231,0.078
142.4,2.217,1.395,0.619,0.832,0.558,0.231,0.078
142.5,2.217,1.395,0.619,0.832,0.558,0.231,0.077
142.6,2.217,1.395,0.619,0.832,0.558,0.231,0.077
142.70000000000002,2.217,1.395,0.619,0.832,0.558,0.231,0.077
142.8,2.217,1.395,0.619,0.832,0.558,0.231,0.077
142.9,2.217,1.395,0.619,0.832,0.558,0.231,0.077
143.0,2.217,1.395,0.619,0.832,0.558,0.231,0.077
143.1,2.217,1.395,0.619,0.832,0.558,0.231,0.078
143.20000000000002,2.217,1.395,0.619,0.832,0.558,0.231,0.077
143.3,2.217,1.395,0.619,0.832,0.558,0.231,0.077
143.4,2.217,1.395,0.619,0.832,0.557,0.231,0.077
143.5,2.217,1.395,0.619,0.832,0.558,0.23,0.077
143.6,2.248,1.42,0.629,0.832,0.557,0.231,0.077
143.70000000000002,2.229,1.405,0.623,0.832,0.557,0.23,0.077
143.8,2.222,1.399,0.621,0.832,0.558,0.231,0.078
143.9,2.219,1.396,0.62,0.832,0.557,0.23,0.078
144.0,2.218,1.395,0.62,0.832,0.557,0.231,0.077
144.1,2.248,1.42,0.629,0.832,0.557,0.23,0.077
144.20000000000002,2.229,1.405,0.623,0.832,0.557,0.231,0.077
144.3,2.222,1.399,0.621,0.832,0.558,0.23,0.077
144.4,2.219,1.396,0.62,0.832,0.558,0.231,0.077
144.5,2.218,1.395,0.62,0.832,0.557,0.231,0.077
144.6,2.217,1.395,0.619,0.832,0.558,0.23,0.077
144.70000000000002,2.217,1.395,0.619,0.832,0.558,0.23,0.077
144.8,2.217,1.395,0.619,0.832,0.557,0.23,0.077
144.9,2.217,1.395,0.619,0.832,0.557,0.23,0.077
145.0,2.217,1.395,0.619,0.832,0.557,0.23,0.077
145.1,2.217,1.395,0.619,0.832,0.557,0.23,0.077
145.20000000000002,2.217,1.395,0.619,0.832,0.557,0.23,0.077
145.3,2.217,1.395,0.619,0.832,0.557,0.23,0.078
145.4,2.217,1.395,0.619,0.832,0.557,0.23,0.077
145.5,2.217,1.395,0.619,0.832,0.557,0.23,0.077
145.6,2.217,1.395,0.619,0.832,0.557,0.23,0.077
145.70000000000002,2.217,1.395,0.619,0.832,0.558,0.23,0.077
145.8,2.217,1.395,0.619,0.832,0.558,0.23,0.077
145.9,2.217,1.395,0.619,0.832,0.557,0.23,0.077
146.0,2.217,1.395,0.619,0.832,0.557,0.23,0.077
146.1,2.217,1.395,0.619,0.832,0.556,0.23,0.077
146.20000000000002,2.217,1.395,0.619,0.832,0.557,0.23,0.077
146.3,2.217,1.395,0.619,0.832,0.557,0.23,0.077
146.4,2.217,1.395,0.619,0.832,0.557,0.23,0.077
146.5,2.217,1.395,0.619,0.832,0.557,0.229,0.077
146.6,2.217,1.395,0.619,0.832,0.557,0.23,0.077
146.70000000000002,2.217,1.395,0.619,0.832,0.557,0.23,0.077
146.8,2.217,1.395,0.619,0.832,0.556,0.23,0.078
146.9,2.217,1.395,0.619,0.832,0.557,0.229,0.077
147.0,2.217,1.395,0.619,0.832,0.557,0.229,0.077
147.1,2.217,1.395,0.619,0.832,0.557,0.23,0.077
147.20000000000002,2.217,1.395,0.619,0.832,0.557,0.229,0.077
147.3,2.217,1.395,0.619,0.832,0.556,0.229,0.077
147.4,2.217,1.395,0.619,0.832,0.557,0.23,0.078
147.5,2.217,1.395,0.619,0.832,0.556,0.229,0.077
147.6,2.217,1.395,0.619,0.832,0.556,0.23,0.077
147.70000000000002,2.217,1.395,0.619,0.832,0.557,0.229,0.077
147.8,2.217,1.395,0.619,0.832,0.556,0.23,0.077
147.9,2.217,1.395,0.619,0.832,0.556,0.229,0.077
148.0,2.217,1.395,0.619,0.832,0.556,0.229,0.077
148.1,2.217,1.395,0.619,0.832,0.556,0.229,0.077
148.20000000000002,2.217,1.395,0.619,0.832,0.557,0.229,0.077
148.3,2.217,1.395,0.619,0.832,0.557,0.229,0.077
148.4,2.217,1.395,0.619,0.83,0.556,0.229,0.077
148.5,2.217,1.395,0.619,0.831,0.557,0.229,0.077
148.6,2.217,1.395,0.619,0.832,0.556,0.229,0.077
148.70000000000002,2.217,1.395,0.619,0.83,0.556,0.229,0.077
148.8,2.217,1.395,0.619,0.829,0.556,0.23,0.077
148.9,2.187,1.37,0.61,0.831,0.556,0.229,0.077
149.0,2.205,1.385,0.615,0.832,0.556,0.229,0.077
149.1,2.212,1.391,0.618,0.832,0.556,0.229,0.077
149.20000000000002,2.215,1.393,0.619,0.832,0.556,0.229,0.077
149.3,2.216,1.394,0.619,0.832,0.556,0.229,0.077
149.4,2.217,1.394,0.619,0.832,0.555,0.229,0.078
149.5,2.217,1.395,0.619,0.832,0.556,0.229,0.077
149.6,2.217,1.395,0.619,0.83,0.556,0.229,0.078
149.70000000000002,2.217,1.395,0.619,0.831,0.556,0.229,0.078
149.8,2.104,1.324,0.588,0.789,0.528,0.217,0.074
149.9,2.014,1.267,0.562,0.755,0.505,0.208,0.071
150.0,1.941,1.221,0.542,0.728,0.487,0.201,0.068
150.1,1.891,1.191,0.529,0.707,0.473,0.195,0.066
150.20000000000002,1.844,1.161,0.515,0.689,0.461,0.19,0.064
150.3,1.806,1.137,0.505,0.676,0.452,0.186,0.063
150.4,1.775,1.118,0.496,0.665,0.444,0.183,0.062
150.5,1.751,1.102,0.489,0.655,0.438,0.18,0.061
150.6,1.732,1.09,0.484,0.648,0.434,0.178,0.061
150.70000000000002,1.716,1.08,0.479,0.643,0.43,0.177,0.06
150.8,1.704,1.072,0.476,0.638,0.427,0.176,0.059
150.9,1.694,1.066,0.473,0.635,0.425,0.175,0.059
151.0,1.686,1.061,0.471,0.632,0.423,0.174,0.059
151.1,1.657,1.038,0.462,0.63,0.421,0.173,0.059
151.20000000000002,1.664,1.045,0.464,0.627,0.42,0.173,0.059
151.3,1.662,1.044,0.464,0.626,0.419,0.172,0.058
151.4,1.668,1.05,0.466,0.625,0.418,0.172,0.058
151.5,1.666,1.048,0.465,0.624,0.417,0.172,0.058
151.6,1.663,1.047,0.465,0.623,0.417,0.172,0.058
151.70000000000002,1.662,1.045,0.464,0.622,0.417,0.171,0.058
151.8,1.645,1.032,0.459,0.621,0.416,0.171,0.058
151.9,1.647,1.034,0.46,0.621,0.416,0.171,0.058
152.0,1.648,1.035,0.46,0.62,0.416,0.171,0.058
152.1,1.65,1.036,0.461,0.62,0.415,0.171,0.058
152.20000000000002,1.651,1.037,0.461,0.619,0.415,0.171,0.058
152.3,1.644,1.032,0.459,0.619,0.415,0.171,0.058
152.4,1.646,1.034,0.459,0.619,0.415,0.171,0.058
152.5,1.648,1.035,0.46,0.619,0.415,0.17,0.058
152.6,1.649,1.036,0.46,0.619,0.415,0.17,0.058
152.70000000000002,1.65,1.037,0.461,0.619,0.415,0.17,0.058
152.8,1.651,1.038,0.461,0.618,0.415,0.17,0.058
152.9,1.652,1.038,0.461,0.618,0.415,0.17,0.058
153.0,1.652,1.039,0.461,0.618,0.415,0.17,0.058
153.1,1.676,1.059,0.469,0.618,0.415,0.17,0.058
153.20000000000002,1.672,1.055,0.468,0.618,0.415,0.17,0.058
153.3,1.668,1.052,0.466,0.617,0.415,0.17,0.058
153.4,1.673,1.056,0.468,0.617,0.415,0.17,0.058
153.5,1.669,1.053,0.467,0.617,0.415,0.17,0.058
153.60000000000002,1.666,1.051,0.466,0.617,0.414,0.17,0.058
153.70000000000002,1.664,1.049,0.465,0.617,0.415,0.17,0.058
153.8,1.662,1.047,0.465,0.617,0.414,0.17,0.058
153.9,1.661,1.046,0.464,0.617,0.414,0.169,0.058
154.0,1.659,1.045,0.464,0.616,0.414,0.169,0.058
154.10000000000002,1.658,1.044,0.463,0.616,0.414,0.169,0.058
154.20000000000002,1.658,1.043,0.463,0.616,0.414,0.169,0.058
154.3,1.657,1.043,0.463,0.616,0.414,0.169,0.058
154.4,1.657,1.042,0.463,0.616,0.414,0.169,0.058
154.5,1.656,1.042,0.463,0.616,0.414,0.169,0.058
154.60000000000002,1.656,1.042,0.463,0.615,0.415,0.169,0.058
154.70000000000002,1.656,1.042,0.462,0.615,0.415,0.169,0.058
154.8,1.655,1.041,0.462,0.615,0.415,0.169,0.058
154.9,1.663,1.048,0.465,0.615,0.415,0.168,0.058
155.0,1.661,1.046,0.464,0.615,0.415,0.168,0.058
155.10000000000002,1.66,1.045,0.464,0.614,0.415,0.168,0.058
155.20000000000002,1.666,1.051,0.466,0.614,0.415,0.168,0.058
155.3,1.664,1.049,0.465,0.614,0.415,0.168,0.058
155.4,1.67,1.053,0.467,0.614,0.415,0.168,0.058
155.5,1.667,1.051,0.466,0.614,0.415,0.168,0.058
155.60000000000002,1.672,1.055,0.468,0.614,0.414,0.168,0.058
155.70000000000002,1.684,1.065,0.471,0.613,0.414,0.168,0.058
155.8,1.686,1.067,0.472,0.613,0.414,0.168,0.058
155.9,1.679,1.061,0.47,0.613,0.414,0.167,0.058
156.0,1.682,1.064,0.471,0.613,0.414,0.167,0.058
156.10000000000002,1.684,1.065,0.472,0.613,0.414,0.167,0.058
156.20000000000002,1.694,1.073,0.475,0.613,0.414,0.167,0.058
156.3,1.693,1.073,0.474,0.613,0.414,0.167,0.058
156.4,1.686,1.067,0.472,0.613,0.414,0.167,0.058
156.5,1.695,1.074,0.475,0.613,0.414,0.167,0.058
156.60000000000002,1.694,1.074,0.475,0.613,0.414,0.167,0.058
156.70000000000002,1.694,1.073,0.475,0.613,0.414,0.166,0.058
156.8,1.694,1.073,0.475,0.612,0.414,0.166,0.058
156.9,1.694,1.073,0.475,0.612,0.414,0.166,0.058
157.0,1.693,1.073,0.474,0.612,0.414,0.166,0.058
157.10000000000002,1.693,1.073,0.474,0.612,0.414,0.166,0.058
157.20000000000002,1.693,1.073,0.474,0.612,0.414,0.166,0.058
157.3,1.693,1.073,0.474,0.612,0.414,0.166,0.058
157.4,1.693,1.073,0.474,0.612,0.414,0.166,0.058
157.5,1.693,1.073,0.474,0.612,0.414,0.166,0.058
157.60000000000002,1.693,1.072,0.474,0.612,0.414,0.166,0.058
157.70000000000002,1.693,1.072,0.474,0.612,0.414,0.165,0.058
157.8,1.693,1.072,0.474,0.612,0.414,0.165,0.058
157.9,1.685,1.066,0.472,0.612,0.414,0.165,0.058
158.0,1.687,1.067,0.472,0.612,0.414,0.165,0.058
158.10000000000002,1.68,1.062,0.47,0.612,0.414,0.165,0.058
158.20000000000002,1.683,1.064,0.471,0.612,0.414,0.165,0.058
158.3,1.685,1.066,0.472,0.612,0.414,0.165,0.058
158.4,1.686,1.067,0.472,0.611,0.414,0.165,0.058
158.5,1.688,1.068,0.473,0.611,0.414,0.165,0.058
158.60000000000002,1.689,1.069,0.473,0.611,0.414,0.165,0.058
158.70000000000002,1.689,1.07,0.473,0.611,0.414,0.165,0.058
158.8,1.69,1.07,0.473,0.611,0.414,0.165,0.058
158.9,1.691,1.071,0.474,0.611,0.414,0.165,0.058
159.0,1.691,1.071,0.474,0.611,0.414,0.165,0.058
159.10000000000002,1.691,1.071,0.474,0.611,0.414,0.164,0.058
159.20000000000002,1.699,1.078,0.476,0.611,0.414,0.164,0.058
159.3,1.698,1.077,0.476,0.611,0.414,0.164,0.058
159.4,1.697,1.076,0.476,0.611,0.414,0.164,0.058
159.5,1.704,1.082,0.478,0.611,0.414,0.164,0.058
159.60000000000002,1.702,1.08,0.477,0.611,0.414,0.164,0.058
159.70000000000002,1.708,1.085,0.479,0.61,0.414,0.164,0.058
159.8,1.705,1.082,0.478,0.61,0.414,0.164,0.058
159.9,1.702,1.08,0.477,0.61,0.414,0.164,0.058
160.0,1.716,1.092,0.482,0.61,0.414,0.164,0.058
160.10000000000002,1.719,1.094,0.483,0.61,0.414,0.164,0.058
160.20000000000002,1.714,1.09,0.481,0.61,0.414,0.164,0.059
160.3,1.717,1.093,0.482,0.61,0.414,0.164,0.058
160.4,1.712,1.089,0.48,0.61,0.414,0.163,0.059
160.5,1.708,1.085,0.479,0.61,0.414,0.163,0.059
160.60000000000002,1.705,1.083,0.478,0.61,0.414,0.163,0.059
160.70000000000002,1.703,1.081,0.477,0.609,0.414,0.163,0.059
160.8,1.701,1.079,0.477,0.609,0.414,0.163,0.059
160.9,1.699,1.078,0.476,0.609,0.414,0.163,0.059
161.0,1.698,1.077,0.476,0.609,0.414,0.163,0.059
161.10000000000002,1.704,1.082,0.478,0.609,0.413,0.163,0.059
161.20000000000002,1.702,1.08,0.477,0.609,0.413,0.163,0.059
161.3,1.708,1.085,0.479,0.609,0.413,0.163,0.059
161.4,1.705,1.082,0.478,0.609,0.413,0.162,0.059
161.5,1.702,1.08,0.477,0.609,0.413,0.162,0.059
161.60000000000002,1.708,1.085,0.479,0.609,0.413,0.162,0.059
161.70000000000002,1.705,1.083,0.478,0.609,0.413,0.162,0.059
161.8,1.71,1.087,0.48,0.609,0.413,0.162,0.059
161.9,1.714,1.09,0.481,0.608,0.413,0.162,0.059
162.0,1.718,1.093,0.482,0.608,0.413,0.162,0.059
162.10000000000002,1.713,1.089,0.481,0.608,0.413,0.162,0.059
162.20000000000002,1.709,1.086,0.479,0.608,0.413,0.162,0.059
162.3,1.713,1.089,0.481,0.608,0.413,0.162,0.059
162.4,1.709,1.086,0.479,0.608,0.413,0.162,0.059
162.5,1.706,1.083,0.478,0.608,0.413,0.162,0.059
162.60000000000002,1.703,1.081,0.478,0.608,0.413,0.162,0.059
162.70000000000002,1.709,1.086,0.479,0.608,0.413,0.162,0.059
162.8,1.706,1.083,0.478,0.608,0.413,0.162,0.059
162.9,1.711,1.087,0.48,0.608,0.413,0.162,0.059
163.0,1.707,1.084,0.479,0.608,0.413,0.162,0.059
163.10000000000002,1.712,1.088,0.48,0.608,0.413,0.161,0.059
163.20000000000002,1.716,1.091,0.482,0.608,0.413,0.161,0.059
163.3,1.711,1.088,0.48,0.608,0.413,0.161,0.059
163.4,1.715,1.091,0.481,0.608,0.413,0.161,0.059
163.5,1.718,1.094,0.482,0.608,0.413,0.161,0.059
163.60000000000002,1.721,1.096,0.483,0.608,0.413,0.161,0.059
163.70000000000002,1.723,1.097,0.484,0.608,0.413,0.161,0.059
163.8,1.717,1.092,0.482,0.608,0.413,0.161,0.059
163.9,1.72,1.095,0.483,0.608,0.413,0.161,0.059
164.0,1.722,1.097,0.484,0.608,0.413,0.161,0.059
164.10000000000002,1.724,1.098,0.484,0.608,0.413,0.161,0.059
164.20000000000002,1.725,1.099,0.485,0.608,0.413,0.161,0.059
164.3,1.726,1.1,0.485,0.608,0.413,0.161,0.059
164.4,1.727,1.101,0.485,0.608,0.413,0.161,0.059
164.5,1.728,1.102,0.486,0.608,0.413,0.161,0.059
164.60000000000002,1.729,1.102,0.486,0.608,0.413,0.161,0.059
164.70000000000002,1.729,1.103,0.486,0.608,0.413,0.161,0.059
164.8,1.73,1.103,0.486,0.608,0.413,0.161,0.059
164.9,1.73,1.103,0.486,0.608,0.413,0.161,0.059
165.0,1.73,1.103,0.486,0.608,0.413,0.161,0.059
165.10000000000002,1.73,1.104,0.486,0.608,0.413,0.16,0.059
165.20000000000002,1.73,1.104,0.486,0.608,0.413,0.16,0.059
165.3,1.731,1.104,0.486,0.608,0.413,0.16,0.059
165.4,1.731,1.104,0.486,0.608,0.413,0.16,0.059
165.5,1.731,1.104,0.486,0.608,0.413,0.16,0.059
165.60000000000002,1.731,1.104,0.486,0.608,0.413,0.16,0.059
165.70000000000002,1.731,1.104,0.486,0.608,0.413,0.16,0.059
165.8,1.731,1.104,0.486,0.608,0.413,0.16,0.059
165.9,1.723,1.098,0.484,0.607,0.413,0.16,0.059
166.0,1.725,1.099,0.484,0.607,0.413,0.16,0.059
166.10000000000002,1.726,1.1,0.485,0.607,0.413,0.16,0.059
166.20000000000002,1.727,1.101,0.485,0.607,0.413,0.16,0.059
166.3,1.728,1.102,0.485,0.607,0.413,0.16,0.059
166.4,1.721,1.096,0.483,0.607,0.413,0.16,0.059
166.5,1.723,1.097,0.484,0.607,0.413,0.16,0.059
166.60000000000002,1.74,1.112,0.489,0.607,0.413,0.16,0.059
166.70000000000002,1.738,1.11,0.489,0.607,0.413,0.16,0.059
166.8,1.737,1.109,0.488,0.607,0.413,0.16,0.059
166.9,1.736,1.108,0.488,0.607,0.413,0.159,0.059
167.0,1.735,1.107,0.488,0.607,0.413,0.159,0.059
167.10000000000002,1.734,1.107,0.487,0.607,0.413,0.159,0.059
167.20000000000002,1.733,1.106,0.487,0.607,0.413,0.159,0.059
167.3,1.733,1.106,0.487,0.607,0.413,0.159,0.059
167.4,1.733,1.105,0.487,0.607,0.413,0.159,0.059
167.5,1.732,1.105,0.487,0.607,0.413,0.159,0.059
167.60000000000002,1.732,1.105,0.487,0.606,0.413,0.159,0.059
167.70000000000002,1.732,1.105,0.487,0.606,0.413,0.159,0.059
167.8,1.732,1.105,0.487,0.606,0.413,0.159,0.059
167.9,1.755,1.124,0.494,0.606,0.413,0.159,0.059
168.0,1.75,1.12,0.493,0.606,0.413,0.159,0.06
168.10000000000002,1.746,1.117,0.491,0.606,0.413,0.158,0.06
168.20000000000002,1.743,1.114,0.49,0.606,0.413,0.158,0.06
168.3,1.741,1.112,0.49,0.606,0.413,0.158,0.06
168.4,1.739,1.111,0.489,0.606,0.413,0.158,0.06
168.5,1.737,1.109,0.488,0.606,0.413,0.158,0.06
168.60000000000002,1.713,1.089,0.481,0.605,0.413,0.158,0.06
168.70000000000002,1.724,1.099,0.484,0.605,0.413,0.158,0.06
168.8,1.733,1.106,0.487,0.605,0.413,0.158,0.06
168.9,1.733,1.106,0.487,0.605,0.413,0.158,0.06
169.0,1.733,1.106,0.487,0.605,0.413,0.158,0.06
169.10000000000002,1.732,1.105,0.487,0.605,0.413,0.158,0.06
169.20000000000002,1.732,1.105,0.487,0.605,0.413,0.158,0.06
169.3,1.732,1.105,0.487,0.605,0.413,0.158,0.06
169.4,1.732,1.105,0.487,0.605,0.413,0.158,0.06
169.5,1.732,1.105,0.487,0.605,0.413,0.158,0.06
169.60000000000002,1.731,1.105,0.487,0.605,0.413,0.158,0.06
169.70000000000002,1.731,1.105,0.487,0.605,0.413,0.158,0.06
169.8,1.731,1.104,0.487,0.605,0.413,0.158,0.06
169.9,1.731,1.104,0.487,0.605,0.413,0.158,0.06
170.0,1.739,1.111,0.489,0.605,0.413,0.157,0.06
170.10000000000002,1.737,1.11,0.488,0.605,0.413,0.157,0.06
170.20000000000002,1.736,1.108,0.488,0.605,0.413,0.157,0.06
170.3,1.735,1.108,0.488,0.605,0.413,0.157,0.06
170.4,1.734,1.107,0.487,0.605,0.413,0.157,0.06
170.5,1.741,1.113,0.49,0.605,0.413,0.157,0.06
170.60000000000002,1.739,1.111,0.489,0.605,0.413,0.157,0.06
170.70000000000002,1.745,1.116,0.491,0.604,0.413,0.157,0.06
170.8,1.743,1.114,0.49,0.604,0.413,0.157,0.06
170.9,1.74,1.112,0.489,0.604,0.413,0.157,0.06
171.0,1.738,1.11,0.489,0.604,0.413,0.157,0.06
171.10000000000002,1.737,1.109,0.488,0.604,0.413,0.157,0.06
171.20000000000002,1.736,1.108,0.488,0.604,0.413,0.157,0.06
171.3,1.735,1.107,0.488,0.604,0.413,0.157,0.06
171.4,1.734,1.107,0.487,0.604,0.413,0.157,0.06
171.5,1.733,1.106,0.487,0.604,0.412,0.157,0.06
171.60000000000002,1.749,1.119,0.492,0.604,0.413,0.157,0.06
171.70000000000002,1.745,1.116,0.491,0.604,0.413,0.157,0.06
171.8,1.75,1.12,0.492,0.604,0.413,0.156,0.06
171.9,1.746,1.117,0.491,0.604,0.412,0.156,0.06
172.0,1.751,1.121,0.493,0.604,0.412,0.156,0.06
172.10000000000002,1.755,1.124,0.494,0.604,0.412,0.156,0.06
172.20000000000002,1.758,1.127,0.495,0.604,0.412,0.156,0.06
172.3,1.76,1.129,0.496,0.604,0.412,0.156,0.06
172.4,1.762,1.13,0.496,0.604,0.412,0.156,0.06
172.5,1.764,1.131,0.497,0.604,0.412,0.156,0.06
172.60000000000002,1.765,1.132,0.497,0.604,0.412,0.156,0.06
172.70000000000002,1.766,1.133,0.498,0.604,0.412,0.156,0.06
172.8,1.759,1.127,0.495,0.604,0.413,0.156,0.06
172.9,1.761,1.129,0.496,0.604,0.413,0.156,0.06
173.0,1.763,1.131,0.497,0.605,0.413,0.156,0.06
173.10000000000002,1.756,1.125,0.495,0.605,0.413,0.156,0.06
173.20000000000002,1.751,1.121,0.493,0.605,0.413,0.156,0.06
173.3,1.747,1.118,0.492,0.605,0.413,0.156,0.061
173.4,1.752,1.122,0.493,0.605,0.412,0.156,0.061
173.5,1.748,1.118,0.492,0.605,0.412,0.156,0.06
173.60000000000002,1.744,1.115,0.491,0.605,0.412,0.156,0.06
173.70000000000002,1.749,1.12,0.492,0.605,0.412,0.156,0.06
173.8,1.746,1.116,0.491,0.605,0.412,0.156,0.061
173.9,1.75,1.12,0.493,0.605,0.412,0.156,0.061
174.0,1.754,1.124,0.494,0.605,0.412,0.155,0.061
174.10000000000002,1.757,1.126,0.495,0.605,0.412,0.155,0.061
174.20000000000002,1.76,1.128,0.496,0.605,0.412,0.155,0.061
174.3,1.754,1.123,0.494,0.605,0.412,0.155,0.061
174.4,1.757,1.126,0.495,0.605,0.412,0.155,0.061
174.5,1.752,1.122,0.493,0.606,0.412,0.155,0.061
174.60000000000002,1.748,1.118,0.492,0.606,0.412,0.155,0.061
174.70000000000002,1.76,1.128,0.496,0.606,0.412,0.156,0.061
174.8,1.762,1.13,0.496,0.606,0.412,0.155,0.061
174.9,1.763,1.131,0.497,0.606,0.412,0.155,0.061
175.0,1.757,1.126,0.495,0.606,0.412,0.156,0.061
175.10000000000002,1.752,1.122,0.493,0.606,0.412,0.155,0.061
175.20000000000002,1.755,1.125,0.494,0.606,0.412,0.156,0.061
175.3,1.75,1.12,0.493,0.606,0.412,0.156,0.061
175.4,1.747,1.117,0.491,0.606,0.412,0.156,0.061
175.5,1.751,1.121,0.493,0.606,0.412,0.156,0.061
175.60000000000002,1.755,1.124,0.494,0.606,0.412,0.156,0.061
175.70000000000002,1.758,1.127,0.495,0.606,0.412,0.156,0.061
175.8,1.76,1.129,0.496,0.606,0.412,0.156,0.061
175.9,1.754,1.124,0.494,0.606,0.412,0.156,0.061
176.0,1.757,1.126,0.495,0.606,0.412,0.156,0.061
176.10000000000002,1.76,1.128,0.496,0.606,0.412,0.155,0.061
176.20000000000002,1.762,1.13,0.496,0.606,0.412,0.156,0.061
176.3,1.763,1.131,0.497,0.606,0.412,0.156,0.061
176.4,1.765,1.132,0.497,0.606,0.412,0.155,0.061
176.5,1.766,1.133,0.497,0.606,0.412,0.156,0.061
176.60000000000002,1.766,1.134,0.498,0.606,0.412,0.155,0.061
176.70000000000002,1.759,1.128,0.495,0.606,0.412,0.155,0.061
176.8,1.761,1.13,0.496,0.606,0.412,0.155,0.061
176.9,1.763,1.131,0.497,0.606,0.412,0.155,0.061
177.0,1.757,1.126,0.495,0.606,0.412,0.155,0.061
177.10000000000002,1.759,1.128,0.495,0.606,0.412,0.155,0.061
177.20000000000002,1.754,1.123,0.494,0.606,0.412,0.155,0.061
177.3,1.757,1.126,0.495,0.606,0.412,0.155,0.061
177.4,1.759,1.128,0.495,0.606,0.412,0.155,0.061
177.5,1.761,1.13,0.496,0.606,0.412,0.155,0.061
177.60000000000002,1.763,1.131,0.497,0.606,0.412,0.155,0.061
177.70000000000002,1.764,1.132,0.497,0.606,0.412,0.155,0.061
177.8,1.765,1.133,0.497,0.606,0.412,0.155,0.061
177.9,1.766,1.134,0.498,0.606,0.412,0.155,0.061
178.0,1.767,1.134,0.498,0.606,0.412,0.155,0.061
178.10000000000002,1.768,1.135,0.498,0.606,0.412,0.155,0.061
178.20000000000002,1.768,1.135,0.498,0.606,0.412,0.155,0.061
178.3,1.776,1.142,0.501,0.606,0.412,0.155,0.061
178.4,1.775,1.141,0.5,0.606,0.412,0.155,0.061
178.5,1.774,1.14,0.5,0.606,0.412,0.155,0.061
178.60000000000002,2.132,1.37,0.601,0.73,0.496,0.186,0.074
178.70000000000002,2.276,1.462,0.641,0.779,0.53,0.199,0.079
178.8,2.302,1.472,0.648,0.799,0.543,0.205,0.081
178.9,2.344,1.503,0.66,0.807,0.548,0.207,0.082
179.0,2.36,1.515,0.665,0.81,0.551,0.207,0.082
179.10000000000002,2.367,1.52,0.667,0.812,0.551,0.208,0.082
179.20000000000002,2.37,1.522,0.668,0.812,0.552,0.208,0.082
179.3,2.371,1.522,0.668,0.812,0.551,0.208,0.082
179.4,2.371,1.523,0.668,0.813,0.552,0.208,0.082
179.5,2.34,1.497,0.658,0.813,0.552,0.208,0.081
179.60000000000002,2.359,1.513,0.664,0.812,0.551,0.208,0.082
179.70000000000002,2.366,1.519,0.667,0.812,0.551,0.208,0.082
179.8,2.369,1.521,0.668,0.812,0.552,0.208,0.082
179.9,2.371,1.522,0.668,0.812,0.551,0.208,0.082
180.0,2.371,1.523,0.668,0.812,0.552,0.208,0.082
180.10000000000002,2.371,1.523,0.668,0.812,0.551,0.207,0.082
180.20000000000002,2.371,1.523,0.668,0.812,0.552,0.207,0.082
180.3,2.402,1.549,0.678,0.812,0.551,0.207,0.082
180.4,2.384,1.533,0.672,0.812,0.552,0.207,0.082
180.5,2.376,1.527,0.67,0.811,0.551,0.207,0.082
180.60000000000002,2.373,1.525,0.669,0.812,0.551,0.207,0.082
180.70000000000002,2.372,1.524,0.669,0.812,0.551,0.208,0.082
180.8,2.372,1.523,0.668,0.812,0.55,0.207,0.082
180.9,2.403,1.549,0.678,0.811,0.551,0.207,0.082
181.0,2.384,1.533,0.672,0.811,0.551,0.208,0.082
181.10000000000002,2.376,1.527,0.67,0.811,0.551,0.207,0.082
181.20000000000002,2.373,1.525,0.669,0.81,0.551,0.208,0.081
181.3,2.372,1.524,0.669,0.811,0.552,0.207,0.082
181.4,2.372,1.523,0.668,0.811,0.551,0.207,0.082
181.5,2.371,1.523,0.668,0.81,0.551,0.207,0.082
181.60000000000002,2.371,1.523,0.668,0.81,0.551,0.207,0.082
181.70000000000002,2.371,1.523,0.668,0.811,0.551,0.207,0.083
181.8,2.371,1.523,0.668,0.811,0.551,0.207,0.082
181.9,2.371,1.523,0.668,0.812,0.551,0.208,0.083
182.0,2.371,1.523,0.668,0.813,0.551,0.207,0.083
182.10000000000002,2.371,1.523,0.668,0.813,0.551,0.207,0.083
182.20000000000002,2.371,1.523,0.668,0.813,0.551,0.208,0.083
182.3,2.371,1.523,0.668,0.814,0.552,0.208,0.082
182.4,2.371,1.523,0.668,0.815,0.551,0.209,0.083
182.5,2.371,1.523,0.668,0.816,0.551,0.209,0.082
182.60000000000002,2.434,1.576,0.688,0.816,0.551,0.209,0.083
182.70000000000002,2.396,1.544,0.676,0.817,0.551,0.209,0.083
182.8,2.381,1.531,0.672,0.818,0.551,0.21,0.083
182.9,2.375,1.526,0.67,0.818,0.551,0.209,0.083
183.0,2.373,1.524,0.669,0.818,0.551,0.21,0.082
183.10000000000002,2.372,1.523,0.669,0.818,0.551,0.21,0.083
183.20000000000002,2.372,1.523,0.668,0.819,0.551,0.21,0.082
183.3,2.371,1.523,0.668,0.82,0.551,0.21,0.082
183.4,2.371,1.523,0.668,0.82,0.551,0.21,0.083
183.5,2.371,1.523,0.668,0.821,0.552,0.211,0.082
183.60000000000002,2.371,1.523,0.668,0.821,0.551,0.211,0.082
183.70000000000002,2.371,1.523,0.668,0.821,0.551,0.21,0.083
183.8,2.371,1.523,0.668,0.82,0.551,0.211,0.082
183.9,2.371,1.523,0.668,0.821,0.551,0.212,0.083
184.0,2.371,1.523,0.668,0.821,0.551,0.212,0.082
184.10000000000002,2.34,1.497,0.658,0.822,0.551,0.212,0.083
184.20000000000002,2.359,1.513,0.664,0.822,0.551,0.212,0.082
184.3,2.366,1.519,0.667,0.822,0.551,0.212,0.083
184.4,2.369,1.521,0.668,0.822,0.551,0.212,0.082
184.5,2.371,1.522,0.668,0.823,0.551,0.212,0.082
184.60000000000002,2.371,1.523,0.668,0.823,0.551,0.212,0.082
184.70000000000002,2.371,1.523,0.668,0.822,0.551,0.212,0.082
184.8,2.371,1.523,0.668,0.822,0.551,0.212,0.081
184.9,2.34,1.497,0.658,0.822,0.55,0.212,0.082
185.0,2.359,1.513,0.664,0.823,0.551,0.213,0.082
185.10000000000002,2.366,1.519,0.667,0.823,0.551,0.213,0.082
185.20000000000002,2.369,1.521,0.668,0.824,0.55,0.213,0.082
185.3,2.371,1.522,0.668,0.823,0.551,0.213,0.082
185.4,2.371,1.523,0.668,0.824,0.551,0.213,0.082
185.5,2.371,1.523,0.668,0.824,0.551,0.213,0.082
185.60000000000002,2.34,1.497,0.658,0.825,0.55,0.213,0.082
185.70000000000002,2.359,1.513,0.664,0.825,0.551,0.214,0.081
185.8,2.366,1.519,0.667,0.825,0.55,0.214,0.082
185.9,2.369,1.521,0.668,0.824,0.55,0.213,0.082
186.0,2.34,1.496,0.658,0.824,0.55,0.214,0.082
186.10000000000002,2.359,1.512,0.664,0.824,0.551,0.214,0.081
186.20000000000002,2.335,1.493,0.657,0.825,0.551,0.214,0.082
186.3,2.326,1.485,0.654,0.825,0.55,0.214,0.082
186.4,2.322,1.482,0.653,0.825,0.551,0.214,0.082
186.5,2.321,1.481,0.652,0.825,0.55,0.214,0.082
186.60000000000002,2.351,1.506,0.662,0.825,0.55,0.214,0.082
186.70000000000002,2.332,1.49,0.656,0.825,0.55,0.214,0.081
186.8,2.325,1.484,0.653,0.825,0.55,0.214,0.082
186.9,2.322,1.481,0.652,0.826,0.55,0.214,0.081
187.0,2.32,1.48,0.652,0.825,0.55,0.214,0.082
187.10000000000002,2.351,1.506,0.662,0.825,0.55,0.214,0.082
187.20000000000002,2.426,1.569,0.686,0.825,0.551,0.214,0.082
187.3,2.362,1.515,0.665,0.826,0.55,0.215,0.082
187.4,2.337,1.494,0.657,0.825,0.551,0.215,0.081
187.5,2.326,1.485,0.654,0.826,0.55,0.215,0.082
187.60000000000002,2.353,1.508,0.663,0.825,0.55,0.215,0.082
187.70000000000002,2.333,1.491,0.656,0.825,0.55,0.215,0.082
187.8,2.325,1.484,0.654,0.825,0.55,0.216,0.082
187.9,2.322,1.481,0.653,0.826,0.55,0.216,0.082
188.0,2.32,1.48,0.652,0.826,0.55,0.215,0.081
188.10000000000002,2.32,1.48,0.652,0.826,0.55,0.215,0.081
188.20000000000002,2.32,1.48,0.652,0.825,0.55,0.215,0.081
188.3,2.32,1.48,0.652,0.826,0.55,0.215,0.081
188.4,2.32,1.48,0.652,0.825,0.549,0.215,0.082
188.5,2.351,1.506,0.662,0.826,0.55,0.216,0.081
188.60000000000002,2.332,1.49,0.656,0.826,0.55,0.216,0.081
188.70000000000002,2.294,1.458,0.644,0.826,0.55,0.216,0.081
188.8,2.309,1.471,0.649,0.826,0.55,0.216,0.082
188.9,2.315,1.476,0.651,0.825,0.55,0.216,0.082
189.0,2.318,1.478,0.651,0.826,0.55,0.216,0.081
189.10000000000002,2.319,1.479,0.652,0.826,0.55,0.215,0.081
189.20000000000002,2.319,1.479,0.652,0.827,0.549,0.216,0.082
189.3,2.32,1.48,0.652,0.826,0.55,0.216,0.082
189.4,2.32,1.48,0.652,0.825,0.55,0.215,0.082
189.5,2.32,1.48,0.652,0.825,0.55,0.216,0.081
189.60000000000002,2.32,1.48,0.652,0.826,0.55,0.215,0.081
189.70000000000002,2.32,1.48,0.652,0.825,0.55,0.215,0.081
189.8,2.32,1.48,0.652,0.826,0.55,0.216,0.081
189.9,2.32,1.48,0.652,0.826,0.55,0.216,0.081
190.0,2.351,1.506,0.662,0.826,0.55,0.216,0.081
190.10000000000002,2.332,1.49,0.656,0.826,0.55,0.216,0.082
190.20000000000002,2.325,1.484,0.653,0.826,0.55,0.216,0.081
190.3,2.322,1.481,0.652,0.826,0.549,0.216,0.081
190.4,2.32,1.48,0.652,0.826,0.55,0.216,0.081
190.5,2.32,1.48,0.652,0.826,0.549,0.216,0.081
190.60000000000002,2.32,1.48,0.652,0.825,0.55,0.216,0.081
190.70000000000002,2.32,1.48,0.652,0.826,0.549,0.217,0.081
190.8,2.289,1.454,0.642,0.826,0.549,0.216,0.081
190.9,2.307,1.469,0.648,0.826,0.549,0.217,0.082
191.0,2.315,1.476,0.65,0.826,0.549,0.216,0.082
191.10000000000002,2.318,1.478,0.651,0.825,0.549,0.216,0.082
191.20000000000002,2.319,1.479,0.652,0.826,0.549,0.217,0.081
191.3,2.197,1.379,0.613,0.825,0.549,0.216,0.081
191.4,2.24,1.414,0.626,0.825,0.549,0.216,0.081
191.5,2.288,1.453,0.642,0.825,0.549,0.217,0.081
191.60000000000002,2.307,1.469,0.648,0.825,0.549,0.216,0.081
191.70000000000002,2.315,1.475,0.65,0.825,0.549,0.217,0.081
191.8,2.318,1.478,0.651,0.826,0.549,0.217,0.082
191.9,2.319,1.479,0.652,0.826,0.549,0.217,0.081
192.0,2.319,1.479,0.652,0.826,0.549,0.217,0.082
192.10000000000002,2.32,1.48,0.652,0.825,0.549,0.217,0.082
192.20000000000002,2.32,1.48,0.652,0.826,0.549,0.217,0.081
192.3,2.289,1.454,0.642,0.825,0.549,0.217,0.082
192.4,2.276,1.444,0.638,0.825,0.549,0.217,0.081
192.5,2.302,1.465,0.646,0.825,0.549,0.217,0.081
192.60000000000002,2.344,1.5,0.66,0.826,0.549,0.217,0.081
192.70000000000002,2.329,1.488,0.655,0.826,0.549,0.217,0.08
192.8,2.323,1.483,0.653,0.825,0.549,0.217,0.081
192.9,2.321,1.481,0.652,0.825,0.548,0.217,0.08
193.0,2.289,1.455,0.642,0.826,0.549,0.217,0.081
193.10000000000002,2.308,1.47,0.648,0.825,0.549,0.217,0.081
193.20000000000002,2.284,1.45,0.64,0.826,0.549,0.217,0.08
193.3,2.305,1.468,0.647,0.825,0.549,0.217,0.081
193.4,2.314,1.475,0.65,0.825,0.549,0.217,0.081
193.5,2.317,1.478,0.651,0.825,0.549,0.216,0.081
193.60000000000002,2.319,1.479,0.652,0.825,0.549,0.217,0.081
193.70000000000002,2.288,1.454,0.642,0.825,0.548,0.217,0.08
193.8,2.307,1.469,0.648,0.826,0.549,0.217,0.081
193.9,2.315,1.476,0.65,0.825,0.548,0.217,0.082
194.0,2.318,1.478,0.651,0.825,0.549,0.217,0.081
194.10000000000002,2.319,1.479,0.652,0.825,0.549,0.217,0.081
194.20000000000002,2.288,1.454,0.642,0.825,0.548,0.217,0.081
194.3,2.307,1.469,0.648,0.826,0.549,0.217,0.081
194.4,2.315,1.476,0.65,0.825,0.549,0.217,0.081
194.5,2.318,1.478,0.651,0.825,0.548,0.217,0.081
194.60000000000002,2.288,1.453,0.642,0.826,0.549,0.217,0.08
194.70000000000002,2.276,1.444,0.638,0.826,0.549,0.217,0.081
194.8,2.302,1.465,0.646,0.826,0.549,0.217,0.08
194.9,2.313,1.474,0.65,0.825,0.549,0.217,0.08
195.0,2.286,1.452,0.641,0.825,0.549,0.217,0.081
195.10000000000002,2.337,1.494,0.657,0.825,0.549,0.217,0.08
195.20000000000002,2.327,1.486,0.654,0.826,0.549,0.217,0.08
195.3,2.322,1.482,0.653,0.826,0.548,0.217,0.08
195.4,2.29,1.455,0.642,0.825,0.549,0.217,0.08
195.5,2.277,1.444,0.638,0.825,0.548,0.217,0.08
195.60000000000002,2.303,1.465,0.646,0.825,0.548,0.217,0.081
195.70000000000002,2.282,1.448,0.64,0.825,0.549,0.217,0.08
195.8,2.305,1.467,0.647,0.825,0.548,0.216,0.08
195.9,2.283,1.449,0.64,0.825,0.548,0.217,0.08
196.0,2.274,1.442,0.637,0.824,0.549,0.217,0.081
196.10000000000002,2.301,1.465,0.646,0.825,0.548,0.217,0.081
196.20000000000002,2.312,1.474,0.65,0.824,0.548,0.217,0.081
196.3,2.317,1.477,0.651,0.825,0.548,0.217,0.081
196.4,2.318,1.479,0.651,0.825,0.548,0.217,0.08
196.5,2.288,1.454,0.642,0.824,0.548,0.216,0.081
196.60000000000002,2.307,1.469,0.648,0.825,0.548,0.217,0.081
196.70000000000002,2.284,1.45,0.64,0.825,0.548,0.217,0.08
196.8,2.305,1.468,0.647,0.825,0.548,0.217,0.081
196.9,2.283,1.449,0.64,0.825,0.548,0.217,0.081
197.0,2.305,1.468,0.647,0.825,0.548,0.217,0.08
197.10000000000002,2.314,1.475,0.65,0.825,0.548,0.217,0.08
197.20000000000002,2.286,1.452,0.641,0.825,0.547,0.217,0.08
197.3,2.276,1.443,0.638,0.825,0.548,0.218,0.081
197.4,2.271,1.439,0.636,0.825,0.548,0.217,0.08
197.5,2.3,1.464,0.646,0.824,0.548,0.217,0.081
197.60000000000002,2.281,1.448,0.64,0.825,0.548,0.216,0.081
197.70000000000002,2.273,1.441,0.637,0.824,0.547,0.216,0.08
197.8,2.27,1.439,0.636,0.824,0.547,0.217,0.081
197.9,2.269,1.438,0.636,0.824,0.548,0.217,0.08
198.0,2.299,1.463,0.645,0.825,0.548,0.217,0.08
198.10000000000002,2.281,1.447,0.639,0.825,0.547,0.216,0.08
198.20000000000002,2.304,1.467,0.647,0.824,0.548,0.217,0.081
198.3,2.283,1.449,0.64,0.825,0.548,0.217,0.08
198.4,2.274,1.442,0.637,0.825,0.548,0.217,0.081
198.5,2.271,1.439,0.636,0.824,0.547,0.217,0.081
198.60000000000002,2.269,1.438,0.636,0.824,0.547,0.217,0.08
198.70000000000002,2.269,1.437,0.636,0.824,0.547,0.217,0.08
198.8,2.268,1.437,0.636,0.823,0.547,0.216,0.08
198.9,2.268,1.437,0.636,0.824,0.547,0.217,0.08
199.0,2.299,1.463,0.645,0.823,0.547,0.217,0.08
199.10000000000002,2.281,1.447,0.639,0.823,0.546,0.217,0.08
199.20000000000002,2.273,1.441,0.637,0.823,0.547,0.217,0.08
199.3,2.27,1.439,0.636,0.823,0.547,0.217,0.08
199.4,2.269,1.438,0.636,0.823,0.547,0.216,0.081
199.5,2.269,1.437,0.636,0.823,0.547,0.217,0.08
199.60000000000002,2.268,1.437,0.636,0.823,0.548,0.217,0.08
199.70000000000002,2.268,1.437,0.636,0.824,0.547,0.216,0.08
199.8,2.268,1.437,0.635,0.823,0.547,0.217,0.08
199.9,2.268,1.437,0.635,0.824,0.547,0.216,0.081
200.0,2.268,1.437,0.635,0.823,0.547,0.217,0.08
200.10000000000002,2.268,1.437,0.635,0.823,0.547,0.216,0.08
200.20000000000002,2.268,1.437,0.635,0.823,0.547,0.217,0.08
200.3,2.268,1.437,0.635,0.823,0.547,0.216,0.081
200.4,2.268,1.437,0.635,0.823,0.547,0.217,0.08
200.5,2.268,1.437,0.635,0.823,0.546,0.216,0.08
200.60000000000002,2.268,1.437,0.635,0.823,0.547,0.217,0.08
200.70000000000002,2.268,1.437,0.635,0.823,0.547,0.216,0.08
200.8,2.268,1.437,0.635,0.822,0.546,0.217,0.08
200.9,2.299,1.463,0.645,0.823,0.546,0.216,0.08
201.0,2.281,1.447,0.639,0.823,0.547,0.216,0.08
201.10000000000002,2.273,1.441,0.637,0.823,0.546,0.217,0.08
201.20000000000002,2.27,1.439,0.636,0.823,0.547,0.216,0.08
201.3,2.269,1.438,0.636,0.823,0.547,0.216,0.08
201.4,2.269,1.437,0.636,0.823,0.546,0.217,0.08
201.5,2.299,1.463,0.645,0.823,0.546,0.216,0.08
201.60000000000002,2.281,1.447,0.639,0.822,0.546,0.217,0.08
201.70000000000002,2.273,1.441,0.637,0.823,0.546,0.216,0.08
201.8,2.363,1.516,0.666,0.822,0.546,0.217,0.08
201.9,2.306,1.469,0.648,0.823,0.546,0.216,0.079
202.0,2.314,1.475,0.65,0.823,0.546,0.217,0.08
202.10000000000002,2.317,1.478,0.651,0.823,0.546,0.217,0.08
202.20000000000002,2.288,1.453,0.642,0.823,0.547,0.216,0.08
202.3,2.276,1.443,0.638,0.822,0.547,0.217,0.08
202.4,2.302,1.465,0.646,0.823,0.546,0.216,0.081
202.5,2.282,1.448,0.64,0.822,0.547,0.216,0.08
202.60000000000002,2.274,1.441,0.637,0.823,0.546,0.216,0.08
202.70000000000002,2.27,1.439,0.636,0.822,0.546,0.216,0.08
202.8,2.269,1.438,0.636,0.822,0.546,0.216,0.08
202.9,2.269,1.437,0.636,0.823,0.546,0.216,0.08
203.0,2.268,1.437,0.636,0.822,0.546,0.216,0.08
203.10000000000002,2.299,1.463,0.645,0.823,0.546,0.216,0.08
203.20000000000002,2.281,1.447,0.639,0.822,0.546,0.216,0.08
203.3,2.273,1.441,0.637,0.823,0.546,0.216,0.08
203.4,2.301,1.464,0.646,0.822,0.546,0.216,0.08
203.5,2.281,1.448,0.64,0.822,0.546,0.216,0.08
203.60000000000002,2.273,1.441,0.637,0.822,0.546,0.216,0.08
203.70000000000002,2.27,1.439,0.636,0.822,0.545,0.216,0.081
203.8,2.269,1.438,0.636,0.822,0.545,0.216,0.08
203.9,2.299,1.463,0.645,0.822,0.545,0.216,0.08
204.0,2.312,1.473,0.649,0.822,0.545,0.216,0.079
204.10000000000002,2.286,1.451,0.641,0.821,0.546,0.216,0.08
204.20000000000002,2.275,1.443,0.638,0.822,0.545,0.216,0.081
204.3,2.271,1.439,0.636,0.821,0.545,0.216,0.08
204.4,2.269,1.438,0.636,0.822,0.546,0.216,0.08
204.5,2.269,1.437,0.636,0.822,0.545,0.216,0.081
204.60000000000002,2.268,1.437,0.636,0.823,0.545,0.215,0.08
204.70000000000002,2.268,1.437,0.636,0.822,0.545,0.216,0.08
204.8,2.268,1.437,0.636,0.822,0.546,0.216,0.08
204.9,2.268,1.437,0.635,0.822,0.545,0.216,0.08
205.0,2.299,1.463,0.645,0.821,0.545,0.216,0.08
205.10000000000002,2.311,1.473,0.649,0.821,0.545,0.216,0.081
205.20000000000002,2.285,1.451,0.641,0.821,0.546,0.216,0.08
205.3,2.306,1.468,0.647,0.821,0.545,0.216,0.08
205.4,2.283,1.449,0.64,0.821,0.546,0.215,0.08
205.5,2.274,1.442,0.637,0.821,0.545,0.215,0.08
205.60000000000002,2.271,1.439,0.636,0.821,0.545,0.216,0.08
205.70000000000002,2.269,1.438,0.636,0.821,0.546,0.216,0.08
205.8,2.269,1.437,0.636,0.822,0.546,0.215,0.08
205.9,2.268,1.437,0.636,0.822,0.546,0.216,0.08
206.0,2.299,1.463,0.645,0.821,0.545,0.216,0.08
206.10000000000002,2.281,1.447,0.639,0.821,0.545,0.216,0.08
206.20000000000002,2.273,1.441,0.637,0.821,0.545,0.216,0.08
206.3,2.27,1.439,0.636,0.821,0.545,0.215,0.08
206.4,2.269,1.438,0.636,0.821,0.545,0.215,0.08
206.5,2.269,1.437,0.636,0.821,0.545,0.215,0.08
206.60000000000002,2.299,1.463,0.645,0.821,0.544,0.215,0.079
206.70000000000002,2.311,1.473,0.649,0.821,0.545,0.216,0.08
206.8,2.286,1.451,0.641,0.821,0.545,0.215,0.08
206.9,2.275,1.443,0.638,0.821,0.545,0.215,0.08
207.0,2.271,1.439,0.636,0.822,0.545,0.215,0.08
207.10000000000002,2.269,1.438,0.636,0.821,0.545,0.215,0.08
207.20000000000002,2.269,1.437,0.636,0.821,0.545,0.216,0.08
207.3,2.268,1.437,0.636,0.821,0.545,0.215,0.08
207.4,2.268,1.437,0.636,0.821,0.545,0.215,0.08
207.5,2.299,1.463,0.645,0.822,0.545,0.215,0.08
207.60000000000002,2.281,1.447,0.639,0.821,0.545,0.215,0.079
207.70000000000002,2.273,1.441,0.637,0.821,0.545,0.215,0.08
207.8,2.27,1.439,0.636,0.821,0.544,0.215,0.08
207.9,2.269,1.438,0.636,0.822,0.545,0.215,0.079
208.0,2.393,1.542,0.675,0.821,0.544,0.215,0.08
208.10000000000002,2.318,1.479,0.651,0.821,0.545,0.215,0.08
208.20000000000002,2.288,1.454,0.642,0.821,0.545,0.215,0.079
208.3,2.276,1.444,0.638,0.821,0.545,0.215,0.08
208.4,2.271,1.44,0.637,0.821,0.544,0.215,0.08
208.5,2.269,1.438,0.636,0.82,0.545,0.215,0.08
208.60000000000002,2.269,1.437,0.636,0.821,0.545,0.215,0.08
208.70000000000002,2.268,1.437,0.636,0.821,0.544,0.215,0.081
208.8,2.268,1.437,0.636,0.821,0.545,0.215,0.08
208.9,2.268,1.437,0.636,0.821,0.544,0.215,0.08
209.0,2.268,1.437,0.635,0.821,0.544,0.215,0.08
209.10000000000002,2.268,1.437,0.635,0.82,0.544,0.215,0.08
209.20000000000002,2.268,1.437,0.635,0.821,0.544,0.215,0.08
209.3,2.268,1.437,0.635,0.82,0.545,0.214,0.08
209.4,2.299,1.463,0.645,0.82,0.544,0.215,0.08
209.5,2.281,1.447,0.639,0.82,0.544,0.215,0.079
209.60000000000002,2.273,1.441,0.637,0.82,0.544,0.215,0.08
209.70000000000002,2.27,1.439,0.636,0.821,0.544,0.215,0.08
209.8,2.269,1.438,0.636,0.821,0.544,0.215,0.079
209.9,2.269,1.437,0.636,0.82,0.544,0.215,0.08
210.0,2.268,1.437,0.636,0.82,0.544,0.214,0.08
210.10000000000002,2.268,1.437,0.636,0.82,0.544,0.214,0.08
210.20000000000002,2.268,1.437,0.635,0.82,0.544,0.215,0.08
210.3,2.268,1.437,0.635,0.82,0.544,0.214,0.08
210.4,2.268,1.437,0.635,0.82,0.544,0.214,0.08
210.5,2.268,1.437,0.635,0.82,0.544,0.215,0.08
210.60000000000002,2.268,1.437,0.635,0.82,0.544,0.215,0.079
210.70000000000002,2.299,1.463,0.645,0.82,0.544,0.214,0.079
210.8,2.311,1.473,0.649,0.82,0.544,0.215,0.079
210.9,2.285,1.451,0.641,0.819,0.543,0.214,0.08
211.0,2.275,1.443,0.638,0.82,0.542,0.214,0.08
211.10000000000002,2.24,1.414,0.627,0.82,0.542,0.214,0.08
211.20000000000002,2.257,1.428,0.632,0.82,0.543,0.214,0.08
211.3,2.264,1.433,0.634,0.819,0.543,0.214,0.079
211.4,2.297,1.461,0.645,0.819,0.543,0.214,0.079
211.5,2.28,1.447,0.639,0.82,0.544,0.214,0.08
211.60000000000002,2.335,1.492,0.657,0.819,0.543,0.214,0.08
211.70000000000002,2.326,1.485,0.654,0.82,0.543,0.214,0.08
211.8,2.291,1.456,0.643,0.82,0.543,0.214,0.08
211.9,2.277,1.445,0.638,0.82,0.543,0.214,0.08
212.0,2.272,1.44,0.637,0.82,0.542,0.214,0.08
212.10000000000002,2.27,1.438,0.636,0.82,0.542,0.214,0.08
212.20000000000002,2.269,1.437,0.636,0.82,0.542,0.214,0.08
212.3,2.268,1.437,0.636,0.819,0.542,0.214,0.08
212.4,2.268,1.437,0.636,0.82,0.542,0.214,0.08
212.5,2.268,1.437,0.636,0.819,0.541,0.214,0.08
212.60000000000002,2.268,1.437,0.635,0.819,0.543,0.213,0.08
212.70000000000002,2.268,1.437,0.635,0.819,0.542,0.214,0.079
212.8,2.268,1.437,0.635,0.82,0.542,0.214,0.08
212.9,2.268,1.437,0.635,0.819,0.542,0.214,0.08
213.0,2.268,1.437,0.635,0.819,0.541,0.214,0.08
213.10000000000002,2.299,1.463,0.645,0.819,0.542,0.214,0.08
213.20000000000002,2.281,1.447,0.639,0.819,0.542,0.213,0.08
213.3,2.273,1.441,0.637,0.818,0.542,0.213,0.08
213.4,2.27,1.439,0.636,0.818,0.541,0.213,0.08
213.5,2.269,1.438,0.636,0.819,0.542,0.214,0.08
213.60000000000002,2.269,1.437,0.636,0.82,0.542,0.214,0.079
213.70000000000002,2.268,1.437,0.636,0.82,0.542,0.214,0.08
213.8,2.268,1.437,0.636,0.819,0.541,0.213,0.08
213.9,2.299,1.463,0.645,0.819,0.541,0.214,0.08
214.0,2.311,1.473,0.649,0.818,0.541,0.214,0.08
214.10000000000002,2.347,1.503,0.661,0.818,0.542,0.214,0.08
214.20000000000002,2.3,1.463,0.646,0.818,0.542,0.214,0.08
214.3,2.281,1.447,0.64,0.818,0.541,0.213,0.08
214.4,2.273,1.441,0.637,0.818,0.541,0.213,0.08
214.5,2.27,1.439,0.636,0.819,0.542,0.213,0.08
214.60000000000002,2.269,1.438,0.636,0.818,0.542,0.213,0.08
214.70000000000002,2.269,1.437,0.636,0.818,0.541,0.213,0.079
214.8,2.268,1.437,0.636,0.818,0.541,0.213,0.08
214.9,2.268,1.437,0.636,0.817,0.541,0.213,0.079
215.0,2.268,1.437,0.635,0.818,0.541,0.213,0.079
215.10000000000002,2.268,1.437,0.635,0.818,0.541,0.213,0.08
215.20000000000002,2.268,1.437,0.635,0.818,0.541,0.213,0.08
215.3,2.268,1.437,0.635,0.817,0.541,0.213,0.079
215.4,2.361,1.515,0.665,0.817,0.541,0.213,0.08
215.5,2.305,1.468,0.647,0.818,0.541,0.213,0.08
215.60000000000002,2.283,1.449,0.64,0.818,0.541,0.213,0.08
215.70000000000002,2.274,1.442,0.637,0.817,0.541,0.213,0.079
215.8,2.271,1.439,0.636,0.818,0.542,0.213,0.079
215.9,2.269,1.438,0.636,0.818,0.541,0.213,0.08
216.0,2.269,1.437,0.636,0.817,0.541,0.213,0.08
216.10000000000002,2.268,1.437,0.636,0.818,0.541,0.213,0.08
216.20000000000002,2.299,1.463,0.645,0.817,0.541,0.213,0.08
216.3,2.281,1.447,0.639,0.817,0.541,0.212,0.079
216.4,2.273,1.441,0.637,0.818,0.542,0.213,0.08
216.5,2.27,1.439,0.636,0.818,0.541,0.213,0.08
216.60000000000002,2.238,1.412,0.626,0.817,0.541,0.213,0.08
216.70000000000002,2.256,1.427,0.632,0.818,0.541,0.212,0.08
216.8,2.263,1.433,0.634,0.818,0.541,0.213,0.08
216.9,2.297,1.461,0.645,0.818,0.541,0.213,0.08
217.0,2.28,1.447,0.639,0.818,0.541,0.213,0.08
217.10000000000002,2.273,1.441,0.637,0.818,0.541,0.213,0.08
217.20000000000002,2.27,1.438,0.636,0.818,0.541,0.213,0.08
217.3,2.269,1.438,0.636,0.817,0.541,0.213,0.08
217.4,2.269,1.437,0.636,0.817,0.54,0.212,0.08
217.5,2.268,1.437,0.636,0.818,0.541,0.213,0.08
217.60000000000002,2.268,1.437,0.636,0.818,0.541,0.212,0.08
217.70000000000002,2.268,1.437,0.635,0.817,0.54,0.212,0.08
217.8,2.268,1.437,0.635,0.817,0.541,0.213,0.08
217.9,2.268,1.437,0.635,0.818,0.54,0.213,0.08
218.0,2.268,1.437,0.635,0.817,0.54,0.212,0.08
218.10000000000002,2.299,1.463,0.645,0.817,0.54,0.213,0.08
218.20000000000002,2.281,1.447,0.639,0.817,0.54,0.213,0.08
218.3,2.273,1.441,0.637,0.818,0.54,0.213,0.08
218.4,2.301,1.464,0.646,0.818,0.54,0.212,0.079
218.5,2.406,1.552,0.679,0.818,0.54,0.213,0.08
218.60000000000002,2.354,1.509,0.663,0.817,0.54,0.213,0.08
218.70000000000002,2.303,1.466,0.646,0.817,0.541,0.212,0.08
218.8,2.282,1.448,0.64,0.817,0.54,0.212,0.08
218.9,2.274,1.442,0.637,0.818,0.54,0.212,0.08
219.0,2.27,1.439,0.636,0.818,0.541,0.212,0.08
219.10000000000002,2.269,1.438,0.636,0.817,0.54,0.213,0.08
219.20000000000002,2.269,1.437,0.636,0.818,0.54,0.212,0.08
219.3,2.268,1.437,0.636,0.817,0.54,0.212,0.08
219.4,2.268,1.437,0.636,0.817,0.54,0.212,0.08
219.5,2.268,1.437,0.635,0.818,0.54,0.212,0.08
219.60000000000002,2.268,1.437,0.635,0.817,0.54,0.212,0.08
219.70000000000002,2.268,1.437,0.635,0.817,0.54,0.212,0.08
219.8,2.268,1.437,0.635,0.817,0.539,0.212,0.08
219.9,2.268,1.437,0.635,0.817,0.539,0.212,0.08
220.0,2.268,1.437,0.635,0.817,0.54,0.212,0.08
220.10000000000002,2.268,1.437,0.635,0.817,0.539,0.212,0.08
220.20000000000002,2.268,1.437,0.635,0.816,0.539,0.212,0.08
220.3,2.268,1.437,0.635,0.817,0.54,0.212,0.08
220.4,2.299,1.463,0.645,0.817,0.54,0.212,0.079
220.5,2.281,1.447,0.639,0.817,0.539,0.212,0.08
220.60000000000002,2.304,1.467,0.647,0.817,0.539,0.212,0.08
220.70000000000002,2.283,1.449,0.64,0.817,0.539,0.212,0.08
220.8,2.274,1.442,0.637,0.818,0.539,0.212,0.08
220.9,2.271,1.439,0.636,0.817,0.539,0.212,0.08
221.0,2.269,1.438,0.636,0.816,0.539,0.212,0.079
221.10000000000002,2.269,1.437,0.636,0.817,0.539,0.212,0.08
221.20000000000002,2.268,1.437,0.636,0.817,0.539,0.212,0.081
221.3,2.268,1.437,0.636,0.817,0.539,0.212,0.08
221.4,2.268,1.437,0.635,0.817,0.54,0.212,0.08
221.5,2.268,1.437,0.635,0.817,0.54,0.212,0.08
221.60000000000002,2.268,1.437,0.635,0.817,0.539,0.212,0.08
221.70000000000002,2.268,1.437,0.635,0.817,0.539,0.212,0.08
221.8,2.268,1.437,0.635,0.816,0.539,0.212,0.08
221.9,2.268,1.437,0.635,0.817,0.538,0.212,0.08
222.0,2.33,1.489,0.655,0.817,0.539,0.212,0.08
222.10000000000002,2.293,1.458,0.643,0.817,0.538,0.212,0.08
222.20000000000002,2.278,1.445,0.639,0.817,0.538,0.212,0.08
222.3,2.272,1.44,0.637,0.817,0.539,0.212,0.08
222.4,2.27,1.438,0.636,0.817,0.538,0.212,0.08
222.5,2.269,1.437,0.636,0.817,0.538,0.212,0.08
222.60000000000002,2.268,1.437,0.636,0.816,0.539,0.212,0.08
222.70000000000002,2.299,1.463,0.645,0.817,0.539,0.212,0.08
222.8,2.281,1.447,0.639,0.816,0.538,0.212,0.081
222.9,2.273,1.441,0.637,0.817,0.538,0.212,0.08
223.0,2.27,1.439,0.636,0.816,0.539,0.211,0.08
223.10000000000002,2.269,1.438,0.636,0.817,0.539,0.212,0.08
223.20000000000002,2.269,1.437,0.636,0.816,0.538,0.212,0.08
223.3,2.268,1.437,0.636,0.816,0.538,0.212,0.08
223.4,2.268,1.437,0.636,0.817,0.539,0.212,0.08
223.5,2.268,1.437,0.635,0.816,0.538,0.211,0.08
223.60000000000002,2.299,1.463,0.645,0.817,0.539,0.212,0.08
223.70000000000002,2.311,1.473,0.649,0.817,0.538,0.212,0.08
223.8,2.316,1.477,0.651,0.817,0.538,0.211,0.08
223.9,2.287,1.453,0.642,0.817,0.539,0.211,0.08
224.0,2.307,1.469,0.648,0.817,0.539,0.212,0.08
224.10000000000002,2.314,1.475,0.65,0.817,0.538,0.211,0.08
224.20000000000002,2.287,1.452,0.641,0.816,0.538,0.211,0.08
224.3,2.306,1.469,0.648,0.817,0.539,0.212,0.08
224.4,2.284,1.45,0.64,0.817,0.538,0.212,0.08
224.5,2.274,1.442,0.637,0.817,0.538,0.212,0.08
224.60000000000002,2.271,1.439,0.636,0.816,0.538,0.212,0.079
224.70000000000002,2.269,1.438,0.636,0.816,0.538,0.211,0.08
224.8,2.269,1.437,0.636,0.817,0.538,0.212,0.08
224.9,2.268,1.437,0.636,0.816,0.538,0.211,0.08
225.0,2.268,1.437,0.636,0.816,0.538,0.212,0.08
225.10000000000002,2.268,1.437,0.636,0.817,0.538,0.211,0.08
225.20000000000002,2.268,1.437,0.635,0.817,0.538,0.212,0.079
225.3,2.268,1.437,0.635,0.816,0.538,0.211,0.08
225.4,2.268,1.437,0.635,0.817,0.538,0.211,0.08
225.5,2.268,1.437,0.635,0.816,0.539,0.211,0.08
225.60000000000002,2.268,1.437,0.635,0.816,0.538,0.212,0.08
225.70000000000002,2.268,1.437,0.635,0.817,0.538,0.212,0.08
225.8,2.268,1.437,0.635,0.817,0.538,0.211,0.08
225.9,2.268,1.437,0.635,0.816,0.538,0.212,0.08
226.0,2.268,1.437,0.635,0.815,0.538,0.212,0.08
226.10000000000002,2.268,1.437,0.635,0.816,0.537,0.212,0.08
226.20000000000002,2.268,1.437,0.635,0.816,0.538,0.211,0.079
226.3,2.268,1.437,0.635,0.816,0.537,0.211,0.08
226.4,2.268,1.437,0.635,0.816,0.537,0.212,0.08
226.5,2.268,1.437,0.635,0.815,0.537,0.211,0.08
226.60000000000002,2.268,1.437,0.635,0.816,0.537,0.211,0.079
226.70000000000002,2.268,1.437,0.635,0.816,0.538,0.211,0.08
226.8,2.268,1.437,0.635,0.816,0.538,0.211,0.08
226.9,2.268,1.437,0.635,0.816,0.538,0.21,0.08
227.0,2.268,1.437,0.635,0.815,0.537,0.211,0.08
227.10000000000002,2.268,1.437,0.635,0.815,0.538,0.211,0.08
227.20000000000002,2.268,1.437,0.635,0.815,0.537,0.211,0.08
227.3,2.268,1.437,0.635,0.816,0.537,0.211,0.079
227.4,2.268,1.437,0.635,0.816,0.538,0.212,0.079
227.5,2.268,1.437,0.635,0.815,0.537,0.211,0.08
227.60000000000002,2.268,1.437,0.635,0.816,0.537,0.211,0.08
227.70000000000002,2.268,1.437,0.635,0.816,0.537,0.211,0.08
227.8,2.268,1.437,0.635,0.815,0.538,0.21,0.079
227.9,2.268,1.437,0.635,0.815,0.537,0.211,0.08
228.0,2.238,1.412,0.626,0.816,0.538,0.211,0.08
228.10000000000002,2.256,1.427,0.632,0.815,0.537,0.21,0.08
228.20000000000002,2.263,1.433,0.634,0.815,0.537,0.211,0.08
228.3,2.266,1.435,0.635,0.816,0.538,0.21,0.08
228.4,2.206,1.386,0.616,0.816,0.537,0.211,0.08
228.5,2.243,1.417,0.628,0.815,0.537,0.211,0.08
228.60000000000002,2.258,1.429,0.632,0.815,0.537,0.21,0.08
228.70000000000002,2.264,1.434,0.634,0.815,0.537,0.21,0.08
228.8,2.267,1.436,0.635,0.816,0.537,0.211,0.079
228.9,2.268,1.436,0.635,0.815,0.537,0.21,0.079
229.0,2.392,1.541,0.675,0.814,0.537,0.211,0.08
229.10000000000002,2.318,1.479,0.651,0.815,0.537,0.21,0.08
229.20000000000002,2.288,1.454,0.642,0.815,0.537,0.211,0.08
229.3,2.338,1.495,0.658,0.815,0.537,0.211,0.08
229.4,2.296,1.46,0.644,0.815,0.537,0.211,0.079
229.5,2.279,1.446,0.639,0.815,0.536,0.211,0.08
229.60000000000002,2.273,1.441,0.637,0.816,0.537,0.211,0.08
229.70000000000002,2.27,1.438,0.636,0.815,0.537,0.21,0.079
229.8,2.269,1.438,0.636,0.815,0.537,0.211,0.079
229.9,2.269,1.437,0.636,0.816,0.537,0.211,0.08
230.0,2.268,1.437,0.636,0.815,0.536,0.21,0.079
230.10000000000002,2.268,1.437,0.636,0.815,0.536,0.21,0.08
230.20000000000002,2.268,1.437,0.635,0.815,0.536,0.21,0.079
230.3,2.268,1.437,0.635,0.814,0.536,0.21,0.08
230.4,2.268,1.437,0.635,0.814,0.536,0.21,0.08
230.5,2.268,1.437,0.635,0.815,0.537,0.211,0.079
230.60000000000002,2.268,1.437,0.635,0.815,0.537,0.21,0.08
230.70000000000002,2.268,1.437,0.635,0.815,0.536,0.21,0.079
230.8,2.299,1.463,0.645,0.815,0.536,0.21,0.08
230.9,2.311,1.473,0.649,0.815,0.537,0.21,0.08
231.0,2.285,1.451,0.641,0.815,0.536,0.21,0.08
231.10000000000002,2.306,1.468,0.647,0.815,0.536,0.21,0.079
231.20000000000002,2.283,1.449,0.64,0.816,0.537,0.21,0.08
231.3,2.274,1.442,0.637,0.815,0.536,0.21,0.08
231.4,2.271,1.439,0.636,0.816,0.537,0.21,0.08
231.5,2.3,1.463,0.646,0.816,0.536,0.21,0.08
231.60000000000002,2.281,1.448,0.64,0.815,0.537,0.21,0.08
231.70000000000002,2.273,1.441,0.637,0.814,0.536,0.21,0.079
231.8,2.27,1.439,0.636,0.815,0.537,0.21,0.08
231.9,2.269,1.438,0.636,0.814,0.536,0.21,0.079
232.0,2.238,1.412,0.626,0.815,0.537,0.21,0.08
232.10000000000002,2.225,1.402,0.622,0.814,0.536,0.21,0.079
232.20000000000002,2.282,1.448,0.64,0.815,0.536,0.21,0.08
232.3,2.274,1.442,0.637,0.815,0.537,0.21,0.08
232.4,2.301,1.464,0.646,0.815,0.536,0.21,0.08
232.5,2.281,1.448,0.64,0.814,0.536,0.21,0.08
232.60000000000002,2.274,1.441,0.637,0.815,0.537,0.21,0.08
232.70000000000002,2.27,1.439,0.636,0.815,0.536,0.211,0.079
232.8,2.238,1.412,0.626,0.816,0.536,0.21,0.08
232.9,2.256,1.427,0.632,0.815,0.536,0.21,0.079
233.0,2.294,1.459,0.644,0.814,0.536,0.21,0.08
233.10000000000002,2.279,1.446,0.639,0.815,0.536,0.21,0.08
233.20000000000002,2.303,1.466,0.647,0.814,0.537,0.21,0.08
233.3,2.282,1.449,0.64,0.815,0.537,0.21,0.08
233.4,2.274,1.442,0.637,0.815,0.536,0.21,0.08
233.5,2.27,1.439,0.636,0.816,0.536,0.21,0.08
233.60000000000002,2.269,1.438,0.636,0.815,0.535,0.21,0.08
233.70000000000002,2.269,1.437,0.636,0.816,0.535,0.21,0.08
233.8,2.268,1.437,0.636,0.816,0.535,0.21,0.08
233.9,2.268,1.437,0.636,0.815,0.536,0.21,0.08
234.0,2.268,1.437,0.635,0.814,0.535,0.21,0.08
234.10000000000002,2.272,1.44,0.637,0.815,0.536,0.21,0.08
234.20000000000002,2.268,1.437,0.635,0.816,0.536,0.21,0.08
234.3,2.299,1.463,0.645,0.814,0.536,0.21,0.08
234.4,2.294,1.459,0.644,0.814,0.535,0.21,0.079
234.5,2.24,1.413,0.626,0.815,0.535,0.21,0.08
234.60000000000002,2.268,1.437,0.635,0.815,0.536,0.21,0.08
234.70000000000002,2.281,1.447,0.639,0.815,0.535,0.21,0.079
234.8,2.27,1.438,0.636,0.814,0.535,0.21,0.08
234.9,2.279,1.446,0.639,0.815,0.535,0.21,0.08
235.0,2.269,1.437,0.636,0.815,0.536,0.209,0.08
235.10000000000002,2.268,1.437,0.635,0.815,0.537,0.21,0.08
235.20000000000002,2.257,1.427,0.632,0.814,0.535,0.21,0.08
235.3,2.273,1.441,0.637,0.815,0.535,0.21,0.08
235.4,2.268,1.437,0.636,0.815,0.535,0.21,0.08
235.5,2.268,1.437,0.636,0.814,0.535,0.21,0.08
235.60000000000002,2.268,1.437,0.636,0.814,0.535,0.21,0.08
235.70000000000002,2.268,1.437,0.635,0.814,0.535,0.21,0.08
235.8,2.268,1.437,0.635,0.814,0.535,0.21,0.08
235.9,2.268,1.437,0.635,0.815,0.535,0.21,0.08
236.0,2.268,1.437,0.635,0.814,0.535,0.21,0.08
236.10000000000002,2.268,1.437,0.635,0.814,0.535,0.209,0.08
236.20000000000002,2.268,1.437,0.635,0.813,0.535,0.209,0.08
236.3,2.268,1.437,0.635,0.814,0.535,0.21,0.079
236.4,2.299,1.463,0.645,0.814,0.535,0.21,0.08
236.5,2.281,1.447,0.639,0.813,0.535,0.209,0.079
236.60000000000002,2.273,1.441,0.637,0.814,0.535,0.209,0.08
236.70000000000002,2.301,1.464,0.646,0.814,0.535,0.209,0.079
236.8,2.273,1.441,0.637,0.814,0.535,0.209,0.08
236.9,2.27,1.439,0.636,0.814,0.534,0.209,0.079
237.0,2.281,1.448,0.64,0.815,0.535,0.21,0.079
237.10000000000002,2.269,1.438,0.636,0.814,0.535,0.209,0.079
237.20000000000002,2.299,1.463,0.645,0.814,0.535,0.209,0.079
237.3,2.281,1.447,0.639,0.813,0.535,0.209,0.079
237.4,2.273,1.441,0.637,0.814,0.534,0.209,0.079
237.5,2.27,1.439,0.636,0.813,0.534,0.209,0.08
237.60000000000002,2.3,1.463,0.646,0.813,0.535,0.209,0.079
237.70000000000002,2.281,1.447,0.64,0.813,0.535,0.209,0.08
237.8,2.304,1.467,0.647,0.813,0.535,0.21,0.079
237.9,2.283,1.449,0.64,0.814,0.535,0.21,0.08
238.0,2.305,1.467,0.647,0.813,0.534,0.209,0.08
238.10000000000002,2.283,1.449,0.64,0.813,0.534,0.209,0.08
238.20000000000002,2.305,1.467,0.647,0.814,0.534,0.209,0.079
238.3,2.314,1.475,0.65,0.814,0.534,0.21,0.08
238.4,2.286,1.452,0.641,0.814,0.535,0.209,0.079
238.5,2.276,1.443,0.638,0.813,0.534,0.21,0.08
238.60000000000002,2.271,1.439,0.636,0.814,0.534,0.209,0.079
238.70000000000002,2.269,1.438,0.636,0.813,0.535,0.209,0.079
238.8,2.269,1.437,0.636,0.813,0.535,0.209,0.079
238.9,2.268,1.437,0.636,0.814,0.534,0.209,0.079
239.0,2.393,1.541,0.675,0.813,0.534,0.209,0.08
239.10000000000002,2.318,1.479,0.651,0.813,0.534,0.209,0.08
239.20000000000002,2.288,1.454,0.642,0.813,0.535,0.209,0.08
239.3,2.276,1.444,0.638,0.813,0.534,0.21,0.079
239.4,2.271,1.44,0.637,0.813,0.535,0.209,0.079
239.5,2.269,1.438,0.636,0.813,0.534,0.209,0.08
239.60000000000002,1.696,1.075,0.475,0.606,0.398,0.156,0.059
239.70000000000002,1.697,1.075,0.475,0.607,0.398,0.156,0.059
239.8,1.724,1.096,0.484,0.61,0.4,0.157,0.059
239.9,1.702,1.08,0.477,0.607,0.398,0.156,0.059
240.0,1.744,1.111,0.49,0.614,0.403,0.158,0.06
240.10000000000002,1.713,1.088,0.48,0.609,0.399,0.156,0.059
240.20000000000002,1.907,1.221,0.537,0.66,0.433,0.17,0.064
240.3,1.968,1.255,0.553,0.691,0.453,0.178,0.067
240.4,2.017,1.284,0.566,0.712,0.467,0.183,0.069
240.5,2.192,1.397,0.616,0.772,0.506,0.198,0.075
240.60000000000002,2.269,1.438,0.636,0.813,0.534,0.209,0.079
240.70000000000002,2.269,1.437,0.636,0.813,0.534,0.209,0.078
240.8,2.3,1.463,0.646,0.813,0.534,0.209,0.079
240.9,2.268,1.437,0.635,0.813,0.534,0.209,0.079
241.0,2.273,1.441,0.637,0.813,0.534,0.209,0.079
241.10000000000002,2.273,1.441,0.637,0.813,0.534,0.209,0.079
241.20000000000002,2.27,1.439,0.636,0.813,0.534,0.209,0.079
241.3,2.281,1.447,0.639,0.813,0.534,0.21,0.08
241.4,2.268,1.437,0.635,0.813,0.534,0.209,0.079
241.5,2.268,1.437,0.635,0.813,0.534,0.209,0.079
241.60000000000002,2.268,1.437,0.635,0.814,0.534,0.208,0.079
241.70000000000002,2.27,1.439,0.636,0.813,0.534,0.209,0.079
241.8,2.268,1.437,0.635,0.813,0.534,0.209,0.079
241.9,2.268,1.437,0.635,0.813,0.534,0.209,0.08
242.0,2.268,1.437,0.636,0.813,0.534,0.209,0.079
242.10000000000002,2.269,1.438,0.636,0.813,0.534,0.209,0.079
242.20000000000002,2.268,1.437,0.635,0.813,0.534,0.209,0.079
242.3,2.269,1.437,0.636,0.813,0.534,0.209,0.079
242.4,2.268,1.437,0.636,0.814,0.534,0.209,0.079
242.5,1.695,1.074,0.475,0.606,0.398,0.156,0.059
242.60000000000002,1.694,1.074,0.475,0.606,0.398,0.155,0.059
242.70000000000002,1.691,1.071,0.474,0.606,0.398,0.155,0.059
242.8,1.695,1.074,0.475,0.606,0.398,0.156,0.059
242.9,1.68,1.062,0.47,0.606,0.398,0.155,0.059
243.0,2.343,1.499,0.659,0.813,0.535,0.209,0.079
243.10000000000002,1.691,1.071,0.474,0.606,0.398,0.155,0.059
243.20000000000002,1.692,1.072,0.474,0.605,0.398,0.155,0.059
243.3,1.686,1.067,0.472,0.606,0.398,0.155,0.059
243.4,2.298,1.462,0.645,0.813,0.534,0.209,0.079
243.5,2.3,1.463,0.645,0.813,0.534,0.209,0.079
243.60000000000002,1.7,1.078,0.477,0.605,0.398,0.155,0.059
243.70000000000002,1.708,1.085,0.479,0.604,0.398,0.154,0.059
243.8,1.697,1.076,0.476,0.605,0.398,0.155,0.059
243.9,1.713,1.089,0.481,0.604,0.398,0.154,0.059
244.0,1.717,1.093,0.482,0.603,0.398,0.154,0.059
244.10000000000002,1.697,1.076,0.476,0.604,0.398,0.155,0.059
244.20000000000002,1.702,1.08,0.477,0.604,0.398,0.155,0.059
244.3,1.722,1.097,0.484,0.602,0.398,0.153,0.059
244.4,1.704,1.082,0.478,0.605,0.398,0.155,0.059
244.5,1.699,1.077,0.476,0.605,0.398,0.155,0.059
244.60000000000002,1.716,1.092,0.482,0.603,0.398,0.154,0.059
244.70000000000002,1.699,1.077,0.476,0.604,0.398,0.155,0.059
244.8,1.732,1.105,0.487,0.601,0.398,0.153,0.059
244.9,1.7,1.078,0.477,0.604,0.398,0.155,0.059
245.0,1.723,1.098,0.484,0.603,0.398,0.154,0.059
245.10000000000002,1.719,1.094,0.483,0.602,0.398,0.154,0.059
245.20000000000002,1.724,1.098,0.484,0.601,0.398,0.153,0.059
245.3,1.719,1.095,0.483,0.601,0.398,0.153,0.059
245.4,1.72,1.095,0.483,0.602,0.398,0.153,0.059
245.5,1.721,1.096,0.483,0.602,0.398,0.154,0.059
245.60000000000002,1.712,1.089,0.48,0.603,0.398,0.154,0.059
245.70000000000002,1.716,1.092,0.482,0.602,0.398,0.154,0.059
245.8,1.725,1.099,0.485,0.602,0.398,0.153,0.059
245.9,1.717,1.092,0.482,0.601,0.398,0.153,0.059
246.0,1.726,1.1,0.485,0.6,0.398,0.152,0.059
246.10000000000002,1.724,1.098,0.484,0.601,0.398,0.153,0.059
246.20000000000002,1.723,1.098,0.484,0.602,0.398,0.153,0.059
246.3,1.728,1.101,0.485,0.601,0.398,0.153,0.059
246.4,1.73,1.103,0.486,0.6,0.398,0.152,0.059
246.5,1.726,1.1,0.485,0.601,0.398,0.153,0.059
246.60000000000002,1.726,1.1,0.485,0.602,0.398,0.153,0.059
246.70000000000002,1.728,1.102,0.485,0.6,0.398,0.153,0.059
246.8,1.724,1.098,0.484,0.6,0.398,0.152,0.059
246.9,1.696,1.075,0.475,0.604,0.398,0.154,0.059
247.0,1.727,1.101,0.485,0.601,0.398,0.153,0.059
247.10000000000002,1.727,1.101,0.485,0.602,0.398,0.153,0.059
247.20000000000002,1.721,1.095,0.483,0.601,0.398,0.153,0.059
247.3,1.73,1.103,0.486,0.6,0.398,0.152,0.059
247.4,1.729,1.102,0.486,0.6,0.398,0.153,0.059
247.5,1.725,1.099,0.485,0.601,0.398,0.153,0.059
247.60000000000002,1.7,1.078,0.477,0.607,0.398,0.156,0.059
247.70000000000002,1.698,1.076,0.476,0.607,0.398,0.156,0.059
247.8,1.705,1.082,0.478,0.608,0.398,0.156,0.059
247.9,1.712,1.087,0.48,0.608,0.399,0.156,0.059
248.0,1.699,1.077,0.476,0.607,0.398,0.156,0.059
248.10000000000002,1.781,1.137,0.501,0.624,0.409,0.16,0.061
248.20000000000002,1.81,1.155,0.509,0.634,0.416,0.163,0.062
248.3,1.708,1.084,0.479,0.608,0.399,0.156,0.059
248.4,1.749,1.113,0.491,0.618,0.405,0.159,0.06
248.5,1.83,1.167,0.514,0.641,0.42,0.165,0.062
248.60000000000002,1.864,1.191,0.524,0.65,0.426,0.167,0.063
248.70000000000002,1.794,1.145,0.504,0.629,0.412,0.162,0.061
248.8,2.099,1.338,0.59,0.738,0.485,0.19,0.072
248.9,2.268,1.437,0.636,0.813,0.533,0.209,0.079
249.0,2.268,1.437,0.635,0.813,0.534,0.209,0.079
249.10000000000002,2.27,1.439,0.636,0.813,0.534,0.209,0.079
249.20000000000002,2.299,1.463,0.645,0.813,0.534,0.209,0.08
249.3,2.281,1.447,0.64,0.813,0.534,0.209,0.079
249.4,2.268,1.437,0.635,0.813,0.534,0.209,0.079
249.5,2.268,1.437,0.635,0.813,0.534,0.209,0.079
249.60000000000002,2.268,1.437,0.635,0.813,0.534,0.209,0.079
249.70000000000002,2.273,1.441,0.637,0.814,0.534,0.209,0.079
249.8,2.28,1.447,0.639,0.814,0.534,0.209,0.079
249.9,1.69,1.07,0.473,0.606,0.398,0.155,0.059
250.0,1.692,1.072,0.474,0.606,0.398,0.155,0.059
250.10000000000002,1.692,1.072,0.474,0.605,0.398,0.155,0.059
250.20000000000002,1.712,1.088,0.48,0.603,0.398,0.154,0.059
250.3,1.702,1.08,0.477,0.604,0.398,0.154,0.059
250.4,1.696,1.075,0.475,0.604,0.398,0.154,0.059
250.5,1.695,1.074,0.475,0.604,0.398,0.154,0.059
250.60000000000002,1.726,1.1,0.485,0.601,0.398,0.153,0.059
250.70000000000002,1.723,1.097,0.484,0.601,0.398,0.153,0.059
250.8,1.722,1.097,0.484,0.6,0.398,0.152,0.059
250.9,1.722,1.097,0.484,0.601,0.398,0.153,0.059
251.0,1.732,1.102,0.486,0.611,0.401,0.157,0.059
251.10000000000002,1.738,1.105,0.488,0.616,0.404,0.158,0.06
251.20000000000002,1.742,1.11,0.489,0.612,0.402,0.157,0.06
251.3,1.763,1.124,0.495,0.621,0.407,0.16,0.06
251.4,1.718,1.092,0.482,0.61,0.4,0.157,0.059
251.5,2.268,1.437,0.635,0.813,0.534,0.209,0.079
251.60000000000002,1.691,1.071,0.474,0.606,0.398,0.155,0.059
251.70000000000002,1.692,1.071,0.474,0.606,0.398,0.155,0.059
251.8,1.692,1.072,0.474,0.605,0.398,0.155,0.059
251.9,1.727,1.101,0.485,0.601,0.398,0.153,0.059
252.0,1.729,1.103,0.486,0.6,0.398,0.153,0.059
252.10000000000002,2.268,1.437,0.636,0.813,0.533,0.209,0.079
252.20000000000002,1.84,1.199,0.522,0.6,0.397,0.152,0.059
252.3,1.826,1.187,0.517,0.6,0.398,0.152,0.059
252.4,1.807,1.17,0.511,0.599,0.398,0.152,0.059
252.5,1.791,1.157,0.506,0.599,0.397,0.151,0.059
252.60000000000002,1.787,1.153,0.505,0.599,0.397,0.151,0.059
252.70000000000002,1.776,1.143,0.501,0.599,0.397,0.151,0.059
252.8,1.775,1.142,0.501,0.599,0.397,0.151,0.059
252.9,1.774,1.141,0.5,0.599,0.397,0.151,0.06
253.0,1.773,1.14,0.5,0.599,0.397,0.151,0.06
253.10000000000002,1.772,1.139,0.5,0.599,0.397,0.151,0.06
253.20000000000002,1.772,1.139,0.499,0.599,0.397,0.151,0.06
253.3,1.771,1.138,0.499,0.598,0.397,0.15,0.06
253.4,1.771,1.138,0.499,0.598,0.397,0.15,0.06
253.5,1.763,1.131,0.497,0.598,0.397,0.151,0.06
253.60000000000002,1.764,1.132,0.497,0.598,0.398,0.15,0.06
253.70000000000002,1.758,1.127,0.495,0.598,0.398,0.15,0.06
253.8,1.76,1.129,0.496,0.598,0.398,0.15,0.06
253.9,1.762,1.13,0.496,0.598,0.398,0.15,0.06
254.0,1.764,1.131,0.497,0.598,0.398,0.15,0.06
254.10000000000002,1.765,1.132,0.497,0.598,0.398,0.15,0.06
254.20000000000002,1.766,1.133,0.498,0.598,0.398,0.15,0.06
254.3,1.759,1.127,0.495,0.598,0.398,0.15,0.06
254.4,1.761,1.129,0.496,0.598,0.397,0.15,0.06
254.5,1.763,1.131,0.497,0.598,0.398,0.15,0.06
254.60000000000002,1.764,1.132,0.497,0.598,0.398,0.15,0.06
254.70000000000002,1.765,1.133,0.497,0.598,0.397,0.15,0.06
254.8,1.774,1.14,0.5,0.598,0.398,0.15,0.06
254.9,1.773,1.139,0.5,0.598,0.398,0.15,0.06
255.0,1.772,1.139,0.5,0.598,0.398,0.15,0.06
255.10000000000002,1.772,1.138,0.499,0.598,0.398,0.15,0.06
255.20000000000002,1.748,1.119,0.492,0.598,0.398,0.15,0.06
255.3,1.745,1.116,0.491,0.598,0.398,0.15,0.06
255.4,1.75,1.12,0.492,0.598,0.397,0.15,0.06
255.5,1.754,1.123,0.494,0.598,0.397,0.15,0.06
255.60000000000002,1.757,1.126,0.495,0.598,0.398,0.15,0.06
255.70000000000002,1.76,1.128,0.496,0.598,0.398,0.15,0.06
255.8,1.762,1.13,0.496,0.598,0.397,0.15,0.06
255.9,1.763,1.131,0.497,0.598,0.397,0.15,0.06
256.0,1.764,1.132,0.497,0.598,0.397,0.15,0.06
256.1,1.758,1.127,0.495,0.598,0.397,0.15,0.06
256.2,1.76,1.129,0.496,0.598,0.397,0.15,0.06
256.3,1.762,1.13,0.496,0.598,0.398,0.15,0.06
256.40000000000003,1.764,1.131,0.497,0.598,0.397,0.15,0.06
256.5,1.773,1.139,0.5,0.598,0.397,0.15,0.06
256.6,1.772,1.139,0.5,0.598,0.398,0.15,0.06
256.7,1.772,1.138,0.499,0.598,0.398,0.15,0.06
256.8,1.771,1.138,0.499,0.598,0.397,0.15,0.06
256.90000000000003,1.771,1.138,0.499,0.598,0.397,0.15,0.06
257.0,1.771,1.137,0.499,0.598,0.397,0.15,0.06
257.1,1.77,1.137,0.499,0.598,0.398,0.15,0.06
257.2,1.77,1.137,0.499,0.598,0.397,0.15,0.06
257.3,1.77,1.137,0.499,0.598,0.397,0.15,0.06
257.40000000000003,1.77,1.137,0.499,0.598,0.397,0.15,0.06
257.5,1.77,1.137,0.499,0.598,0.397,0.15,0.06
257.6,1.77,1.137,0.499,0.598,0.397,0.15,0.06
257.7,1.77,1.137,0.499,0.598,0.397,0.15,0.06
257.8,1.77,1.137,0.499,0.598,0.397,0.15,0.06
257.90000000000003,1.77,1.137,0.499,0.598,0.397,0.15,0.06
258.0,1.762,1.13,0.496,0.598,0.397,0.15,0.06
258.1,1.764,1.131,0.497,0.598,0.397,0.15,0.06
258.2,1.765,1.132,0.497,0.597,0.397,0.15,0.06
258.3,1.766,1.133,0.498,0.598,0.397,0.149,0.06
258.40000000000003,1.767,1.134,0.498,0.598,0.397,0.149,0.06
258.5,1.767,1.134,0.498,0.598,0.397,0.149,0.06
258.6,1.768,1.135,0.498,0.598,0.397,0.149,0.06
258.7,1.768,1.135,0.498,0.598,0.397,0.149,0.06
258.8,1.768,1.135,0.498,0.598,0.398,0.149,0.06
258.90000000000003,1.769,1.136,0.498,0.598,0.398,0.149,0.06
259.0,1.777,1.142,0.501,0.598,0.398,0.149,0.06
259.1,1.775,1.141,0.501,0.598,0.398,0.149,0.06
259.2,1.774,1.14,0.5,0.598,0.398,0.149,0.06
259.3,1.773,1.14,0.5,0.598,0.398,0.149,0.06
259.40000000000003,1.772,1.139,0.5,0.598,0.398,0.149,0.06
259.5,1.772,1.138,0.499,0.598,0.398,0.149,0.06
259.6,1.771,1.138,0.499,0.598,0.398,0.149,0.06
259.7,1.771,1.138,0.499,0.598,0.398,0.149,0.06
259.8,1.771,1.137,0.499,0.598,0.397,0.149,0.06
259.90000000000003,1.778,1.144,0.502,0.597,0.398,0.149,0.061
260.0,1.777,1.142,0.501,0.597,0.397,0.149,0.061
260.1,1.775,1.141,0.501,0.597,0.397,0.149,0.061
260.2,1.774,1.14,0.5,0.597,0.397,0.149,0.06
260.3,1.773,1.14,0.5,0.597,0.397,0.149,0.06
260.40000000000003,1.772,1.139,0.5,0.597,0.397,0.149,0.06
260.5,1.772,1.138,0.499,0.597,0.397,0.149,0.06
260.6,1.771,1.138,0.499,0.597,0.397,0.149,0.06
260.7,1.771,1.138,0.499,0.597,0.397,0.149,0.06
260.8,1.771,1.137,0.499,0.597,0.397,0.149,0.06
260.90000000000003,1.771,1.137,0.499,0.597,0.397,0.149,0.06
261.0,1.77,1.137,0.499,0.597,0.397,0.149,0.06
261.1,1.77,1.137,0.499,0.597,0.397,0.149,0.06
261.2,1.778,1.143,0.501,0.597,0.397,0.149,0.06
261.3,1.784,1.149,0.503,0.597,0.397,0.149,0.061
261.40000000000003,1.781,1.146,0.502,0.597,0.397,0.149,0.061
261.5,1.794,1.157,0.507,0.597,0.397,0.149,0.061
261.6,1.789,1.153,0.505,0.597,0.397,0.149,0.061
261.7,1.785,1.15,0.504,0.597,0.397,0.149,0.061
261.8,1.782,1.147,0.503,0.597,0.397,0.149,0.061
261.90000000000003,1.78,1.145,0.502,0.597,0.397,0.149,0.061
262.0,1.778,1.143,0.501,0.598,0.397,0.149,0.061
262.1,1.776,1.142,0.501,0.598,0.397,0.149,0.061
262.2,1.783,1.147,0.503,0.598,0.397,0.149,0.061
262.3,1.78,1.145,0.502,0.598,0.397,0.149,0.061
262.40000000000003,1.778,1.143,0.501,0.598,0.397,0.149,0.061
262.5,1.776,1.142,0.501,0.598,0.397,0.149,0.061
262.6,1.775,1.141,0.5,0.598,0.397,0.149,0.061
262.7,1.782,1.147,0.503,0.598,0.397,0.149,0.061
262.8,1.779,1.145,0.502,0.598,0.397,0.149,0.061
262.90000000000003,1.777,1.143,0.501,0.598,0.397,0.149,0.061
263.0,1.776,1.142,0.501,0.598,0.397,0.149,0.061
263.1,1.775,1.141,0.5,0.598,0.397,0.149,0.061
263.2,1.774,1.14,0.5,0.598,0.397,0.149,0.061
263.3,1.773,1.139,0.5,0.598,0.397,0.149,0.061
263.40000000000003,1.772,1.139,0.5,0.598,0.397,0.149,0.061
263.5,1.772,1.138,0.499,0.598,0.397,0.149,0.061
263.6,1.771,1.138,0.499,0.598,0.397,0.149,0.061
263.7,1.771,1.138,0.499,0.598,0.397,0.149,0.061
263.8,1.771,1.137,0.499,0.598,0.397,0.149,0.061
263.90000000000003,1.77,1.137,0.499,0.598,0.397,0.149,0.061
264.0,1.77,1.137,0.499,0.598,0.397,0.149,0.061
264.1,1.77,1.137,0.499,0.598,0.397,0.149,0.061
264.2,1.77,1.137,0.499,0.598,0.397,0.149,0.061
264.3,1.778,1.143,0.501,0.598,0.397,0.149,0.061
264.40000000000003,1.776,1.142,0.501,0.598,0.397,0.149,0.061
264.5,1.783,1.147,0.503,0.598,0.397,0.149,0.061
264.6,1.78,1.145,0.502,0.598,0.397,0.149,0.061
264.7,1.786,1.15,0.504,0.598,0.397,0.149,0.061
264.8,1.782,1.147,0.503,0.598,0.397,0.149,0.061
264.90000000000003,1.788,1.152,0.505,0.599,0.397,0.149,0.061
265.0,1.784,1.149,0.503,0.599,0.397,0.149,0.061
265.1,1.789,1.153,0.505,0.599,0.397,0.149,0.061
265.2,1.793,1.156,0.506,0.599,0.397,0.149,0.061
265.3,1.796,1.159,0.507,0.599,0.397,0.149,0.061
265.40000000000003,1.791,1.154,0.505,0.599,0.397,0.149,0.061
265.5,1.794,1.157,0.507,0.6,0.397,0.149,0.061
265.6,1.797,1.16,0.508,0.6,0.397,0.149,0.061
265.7,1.799,1.162,0.508,0.6,0.397,0.149,0.061
265.8,1.801,1.163,0.509,0.6,0.397,0.149,0.061
265.90000000000003,1.803,1.164,0.509,0.6,0.397,0.149,0.061
266.0,1.796,1.159,0.507,0.6,0.397,0.149,0.061
266.1,1.799,1.161,0.508,0.6,0.397,0.149,0.061
266.2,1.801,1.163,0.509,0.601,0.397,0.149,0.061
266.3,1.802,1.164,0.509,0.601,0.397,0.149,0.061
266.40000000000003,1.796,1.158,0.507,0.601,0.397,0.149,0.061
266.5,1.798,1.161,0.508,0.601,0.397,0.149,0.061
266.6,1.808,1.169,0.511,0.601,0.397,0.149,0.061
266.7,1.808,1.169,0.511,0.602,0.397,0.149,0.061
266.8,1.808,1.169,0.511,0.602,0.397,0.149,0.061
266.90000000000003,1.808,1.169,0.511,0.602,0.397,0.149,0.061
267.0,1.808,1.169,0.511,0.602,0.397,0.149,0.061
267.1,2.177,1.408,0.615,0.726,0.478,0.18,0.074
267.2,2.325,1.503,0.657,0.774,0.51,0.193,0.079
267.3,2.384,1.541,0.674,0.795,0.523,0.197,0.081
267.40000000000003,2.408,1.557,0.681,0.803,0.529,0.199,0.081
267.5,2.417,1.563,0.683,0.807,0.531,0.2,0.082
267.6,2.421,1.565,0.684,0.808,0.531,0.2,0.082
267.7,2.422,1.566,0.685,0.808,0.532,0.201,0.082
267.8,2.423,1.566,0.685,0.808,0.532,0.2,0.083
267.90000000000003,2.423,1.567,0.685,0.809,0.532,0.2,0.082
268.0,2.392,1.54,0.675,0.807,0.533,0.201,0.082
268.1,2.411,1.556,0.681,0.807,0.532,0.2,0.082
268.2,2.387,1.536,0.673,0.807,0.533,0.2,0.082
268.3,2.378,1.528,0.67,0.806,0.533,0.2,0.082
268.40000000000003,2.405,1.551,0.679,0.806,0.532,0.2,0.082
268.5,2.385,1.534,0.673,0.806,0.532,0.2,0.082
268.6,2.408,1.554,0.68,0.806,0.533,0.2,0.082
268.7,2.386,1.535,0.673,0.805,0.532,0.2,0.082
268.8,2.377,1.528,0.67,0.806,0.533,0.201,0.082
268.90000000000003,2.374,1.525,0.669,0.806,0.532,0.2,0.082
269.0,2.403,1.55,0.679,0.806,0.533,0.2,0.082
269.1,2.384,1.534,0.672,0.806,0.533,0.2,0.082
269.2,2.376,1.527,0.67,0.805,0.532,0.199,0.082
269.3,2.373,1.525,0.669,0.806,0.532,0.2,0.082
269.40000000000003,2.372,1.524,0.669,0.806,0.532,0.2,0.082
269.5,2.372,1.523,0.668,0.806,0.532,0.2,0.082
269.6,2.371,1.523,0.668,0.805,0.533,0.2,0.082
269.7,2.403,1.549,0.678,0.806,0.533,0.2,0.082
269.8,2.384,1.533,0.672,0.806,0.532,0.199,0.082
269.90000000000003,2.376,1.527,0.67,0.806,0.533,0.2,0.082
270.0,2.373,1.525,0.669,0.805,0.533,0.2,0.082
270.1,2.341,1.498,0.659,0.805,0.532,0.2,0.083
270.2,2.359,1.513,0.664,0.805,0.533,0.2,0.082
270.3,2.366,1.519,0.667,0.806,0.532,0.2,0.082
270.40000000000003,2.369,1.521,0.668,0.805,0.532,0.2,0.082
270.5,2.371,1.522,0.668,0.805,0.532,0.2,0.083
270.6,2.402,1.549,0.678,0.806,0.533,0.2,0.082
270.7,2.415,1.56,0.682,0.805,0.532,0.2,0.082
270.8,2.389,1.538,0.674,0.806,0.533,0.2,0.082
270.90000000000003,2.441,1.582,0.691,0.806,0.532,0.2,0.082
271.0,2.43,1.573,0.687,0.808,0.532,0.2,0.083
271.1,2.426,1.569,0.686,0.807,0.532,0.2,0.083
271.2,2.424,1.568,0.685,0.807,0.532,0.2,0.083
271.3,2.424,1.567,0.685,0.808,0.532,0.201,0.082
271.40000000000003,2.392,1.541,0.675,0.809,0.532,0.201,0.082
271.5,2.411,1.556,0.681,0.809,0.532,0.201,0.083
271.6,2.387,1.536,0.673,0.81,0.532,0.201,0.082
271.7,2.409,1.555,0.68,0.81,0.532,0.201,0.082
271.8,2.418,1.562,0.683,0.81,0.533,0.201,0.083
271.90000000000003,2.421,1.565,0.684,0.81,0.532,0.201,0.083
272.0,2.391,1.54,0.675,0.811,0.532,0.201,0.083
272.1,2.41,1.556,0.681,0.811,0.532,0.201,0.083
272.2,2.418,1.562,0.683,0.812,0.533,0.202,0.082
272.3,2.421,1.565,0.684,0.812,0.533,0.202,0.082
272.40000000000003,2.391,1.54,0.675,0.813,0.532,0.203,0.083
272.5,2.41,1.556,0.681,0.813,0.533,0.202,0.082
272.6,2.387,1.536,0.673,0.813,0.532,0.203,0.082
272.7,2.409,1.554,0.68,0.813,0.532,0.203,0.082
272.8,2.386,1.536,0.673,0.813,0.532,0.203,0.083
272.90000000000003,2.409,1.554,0.68,0.813,0.532,0.203,0.082
273.0,2.417,1.562,0.683,0.813,0.532,0.203,0.081
273.1,2.421,1.565,0.684,0.813,0.532,0.203,0.082
273.2,2.422,1.566,0.685,0.813,0.533,0.204,0.082
273.3,2.392,1.54,0.675,0.813,0.532,0.203,0.082
273.40000000000003,2.379,1.53,0.671,0.813,0.532,0.203,0.083
273.5,2.406,1.552,0.679,0.813,0.532,0.203,0.082
273.6,2.385,1.535,0.673,0.813,0.532,0.203,0.082
273.7,2.377,1.528,0.67,0.812,0.532,0.203,0.082
273.8,2.436,1.578,0.689,0.813,0.532,0.203,0.082
273.90000000000003,2.428,1.571,0.687,0.813,0.532,0.203,0.082
274.0,2.332,1.491,0.656,0.812,0.532,0.203,0.082
274.1,2.356,1.51,0.663,0.812,0.532,0.203,0.082
274.2,2.396,1.544,0.676,0.813,0.532,0.203,0.082
274.3,2.381,1.531,0.672,0.812,0.533,0.203,0.082
274.40000000000003,2.375,1.526,0.67,0.812,0.532,0.203,0.082
274.5,2.373,1.524,0.669,0.811,0.532,0.203,0.082
274.6,2.372,1.523,0.669,0.811,0.532,0.202,0.082
274.7,2.372,1.523,0.668,0.81,0.531,0.203,0.082
274.8,2.371,1.523,0.668,0.81,0.531,0.202,0.082
274.90000000000003,2.371,1.523,0.668,0.81,0.532,0.202,0.082
275.0,2.403,1.549,0.678,0.81,0.531,0.202,0.082
275.1,2.384,1.533,0.672,0.81,0.532,0.202,0.082
275.2,2.376,1.527,0.67,0.811,0.531,0.202,0.082
275.3,2.373,1.525,0.669,0.811,0.532,0.202,0.083
275.40000000000003,2.372,1.524,0.669,0.811,0.532,0.203,0.082
275.5,2.372,1.523,0.668,0.81,0.531,0.203,0.082
275.6,2.371,1.523,0.668,0.811,0.532,0.203,0.082
275.7,2.371,1.523,0.668,0.81,0.532,0.203,0.082
275.8,2.371,1.523,0.668,0.811,0.532,0.203,0.082
275.90000000000003,2.371,1.523,0.668,0.811,0.532,0.203,0.082
276.0,2.403,1.549,0.678,0.811,0.531,0.202,0.082
276.1,2.384,1.533,0.672,0.811,0.532,0.202,0.082
276.2,2.376,1.527,0.67,0.812,0.532,0.202,0.082
276.3,2.373,1.525,0.669,0.811,0.531,0.202,0.082
276.40000000000003,2.403,1.55,0.679,0.811,0.531,0.203,0.082
276.5,2.384,1.534,0.672,0.811,0.532,0.203,0.082
276.6,2.376,1.527,0.67,0.811,0.531,0.202,0.082
276.7,2.373,1.525,0.669,0.811,0.531,0.202,0.082
276.8,2.372,1.524,0.669,0.811,0.531,0.203,0.082
276.90000000000003,2.372,1.523,0.668,0.811,0.531,0.203,0.082
277.0,2.371,1.523,0.668,0.811,0.53,0.203,0.082
277.1,2.371,1.523,0.668,0.812,0.531,0.203,0.082
277.2,2.371,1.523,0.668,0.812,0.531,0.203,0.082
277.3,2.403,1.549,0.678,0.813,0.532,0.203,0.082
277.40000000000003,2.384,1.533,0.672,0.813,0.531,0.203,0.082
277.5,2.376,1.527,0.67,0.813,0.531,0.203,0.082
277.6,2.373,1.525,0.669,0.812,0.531,0.203,0.081
277.7,2.372,1.524,0.669,0.813,0.531,0.203,0.082
277.8,2.372,1.523,0.668,0.813,0.532,0.203,0.082
277.90000000000003,2.371,1.523,0.668,0.813,0.531,0.203,0.082
278.0,2.371,1.523,0.668,0.812,0.531,0.203,0.081
278.1,2.371,1.523,0.668,0.812,0.532,0.203,0.082
278.2,2.371,1.523,0.668,0.813,0.531,0.204,0.082
278.3,2.371,1.523,0.668,0.813,0.531,0.203,0.082
278.40000000000003,2.371,1.523,0.668,0.813,0.531,0.203,0.081
278.5,2.371,1.523,0.668,0.813,0.531,0.204,0.082
278.6,2.371,1.523,0.668,0.813,0.531,0.204,0.081
278.7,2.371,1.523,0.668,0.813,0.53,0.204,0.081
278.8,2.371,1.523,0.668,0.813,0.531,0.204,0.082
278.90000000000003,2.371,1.523,0.668,0.813,0.531,0.204,0.081
279.0,2.371,1.523,0.668,0.813,0.53,0.204,0.082
279.1,2.371,1.523,0.668,0.813,0.531,0.204,0.082
279.2,2.371,1.523,0.668,0.813,0.531,0.204,0.081
279.3,2.371,1.523,0.668,0.813,0.53,0.204,0.081
279.40000000000003,2.371,1.523,0.668,0.813,0.53,0.204,0.081
279.5,2.371,1.523,0.668,0.814,0.53,0.204,0.081
279.6,2.371,1.523,0.668,0.813,0.531,0.204,0.081
279.7,2.371,1.523,0.668,0.813,0.53,0.204,0.081
279.8,2.371,1.523,0.668,0.813,0.53,0.204,0.081
279.90000000000003,2.371,1.523,0.668,0.814,0.53,0.204,0.082
280.0,2.34,1.497,0.658,0.814,0.531,0.204,0.081
280.1,2.359,1.513,0.664,0.813,0.531,0.204,0.082
280.2,2.398,1.545,0.677,0.813,0.531,0.204,0.081
280.3,2.351,1.506,0.662,0.813,0.531,0.204,0.082
280.40000000000003,2.363,1.516,0.666,0.812,0.531,0.204,0.081
280.5,2.368,1.52,0.667,0.812,0.53,0.204,0.081
280.6,2.37,1.522,0.668,0.812,0.531,0.204,0.081
280.7,2.371,1.522,0.668,0.813,0.53,0.204,0.081
280.8,2.371,1.523,0.668,0.813,0.531,0.204,0.082
280.90000000000003,2.371,1.523,0.668,0.813,0.53,0.204,0.081
281.0,2.371,1.523,0.668,0.813,0.531,0.204,0.081
281.1,2.34,1.497,0.658,0.812,0.53,0.204,0.081
281.2,2.359,1.513,0.664,0.812,0.531,0.204,0.082
281.3,2.366,1.519,0.667,0.812,0.53,0.204,0.082
281.40000000000003,2.369,1.521,0.668,0.812,0.53,0.204,0.082
281.5,2.371,1.522,0.668,0.812,0.53,0.204,0.082
281.6,2.34,1.497,0.658,0.813,0.53,0.204,0.082
281.7,2.359,1.512,0.664,0.812,0.53,0.204,0.081
281.8,2.335,1.493,0.657,0.812,0.53,0.204,0.081
281.90000000000003,2.326,1.485,0.654,0.812,0.53,0.204,0.081
282.0,2.322,1.482,0.653,0.812,0.53,0.204,0.081
282.1,2.352,1.506,0.662,0.812,0.53,0.204,0.081
282.2,2.363,1.516,0.666,0.812,0.53,0.204,0.081
282.3,2.368,1.52,0.667,0.812,0.529,0.204,0.081
282.40000000000003,2.37,1.522,0.668,0.812,0.53,0.204,0.082
282.5,2.34,1.497,0.658,0.812,0.53,0.204,0.081
282.6,2.359,1.512,0.664,0.812,0.53,0.204,0.082
282.7,2.397,1.545,0.677,0.812,0.53,0.204,0.082
282.8,2.351,1.506,0.662,0.812,0.53,0.204,0.081
282.90000000000003,2.332,1.49,0.656,0.811,0.53,0.204,0.082
283.0,2.325,1.484,0.653,0.812,0.53,0.204,0.082
283.1,2.26,1.43,0.633,0.811,0.529,0.204,0.082
283.2,2.327,1.486,0.654,0.81,0.529,0.204,0.081
283.3,2.354,1.508,0.663,0.811,0.53,0.204,0.082
283.40000000000003,2.333,1.491,0.656,0.812,0.53,0.204,0.081
283.5,2.325,1.484,0.654,0.811,0.53,0.204,0.081
283.6,2.322,1.481,0.653,0.812,0.529,0.204,0.081
283.7,2.352,1.506,0.662,0.811,0.529,0.204,0.081
283.8,2.363,1.516,0.666,0.811,0.53,0.204,0.082
283.90000000000003,2.368,1.52,0.667,0.811,0.53,0.204,0.082
284.0,2.339,1.496,0.658,0.812,0.53,0.204,0.081
284.1,2.327,1.486,0.654,0.811,0.529,0.204,0.082
284.2,2.323,1.482,0.653,0.81,0.529,0.204,0.082
284.3,2.352,1.507,0.662,0.81,0.53,0.204,0.081
284.40000000000003,2.333,1.49,0.656,0.811,0.53,0.204,0.081
284.5,2.325,1.484,0.653,0.811,0.529,0.204,0.081
284.6,2.353,1.507,0.662,0.811,0.53,0.204,0.082
284.7,2.333,1.491,0.656,0.81,0.53,0.204,0.081
284.8,2.325,1.484,0.654,0.81,0.53,0.204,0.081
284.90000000000003,2.322,1.481,0.653,0.81,0.529,0.204,0.082
285.0,2.32,1.48,0.652,0.81,0.529,0.204,0.081
285.1,2.32,1.48,0.652,0.81,0.529,0.204,0.081
285.2,2.32,1.48,0.652,0.81,0.529,0.204,0.081
285.3,2.32,1.48,0.652,0.81,0.529,0.204,0.081
285.40000000000003,2.32,1.48,0.652,0.811,0.529,0.204,0.081
285.5,2.32,1.48,0.652,0.811,0.529,0.204,0.081
285.6,2.32,1.48,0.652,0.81,0.529,0.204,0.081
285.7,2.32,1.48,0.652,0.81,0.529,0.204,0.082
285.8,2.32,1.48,0.652,0.81,0.529,0.204,0.081
285.90000000000003,2.32,1.48,0.652,0.811,0.529,0.204,0.081
286.0,2.32,1.48,0.652,0.81,0.529,0.204,0.082
286.1,2.32,1.48,0.652,0.81,0.529,0.204,0.082
286.2,2.32,1.48,0.652,0.81,0.529,0.204,0.081
286.3,2.351,1.506,0.662,0.81,0.529,0.204,0.081
286.40000000000003,2.332,1.49,0.656,0.809,0.529,0.204,0.081
286.5,2.356,1.51,0.663,0.81,0.529,0.204,0.081
286.6,2.334,1.492,0.656,0.81,0.529,0.204,0.081
286.7,2.325,1.484,0.654,0.81,0.529,0.204,0.081
286.8,2.322,1.482,0.653,0.809,0.529,0.204,0.082
286.90000000000003,2.321,1.48,0.652,0.81,0.529,0.204,0.082
287.0,2.351,1.506,0.662,0.809,0.529,0.204,0.082
287.1,2.332,1.49,0.656,0.809,0.528,0.204,0.081
287.2,2.325,1.484,0.653,0.81,0.529,0.204,0.081
287.3,2.322,1.481,0.652,0.81,0.529,0.204,0.081
287.40000000000003,2.32,1.48,0.652,0.81,0.529,0.204,0.082
287.5,2.32,1.48,0.652,0.81,0.529,0.204,0.081
287.6,2.351,1.506,0.662,0.81,0.529,0.204,0.082
287.7,2.332,1.49,0.656,0.81,0.529,0.204,0.081
287.8,2.325,1.484,0.653,0.81,0.529,0.204,0.081
287.90000000000003,2.322,1.481,0.652,0.81,0.528,0.204,0.082
288.0,2.351,1.506,0.662,0.809,0.528,0.204,0.081
288.1,2.332,1.49,0.656,0.809,0.528,0.204,0.081
288.2,2.325,1.484,0.653,0.809,0.528,0.204,0.081
288.3,2.322,1.481,0.652,0.809,0.528,0.204,0.08
288.40000000000003,2.32,1.48,0.652,0.81,0.528,0.204,0.081
288.5,2.32,1.48,0.652,0.809,0.528,0.204,0.081
288.6,2.351,1.506,0.662,0.81,0.528,0.204,0.081
288.7,2.363,1.516,0.666,0.809,0.528,0.204,0.081
288.8,2.337,1.494,0.657,0.81,0.528,0.204,0.082
288.90000000000003,2.327,1.485,0.654,0.809,0.528,0.204,0.081
289.0,2.353,1.508,0.663,0.809,0.528,0.204,0.081
289.1,2.333,1.491,0.656,0.809,0.528,0.204,0.081
289.2,2.325,1.484,0.654,0.809,0.528,0.204,0.081
289.3,2.322,1.481,0.653,0.809,0.528,0.204,0.08
289.40000000000003,2.383,1.533,0.672,0.809,0.528,0.204,0.081
289.5,2.345,1.501,0.66,0.81,0.528,0.204,0.081
289.6,2.33,1.488,0.655,0.809,0.528,0.204,0.08
289.7,2.324,1.483,0.653,0.81,0.528,0.204,0.081
289.8,2.321,1.481,0.652,0.809,0.527,0.204,0.081
289.90000000000003,2.32,1.48,0.652,0.809,0.527,0.204,0.081
290.0,2.32,1.48,0.652,0.809,0.528,0.204,0.081
290.1,2.32,1.48,0.652,0.809,0.527,0.204,0.081
290.2,2.32,1.48,0.652,0.809,0.528,0.204,0.081
290.3,2.32,1.48,0.652,0.809,0.528,0.204,0.081
290.40000000000003,2.32,1.48,0.652,0.809,0.528,0.204,0.081
290.5,2.32,1.48,0.652,0.809,0.528,0.204,0.08
290.6,2.32,1.48,0.652,0.809,0.528,0.204,0.08
290.7,2.32,1.48,0.652,0.809,0.528,0.204,0.081
290.8,2.32,1.48,0.652,0.809,0.528,0.204,0.081
290.90000000000003,2.32,1.48,0.652,0.809,0.527,0.204,0.081
291.0,2.32,1.48,0.652,0.808,0.527,0.204,0.081
291.1,2.32,1.48,0.652,0.808,0.527,0.204,0.08
291.2,2.32,1.48,0.652,0.808,0.527,0.204,0.08
291.3,2.32,1.48,0.652,0.808,0.527,0.204,0.081
291.40000000000003,2.32,1.48,0.652,0.808,0.528,0.203,0.08
291.5,2.32,1.48,0.652,0.807,0.527,0.203,0.08
291.6,2.32,1.48,0.652,0.808,0.526,0.204,0.081
291.7,2.258,1.429,0.632,0.807,0.527,0.203,0.081
291.8,2.295,1.459,0.644,0.808,0.527,0.203,0.081
291.90000000000003,2.31,1.472,0.649,0.807,0.526,0.203,0.081
292.0,2.316,1.476,0.651,0.808,0.527,0.203,0.081
292.1,2.318,1.478,0.651,0.808,0.527,0.204,0.081
292.2,2.319,1.479,0.652,0.809,0.526,0.204,0.082
292.3,2.319,1.479,0.652,0.809,0.527,0.204,0.081
292.40000000000003,2.351,1.506,0.662,0.808,0.526,0.203,0.081
292.5,2.332,1.49,0.656,0.808,0.527,0.204,0.081
292.6,2.325,1.484,0.653,0.809,0.526,0.204,0.081
292.7,2.322,1.481,0.652,0.808,0.526,0.204,0.08
292.8,2.32,1.48,0.652,0.808,0.526,0.204,0.08
292.90000000000003,2.32,1.48,0.652,0.808,0.527,0.204,0.08
293.0,2.32,1.48,0.652,0.808,0.527,0.203,0.081
293.1,2.32,1.48,0.652,0.808,0.526,0.204,0.081
293.2,2.32,1.48,0.652,0.809,0.527,0.204,0.081
293.3,2.351,1.506,0.662,0.808,0.526,0.203,0.081
293.40000000000003,2.332,1.49,0.656,0.808,0.526,0.204,0.081
293.5,2.325,1.484,0.653,0.808,0.526,0.203,0.081
293.6,2.353,1.507,0.662,0.808,0.526,0.204,0.082
293.7,2.333,1.491,0.656,0.808,0.526,0.203,0.081
293.8,2.356,1.51,0.663,0.808,0.526,0.204,0.081
293.90000000000003,2.334,1.492,0.656,0.807,0.526,0.204,0.081
294.0,2.356,1.51,0.664,0.807,0.527,0.203,0.08
294.1,2.334,1.492,0.657,0.808,0.526,0.203,0.081
294.2,2.326,1.485,0.654,0.808,0.526,0.203,0.081
294.3,2.322,1.482,0.653,0.807,0.526,0.204,0.081
294.40000000000003,2.321,1.48,0.652,0.807,0.526,0.203,0.08
294.5,2.32,1.48,0.652,0.808,0.526,0.203,0.081
294.6,2.32,1.48,0.652,0.807,0.526,0.203,0.081
294.7,2.32,1.48,0.652,0.807,0.526,0.203,0.081
294.8,2.351,1.506,0.662,0.806,0.526,0.203,0.08
294.90000000000003,2.363,1.516,0.666,0.807,0.526,0.202,0.081
295.0,2.337,1.494,0.657,0.806,0.525,0.203,0.081
295.1,2.327,1.485,0.654,0.807,0.526,0.203,0.082
295.2,2.261,1.431,0.633,0.807,0.526,0.203,0.081
295.3,2.296,1.46,0.644,0.806,0.525,0.202,0.08
295.40000000000003,2.341,1.498,0.659,0.806,0.526,0.202,0.081
295.5,2.328,1.487,0.655,0.807,0.526,0.203,0.08
295.6,2.323,1.483,0.653,0.806,0.525,0.202,0.081
295.7,2.321,1.481,0.652,0.806,0.525,0.203,0.081
295.8,2.351,1.506,0.662,0.806,0.526,0.203,0.08
295.90000000000003,2.332,1.49,0.656,0.806,0.525,0.203,0.08
296.0,2.294,1.458,0.644,0.807,0.525,0.202,0.081
296.1,2.309,1.471,0.649,0.806,0.526,0.202,0.081
296.2,2.316,1.476,0.651,0.806,0.525,0.203,0.081
296.3,2.318,1.478,0.651,0.806,0.525,0.203,0.082
296.40000000000003,2.288,1.453,0.642,0.805,0.525,0.202,0.081
296.5,2.307,1.469,0.648,0.806,0.526,0.203,0.081
296.6,2.315,1.475,0.65,0.806,0.525,0.202,0.081
296.7,2.318,1.478,0.651,0.807,0.526,0.203,0.081
296.8,2.381,1.531,0.671,0.806,0.525,0.203,0.081
296.90000000000003,2.344,1.5,0.66,0.806,0.526,0.202,0.081
297.0,2.329,1.488,0.655,0.806,0.525,0.202,0.081
297.1,2.324,1.483,0.653,0.806,0.525,0.202,0.081
297.2,2.321,1.481,0.652,0.806,0.526,0.202,0.081
297.3,2.32,1.48,0.652,0.806,0.525,0.202,0.08
297.40000000000003,2.32,1.48,0.652,0.806,0.525,0.202,0.081
297.5,2.228,1.404,0.623,0.806,0.525,0.202,0.081
297.6,2.283,1.449,0.64,0.805,0.525,0.202,0.081
297.7,2.305,1.468,0.647,0.806,0.525,0.202,0.08
297.8,2.314,1.475,0.65,0.807,0.525,0.202,0.081
297.90000000000003,2.317,1.478,0.651,0.806,0.525,0.202,0.081
298.0,2.319,1.479,0.652,0.807,0.525,0.202,0.081
298.1,2.319,1.479,0.652,0.807,0.525,0.202,0.08
298.2,2.319,1.48,0.652,0.806,0.525,0.202,0.08
298.3,2.32,1.48,0.652,0.806,0.525,0.202,0.08
298.40000000000003,2.351,1.506,0.662,0.806,0.525,0.201,0.081
298.5,2.332,1.49,0.656,0.807,0.525,0.202,0.081
298.6,2.294,1.458,0.644,0.806,0.524,0.202,0.081
298.7,2.309,1.471,0.649,0.806,0.525,0.202,0.08
298.8,2.347,1.502,0.66,0.807,0.525,0.202,0.08
298.90000000000003,2.361,1.515,0.665,0.807,0.525,0.202,0.08
299.0,2.336,1.494,0.657,0.807,0.525,0.202,0.081
299.1,2.326,1.485,0.654,0.806,0.524,0.202,0.081
299.2,2.322,1.482,0.653,0.807,0.524,0.202,0.081
299.3,2.321,1.481,0.652,0.807,0.525,0.202,0.081
299.40000000000003,2.32,1.48,0.652,0.807,0.525,0.202,0.081
299.5,2.32,1.48,0.652,0.807,0.524,0.202,0.081
299.6,2.32,1.48,0.652,0.807,0.524,0.202,0.081
299.7,2.32,1.48,0.652,0.807,0.525,0.202,0.081
299.8,2.32,1.48,0.652,0.807,0.524,0.202,0.081
299.90000000000003,2.32,1.48,0.652,0.806,0.524,0.202,0.081
300.0,2.32,1.48,0.652,0.807,0.525,0.202,0.081
300.1,2.32,1.48,0.652,0.807,0.524,0.202,0.081
300.2,2.32,1.48,0.652,0.808,0.525,0.202,0.081
300.3,2.32,1.48,0.652,0.807,0.524,0.202,0.08
300.40000000000003,2.32,1.48,0.652,0.807,0.525,0.202,0.081
300.5,2.32,1.48,0.652,0.807,0.524,0.202,0.081
300.6,2.32,1.48,0.652,0.807,0.524,0.202,0.081
300.7,2.32,1.48,0.652,0.806,0.524,0.202,0.081
300.8,2.32,1.48,0.652,0.808,0.524,0.202,0.081
300.90000000000003,2.32,1.48,0.652,0.808,0.524,0.202,0.081
301.0,2.32,1.48,0.652,0.808,0.524,0.201,0.08
301.1,2.32,1.48,0.652,0.807,0.524,0.202,0.08
301.2,2.32,1.48,0.652,0.807,0.525,0.202,0.081
301.3,2.351,1.506,0.662,0.807,0.524,0.202,0.08
301.40000000000003,2.332,1.49,0.656,0.807,0.524,0.201,0.08
301.5,2.325,1.484,0.653,0.807,0.524,0.202,0.081
301.6,2.322,1.481,0.652,0.808,0.524,0.202,0.08
301.7,2.32,1.48,0.652,0.808,0.524,0.202,0.08
301.8,2.32,1.48,0.652,0.807,0.524,0.202,0.08
301.90000000000003,2.32,1.48,0.652,0.808,0.524,0.202,0.08
302.0,2.32,1.48,0.652,0.807,0.524,0.202,0.081
302.1,2.32,1.48,0.652,0.807,0.524,0.202,0.08
302.2,2.32,1.48,0.652,0.808,0.525,0.202,0.081
302.3,2.32,1.48,0.652,0.808,0.524,0.202,0.081
302.40000000000003,2.32,1.48,0.652,0.808,0.524,0.202,0.081
302.5,2.32,1.48,0.652,0.807,0.524,0.202,0.081
302.6,2.32,1.48,0.652,0.807,0.524,0.201,0.081
302.7,2.32,1.48,0.652,0.808,0.524,0.202,0.08
302.8,2.32,1.48,0.652,0.807,0.524,0.202,0.081
302.90000000000003,2.32,1.48,0.652,0.808,0.524,0.202,0.08
303.0,2.351,1.506,0.662,0.808,0.524,0.202,0.081
303.1,2.332,1.49,0.656,0.808,0.524,0.202,0.081
303.2,2.325,1.484,0.653,0.808,0.524,0.202,0.08
303.3,2.322,1.481,0.652,0.808,0.524,0.202,0.08
303.40000000000003,2.32,1.48,0.652,0.808,0.523,0.202,0.08
303.5,2.32,1.48,0.652,0.809,0.523,0.202,0.08
303.6,2.32,1.48,0.652,0.808,0.524,0.201,0.08
303.7,2.32,1.48,0.652,0.808,0.523,0.202,0.081
303.8,2.32,1.48,0.652,0.807,0.524,0.202,0.08
303.90000000000003,2.32,1.48,0.652,0.807,0.524,0.201,0.081
304.0,2.32,1.48,0.652,0.808,0.524,0.202,0.08
304.1,2.32,1.48,0.652,0.807,0.524,0.202,0.081
304.2,2.32,1.48,0.652,0.808,0.523,0.202,0.081
304.3,2.32,1.48,0.652,0.808,0.524,0.202,0.08
304.40000000000003,2.32,1.48,0.652,0.807,0.523,0.202,0.081
304.5,2.32,1.48,0.652,0.807,0.523,0.202,0.08
304.6,2.32,1.48,0.652,0.807,0.523,0.201,0.08
304.7,2.289,1.454,0.642,0.807,0.522,0.201,0.08
304.8,2.307,1.469,0.648,0.808,0.523,0.202,0.081
304.90000000000003,2.315,1.476,0.65,0.808,0.524,0.202,0.08
305.0,2.318,1.478,0.651,0.807,0.523,0.202,0.081
305.1,2.319,1.479,0.652,0.807,0.523,0.202,0.08
305.2,2.319,1.479,0.652,0.807,0.523,0.202,0.08
305.3,2.32,1.48,0.652,0.807,0.524,0.202,0.081
305.40000000000003,2.32,1.48,0.652,0.808,0.523,0.202,0.081
305.5,2.32,1.48,0.652,0.808,0.522,0.202,0.08
305.6,2.32,1.48,0.652,0.807,0.522,0.201,0.08
305.7,2.32,1.48,0.652,0.807,0.523,0.202,0.081
305.8,2.32,1.48,0.652,0.806,0.522,0.201,0.081
305.90000000000003,2.32,1.48,0.652,0.807,0.523,0.202,0.08
306.0,2.32,1.48,0.652,0.807,0.522,0.202,0.08
306.1,2.32,1.48,0.652,0.807,0.523,0.202,0.08
306.2,2.32,1.48,0.652,0.807,0.523,0.201,0.08
306.3,2.32,1.48,0.652,0.807,0.522,0.202,0.08
306.40000000000003,2.32,1.48,0.652,0.807,0.522,0.202,0.08
306.5,2.32,1.48,0.652,0.807,0.523,0.202,0.08
306.6,2.445,1.585,0.692,0.806,0.523,0.202,0.08
306.7,2.37,1.522,0.668,0.806,0.522,0.201,0.08
306.8,2.34,1.497,0.658,0.807,0.523,0.202,0.08
306.90000000000003,2.328,1.486,0.654,0.806,0.522,0.201,0.081
307.0,2.323,1.482,0.653,0.807,0.522,0.201,0.08
307.1,2.321,1.481,0.652,0.806,0.522,0.201,0.08
307.20000000000005,2.32,1.48,0.652,0.807,0.522,0.202,0.08
307.3,2.32,1.48,0.652,0.807,0.522,0.201,0.081
307.40000000000003,2.351,1.506,0.662,0.806,0.522,0.202,0.081
307.5,2.332,1.49,0.656,0.806,0.522,0.201,0.08
307.6,2.325,1.484,0.653,0.806,0.522,0.202,0.08
307.70000000000005,2.322,1.481,0.652,0.805,0.522,0.202,0.081
307.8,2.32,1.48,0.652,0.806,0.523,0.201,0.08
307.90000000000003,2.32,1.48,0.652,0.806,0.522,0.202,0.08
308.0,2.32,1.48,0.652,0.806,0.522,0.202,0.08
308.1,2.32,1.48,0.652,0.806,0.522,0.201,0.081
308.20000000000005,2.32,1.48,0.652,0.806,0.522,0.201,0.08
308.3,2.32,1.48,0.652,0.806,0.522,0.202,0.081
308.40000000000003,2.32,1.48,0.652,0.806,0.522,0.202,0.08
308.5,2.32,1.48,0.652,0.805,0.522,0.201,0.08
308.6,2.32,1.48,0.652,0.805,0.522,0.201,0.08
308.70000000000005,2.32,1.48,0.652,0.804,0.522,0.201,0.08
308.8,2.32,1.48,0.652,0.804,0.522,0.2,0.08
308.90000000000003,2.32,1.48,0.652,0.803,0.522,0.2,0.08
309.0,2.32,1.48,0.652,0.802,0.522,0.2,0.08
309.1,2.32,1.48,0.652,0.801,0.522,0.2,0.08
309.20000000000005,2.32,1.48,0.652,0.8,0.522,0.199,0.08
309.3,2.32,1.48,0.652,0.8,0.522,0.199,0.08
309.40000000000003,2.32,1.48,0.652,0.799,0.521,0.199,0.08
309.5,2.351,1.506,0.662,0.798,0.521,0.198,0.08
309.6,2.332,1.49,0.656,0.797,0.521,0.198,0.08
309.70000000000005,2.325,1.484,0.653,0.797,0.521,0.198,0.081
309.8,2.353,1.507,0.662,0.795,0.521,0.198,0.081
309.90000000000003,2.333,1.491,0.656,0.794,0.521,0.197,0.08
310.0,2.325,1.484,0.654,0.793,0.521,0.197,0.08
310.1,2.322,1.481,0.653,0.792,0.521,0.197,0.08
310.20000000000005,2.32,1.48,0.652,0.791,0.521,0.196,0.08
310.3,2.32,1.48,0.652,0.79,0.521,0.196,0.081
310.40000000000003,2.32,1.48,0.652,0.789,0.521,0.196,0.08
310.5,2.32,1.48,0.652,0.789,0.521,0.195,0.081
310.6,2.351,1.506,0.662,0.788,0.521,0.195,0.08
310.70000000000005,2.332,1.49,0.656,0.788,0.52,0.195,0.081
310.8,2.325,1.484,0.653,0.787,0.521,0.194,0.081
310.90000000000003,2.322,1.481,0.652,0.786,0.52,0.194,0.081
311.0,2.32,1.48,0.652,0.785,0.521,0.194,0.081
311.1,2.351,1.506,0.662,0.785,0.52,0.194,0.081
311.20000000000005,2.332,1.49,0.656,0.784,0.52,0.194,0.082
311.3,2.356,1.51,0.663,0.785,0.52,0.194,0.082
311.40000000000003,2.365,1.518,0.666,0.784,0.52,0.193,0.081
311.5,2.369,1.521,0.668,0.785,0.52,0.193,0.082
311.6,2.339,1.496,0.658,0.783,0.519,0.193,0.082
311.70000000000005,2.328,1.486,0.654,0.782,0.519,0.192,0.081
311.8,2.323,1.482,0.653,0.782,0.519,0.192,0.081
311.90000000000003,2.321,1.481,0.652,0.781,0.519,0.192,0.081
312.0,2.351,1.506,0.662,0.781,0.519,0.192,0.082
312.1,2.363,1.516,0.666,0.781,0.519,0.191,0.082
312.20000000000005,2.337,1.494,0.657,0.782,0.519,0.192,0.083
312.3,2.358,1.511,0.664,0.782,0.519,0.192,0.083
312.40000000000003,2.366,1.518,0.667,0.781,0.519,0.191,0.083
312.5,2.369,1.521,0.668,0.782,0.519,0.191,0.083
312.6,2.37,1.522,0.668,0.782,0.52,0.191,0.083
312.70000000000005,2.371,1.523,0.668,0.783,0.52,0.191,0.082
312.8,2.371,1.523,0.668,0.783,0.519,0.191,0.082
312.90000000000003,2.34,1.497,0.658,0.784,0.52,0.191,0.083
313.0,2.359,1.513,0.664,0.785,0.519,0.191,0.082
313.1,2.335,1.493,0.657,0.785,0.52,0.191,0.083
313.20000000000005,2.357,1.511,0.664,0.785,0.519,0.191,0.082
313.3,2.366,1.518,0.666,0.785,0.519,0.19,0.082
313.40000000000003,2.369,1.521,0.668,0.786,0.519,0.19,0.082
313.5,2.37,1.522,0.668,0.786,0.519,0.19,0.082
313.6,2.465,1.602,0.698,0.786,0.52,0.19,0.082
313.70000000000005,2.409,1.555,0.68,0.787,0.519,0.19,0.083
313.8,2.386,1.536,0.673,0.787,0.519,0.191,0.082
313.90000000000003,2.377,1.528,0.67,0.788,0.519,0.19,0.082
314.0,2.374,1.525,0.669,0.788,0.519,0.19,0.083
314.1,2.372,1.524,0.669,0.789,0.519,0.19,0.083
314.20000000000005,2.341,1.497,0.659,0.788,0.519,0.19,0.082
314.3,2.359,1.513,0.664,0.788,0.519,0.19,0.082
314.40000000000003,2.335,1.493,0.657,0.788,0.519,0.19,0.082
314.5,2.357,1.511,0.664,0.789,0.519,0.191,0.082
314.6,2.366,1.518,0.666,0.789,0.519,0.19,0.083
314.70000000000005,2.369,1.521,0.668,0.789,0.519,0.19,0.082
314.8,2.37,1.522,0.668,0.79,0.519,0.19,0.082
314.90000000000003,2.371,1.523,0.668,0.789,0.519,0.19,0.082
315.0,2.371,1.523,0.668,0.79,0.519,0.19,0.083
315.1,2.371,1.523,0.668,0.79,0.52,0.19,0.083
315.20000000000005,2.371,1.523,0.668,0.79,0.52,0.191,0.082
315.3,2.371,1.523,0.668,0.79,0.519,0.19,0.082
315.40000000000003,2.371,1.523,0.668,0.79,0.519,0.19,0.082
315.5,2.371,1.523,0.668,0.791,0.519,0.19,0.082
315.6,2.371,1.523,0.668,0.791,0.518,0.19,0.082
315.70000000000005,2.371,1.523,0.668,0.791,0.519,0.19,0.082
315.8,2.371,1.523,0.668,0.791,0.518,0.19,0.081
315.90000000000003,2.371,1.523,0.668,0.791,0.518,0.19,0.082
316.0,2.371,1.523,0.668,0.792,0.519,0.19,0.082
316.1,2.371,1.523,0.668,0.793,0.519,0.19,0.082
316.20000000000005,2.371,1.523,0.668,0.793,0.519,0.19,0.083
316.3,2.497,1.63,0.709,0.793,0.519,0.19,0.082
316.40000000000003,2.422,1.566,0.684,0.793,0.519,0.19,0.082
316.5,2.391,1.54,0.675,0.793,0.518,0.19,0.082
316.6,2.379,1.53,0.671,0.794,0.519,0.19,0.082
316.70000000000005,2.375,1.526,0.669,0.793,0.518,0.19,0.082
316.8,2.373,1.524,0.669,0.793,0.518,0.189,0.082
316.90000000000003,2.372,1.523,0.668,0.794,0.519,0.19,0.082
317.0,2.341,1.497,0.659,0.794,0.518,0.19,0.082
317.1,2.359,1.513,0.664,0.794,0.518,0.191,0.082
317.20000000000005,2.366,1.519,0.667,0.794,0.519,0.19,0.082
317.3,2.369,1.521,0.668,0.793,0.518,0.19,0.082
317.40000000000003,2.371,1.522,0.668,0.793,0.518,0.19,0.082
317.5,2.371,1.523,0.668,0.794,0.517,0.191,0.082
317.6,2.371,1.523,0.668,0.794,0.518,0.19,0.082
317.70000000000005,2.371,1.523,0.668,0.794,0.518,0.191,0.082
317.8,2.371,1.523,0.668,0.795,0.519,0.19,0.082
317.90000000000003,2.371,1.523,0.668,0.795,0.518,0.19,0.083
318.0,2.34,1.497,0.658,0.794,0.518,0.19,0.082
318.1,2.359,1.513,0.664,0.794,0.518,0.19,0.082
318.20000000000005,2.366,1.519,0.667,0.795,0.518,0.19,0.082
318.3,2.369,1.521,0.668,0.794,0.518,0.191,0.082
318.40000000000003,2.371,1.522,0.668,0.795,0.518,0.19,0.083
318.5,2.371,1.523,0.668,0.795,0.517,0.191,0.082
318.6,2.371,1.523,0.668,0.795,0.518,0.19,0.082
318.70000000000005,2.371,1.523,0.668,0.795,0.518,0.191,0.083
318.8,2.402,1.549,0.678,0.796,0.518,0.191,0.082
318.90000000000003,2.384,1.533,0.672,0.796,0.518,0.191,0.082
319.0,2.376,1.527,0.67,0.795,0.518,0.19,0.082
319.1,2.342,1.499,0.659,0.796,0.518,0.191,0.082
319.20000000000005,2.329,1.487,0.655,0.796,0.518,0.191,0.082
319.3,2.323,1.483,0.653,0.796,0.518,0.191,0.082
319.40000000000003,2.352,1.507,0.662,0.795,0.517,0.191,0.082
319.5,2.364,1.516,0.666,0.796,0.518,0.192,0.082
319.6,2.368,1.52,0.667,0.796,0.518,0.191,0.082
319.70000000000005,2.37,1.522,0.668,0.796,0.518,0.192,0.082
319.8,2.278,1.446,0.639,0.796,0.518,0.191,0.082
319.90000000000003,2.334,1.492,0.656,0.796,0.518,0.191,0.082
320.0,2.356,1.511,0.664,0.797,0.518,0.191,0.082
320.1,2.365,1.518,0.666,0.797,0.518,0.191,0.082
320.20000000000005,2.338,1.495,0.658,0.796,0.517,0.191,0.082
320.3,2.358,1.512,0.664,0.796,0.517,0.191,0.082
320.40000000000003,2.366,1.518,0.667,0.797,0.517,0.192,0.082
320.5,2.307,1.47,0.648,0.796,0.518,0.191,0.082
320.6,2.346,1.502,0.66,0.796,0.517,0.192,0.082
320.70000000000005,2.361,1.514,0.665,0.796,0.518,0.191,0.082
320.8,2.367,1.52,0.667,0.797,0.518,0.191,0.082
320.90000000000003,2.37,1.522,0.668,0.797,0.517,0.191,0.082
321.0,2.371,1.522,0.668,0.797,0.518,0.191,0.082
321.1,2.371,1.523,0.668,0.796,0.517,0.192,0.082
321.20000000000005,2.371,1.523,0.668,0.796,0.518,0.191,0.082
321.3,2.371,1.523,0.668,0.797,0.518,0.191,0.081
321.40000000000003,2.371,1.523,0.668,0.797,0.518,0.192,0.082
321.5,2.371,1.523,0.668,0.796,0.517,0.191,0.082
321.6,2.34,1.497,0.658,0.796,0.518,0.192,0.082
321.70000000000005,2.359,1.513,0.664,0.797,0.517,0.191,0.082
321.8,2.366,1.519,0.667,0.797,0.518,0.192,0.082
321.90000000000003,2.338,1.495,0.658,0.797,0.517,0.191,0.082
322.0,2.358,1.512,0.664,0.797,0.517,0.191,0.082
322.1,2.397,1.545,0.677,0.797,0.517,0.191,0.082
322.20000000000005,2.351,1.506,0.662,0.796,0.518,0.192,0.082
322.3,2.363,1.516,0.666,0.797,0.517,0.191,0.082
322.40000000000003,2.368,1.52,0.667,0.797,0.517,0.192,0.081
322.5,2.37,1.522,0.668,0.797,0.517,0.192,0.082
322.6,2.371,1.522,0.668,0.797,0.517,0.192,0.082
322.70000000000005,2.371,1.523,0.668,0.797,0.517,0.191,0.082
322.8,2.371,1.523,0.668,0.797,0.517,0.192,0.082
322.90000000000003,2.371,1.523,0.668,0.797,0.517,0.192,0.082
323.0,2.371,1.523,0.668,0.797,0.517,0.192,0.082
323.1,2.371,1.523,0.668,0.797,0.517,0.191,0.082
323.20000000000005,2.371,1.523,0.668,0.797,0.517,0.192,0.082
323.3,2.34,1.497,0.658,0.797,0.516,0.192,0.082
323.40000000000003,2.328,1.487,0.654,0.797,0.517,0.192,0.082
323.5,2.354,1.508,0.663,0.797,0.517,0.191,0.082
323.6,2.364,1.517,0.666,0.797,0.517,0.192,0.082
323.70000000000005,2.369,1.521,0.667,0.797,0.517,0.192,0.082
323.8,2.37,1.522,0.668,0.797,0.517,0.192,0.082
323.90000000000003,2.34,1.497,0.658,0.797,0.517,0.191,0.082
324.0,2.359,1.512,0.664,0.797,0.517,0.192,0.082
324.1,2.366,1.519,0.667,0.797,0.516,0.191,0.082
324.20000000000005,2.369,1.521,0.668,0.797,0.516,0.192,0.082
324.3,2.371,1.522,0.668,0.797,0.516,0.192,0.082
324.40000000000003,2.371,1.523,0.668,0.797,0.517,0.192,0.082
324.5,2.279,1.446,0.639,0.797,0.516,0.192,0.082
324.6,2.365,1.518,0.667,0.797,0.516,0.192,0.082
324.70000000000005,2.369,1.521,0.668,0.798,0.517,0.191,0.082
324.8,2.339,1.496,0.658,0.797,0.516,0.191,0.082
324.90000000000003,2.359,1.512,0.664,0.797,0.516,0.192,0.082
325.0,2.335,1.493,0.657,0.798,0.517,0.192,0.082
325.1,2.357,1.511,0.664,0.798,0.516,0.191,0.082
325.20000000000005,2.366,1.518,0.666,0.797,0.516,0.192,0.082
325.3,2.369,1.521,0.668,0.797,0.516,0.191,0.082
325.40000000000003,2.37,1.522,0.668,0.797,0.516,0.192,0.082
325.5,2.371,1.523,0.668,0.798,0.516,0.192,0.082
325.6,2.371,1.523,0.668,0.797,0.516,0.192,0.082
325.70000000000005,2.371,1.523,0.668,0.798,0.516,0.192,0.082
325.8,2.371,1.523,0.668,0.797,0.516,0.192,0.082
325.90000000000003,2.371,1.523,0.668,0.797,0.516,0.192,0.081
326.0,2.371,1.523,0.668,0.798,0.516,0.192,0.082
326.1,2.371,1.523,0.668,0.797,0.516,0.192,0.082
326.20000000000005,2.371,1.523,0.668,0.797,0.516,0.192,0.082
326.3,2.371,1.523,0.668,0.797,0.516,0.192,0.081
326.40000000000003,2.371,1.523,0.668,0.797,0.516,0.192,0.082
326.5,2.371,1.523,0.668,0.797,0.515,0.192,0.082
326.6,2.34,1.497,0.658,0.797,0.516,0.192,0.082
326.70000000000005,2.359,1.513,0.664,0.797,0.516,0.192,0.082
326.8,2.243,1.417,0.628,0.797,0.516,0.192,0.082
326.90000000000003,2.351,1.507,0.662,0.797,0.516,0.192,0.082
327.0,2.363,1.516,0.666,0.797,0.516,0.192,0.082
327.1,2.368,1.52,0.667,0.797,0.516,0.192,0.082
327.20000000000005,2.327,1.486,0.654,0.797,0.516,0.192,0.082
327.3,2.354,1.508,0.663,0.797,0.516,0.192,0.082
327.40000000000003,2.364,1.517,0.666,0.798,0.516,0.192,0.082
327.5,2.338,1.495,0.658,0.797,0.516,0.191,0.082
327.6,2.358,1.512,0.664,0.797,0.516,0.192,0.082
327.70000000000005,2.366,1.518,0.667,0.797,0.515,0.192,0.082
327.8,2.369,1.521,0.668,0.797,0.516,0.192,0.082
327.90000000000003,2.37,1.522,0.668,0.798,0.516,0.192,0.082
328.0,2.34,1.497,0.658,0.797,0.516,0.192,0.082
328.1,2.359,1.512,0.664,0.797,0.516,0.192,0.082
328.20000000000005,2.366,1.519,0.667,0.798,0.515,0.192,0.082
328.3,2.369,1.521,0.668,0.797,0.516,0.192,0.082
328.40000000000003,2.339,1.496,0.658,0.798,0.516,0.192,0.082
328.5,2.34,1.496,0.658,0.797,0.516,0.192,0.082
328.6,2.359,1.512,0.664,0.797,0.515,0.192,0.082
328.70000000000005,2.366,1.519,0.667,0.797,0.515,0.192,0.082
328.8,2.369,1.521,0.668,0.797,0.515,0.192,0.082
328.90000000000003,2.402,1.549,0.678,0.798,0.516,0.192,0.082
329.0,2.383,1.533,0.672,0.797,0.515,0.192,0.082
329.1,2.376,1.527,0.67,0.797,0.515,0.192,0.082
329.20000000000005,2.373,1.525,0.669,0.797,0.516,0.192,0.082
329.3,2.372,1.524,0.669,0.797,0.516,0.192,0.082
329.40000000000003,2.341,1.497,0.659,0.797,0.515,0.192,0.082
329.5,2.359,1.513,0.664,0.797,0.515,0.192,0.082
329.6,2.366,1.519,0.667,0.797,0.516,0.192,0.082
329.70000000000005,2.338,1.495,0.658,0.797,0.515,0.192,0.082
329.8,2.358,1.512,0.664,0.797,0.515,0.192,0.082
329.90000000000003,2.366,1.519,0.667,0.797,0.515,0.192,0.082
330.0,2.369,1.521,0.668,0.797,0.515,0.192,0.083
330.1,2.37,1.522,0.668,0.797,0.515,0.192,0.082
330.20000000000005,2.371,1.523,0.668,0.797,0.515,0.192,0.082
330.3,2.371,1.523,0.668,0.797,0.515,0.192,0.081
330.40000000000003,2.371,1.523,0.668,0.797,0.515,0.192,0.081
330.5,2.371,1.523,0.668,0.798,0.516,0.192,0.082
330.6,2.34,1.497,0.658,0.798,0.515,0.192,0.082
330.70000000000005,2.548,1.675,0.725,0.797,0.515,0.192,0.082
330.8,2.442,1.584,0.691,0.798,0.515,0.192,0.082
330.90000000000003,2.4,1.547,0.677,0.797,0.516,0.192,0.082
331.0,2.383,1.533,0.672,0.799,0.515,0.192,0.082
331.1,2.345,1.501,0.66,0.798,0.515,0.192,0.082
331.20000000000005,2.361,1.514,0.665,0.798,0.516,0.192,0.082
331.3,2.367,1.519,0.667,0.797,0.515,0.192,0.082
331.40000000000003,2.37,1.522,0.668,0.797,0.515,0.192,0.082
331.5,2.371,1.522,0.668,0.797,0.514,0.192,0.082
331.6,2.371,1.523,0.668,0.797,0.515,0.192,0.082
331.70000000000005,2.371,1.523,0.668,0.797,0.515,0.192,0.082
331.8,2.371,1.523,0.668,0.797,0.515,0.192,0.082
331.90000000000003,2.371,1.523,0.668,0.797,0.514,0.192,0.082
332.0,2.34,1.497,0.658,0.798,0.515,0.192,0.082
332.1,2.328,1.487,0.654,0.798,0.514,0.192,0.082
332.20000000000005,2.354,1.508,0.663,0.797,0.514,0.192,0.082
332.3,2.364,1.517,0.666,0.798,0.514,0.192,0.082
332.40000000000003,2.338,1.495,0.658,0.797,0.514,0.192,0.082
332.5,2.327,1.486,0.654,0.797,0.515,0.192,0.082
332.6,2.354,1.508,0.663,0.797,0.514,0.192,0.082
332.70000000000005,2.364,1.517,0.666,0.798,0.515,0.192,0.083
332.8,2.368,1.521,0.667,0.797,0.515,0.192,0.082
332.90000000000003,2.248,1.443,0.634,0.757,0.488,0.182,0.078
333.0,2.144,1.375,0.604,0.724,0.467,0.174,0.075
333.1,2.069,1.327,0.583,0.698,0.451,0.168,0.072
333.20000000000005,2.001,1.282,0.563,0.677,0.437,0.163,0.07
333.3,1.954,1.253,0.55,0.661,0.426,0.159,0.068
333.40000000000003,1.91,1.223,0.538,0.648,0.418,0.156,0.067
333.5,1.874,1.199,0.527,0.637,0.411,0.153,0.066
333.6,1.853,1.187,0.522,0.629,0.405,0.151,0.065
333.70000000000005,1.828,1.17,0.515,0.622,0.401,0.15,0.064
333.8,1.809,1.157,0.509,0.616,0.398,0.148,0.063
333.90000000000003,1.801,1.153,0.507,0.612,0.395,0.147,0.063
334.0,1.787,1.143,0.503,0.609,0.393,0.147,0.063
334.1,1.776,1.135,0.499,0.606,0.391,0.146,0.062
334.20000000000005,1.767,1.129,0.497,0.604,0.389,0.145,0.062
334.3,1.76,1.124,0.495,0.602,0.388,0.145,0.062
334.40000000000003,1.762,1.127,0.496,0.6,0.388,0.145,0.062
334.5,1.755,1.122,0.494,0.599,0.387,0.144,0.062
334.6,1.751,1.118,0.492,0.598,0.386,0.144,0.062
334.70000000000005,1.747,1.116,0.491,0.598,0.386,0.144,0.061
334.8,1.744,1.113,0.49,0.597,0.386,0.144,0.061
334.90000000000003,1.741,1.111,0.489,0.597,0.385,0.144,0.061
335.0,1.739,1.11,0.489,0.597,0.385,0.144,0.061
335.1,1.745,1.115,0.491,0.597,0.385,0.144,0.061
335.20000000000005,1.742,1.113,0.49,0.596,0.384,0.144,0.061
335.3,1.74,1.111,0.489,0.596,0.384,0.144,0.061
335.40000000000003,1.746,1.116,0.491,0.596,0.384,0.144,0.061
335.5,1.743,1.114,0.49,0.596,0.384,0.143,0.061
335.6,1.741,1.112,0.489,0.596,0.384,0.143,0.061
335.70000000000005,1.739,1.11,0.489,0.596,0.384,0.143,0.061
335.8,1.737,1.109,0.488,0.596,0.384,0.143,0.061
335.90000000000003,1.744,1.115,0.49,0.596,0.384,0.143,0.061
336.0,1.749,1.119,0.492,0.596,0.384,0.143,0.061
336.1,1.745,1.116,0.491,0.596,0.384,0.143,0.061
336.20000000000005,1.742,1.114,0.49,0.596,0.384,0.143,0.061
336.3,1.74,1.112,0.489,0.596,0.384,0.143,0.061
336.40000000000003,1.746,1.117,0.491,0.596,0.384,0.143,0.061
336.5,1.759,1.127,0.495,0.596,0.384,0.143,0.061
336.6,1.749,1.119,0.492,0.595,0.384,0.143,0.061
336.70000000000005,1.745,1.116,0.491,0.595,0.384,0.143,0.061
336.8,1.758,1.127,0.495,0.595,0.384,0.143,0.061
336.90000000000003,1.776,1.142,0.501,0.594,0.384,0.143,0.061
337.0,1.775,1.141,0.5,0.594,0.384,0.143,0.061
337.1,1.766,1.133,0.498,0.593,0.384,0.143,0.061
337.20000000000005,1.759,1.128,0.495,0.593,0.384,0.143,0.061
337.3,1.761,1.129,0.496,0.592,0.384,0.142,0.061
337.40000000000003,1.753,1.123,0.493,0.595,0.384,0.143,0.061
337.5,1.755,1.124,0.494,0.592,0.384,0.142,0.061
337.6,1.75,1.12,0.493,0.591,0.384,0.142,0.061
337.70000000000005,1.778,1.143,0.501,0.591,0.384,0.142,0.061
337.8,1.776,1.142,0.501,0.59,0.384,0.142,0.061
337.90000000000003,1.775,1.141,0.5,0.59,0.384,0.142,0.061
338.0,1.774,1.14,0.5,0.589,0.384,0.141,0.061
338.1,1.781,1.146,0.502,0.589,0.384,0.141,0.061
338.20000000000005,1.786,1.151,0.504,0.588,0.384,0.141,0.062
338.3,1.791,1.154,0.506,0.588,0.384,0.141,0.061
338.40000000000003,1.779,1.144,0.502,0.587,0.384,0.141,0.062
338.5,1.777,1.143,0.501,0.587,0.384,0.141,0.062
338.6,1.775,1.141,0.501,0.587,0.384,0.14,0.062
338.70000000000005,1.774,1.14,0.5,0.587,0.384,0.14,0.062
338.8,1.789,1.153,0.505,0.586,0.384,0.14,0.062
338.90000000000003,1.785,1.15,0.504,0.586,0.384,0.14,0.062
339.0,1.782,1.147,0.503,0.586,0.384,0.14,0.062
339.1,1.787,1.151,0.504,0.586,0.384,0.14,0.062
339.20000000000005,1.784,1.148,0.503,0.585,0.384,0.14,0.062
339.3,1.797,1.159,0.507,0.585,0.384,0.14,0.062
339.40000000000003,1.815,1.175,0.513,0.585,0.384,0.139,0.062
339.5,1.821,1.18,0.515,0.585,0.384,0.139,0.062
339.6,1.811,1.171,0.512,0.584,0.384,0.139,0.062
339.70000000000005,1.803,1.164,0.509,0.584,0.384,0.139,0.062
339.8,1.804,1.165,0.51,0.584,0.384,0.139,0.062
339.90000000000003,1.797,1.16,0.507,0.584,0.383,0.139,0.062
340.0,1.791,1.155,0.506,0.583,0.383,0.138,0.062
340.1,1.787,1.151,0.504,0.583,0.383,0.138,0.062
340.20000000000005,1.784,1.148,0.503,0.583,0.384,0.138,0.062
340.3,1.781,1.146,0.502,0.583,0.384,0.138,0.062
340.40000000000003,1.779,1.144,0.502,0.583,0.384,0.138,0.062
340.5,1.777,1.143,0.501,0.583,0.383,0.138,0.063
340.6,1.775,1.141,0.501,0.583,0.383,0.138,0.063
340.70000000000005,1.774,1.14,0.5,0.583,0.383,0.138,0.063
340.8,1.766,1.133,0.497,0.583,0.383,0.138,0.062
340.90000000000003,1.766,1.134,0.498,0.583,0.383,0.138,0.062
341.0,1.767,1.134,0.498,0.583,0.383,0.137,0.062
341.1,1.768,1.135,0.498,0.583,0.383,0.137,0.062
341.20000000000005,1.768,1.135,0.498,0.582,0.383,0.137,0.063
341.3,1.784,1.149,0.503,0.582,0.383,0.137,0.063
341.40000000000003,1.781,1.146,0.502,0.582,0.383,0.137,0.063
341.5,1.787,1.151,0.504,0.582,0.383,0.137,0.063
341.6,1.791,1.155,0.506,0.582,0.383,0.137,0.063
341.70000000000005,1.794,1.157,0.507,0.582,0.383,0.137,0.063
341.8,1.789,1.153,0.505,0.582,0.383,0.137,0.063
341.90000000000003,1.785,1.15,0.504,0.582,0.383,0.137,0.063
342.0,1.798,1.16,0.508,0.582,0.383,0.137,0.063
342.1,1.816,1.176,0.514,0.581,0.383,0.136,0.063
342.20000000000005,1.814,1.174,0.513,0.581,0.383,0.136,0.063
342.3,1.813,1.173,0.513,0.581,0.383,0.136,0.063
342.40000000000003,1.812,1.172,0.512,0.581,0.383,0.136,0.063
342.5,1.827,1.185,0.517,0.581,0.383,0.136,0.063
342.6,1.823,1.182,0.516,0.581,0.383,0.136,0.063
342.70000000000005,1.82,1.179,0.515,0.581,0.383,0.136,0.063
342.8,1.818,1.177,0.514,0.581,0.383,0.136,0.063
342.90000000000003,1.816,1.176,0.514,0.581,0.383,0.136,0.063
343.0,1.815,1.174,0.513,0.581,0.383,0.136,0.063
343.1,1.813,1.173,0.513,0.581,0.383,0.135,0.063
343.20000000000005,1.812,1.173,0.512,0.581,0.383,0.135,0.063
343.3,1.812,1.172,0.512,0.581,0.383,0.135,0.063
343.40000000000003,1.811,1.171,0.512,0.581,0.383,0.135,0.063
343.5,1.818,1.178,0.514,0.581,0.383,0.135,0.063
343.6,1.816,1.176,0.514,0.581,0.383,0.135,0.063
343.70000000000005,1.807,1.168,0.511,0.581,0.383,0.135,0.064
343.8,1.807,1.168,0.511,0.581,0.383,0.135,0.064
343.90000000000003,1.807,1.168,0.511,0.581,0.383,0.135,0.064
344.0,1.808,1.169,0.511,0.581,0.383,0.135,0.064
344.1,1.808,1.169,0.511,0.581,0.383,0.135,0.064
344.20000000000005,1.808,1.169,0.511,0.581,0.383,0.135,0.064
344.3,1.808,1.169,0.511,0.581,0.383,0.135,0.064
344.40000000000003,1.808,1.169,0.511,0.581,0.383,0.135,0.064
344.5,1.808,1.169,0.511,0.581,0.383,0.135,0.064
344.6,1.808,1.169,0.511,0.581,0.383,0.135,0.064
344.70000000000005,1.816,1.176,0.514,0.581,0.383,0.135,0.064
344.8,1.815,1.174,0.513,0.581,0.383,0.135,0.064
344.90000000000003,1.813,1.173,0.513,0.581,0.383,0.134,0.064
345.0,1.812,1.173,0.512,0.581,0.383,0.134,0.064
345.1,1.812,1.172,0.512,0.581,0.383,0.134,0.064
345.20000000000005,1.811,1.171,0.512,0.581,0.383,0.134,0.064
345.3,1.81,1.171,0.512,0.581,0.383,0.134,0.064
345.40000000000003,1.81,1.171,0.512,0.581,0.383,0.134,0.064
345.5,1.81,1.17,0.512,0.581,0.383,0.134,0.064
345.6,1.809,1.17,0.511,0.581,0.383,0.134,0.064
345.70000000000005,1.809,1.17,0.511,0.581,0.383,0.134,0.064
345.8,1.809,1.17,0.511,0.581,0.383,0.134,0.064
345.90000000000003,1.809,1.17,0.511,0.582,0.383,0.134,0.064
346.0,1.809,1.17,0.511,0.581,0.383,0.134,0.064
346.1,1.809,1.169,0.511,0.582,0.383,0.134,0.064
346.20000000000005,1.801,1.163,0.509,0.582,0.383,0.134,0.064
346.3,1.81,1.171,0.512,0.582,0.383,0.134,0.064
346.40000000000003,1.81,1.17,0.512,0.581,0.383,0.134,0.064
346.5,1.81,1.17,0.512,0.581,0.383,0.134,0.064
346.6,1.809,1.17,0.511,0.581,0.383,0.134,0.064
346.70000000000005,1.809,1.17,0.511,0.581,0.383,0.134,0.064
346.8,1.809,1.17,0.511,0.581,0.383,0.134,0.064
346.90000000000003,1.809,1.17,0.511,0.581,0.383,0.134,0.064
347.0,1.817,1.176,0.514,0.581,0.383,0.134,0.064
347.1,1.815,1.175,0.513,0.581,0.383,0.134,0.064
347.20000000000005,1.822,1.18,0.515,0.581,0.383,0.134,0.064
347.3,1.819,1.178,0.515,0.581,0.383,0.134,0.064
347.40000000000003,1.817,1.176,0.514,0.581,0.383,0.134,0.064
347.5,1.823,1.182,0.516,0.581,0.383,0.134,0.064
347.6,1.828,1.186,0.517,0.58,0.383,0.134,0.064
347.70000000000005,1.832,1.189,0.519,0.58,0.383,0.134,0.065
347.8,1.827,1.185,0.517,0.58,0.383,0.134,0.065
347.90000000000003,1.823,1.182,0.516,0.58,0.383,0.133,0.065
348.0,1.828,1.186,0.517,0.58,0.383,0.133,0.065
348.1,1.824,1.183,0.516,0.58,0.383,0.133,0.065
348.20000000000005,1.821,1.18,0.515,0.58,0.383,0.133,0.065
348.3,1.826,1.184,0.517,0.58,0.383,0.133,0.065
348.40000000000003,1.831,1.188,0.518,0.58,0.383,0.133,0.065
348.5,1.834,1.191,0.519,0.58,0.383,0.133,0.065
348.6,1.837,1.193,0.52,0.58,0.383,0.133,0.065
348.70000000000005,1.823,1.182,0.516,0.58,0.383,0.133,0.065
348.8,1.828,1.186,0.517,0.58,0.383,0.133,0.065
348.90000000000003,1.832,1.189,0.519,0.58,0.383,0.133,0.065
349.0,1.835,1.192,0.52,0.58,0.383,0.133,0.065
349.1,1.83,1.187,0.518,0.58,0.383,0.133,0.065
349.20000000000005,1.833,1.19,0.519,0.58,0.383,0.133,0.065
349.3,1.836,1.193,0.52,0.58,0.383,0.133,0.065
349.40000000000003,1.838,1.195,0.521,0.58,0.383,0.133,0.065
349.5,1.84,1.196,0.521,0.58,0.383,0.133,0.065
349.6,1.834,1.191,0.519,0.58,0.383,0.133,0.065
349.70000000000005,1.837,1.193,0.52,0.58,0.383,0.133,0.065
349.8,1.839,1.195,0.521,0.58,0.383,0.133,0.065
349.90000000000003,1.84,1.196,0.521,0.58,0.383,0.132,0.065
350.0,1.842,1.198,0.522,0.58,0.383,0.132,0.065
350.1,1.835,1.192,0.52,0.58,0.383,0.132,0.065
350.20000000000005,1.83,1.187,0.518,0.58,0.383,0.132,0.065
350.3,1.833,1.19,0.519,0.58,0.383,0.133,0.065
350.40000000000003,1.836,1.193,0.52,0.58,0.383,0.132,0.065
350.5,1.831,1.188,0.518,0.581,0.383,0.132,0.065
350.6,1.834,1.191,0.519,0.581,0.383,0.132,0.065
350.70000000000005,1.837,1.193,0.52,0.581,0.383,0.132,0.065
350.8,1.831,1.188,0.518,0.581,0.383,0.132,0.065
350.90000000000003,1.834,1.191,0.519,0.581,0.383,0.132,0.065
351.0,1.829,1.187,0.518,0.582,0.383,0.132,0.065
351.1,1.833,1.19,0.519,0.582,0.383,0.132,0.065
351.20000000000005,1.836,1.192,0.52,0.582,0.383,0.133,0.065
351.3,1.83,1.188,0.518,0.582,0.383,0.133,0.065
351.40000000000003,1.834,1.191,0.519,0.583,0.383,0.133,0.065
351.5,1.829,1.186,0.518,0.583,0.383,0.133,0.065
351.6,1.825,1.183,0.516,0.584,0.383,0.133,0.065
351.70000000000005,1.821,1.18,0.515,0.584,0.383,0.133,0.065
351.8,1.827,1.185,0.517,0.584,0.383,0.133,0.065
351.90000000000003,1.831,1.188,0.518,0.585,0.383,0.133,0.065
352.0,1.834,1.191,0.519,0.585,0.383,0.133,0.065
352.1,1.837,1.193,0.52,0.586,0.383,0.133,0.065
352.20000000000005,1.839,1.195,0.521,0.586,0.383,0.134,0.065
352.3,1.841,1.197,0.521,0.587,0.383,0.134,0.065
352.40000000000003,1.834,1.191,0.519,0.587,0.383,0.134,0.065
352.5,1.837,1.193,0.52,0.588,0.383,0.134,0.065
352.6,1.831,1.188,0.518,0.588,0.383,0.134,0.065
352.70000000000005,1.834,1.191,0.519,0.588,0.383,0.134,0.065
352.8,1.837,1.193,0.52,0.588,0.383,0.134,0.065
352.90000000000003,1.839,1.195,0.521,0.588,0.383,0.134,0.065
353.0,1.833,1.19,0.519,0.588,0.383,0.134,0.065
353.1,1.836,1.192,0.52,0.589,0.383,0.134,0.065
353.20000000000005,1.838,1.194,0.521,0.589,0.383,0.134,0.065
353.3,1.84,1.196,0.521,0.589,0.383,0.134,0.065
353.40000000000003,1.842,1.197,0.522,0.589,0.383,0.135,0.065
353.5,1.843,1.198,0.522,0.589,0.383,0.135,0.065
353.6,1.844,1.199,0.522,0.589,0.383,0.135,0.065
353.70000000000005,1.844,1.2,0.523,0.589,0.383,0.135,0.065
353.8,1.845,1.2,0.523,0.59,0.383,0.135,0.065
353.90000000000003,1.845,1.201,0.523,0.59,0.383,0.135,0.065
354.0,1.838,1.194,0.521,0.59,0.383,0.135,0.065
354.1,1.84,1.196,0.521,0.59,0.383,0.135,0.065
354.20000000000005,1.841,1.197,0.522,0.59,0.383,0.135,0.065
354.3,1.843,1.198,0.522,0.59,0.383,0.135,0.065
354.40000000000003,1.836,1.192,0.52,0.59,0.383,0.135,0.065
354.5,1.838,1.194,0.521,0.59,0.383,0.135,0.065
354.6,1.84,1.196,0.521,0.59,0.383,0.135,0.065
354.70000000000005,1.834,1.191,0.519,0.59,0.383,0.135,0.065
354.8,1.836,1.193,0.52,0.59,0.383,0.135,0.065
354.90000000000003,1.839,1.195,0.521,0.59,0.383,0.135,0.065
355.0,1.84,1.196,0.521,0.59,0.383,0.135,0.065
355.1,1.834,1.191,0.519,0.591,0.383,0.135,0.065
355.20000000000005,1.829,1.187,0.518,0.591,0.383,0.135,0.065
355.3,1.825,1.183,0.516,0.591,0.383,0.135,0.065
355.40000000000003,1.829,1.187,0.518,0.591,0.383,0.135,0.065
355.5,1.833,1.19,0.519,0.591,0.383,0.136,0.065
355.6,1.836,1.192,0.52,0.591,0.383,0.136,0.065
355.70000000000005,1.838,1.194,0.521,0.591,0.383,0.136,0.065
355.8,1.832,1.189,0.519,0.591,0.383,0.136,0.065
355.90000000000003,1.827,1.185,0.517,0.591,0.383,0.136,0.065
356.0,1.824,1.182,0.516,0.591,0.383,0.136,0.065
356.1,1.828,1.186,0.518,0.591,0.383,0.136,0.065
356.20000000000005,1.824,1.183,0.516,0.591,0.383,0.136,0.065
356.3,1.821,1.18,0.515,0.592,0.383,0.136,0.065
356.40000000000003,1.819,1.178,0.514,0.591,0.383,0.136,0.065
356.5,1.817,1.176,0.514,0.592,0.383,0.136,0.065
356.6,1.823,1.181,0.516,0.592,0.383,0.136,0.065
356.70000000000005,1.82,1.179,0.515,0.592,0.383,0.136,0.065
356.8,1.818,1.177,0.514,0.592,0.383,0.136,0.065
356.90000000000003,1.824,1.182,0.516,0.592,0.383,0.136,0.065
357.0,1.821,1.179,0.515,0.592,0.383,0.136,0.065
357.1,1.818,1.177,0.514,0.592,0.383,0.136,0.065
357.20000000000005,1.793,1.156,0.506,0.592,0.383,0.136,0.065
357.3,1.796,1.159,0.507,0.592,0.383,0.136,0.065
357.40000000000003,1.799,1.161,0.508,0.592,0.383,0.137,0.065
357.5,1.801,1.163,0.509,0.592,0.383,0.137,0.065
357.6,1.802,1.164,0.509,0.592,0.383,0.137,0.065
357.70000000000005,1.803,1.165,0.51,0.592,0.383,0.137,0.065
357.8,1.812,1.172,0.512,0.592,0.383,0.137,0.065
357.90000000000003,1.811,1.172,0.512,0.592,0.383,0.137,0.065
358.0,1.811,1.171,0.512,0.593,0.383,0.137,0.065
358.1,1.81,1.171,0.512,0.593,0.383,0.137,0.064
358.20000000000005,1.81,1.171,0.512,0.593,0.383,0.137,0.064
358.3,1.81,1.17,0.512,0.593,0.384,0.137,0.065
358.40000000000003,1.809,1.17,0.511,0.593,0.383,0.137,0.064
358.5,1.809,1.17,0.511,0.593,0.383,0.137,0.065
358.6,1.809,1.17,0.511,0.593,0.383,0.137,0.065
358.70000000000005,1.801,1.163,0.509,0.593,0.383,0.137,0.065
358.8,1.803,1.164,0.509,0.593,0.383,0.137,0.065
358.90000000000003,1.804,1.165,0.51,0.593,0.383,0.137,0.065
359.0,1.805,1.166,0.51,0.593,0.383,0.137,0.065
359.1,1.805,1.167,0.51,0.593,0.383,0.137,0.064
359.20000000000005,1.806,1.167,0.51,0.593,0.383,0.137,0.064
359.3,1.807,1.168,0.511,0.593,0.384,0.137,0.064
359.40000000000003,1.807,1.168,0.511,0.593,0.384,0.137,0.064
359.5,1.815,1.175,0.513,0.594,0.384,0.137,0.064
359.6,1.814,1.174,0.513,0.594,0.384,0.137,0.065
359.70000000000005,1.813,1.173,0.513,0.594,0.384,0.138,0.064
359.8,1.82,1.179,0.515,0.594,0.384,0.138,0.064
359.90000000000003,1.817,1.177,0.514,0.595,0.384,0.138,0.065
360.0,1.816,1.175,0.513,0.595,0.384,0.138,0.064
360.1,1.814,1.174,0.513,0.595,0.384,0.138,0.064
360.20000000000005,2.18,1.41,0.616,0.718,0.462,0.166,0.077
360.3,2.326,1.504,0.657,0.766,0.493,0.177,0.083
360.40000000000003,2.384,1.542,0.674,0.786,0.506,0.182,0.085
360.5,2.408,1.557,0.681,0.795,0.511,0.184,0.086
360.6,2.448,1.589,0.693,0.798,0.513,0.185,0.086
360.70000000000005,2.433,1.576,0.688,0.799,0.514,0.185,0.085
360.8,2.427,1.57,0.686,0.8,0.514,0.186,0.086
360.90000000000003,2.425,1.568,0.685,0.8,0.514,0.186,0.085
361.0,2.424,1.567,0.685,0.8,0.514,0.186,0.085
361.1,2.424,1.567,0.685,0.801,0.514,0.186,0.085
361.20000000000005,2.423,1.567,0.685,0.801,0.514,0.186,0.085
361.3,2.423,1.567,0.685,0.8,0.514,0.186,0.086
361.40000000000003,2.392,1.54,0.675,0.8,0.514,0.186,0.085
361.5,2.411,1.556,0.681,0.801,0.514,0.186,0.085
361.6,2.418,1.563,0.683,0.801,0.515,0.186,0.085
361.70000000000005,2.421,1.565,0.684,0.801,0.514,0.186,0.086
361.8,2.423,1.566,0.685,0.801,0.514,0.187,0.086
361.90000000000003,2.392,1.54,0.675,0.8,0.515,0.187,0.086
362.0,2.411,1.556,0.681,0.801,0.514,0.186,0.085
362.1,2.418,1.562,0.683,0.8,0.515,0.187,0.085
362.20000000000005,2.421,1.565,0.684,0.8,0.514,0.187,0.086
362.3,2.485,1.62,0.705,0.8,0.514,0.187,0.086
362.40000000000003,2.479,1.614,0.703,0.801,0.514,0.187,0.086
362.5,2.446,1.586,0.692,0.801,0.515,0.187,0.085
362.6,2.432,1.574,0.688,0.8,0.514,0.188,0.086
362.70000000000005,2.427,1.57,0.686,0.801,0.514,0.187,0.085
362.8,2.425,1.568,0.685,0.801,0.514,0.188,0.086
362.90000000000003,2.424,1.567,0.685,0.801,0.515,0.187,0.086
363.0,2.424,1.567,0.685,0.802,0.515,0.188,0.086
363.1,2.423,1.567,0.685,0.802,0.514,0.188,0.086
363.20000000000005,2.423,1.567,0.685,0.803,0.515,0.189,0.086
363.3,2.392,1.54,0.675,0.804,0.514,0.189,0.086
363.40000000000003,2.411,1.556,0.681,0.805,0.514,0.189,0.086
363.5,2.418,1.563,0.683,0.806,0.514,0.189,0.086
363.6,2.39,1.539,0.674,0.806,0.515,0.189,0.086
363.70000000000005,2.41,1.556,0.681,0.808,0.515,0.19,0.085
363.8,2.387,1.536,0.673,0.809,0.515,0.19,0.086
363.90000000000003,2.378,1.528,0.67,0.81,0.514,0.191,0.085
364.0,2.374,1.525,0.669,0.811,0.515,0.191,0.085
364.1,2.341,1.498,0.659,0.812,0.515,0.192,0.084
364.20000000000005,2.359,1.513,0.664,0.813,0.515,0.192,0.085
364.3,2.429,1.572,0.687,0.813,0.515,0.193,0.084
364.40000000000003,2.363,1.517,0.666,0.815,0.515,0.193,0.084
364.5,2.368,1.52,0.667,0.816,0.516,0.194,0.084
364.6,2.37,1.522,0.668,0.816,0.515,0.194,0.084
364.70000000000005,2.34,1.497,0.658,0.817,0.515,0.194,0.084
364.8,2.328,1.486,0.654,0.818,0.515,0.195,0.084
364.90000000000003,2.354,1.508,0.663,0.819,0.515,0.195,0.083
365.0,2.333,1.491,0.656,0.819,0.514,0.196,0.084
365.1,2.325,1.484,0.654,0.82,0.515,0.196,0.083
365.20000000000005,2.322,1.482,0.653,0.821,0.516,0.196,0.083
365.3,2.321,1.48,0.652,0.821,0.515,0.196,0.083
365.40000000000003,2.351,1.506,0.662,0.821,0.515,0.196,0.083
365.5,2.363,1.516,0.666,0.822,0.515,0.197,0.083
365.6,2.306,1.469,0.648,0.822,0.515,0.197,0.083
365.70000000000005,2.314,1.475,0.65,0.822,0.515,0.198,0.082
365.8,2.317,1.478,0.651,0.822,0.516,0.197,0.083
365.90000000000003,2.288,1.453,0.642,0.822,0.515,0.198,0.082
366.0,2.276,1.443,0.638,0.823,0.515,0.197,0.082
366.1,2.271,1.44,0.636,0.823,0.515,0.198,0.082
366.20000000000005,2.269,1.438,0.636,0.822,0.515,0.198,0.083
366.3,2.269,1.437,0.636,0.822,0.516,0.198,0.082
366.40000000000003,2.268,1.437,0.636,0.822,0.515,0.198,0.082
366.5,2.268,1.437,0.636,0.823,0.515,0.198,0.082
366.6,2.268,1.437,0.636,0.823,0.515,0.199,0.082
366.70000000000005,2.268,1.437,0.635,0.823,0.515,0.199,0.082
366.8,2.238,1.412,0.626,0.822,0.515,0.199,0.082
366.90000000000003,2.256,1.427,0.632,0.823,0.514,0.199,0.082
367.0,2.263,1.433,0.634,0.822,0.515,0.199,0.082
367.1,2.266,1.435,0.635,0.823,0.516,0.2,0.082
367.20000000000005,2.267,1.436,0.635,0.823,0.515,0.199,0.083
367.3,2.268,1.437,0.635,0.823,0.515,0.2,0.082
367.40000000000003,2.268,1.437,0.635,0.823,0.515,0.2,0.082
367.5,2.268,1.437,0.635,0.823,0.516,0.2,0.082
367.6,2.268,1.437,0.635,0.823,0.515,0.2,0.081
367.70000000000005,2.238,1.412,0.626,0.823,0.516,0.2,0.082
367.8,2.256,1.427,0.632,0.823,0.515,0.2,0.082
367.90000000000003,2.263,1.433,0.634,0.823,0.515,0.201,0.082
368.0,2.266,1.435,0.635,0.823,0.515,0.2,0.082
368.1,2.267,1.436,0.635,0.823,0.515,0.201,0.082
368.20000000000005,2.268,1.437,0.635,0.824,0.515,0.201,0.082
368.3,2.268,1.437,0.635,0.823,0.514,0.201,0.082
368.40000000000003,2.268,1.437,0.635,0.823,0.515,0.201,0.083
368.5,2.268,1.437,0.635,0.823,0.515,0.201,0.082
368.6,2.238,1.412,0.626,0.824,0.515,0.201,0.082
368.70000000000005,2.256,1.427,0.632,0.823,0.515,0.201,0.082
368.8,2.233,1.408,0.624,0.823,0.515,0.201,0.082
368.90000000000003,2.254,1.425,0.631,0.823,0.516,0.201,0.082
369.0,2.263,1.432,0.634,0.824,0.516,0.201,0.082
369.1,2.266,1.435,0.635,0.823,0.515,0.201,0.082
369.20000000000005,2.237,1.411,0.625,0.824,0.515,0.202,0.082
369.3,2.225,1.401,0.622,0.823,0.515,0.202,0.082
369.40000000000003,2.22,1.397,0.62,0.824,0.515,0.202,0.082
369.5,2.249,1.421,0.629,0.824,0.516,0.202,0.083
369.6,2.261,1.431,0.633,0.823,0.515,0.202,0.082
369.70000000000005,2.265,1.434,0.635,0.824,0.514,0.202,0.082
369.8,2.267,1.436,0.635,0.823,0.514,0.202,0.082
369.90000000000003,2.268,1.437,0.635,0.824,0.515,0.202,0.082
370.0,2.237,1.411,0.626,0.824,0.515,0.202,0.082
370.1,2.225,1.401,0.622,0.825,0.515,0.203,0.082
370.20000000000005,2.251,1.423,0.63,0.825,0.515,0.203,0.082
370.3,2.231,1.406,0.624,0.826,0.515,0.203,0.082
370.40000000000003,2.223,1.399,0.621,0.825,0.516,0.204,0.082
370.5,2.25,1.422,0.63,0.825,0.516,0.203,0.082
370.6,2.23,1.406,0.623,0.825,0.515,0.203,0.082
370.70000000000005,2.284,1.45,0.64,0.826,0.516,0.204,0.082
370.8,2.274,1.442,0.637,0.826,0.515,0.204,0.082
370.90000000000003,2.271,1.439,0.636,0.826,0.515,0.204,0.082
371.0,2.239,1.412,0.626,0.826,0.515,0.204,0.082
371.1,2.226,1.402,0.622,0.825,0.516,0.204,0.082
371.20000000000005,2.221,1.398,0.62,0.825,0.516,0.204,0.082
371.3,2.218,1.396,0.62,0.825,0.516,0.204,0.082
371.40000000000003,2.218,1.395,0.619,0.826,0.515,0.204,0.082
371.5,2.217,1.395,0.619,0.826,0.516,0.204,0.082
371.6,2.217,1.395,0.619,0.826,0.515,0.204,0.082
371.70000000000005,2.279,1.446,0.639,0.825,0.516,0.205,0.082
371.8,2.242,1.415,0.627,0.825,0.515,0.205,0.082
371.90000000000003,2.227,1.403,0.622,0.825,0.515,0.205,0.081
372.0,2.221,1.398,0.621,0.826,0.515,0.205,0.082
372.1,2.219,1.396,0.62,0.826,0.516,0.205,0.082
372.20000000000005,2.218,1.395,0.619,0.825,0.515,0.205,0.082
372.3,2.217,1.395,0.619,0.825,0.515,0.205,0.081
372.40000000000003,2.217,1.395,0.619,0.825,0.516,0.205,0.082
372.5,2.217,1.395,0.619,0.826,0.515,0.205,0.082
372.6,2.217,1.395,0.619,0.826,0.516,0.205,0.082
372.70000000000005,2.217,1.395,0.619,0.826,0.515,0.205,0.082
372.8,2.217,1.395,0.619,0.826,0.516,0.206,0.082
372.90000000000003,2.217,1.395,0.619,0.827,0.515,0.205,0.082
373.0,2.187,1.37,0.61,0.826,0.515,0.206,0.082
373.1,2.205,1.385,0.615,0.827,0.516,0.206,0.082
373.20000000000005,2.212,1.391,0.618,0.826,0.516,0.206,0.082
373.3,2.215,1.393,0.619,0.826,0.516,0.207,0.082
373.40000000000003,2.216,1.394,0.619,0.826,0.516,0.207,0.082
373.5,2.217,1.394,0.619,0.826,0.516,0.207,0.081
373.6,2.217,1.395,0.619,0.826,0.515,0.207,0.081
373.70000000000005,2.217,1.395,0.619,0.827,0.515,0.206,0.082
373.8,2.217,1.395,0.619,0.828,0.516,0.207,0.081
373.90000000000003,2.217,1.395,0.619,0.827,0.516,0.208,0.082
374.0,2.187,1.37,0.61,0.827,0.516,0.208,0.082
374.1,2.174,1.36,0.606,0.828,0.516,0.208,0.082
374.20000000000005,2.2,1.381,0.614,0.828,0.516,0.209,0.082
374.3,2.18,1.364,0.607,0.829,0.515,0.209,0.081
374.40000000000003,2.172,1.357,0.605,0.828,0.516,0.209,0.081
374.5,2.199,1.38,0.614,0.829,0.516,0.209,0.082
374.6,2.179,1.364,0.607,0.829,0.515,0.209,0.081
374.70000000000005,2.171,1.357,0.605,0.829,0.515,0.209,0.082
374.8,2.138,1.33,0.594,0.829,0.515,0.209,0.082
374.90000000000003,2.155,1.344,0.6,0.831,0.515,0.209,0.082
375.0,2.162,1.349,0.602,0.83,0.516,0.209,0.081
375.1,2.195,1.377,0.612,0.831,0.515,0.21,0.081
375.20000000000005,2.208,1.387,0.616,0.83,0.515,0.21,0.081
375.3,2.183,1.367,0.609,0.831,0.516,0.21,0.081
375.40000000000003,2.173,1.359,0.605,0.832,0.516,0.21,0.081
375.5,2.169,1.355,0.604,0.832,0.515,0.211,0.081
375.6,2.167,1.354,0.604,0.832,0.516,0.211,0.081
375.70000000000005,2.167,1.353,0.603,0.832,0.516,0.211,0.082
375.8,2.166,1.353,0.603,0.832,0.516,0.212,0.081
375.90000000000003,2.166,1.353,0.603,0.832,0.516,0.212,0.082
376.0,2.166,1.353,0.603,0.832,0.516,0.212,0.082
376.1,2.166,1.353,0.603,0.832,0.516,0.212,0.081
376.20000000000005,2.166,1.353,0.603,0.832,0.516,0.212,0.082
376.3,2.166,1.353,0.603,0.832,0.516,0.212,0.081
376.40000000000003,2.166,1.353,0.603,0.832,0.516,0.212,0.082
376.5,2.136,1.328,0.594,0.832,0.516,0.213,0.081
376.6,2.154,1.343,0.599,0.832,0.516,0.213,0.081
376.70000000000005,2.161,1.349,0.602,0.832,0.515,0.213,0.082
376.8,2.164,1.351,0.603,0.832,0.515,0.213,0.081
376.90000000000003,2.165,1.352,0.603,0.832,0.516,0.213,0.081
377.0,2.136,1.328,0.594,0.832,0.516,0.213,0.082
377.1,2.154,1.343,0.599,0.832,0.516,0.214,0.081
377.20000000000005,2.161,1.349,0.602,0.832,0.516,0.213,0.081
377.3,2.164,1.351,0.603,0.832,0.516,0.213,0.081
377.40000000000003,2.165,1.352,0.603,0.832,0.515,0.214,0.082
377.5,2.136,1.328,0.594,0.832,0.516,0.214,0.081
377.6,2.124,1.318,0.59,0.832,0.516,0.214,0.081
377.70000000000005,2.119,1.314,0.588,0.832,0.516,0.214,0.081
377.8,2.117,1.313,0.588,0.832,0.516,0.214,0.08
377.90000000000003,2.116,1.312,0.587,0.832,0.516,0.214,0.081
378.0,2.146,1.337,0.597,0.832,0.516,0.214,0.082
378.1,2.128,1.322,0.591,0.832,0.516,0.214,0.081
378.20000000000005,2.121,1.316,0.589,0.832,0.516,0.215,0.081
378.3,2.118,1.313,0.588,0.832,0.516,0.215,0.081
378.40000000000003,2.116,1.313,0.588,0.832,0.516,0.215,0.08
378.5,2.116,1.312,0.587,0.832,0.516,0.215,0.081
378.6,2.146,1.337,0.597,0.832,0.516,0.215,0.08
378.70000000000005,2.128,1.322,0.591,0.832,0.516,0.215,0.081
378.8,2.121,1.316,0.589,0.832,0.516,0.216,0.081
378.90000000000003,2.118,1.313,0.588,0.833,0.517,0.216,0.081
379.0,2.116,1.313,0.588,0.832,0.516,0.215,0.08
379.1,2.116,1.312,0.587,0.832,0.516,0.216,0.081
379.20000000000005,2.116,1.312,0.587,0.832,0.516,0.216,0.081
379.3,2.116,1.312,0.587,0.832,0.516,0.216,0.081
379.40000000000003,2.116,1.312,0.587,0.832,0.516,0.216,0.081
379.5,2.116,1.312,0.587,0.832,0.516,0.216,0.081
379.6,2.116,1.312,0.587,0.833,0.516,0.217,0.081
379.70000000000005,2.116,1.312,0.587,0.832,0.516,0.216,0.08
379.8,2.116,1.312,0.587,0.833,0.516,0.217,0.081
379.90000000000003,2.116,1.312,0.587,0.832,0.516,0.217,0.081
380.0,2.116,1.312,0.587,0.832,0.516,0.217,0.08
380.1,2.116,1.312,0.587,0.832,0.516,0.217,0.08
380.20000000000005,2.116,1.312,0.587,0.832,0.516,0.217,0.081
380.3,2.116,1.312,0.587,0.832,0.517,0.217,0.081
380.40000000000003,2.116,1.312,0.587,0.833,0.517,0.217,0.081
380.5,2.116,1.312,0.587,0.832,0.516,0.217,0.081
380.6,2.085,1.287,0.578,0.832,0.517,0.217,0.081
380.70000000000005,2.104,1.302,0.583,0.832,0.516,0.217,0.08
380.8,2.111,1.308,0.586,0.832,0.516,0.217,0.081
380.90000000000003,2.084,1.286,0.577,0.832,0.516,0.218,0.081
381.0,2.073,1.277,0.574,0.832,0.517,0.218,0.08
381.1,2.098,1.298,0.582,0.832,0.517,0.217,0.08
381.20000000000005,2.109,1.306,0.585,0.832,0.516,0.218,0.08
381.3,2.113,1.31,0.586,0.832,0.517,0.218,0.081
381.40000000000003,2.115,1.311,0.587,0.832,0.517,0.218,0.08
381.5,2.115,1.312,0.587,0.832,0.517,0.218,0.081
381.6,2.115,1.312,0.587,0.832,0.517,0.218,0.081
381.70000000000005,2.116,1.312,0.587,0.832,0.517,0.218,0.08
381.8,2.085,1.287,0.578,0.832,0.516,0.218,0.08
381.90000000000003,2.073,1.278,0.574,0.832,0.517,0.218,0.08
382.0,2.069,1.274,0.572,0.832,0.516,0.218,0.08
382.1,2.067,1.272,0.572,0.832,0.517,0.218,0.081
382.20000000000005,2.066,1.272,0.572,0.832,0.517,0.218,0.08
382.3,2.066,1.271,0.572,0.832,0.516,0.218,0.08
382.40000000000003,2.065,1.271,0.572,0.832,0.517,0.219,0.08
382.5,2.065,1.271,0.571,0.832,0.517,0.218,0.081
382.6,2.035,1.247,0.562,0.832,0.517,0.219,0.08
382.70000000000005,2.053,1.262,0.568,0.832,0.517,0.218,0.08
382.8,2.061,1.267,0.57,0.832,0.517,0.218,0.081
382.90000000000003,2.063,1.27,0.571,0.832,0.517,0.219,0.08
383.0,2.065,1.271,0.571,0.832,0.517,0.219,0.08
383.1,2.065,1.271,0.571,0.832,0.517,0.219,0.081
383.20000000000005,2.065,1.271,0.571,0.832,0.517,0.219,0.08
383.3,2.065,1.271,0.571,0.832,0.517,0.218,0.08
383.40000000000003,2.065,1.271,0.571,0.832,0.517,0.219,0.08
383.5,2.065,1.271,0.571,0.832,0.517,0.219,0.08
383.6,2.096,1.296,0.581,0.832,0.517,0.219,0.081
383.70000000000005,2.077,1.281,0.575,0.832,0.517,0.218,0.08
383.8,2.07,1.275,0.573,0.832,0.517,0.219,0.081
383.90000000000003,2.067,1.273,0.572,0.832,0.517,0.219,0.08
384.0,2.066,1.272,0.572,0.832,0.517,0.219,0.08
384.1,2.036,1.247,0.562,0.832,0.517,0.218,0.08
384.20000000000005,2.053,1.262,0.568,0.832,0.517,0.219,0.08
384.3,2.091,1.292,0.579,0.832,0.517,0.219,0.08
384.40000000000003,2.076,1.279,0.575,0.832,0.517,0.218,0.08
384.5,2.069,1.275,0.573,0.832,0.517,0.219,0.08
384.6,2.067,1.273,0.572,0.832,0.517,0.219,0.08
384.70000000000005,2.066,1.272,0.572,0.832,0.517,0.219,0.08
384.8,2.066,1.271,0.572,0.832,0.517,0.219,0.08
384.90000000000003,2.065,1.271,0.572,0.832,0.517,0.22,0.081
385.0,2.065,1.271,0.571,0.832,0.517,0.219,0.08
385.1,2.065,1.271,0.571,0.832,0.517,0.219,0.08
385.20000000000005,2.065,1.271,0.571,0.832,0.517,0.218,0.08
385.3,2.096,1.296,0.581,0.832,0.517,0.218,0.081
385.40000000000003,2.077,1.281,0.575,0.832,0.518,0.219,0.08
385.5,2.07,1.275,0.573,0.832,0.518,0.219,0.08
385.6,2.067,1.273,0.572,0.832,0.517,0.219,0.08
385.70000000000005,2.066,1.272,0.572,0.832,0.517,0.219,0.08
385.8,2.066,1.271,0.572,0.832,0.517,0.22,0.08
385.90000000000003,2.065,1.271,0.572,0.832,0.517,0.22,0.08
386.0,2.035,1.247,0.562,0.832,0.517,0.219,0.08
386.1,2.053,1.262,0.568,0.83,0.517,0.219,0.08
386.20000000000005,2.061,1.267,0.57,0.829,0.517,0.219,0.08
386.3,2.033,1.246,0.561,0.829,0.517,0.219,0.08
386.40000000000003,2.083,1.285,0.577,0.831,0.517,0.219,0.08
386.5,2.072,1.277,0.574,0.83,0.517,0.219,0.081
386.6,2.068,1.274,0.572,0.831,0.517,0.22,0.08
386.70000000000005,2.158,1.346,0.601,0.83,0.517,0.219,0.08
386.8,2.102,1.301,0.583,0.829,0.518,0.22,0.081
386.90000000000003,2.08,1.283,0.576,0.831,0.518,0.22,0.081
387.0,2.041,1.252,0.564,0.83,0.518,0.219,0.08
387.1,2.026,1.239,0.559,0.831,0.517,0.219,0.08
387.20000000000005,2.05,1.259,0.567,0.832,0.517,0.219,0.08
387.3,2.059,1.266,0.569,0.832,0.518,0.219,0.08
387.40000000000003,2.063,1.269,0.571,0.832,0.518,0.219,0.08
387.5,2.064,1.27,0.571,0.832,0.518,0.219,0.08
387.6,2.065,1.271,0.571,0.83,0.518,0.219,0.08
387.70000000000005,2.065,1.271,0.571,0.829,0.517,0.218,0.08
387.8,2.065,1.271,0.571,0.831,0.517,0.219,0.08
387.90000000000003,2.035,1.247,0.562,0.832,0.517,0.219,0.081
388.0,2.053,1.262,0.568,0.83,0.517,0.218,0.08
388.1,2.031,1.243,0.561,0.829,0.517,0.219,0.08
388.20000000000005,2.051,1.26,0.567,0.829,0.518,0.219,0.08
388.3,2.06,1.267,0.57,0.828,0.517,0.219,0.08
388.40000000000003,2.033,1.245,0.561,0.828,0.517,0.219,0.08
388.5,2.052,1.261,0.567,0.829,0.518,0.219,0.08
388.6,2.06,1.267,0.57,0.829,0.517,0.219,0.08
388.70000000000005,2.063,1.27,0.571,0.828,0.517,0.219,0.08
388.8,2.035,1.247,0.562,0.828,0.517,0.219,0.08
388.90000000000003,2.053,1.261,0.568,0.829,0.517,0.218,0.08
389.0,2.06,1.267,0.57,0.828,0.517,0.219,0.08
389.1,2.033,1.246,0.561,0.828,0.518,0.219,0.08
389.20000000000005,2.023,1.237,0.558,0.828,0.518,0.218,0.08
389.3,2.048,1.258,0.566,0.829,0.517,0.219,0.08
389.40000000000003,2.059,1.266,0.569,0.828,0.517,0.219,0.08
389.5,2.033,1.245,0.561,0.829,0.517,0.219,0.08
389.6,2.052,1.261,0.567,0.829,0.518,0.219,0.08
389.70000000000005,2.03,1.243,0.56,0.828,0.518,0.219,0.08
389.8,2.021,1.236,0.558,0.828,0.518,0.219,0.08
389.90000000000003,2.018,1.233,0.557,0.828,0.518,0.219,0.08
390.0,2.046,1.256,0.566,0.828,0.517,0.218,0.08
390.1,1.998,1.217,0.55,0.828,0.517,0.219,0.08
390.20000000000005,2.038,1.25,0.563,0.828,0.517,0.219,0.08
390.3,2.055,1.263,0.568,0.828,0.517,0.218,0.08
390.40000000000003,2.031,1.244,0.561,0.828,0.517,0.219,0.08
390.5,2.022,1.236,0.558,0.828,0.518,0.218,0.08
390.6,2.018,1.233,0.557,0.827,0.518,0.218,0.08
390.70000000000005,2.016,1.232,0.556,0.828,0.517,0.218,0.08
390.8,2.016,1.231,0.556,0.828,0.517,0.219,0.08
390.90000000000003,2.016,1.231,0.556,0.828,0.518,0.218,0.08
391.0,2.015,1.231,0.556,0.827,0.518,0.219,0.08
391.1,2.015,1.231,0.556,0.828,0.517,0.218,0.08
391.20000000000005,2.015,1.231,0.556,0.828,0.518,0.218,0.08
391.3,2.015,1.231,0.556,0.827,0.517,0.218,0.08
391.40000000000003,2.015,1.231,0.556,0.828,0.518,0.218,0.08
391.5,2.015,1.231,0.556,0.828,0.518,0.218,0.08
391.6,2.015,1.231,0.556,0.827,0.518,0.218,0.08
391.70000000000005,2.015,1.231,0.556,0.828,0.518,0.218,0.08
391.8,2.015,1.231,0.556,0.828,0.518,0.218,0.08
391.90000000000003,2.015,1.231,0.556,0.828,0.518,0.218,0.08
392.0,2.015,1.231,0.556,0.827,0.518,0.218,0.08
392.1,2.015,1.231,0.556,0.827,0.518,0.218,0.08
392.20000000000005,2.015,1.231,0.556,0.827,0.518,0.218,0.08
392.3,2.015,1.231,0.556,0.827,0.519,0.218,0.08
392.40000000000003,1.986,1.207,0.547,0.828,0.518,0.218,0.08
392.5,2.003,1.222,0.552,0.827,0.518,0.219,0.08
392.6,2.011,1.227,0.554,0.828,0.518,0.218,0.08
392.70000000000005,2.013,1.23,0.555,0.827,0.518,0.218,0.08
392.8,2.015,1.231,0.556,0.827,0.518,0.218,0.08
392.90000000000003,2.015,1.231,0.556,0.827,0.518,0.218,0.08
393.0,2.015,1.231,0.556,0.827,0.518,0.218,0.08
393.1,2.015,1.231,0.556,0.826,0.518,0.218,0.08
393.20000000000005,2.015,1.231,0.556,0.826,0.518,0.218,0.08
393.3,2.015,1.231,0.556,0.826,0.518,0.218,0.08
393.40000000000003,2.015,1.231,0.556,0.827,0.518,0.217,0.08
393.5,2.015,1.231,0.556,0.826,0.518,0.218,0.08
393.6,2.045,1.255,0.565,0.826,0.518,0.218,0.08
393.70000000000005,2.057,1.265,0.569,0.826,0.518,0.218,0.08
393.8,2.032,1.245,0.561,0.826,0.518,0.218,0.08
393.90000000000003,2.022,1.237,0.558,0.826,0.518,0.218,0.08
394.0,2.018,1.233,0.557,0.826,0.518,0.218,0.08
394.1,2.016,1.232,0.556,0.826,0.518,0.218,0.08
394.20000000000005,2.016,1.231,0.556,0.826,0.518,0.218,0.08
394.3,2.016,1.231,0.556,0.826,0.518,0.218,0.08
394.40000000000003,2.015,1.231,0.556,0.826,0.518,0.218,0.08
394.5,2.015,1.231,0.556,0.826,0.518,0.218,0.08
394.6,2.015,1.231,0.556,0.826,0.518,0.218,0.081
394.70000000000005,2.015,1.231,0.556,0.826,0.518,0.218,0.08
394.8,2.015,1.231,0.556,0.826,0.518,0.218,0.079
394.90000000000003,2.015,1.231,0.556,0.826,0.518,0.217,0.08
395.0,2.015,1.231,0.556,0.826,0.518,0.218,0.08
395.1,2.015,1.231,0.556,0.825,0.518,0.218,0.08
395.20000000000005,2.015,1.231,0.556,0.825,0.518,0.217,0.08
395.3,2.045,1.255,0.565,0.826,0.518,0.218,0.08
395.40000000000003,2.027,1.241,0.56,0.826,0.519,0.218,0.08
395.5,2.02,1.235,0.557,0.825,0.518,0.218,0.08
395.6,2.017,1.233,0.556,0.826,0.518,0.217,0.08
395.70000000000005,2.016,1.232,0.556,0.825,0.518,0.217,0.08
395.8,2.016,1.231,0.556,0.826,0.519,0.218,0.08
395.90000000000003,2.015,1.231,0.556,0.825,0.518,0.218,0.08
396.0,2.015,1.231,0.556,0.826,0.519,0.217,0.08
396.1,2.015,1.231,0.556,0.825,0.518,0.217,0.08
396.20000000000005,2.015,1.231,0.556,0.825,0.518,0.218,0.08
396.3,2.015,1.231,0.556,0.826,0.518,0.217,0.08
396.40000000000003,2.015,1.231,0.556,0.825,0.519,0.217,0.08
396.5,2.015,1.231,0.556,0.825,0.518,0.217,0.08
396.6,2.015,1.231,0.556,0.825,0.519,0.217,0.08
396.70000000000005,2.015,1.231,0.556,0.825,0.518,0.218,0.08
396.8,2.015,1.231,0.556,0.825,0.518,0.217,0.08
396.90000000000003,2.015,1.231,0.556,0.826,0.519,0.217,0.08
397.0,2.015,1.231,0.556,0.826,0.519,0.217,0.08
397.1,2.015,1.231,0.556,0.826,0.518,0.217,0.08
397.20000000000005,1.986,1.207,0.547,0.826,0.519,0.217,0.079
397.3,2.003,1.222,0.552,0.825,0.518,0.217,0.08
397.40000000000003,2.011,1.227,0.554,0.825,0.518,0.217,0.079
397.5,2.013,1.23,0.555,0.826,0.519,0.217,0.08
397.6,2.015,1.231,0.556,0.825,0.518,0.217,0.08
397.70000000000005,1.985,1.207,0.546,0.825,0.518,0.217,0.079
397.8,2.003,1.222,0.552,0.826,0.519,0.218,0.08
397.90000000000003,2.011,1.227,0.554,0.825,0.519,0.217,0.08
398.0,2.013,1.23,0.555,0.825,0.518,0.217,0.079
398.1,2.015,1.231,0.556,0.825,0.519,0.217,0.08
398.20000000000005,2.015,1.231,0.556,0.825,0.519,0.217,0.08
398.3,1.985,1.207,0.546,0.824,0.519,0.217,0.079
398.40000000000003,2.003,1.222,0.552,0.825,0.519,0.217,0.08
398.5,2.011,1.227,0.554,0.825,0.518,0.217,0.079
398.6,2.013,1.23,0.555,0.826,0.519,0.216,0.08
398.70000000000005,2.015,1.231,0.556,0.825,0.519,0.217,0.08
398.8,1.985,1.207,0.546,0.825,0.519,0.217,0.079
398.90000000000003,2.003,1.222,0.552,0.825,0.518,0.217,0.079
399.0,2.011,1.227,0.554,0.825,0.518,0.217,0.079
399.1,2.013,1.23,0.555,0.825,0.519,0.217,0.08
399.20000000000005,2.015,1.231,0.556,0.824,0.519,0.217,0.079
399.3,2.015,1.231,0.556,0.825,0.519,0.217,0.079
399.40000000000003,2.015,1.231,0.556,0.825,0.518,0.217,0.079
399.5,2.015,1.231,0.556,0.825,0.519,0.217,0.079
399.6,2.015,1.231,0.556,0.825,0.519,0.217,0.079
399.70000000000005,2.015,1.231,0.556,0.824,0.519,0.217,0.079
399.8,2.015,1.231,0.556,0.824,0.519,0.217,0.079
399.90000000000003,2.015,1.231,0.556,0.823,0.519,0.216,0.079
400.0,2.015,1.231,0.556,0.824,0.519,0.217,0.079
400.1,2.015,1.231,0.556,0.824,0.518,0.217,0.079
400.20000000000005,1.986,1.207,0.547,0.825,0.519,0.217,0.079
400.3,2.003,1.222,0.552,0.825,0.519,0.217,0.079
400.40000000000003,1.981,1.204,0.545,0.824,0.519,0.217,0.079
400.5,2.002,1.22,0.552,0.824,0.519,0.217,0.079
400.6,2.01,1.227,0.554,0.824,0.519,0.217,0.079
400.70000000000005,2.013,1.229,0.555,0.824,0.519,0.216,0.079
400.8,1.985,1.207,0.546,0.824,0.519,0.216,0.079
400.90000000000003,2.003,1.221,0.552,0.825,0.519,0.217,0.079
401.0,2.01,1.227,0.554,0.824,0.518,0.217,0.079
401.1,2.013,1.23,0.555,0.823,0.519,0.217,0.079
401.20000000000005,2.015,1.231,0.556,0.823,0.519,0.216,0.079
401.3,2.015,1.231,0.556,0.823,0.519,0.217,0.079
401.40000000000003,2.015,1.231,0.556,0.824,0.519,0.217,0.079
401.5,2.015,1.231,0.556,0.823,0.519,0.217,0.078
401.6,1.986,1.207,0.547,0.823,0.518,0.216,0.079
401.70000000000005,2.003,1.222,0.552,0.823,0.519,0.216,0.079
401.8,2.101,1.3,0.583,0.823,0.519,0.216,0.079
401.90000000000003,2.05,1.259,0.567,0.823,0.519,0.217,0.079
402.0,2.029,1.242,0.56,0.823,0.519,0.216,0.078
402.1,2.021,1.236,0.558,0.823,0.519,0.217,0.078
402.20000000000005,1.988,1.209,0.547,0.823,0.519,0.216,0.078
402.3,1.974,1.199,0.543,0.823,0.518,0.216,0.078
402.40000000000003,1.999,1.218,0.551,0.824,0.519,0.216,0.079
402.5,2.009,1.226,0.554,0.824,0.519,0.216,0.078
402.6,2.043,1.253,0.564,0.824,0.52,0.216,0.079
402.70000000000005,1.997,1.216,0.55,0.823,0.519,0.216,0.078
402.8,2.008,1.225,0.553,0.823,0.519,0.216,0.078
402.90000000000003,1.983,1.205,0.546,0.822,0.519,0.216,0.078
403.0,2.002,1.221,0.552,0.823,0.52,0.216,0.078
403.1,2.01,1.227,0.554,0.823,0.52,0.215,0.078
403.20000000000005,1.983,1.206,0.546,0.823,0.519,0.215,0.078
403.3,2.003,1.221,0.552,0.822,0.52,0.216,0.078
403.40000000000003,2.01,1.227,0.554,0.823,0.52,0.216,0.078
403.5,2.013,1.23,0.555,0.823,0.519,0.216,0.078
403.6,2.015,1.231,0.556,0.823,0.519,0.216,0.078
403.70000000000005,2.015,1.231,0.556,0.823,0.519,0.216,0.078
403.8,1.985,1.207,0.546,0.822,0.519,0.215,0.078
403.90000000000003,2.003,1.222,0.552,0.822,0.519,0.215,0.078
404.0,2.011,1.227,0.554,0.823,0.519,0.216,0.078
404.1,2.013,1.23,0.555,0.822,0.519,0.215,0.078
404.20000000000005,1.985,1.207,0.546,0.822,0.519,0.215,0.078
404.3,2.003,1.221,0.552,0.822,0.519,0.215,0.078
404.40000000000003,2.01,1.227,0.554,0.822,0.519,0.215,0.078
404.5,2.013,1.23,0.555,0.822,0.519,0.215,0.078
404.6,1.985,1.207,0.546,0.822,0.52,0.216,0.078
404.70000000000005,2.003,1.221,0.552,0.822,0.52,0.215,0.079
404.8,2.01,1.227,0.554,0.823,0.52,0.215,0.078
404.90000000000003,1.984,1.206,0.546,0.822,0.52,0.215,0.078
405.0,2.003,1.221,0.552,0.822,0.519,0.215,0.078
405.1,1.98,1.203,0.545,0.821,0.519,0.215,0.078
405.20000000000005,1.972,1.196,0.542,0.821,0.519,0.215,0.078
405.3,1.968,1.193,0.541,0.822,0.52,0.215,0.078
405.40000000000003,1.967,1.192,0.541,0.822,0.519,0.215,0.078
405.5,1.966,1.192,0.54,0.822,0.52,0.215,0.078
405.6,1.966,1.192,0.54,0.822,0.519,0.215,0.078
405.70000000000005,1.966,1.192,0.54,0.822,0.52,0.215,0.078
405.8,1.966,1.192,0.54,0.822,0.519,0.215,0.078
405.90000000000003,1.995,1.215,0.55,0.822,0.519,0.215,0.078
406.0,2.007,1.225,0.553,0.822,0.519,0.215,0.078
406.1,1.982,1.205,0.546,0.821,0.52,0.215,0.078
406.20000000000005,2.002,1.221,0.552,0.821,0.52,0.215,0.077
406.3,2.01,1.227,0.554,0.821,0.519,0.215,0.078
406.40000000000003,1.983,1.206,0.546,0.822,0.519,0.214,0.078
406.5,1.973,1.197,0.543,0.821,0.519,0.214,0.078
406.6,1.969,1.194,0.541,0.821,0.52,0.214,0.078
406.70000000000005,1.997,1.216,0.55,0.822,0.52,0.215,0.077
406.8,1.978,1.201,0.544,0.821,0.52,0.214,0.078
406.90000000000003,1.971,1.196,0.542,0.821,0.519,0.214,0.078
407.0,1.968,1.193,0.541,0.821,0.52,0.214,0.078
407.1,1.966,1.192,0.541,0.821,0.52,0.214,0.078
407.20000000000005,1.966,1.192,0.54,0.821,0.52,0.215,0.078
407.3,1.996,1.215,0.55,0.821,0.52,0.214,0.078
407.40000000000003,1.978,1.201,0.544,0.822,0.52,0.215,0.078
407.5,1.97,1.195,0.542,0.821,0.52,0.214,0.078
407.6,1.997,1.217,0.55,0.821,0.519,0.214,0.078
407.70000000000005,2.008,1.225,0.554,0.821,0.519,0.213,0.078
407.8,1.983,1.205,0.546,0.822,0.52,0.214,0.077
407.90000000000003,1.972,1.197,0.542,0.821,0.52,0.214,0.078
408.0,1.968,1.194,0.541,0.821,0.52,0.214,0.077
408.1,1.967,1.192,0.541,0.821,0.52,0.214,0.077
408.20000000000005,1.996,1.216,0.55,0.822,0.52,0.214,0.077
408.3,1.978,1.201,0.544,0.821,0.52,0.215,0.077
408.40000000000003,1.971,1.195,0.542,0.821,0.519,0.214,0.078
408.5,1.968,1.193,0.541,0.821,0.519,0.214,0.078
408.6,1.966,1.192,0.541,0.821,0.52,0.214,0.078
408.70000000000005,1.966,1.192,0.54,0.821,0.519,0.214,0.078
408.8,1.966,1.192,0.54,0.821,0.52,0.214,0.078
408.90000000000003,1.966,1.192,0.54,0.821,0.519,0.214,0.077
409.0,1.966,1.192,0.54,0.821,0.519,0.214,0.077
409.1,1.966,1.192,0.54,0.82,0.519,0.214,0.078
409.20000000000005,1.966,1.192,0.54,0.821,0.52,0.214,0.077
409.3,1.966,1.192,0.54,0.82,0.52,0.214,0.078
409.40000000000003,1.966,1.192,0.54,0.821,0.52,0.214,0.078
409.5,1.966,1.192,0.54,0.82,0.52,0.214,0.078
409.6,1.966,1.192,0.54,0.821,0.52,0.214,0.077
409.70000000000005,1.966,1.192,0.54,0.821,0.52,0.213,0.077
409.8,1.995,1.215,0.55,0.821,0.519,0.214,0.077
409.90000000000003,1.978,1.201,0.544,0.821,0.52,0.213,0.077
410.0,1.97,1.195,0.542,0.821,0.519,0.214,0.077
410.1,1.968,1.193,0.541,0.82,0.52,0.213,0.078
410.20000000000005,1.966,1.192,0.541,0.821,0.52,0.214,0.077
410.3,2.086,1.289,0.578,0.82,0.521,0.214,0.077
410.40000000000003,2.014,1.23,0.555,0.821,0.52,0.213,0.077
410.5,1.985,1.207,0.546,0.82,0.52,0.213,0.077
410.6,1.973,1.198,0.543,0.821,0.52,0.213,0.078
410.70000000000005,1.969,1.194,0.541,0.82,0.52,0.213,0.078
410.8,1.967,1.193,0.541,0.82,0.52,0.213,0.077
410.90000000000003,1.966,1.192,0.54,0.821,0.52,0.213,0.078
411.0,1.996,1.215,0.55,0.82,0.52,0.213,0.077
411.1,1.978,1.201,0.544,0.82,0.52,0.213,0.078
411.20000000000005,1.97,1.195,0.542,0.82,0.52,0.213,0.077
411.3,1.968,1.193,0.541,0.821,0.52,0.213,0.078
411.40000000000003,1.966,1.192,0.541,0.82,0.52,0.213,0.078
411.5,1.966,1.192,0.54,0.821,0.519,0.213,0.078
411.6,1.966,1.192,0.54,0.82,0.519,0.213,0.077
411.70000000000005,1.966,1.192,0.54,0.821,0.52,0.213,0.078
411.8,1.966,1.192,0.54,0.82,0.52,0.213,0.078
411.90000000000003,1.966,1.192,0.54,0.82,0.52,0.212,0.077
412.0,1.966,1.192,0.54,0.821,0.519,0.213,0.078
412.1,2.025,1.239,0.559,0.82,0.52,0.213,0.077
412.20000000000005,1.99,1.211,0.548,0.821,0.521,0.213,0.078
412.3,1.975,1.199,0.543,0.82,0.52,0.213,0.077
412.40000000000003,1.969,1.195,0.542,0.82,0.52,0.213,0.077
412.5,1.967,1.193,0.541,0.82,0.52,0.213,0.077
412.6,1.966,1.192,0.541,0.82,0.52,0.213,0.078
412.70000000000005,1.966,1.192,0.54,0.821,0.521,0.213,0.077
412.8,1.966,1.192,0.54,0.82,0.52,0.213,0.078
412.90000000000003,1.966,1.192,0.54,0.82,0.52,0.213,0.077
413.0,1.966,1.192,0.54,0.82,0.52,0.212,0.078
413.1,1.966,1.192,0.54,0.82,0.519,0.213,0.077
413.20000000000005,1.966,1.192,0.54,0.82,0.519,0.213,0.077
413.3,1.995,1.215,0.55,0.82,0.52,0.213,0.078
413.40000000000003,1.978,1.201,0.544,0.82,0.52,0.213,0.077
413.5,1.97,1.195,0.542,0.82,0.521,0.213,0.077
413.6,1.968,1.193,0.541,0.82,0.52,0.213,0.077
413.70000000000005,1.966,1.192,0.541,0.82,0.521,0.212,0.078
413.8,1.966,1.192,0.54,0.82,0.52,0.212,0.077
413.90000000000003,1.966,1.192,0.54,0.82,0.521,0.212,0.077
414.0,1.966,1.192,0.54,0.82,0.52,0.212,0.078
414.1,1.966,1.192,0.54,0.819,0.52,0.212,0.077
414.20000000000005,1.966,1.192,0.54,0.819,0.52,0.212,0.077
414.3,1.966,1.192,0.54,0.819,0.521,0.212,0.077
414.40000000000003,1.966,1.192,0.54,0.819,0.52,0.212,0.078
414.5,1.966,1.192,0.54,0.82,0.521,0.213,0.077
414.6,1.966,1.192,0.54,0.82,0.52,0.212,0.077
414.70000000000005,1.966,1.192,0.54,0.819,0.52,0.212,0.077
414.8,1.966,1.192,0.54,0.82,0.521,0.212,0.078
414.90000000000003,1.966,1.192,0.54,0.819,0.52,0.212,0.077
415.0,1.966,1.192,0.54,0.819,0.521,0.213,0.077
415.1,1.966,1.192,0.54,0.819,0.521,0.212,0.077
415.20000000000005,1.966,1.192,0.54,0.818,0.52,0.212,0.077
415.3,1.966,1.192,0.54,0.819,0.52,0.212,0.077
415.40000000000003,1.966,1.192,0.54,0.819,0.52,0.212,0.077
415.5,1.966,1.192,0.54,0.819,0.521,0.212,0.077
415.6,1.936,1.168,0.531,0.82,0.521,0.212,0.077
415.70000000000005,1.954,1.182,0.537,0.82,0.52,0.212,0.077
415.8,1.991,1.212,0.548,0.819,0.52,0.212,0.077
415.90000000000003,1.976,1.2,0.543,0.819,0.52,0.212,0.077
416.0,1.97,1.195,0.542,0.819,0.521,0.212,0.078
416.1,1.967,1.193,0.541,0.819,0.52,0.212,0.077
416.20000000000005,1.966,1.192,0.541,0.818,0.521,0.212,0.077
416.3,1.966,1.192,0.54,0.819,0.521,0.212,0.077
416.40000000000003,1.966,1.192,0.54,0.818,0.521,0.212,0.077
416.5,1.966,1.192,0.54,0.818,0.52,0.212,0.077
416.6,1.966,1.192,0.54,0.818,0.52,0.212,0.077
416.70000000000005,1.966,1.192,0.54,0.818,0.52,0.212,0.077
416.8,1.966,1.192,0.54,0.818,0.521,0.212,0.077
416.90000000000003,1.966,1.192,0.54,0.818,0.521,0.212,0.077
417.0,1.966,1.192,0.54,0.818,0.521,0.212,0.077
417.1,1.966,1.192,0.54,0.818,0.521,0.211,0.077
417.20000000000005,1.995,1.215,0.55,0.818,0.52,0.212,0.077
417.3,1.978,1.201,0.544,0.818,0.521,0.212,0.078
417.40000000000003,1.97,1.195,0.542,0.818,0.52,0.212,0.078
417.5,1.968,1.193,0.541,0.818,0.52,0.212,0.077
417.6,1.966,1.192,0.541,0.818,0.521,0.212,0.077
417.70000000000005,1.966,1.192,0.54,0.818,0.521,0.212,0.077
417.8,1.996,1.215,0.55,0.818,0.521,0.211,0.077
417.90000000000003,1.978,1.201,0.544,0.818,0.521,0.211,0.077
418.0,2,1.219,0.551,0.819,0.521,0.211,0.077
418.1,1.98,1.203,0.545,0.818,0.521,0.212,0.077
418.20000000000005,1.971,1.196,0.542,0.818,0.521,0.212,0.077
418.3,1.968,1.193,0.541,0.818,0.521,0.211,0.077
418.40000000000003,1.996,1.216,0.55,0.818,0.52,0.212,0.077
418.5,1.978,1.201,0.544,0.818,0.521,0.212,0.077
418.6,1.971,1.196,0.542,0.819,0.52,0.212,0.077
418.70000000000005,1.968,1.193,0.541,0.818,0.521,0.212,0.078
418.8,1.966,1.192,0.541,0.818,0.521,0.211,0.077
418.90000000000003,1.966,1.192,0.54,0.818,0.521,0.212,0.077
419.0,1.966,1.192,0.54,0.818,0.521,0.211,0.077
419.1,1.966,1.192,0.54,0.818,0.521,0.212,0.078
419.20000000000005,1.966,1.192,0.54,0.817,0.521,0.212,0.078
419.3,1.966,1.192,0.54,0.818,0.521,0.211,0.077
419.40000000000003,1.966,1.192,0.54,0.818,0.521,0.211,0.077
419.5,1.966,1.192,0.54,0.817,0.521,0.211,0.078
419.6,1.966,1.192,0.54,0.817,0.521,0.211,0.077
419.70000000000005,1.966,1.192,0.54,0.817,0.521,0.211,0.078
419.8,1.966,1.192,0.54,0.817,0.521,0.211,0.077
419.90000000000003,1.966,1.192,0.54,0.818,0.521,0.211,0.077
420.0,1.966,1.192,0.54,0.817,0.521,0.21,0.077
420.1,1.907,1.145,0.522,0.817,0.521,0.21,0.078
420.20000000000005,1.942,1.173,0.533,0.818,0.521,0.211,0.077
420.3,1.956,1.184,0.537,0.818,0.521,0.211,0.077
420.40000000000003,1.962,1.189,0.539,0.818,0.521,0.211,0.078
420.5,1.964,1.19,0.54,0.817,0.521,0.212,0.077
420.6,1.935,1.168,0.531,0.817,0.521,0.211,0.077
420.70000000000005,1.954,1.182,0.537,0.817,0.521,0.21,0.078
420.8,1.961,1.188,0.539,0.817,0.521,0.211,0.077
420.90000000000003,1.964,1.19,0.54,0.817,0.521,0.21,0.077
421.0,1.906,1.144,0.522,0.817,0.521,0.21,0.078
421.1,1.942,1.173,0.533,0.817,0.521,0.21,0.077
421.20000000000005,1.986,1.208,0.547,0.818,0.521,0.211,0.078
421.3,1.974,1.198,0.543,0.817,0.521,0.21,0.078
421.40000000000003,1.969,1.194,0.541,0.817,0.521,0.211,0.077
421.5,1.967,1.193,0.541,0.818,0.521,0.21,0.078
421.6,1.966,1.192,0.54,0.817,0.521,0.21,0.078
421.70000000000005,1.966,1.192,0.54,0.817,0.521,0.21,0.077
421.8,1.966,1.192,0.54,0.818,0.521,0.21,0.078
421.90000000000003,1.966,1.192,0.54,0.817,0.521,0.21,0.077
422.0,1.966,1.192,0.54,0.817,0.521,0.21,0.077
422.1,1.966,1.192,0.54,0.817,0.521,0.21,0.077
422.20000000000005,1.966,1.192,0.54,0.817,0.521,0.21,0.077
422.3,1.966,1.192,0.54,0.816,0.521,0.21,0.077
422.40000000000003,1.966,1.192,0.54,0.817,0.52,0.21,0.078
422.5,1.995,1.215,0.55,0.817,0.521,0.21,0.077
422.6,1.978,1.201,0.544,0.817,0.52,0.21,0.077
422.70000000000005,2.091,1.292,0.58,0.816,0.521,0.21,0.077
422.8,2.016,1.232,0.556,0.817,0.521,0.21,0.077
422.90000000000003,1.986,1.208,0.547,0.817,0.522,0.21,0.077
423.0,1.944,1.175,0.534,0.816,0.521,0.209,0.077
423.1,1.957,1.185,0.538,0.817,0.521,0.21,0.078
423.20000000000005,1.933,1.165,0.53,0.817,0.521,0.21,0.077
423.3,1.982,1.205,0.545,0.816,0.521,0.209,0.077
423.40000000000003,1.972,1.197,0.542,0.817,0.521,0.209,0.077
423.5,1.968,1.194,0.541,0.816,0.52,0.209,0.077
423.6,1.967,1.192,0.541,0.816,0.521,0.21,0.077
423.70000000000005,1.966,1.192,0.54,0.817,0.521,0.209,0.077
423.8,1.966,1.192,0.54,0.816,0.521,0.209,0.077
423.90000000000003,1.966,1.192,0.54,0.816,0.522,0.209,0.077
424.0,1.865,1.131,0.513,0.774,0.495,0.198,0.073
424.1,1.785,1.082,0.491,0.741,0.474,0.19,0.07
424.20000000000005,1.721,1.043,0.473,0.714,0.457,0.183,0.067
424.3,1.67,1.012,0.459,0.693,0.443,0.178,0.065
424.40000000000003,1.629,0.988,0.448,0.676,0.432,0.173,0.064
424.5,1.597,0.968,0.439,0.663,0.424,0.17,0.062
424.6,1.571,0.952,0.432,0.652,0.417,0.167,0.062
424.70000000000005,1.542,0.934,0.424,0.643,0.411,0.165,0.061
424.8,1.52,0.919,0.417,0.637,0.407,0.163,0.06
424.90000000000003,1.502,0.907,0.412,0.631,0.403,0.161,0.06
425.0,1.487,0.898,0.408,0.626,0.4,0.16,0.059
425.1,1.476,0.89,0.405,0.623,0.398,0.159,0.059
425.20000000000005,1.467,0.884,0.402,0.62,0.396,0.159,0.059
425.3,1.459,0.879,0.4,0.618,0.395,0.158,0.058
425.40000000000003,1.461,0.881,0.401,0.616,0.393,0.158,0.058
425.5,1.455,0.877,0.399,0.615,0.393,0.157,0.058
425.6,1.45,0.874,0.397,0.614,0.392,0.157,0.058
425.70000000000005,1.446,0.871,0.396,0.613,0.391,0.157,0.058
425.8,1.443,0.869,0.395,0.612,0.391,0.157,0.058
425.90000000000003,1.44,0.867,0.395,0.612,0.391,0.157,0.058
426.0,1.438,0.866,0.394,0.611,0.39,0.156,0.058
426.1,1.436,0.865,0.394,0.611,0.39,0.156,0.058
426.20000000000005,1.443,0.869,0.396,0.61,0.39,0.156,0.058
426.3,1.447,0.873,0.397,0.61,0.39,0.156,0.058
426.40000000000003,1.444,0.871,0.396,0.61,0.39,0.156,0.058
426.5,1.441,0.869,0.395,0.61,0.39,0.156,0.058
426.6,1.439,0.867,0.394,0.61,0.39,0.156,0.058
426.70000000000005,1.437,0.866,0.394,0.61,0.39,0.156,0.058
426.8,1.443,0.87,0.396,0.61,0.39,0.156,0.058
426.90000000000003,1.448,0.874,0.397,0.61,0.39,0.156,0.058
427.0,1.444,0.871,0.396,0.609,0.39,0.156,0.058
427.1,1.449,0.875,0.398,0.609,0.39,0.156,0.058
427.20000000000005,1.445,0.872,0.396,0.609,0.39,0.155,0.058
427.3,1.442,0.87,0.395,0.609,0.39,0.155,0.058
427.40000000000003,1.44,0.868,0.395,0.61,0.39,0.155,0.058
427.5,1.438,0.866,0.394,0.61,0.39,0.155,0.058
427.6,1.444,0.871,0.396,0.61,0.39,0.155,0.058
427.70000000000005,1.441,0.869,0.395,0.61,0.39,0.155,0.058
427.8,1.439,0.867,0.394,0.61,0.39,0.155,0.058
427.90000000000003,1.437,0.866,0.394,0.609,0.39,0.155,0.058
428.0,1.443,0.87,0.396,0.609,0.39,0.155,0.058
428.1,1.44,0.868,0.395,0.609,0.39,0.155,0.058
428.20000000000005,1.438,0.867,0.394,0.609,0.39,0.155,0.058
428.3,1.444,0.871,0.396,0.609,0.39,0.155,0.058
428.40000000000003,1.449,0.875,0.398,0.608,0.39,0.155,0.058
428.5,1.452,0.878,0.399,0.608,0.39,0.155,0.058
428.6,1.455,0.88,0.4,0.608,0.39,0.154,0.058
428.70000000000005,1.458,0.882,0.4,0.608,0.39,0.154,0.058
428.8,1.459,0.883,0.401,0.608,0.39,0.154,0.058
428.90000000000003,1.461,0.885,0.401,0.607,0.39,0.154,0.058
429.0,1.462,0.885,0.402,0.607,0.39,0.154,0.058
429.1,1.463,0.886,0.402,0.607,0.39,0.154,0.058
429.20000000000005,1.464,0.887,0.402,0.607,0.39,0.154,0.058
429.3,1.464,0.887,0.402,0.607,0.39,0.154,0.058
429.40000000000003,1.465,0.888,0.403,0.607,0.39,0.154,0.058
429.5,1.465,0.888,0.403,0.607,0.39,0.154,0.058
429.6,1.481,0.9,0.408,0.606,0.39,0.153,0.058
429.70000000000005,1.478,0.898,0.407,0.606,0.39,0.153,0.058
429.8,1.476,0.896,0.406,0.606,0.39,0.153,0.058
429.90000000000003,1.481,0.901,0.408,0.606,0.39,0.153,0.058
430.0,1.478,0.898,0.407,0.606,0.39,0.153,0.058
430.1,1.476,0.897,0.406,0.605,0.39,0.153,0.058
430.20000000000005,1.482,0.901,0.408,0.605,0.39,0.153,0.058
430.3,1.479,0.899,0.407,0.605,0.39,0.153,0.058
430.40000000000003,1.476,0.897,0.406,0.605,0.39,0.153,0.058
430.5,1.474,0.895,0.406,0.605,0.39,0.153,0.058
430.6,1.473,0.894,0.405,0.605,0.39,0.152,0.058
430.70000000000005,1.479,0.899,0.407,0.605,0.39,0.152,0.058
430.8,1.484,0.903,0.409,0.604,0.39,0.152,0.058
430.90000000000003,1.511,0.924,0.417,0.604,0.39,0.152,0.058
431.0,1.509,0.923,0.417,0.604,0.39,0.152,0.058
431.1,1.508,0.922,0.416,0.604,0.39,0.152,0.058
431.20000000000005,1.5,0.916,0.414,0.604,0.39,0.152,0.058
431.3,1.501,0.916,0.414,0.604,0.39,0.152,0.058
431.40000000000003,1.501,0.917,0.414,0.604,0.391,0.152,0.058
431.5,1.502,0.917,0.414,0.604,0.39,0.152,0.058
431.6,1.502,0.918,0.414,0.604,0.39,0.152,0.058
431.70000000000005,1.503,0.918,0.414,0.603,0.39,0.152,0.058
431.8,1.503,0.918,0.414,0.603,0.39,0.152,0.058
431.90000000000003,1.503,0.918,0.415,0.603,0.39,0.152,0.058
432.0,1.503,0.918,0.415,0.603,0.39,0.152,0.058
432.1,1.503,0.918,0.415,0.603,0.39,0.151,0.058
432.20000000000005,1.504,0.918,0.415,0.603,0.39,0.151,0.058
432.3,1.474,0.895,0.406,0.602,0.39,0.151,0.058
432.40000000000003,1.48,0.9,0.407,0.602,0.39,0.151,0.058
432.5,1.485,0.904,0.409,0.602,0.39,0.151,0.058
432.6,1.489,0.907,0.41,0.602,0.39,0.151,0.058
432.70000000000005,1.492,0.909,0.411,0.602,0.39,0.151,0.058
432.8,1.494,0.911,0.412,0.602,0.39,0.151,0.059
432.90000000000003,1.496,0.913,0.412,0.602,0.391,0.151,0.059
433.0,1.498,0.914,0.413,0.602,0.39,0.151,0.059
433.1,1.499,0.915,0.413,0.601,0.39,0.15,0.059
433.20000000000005,1.5,0.916,0.414,0.601,0.39,0.15,0.059
433.3,1.501,0.916,0.414,0.601,0.39,0.15,0.059
433.40000000000003,1.501,0.917,0.414,0.601,0.391,0.15,0.059
433.5,1.502,0.917,0.414,0.601,0.391,0.15,0.059
433.6,1.502,0.917,0.414,0.601,0.391,0.15,0.059
433.70000000000005,1.503,0.918,0.414,0.601,0.391,0.15,0.059
433.8,1.503,0.918,0.414,0.601,0.391,0.15,0.058
433.90000000000003,1.511,0.924,0.417,0.601,0.391,0.15,0.058
434.0,1.509,0.923,0.416,0.601,0.391,0.15,0.058
434.1,1.508,0.922,0.416,0.601,0.391,0.15,0.058
434.20000000000005,1.507,0.922,0.416,0.601,0.391,0.15,0.059
434.3,1.507,0.921,0.416,0.601,0.391,0.15,0.059
434.40000000000003,1.514,0.927,0.418,0.6,0.391,0.15,0.059
434.5,1.519,0.931,0.42,0.6,0.391,0.15,0.059
434.6,1.531,0.941,0.423,0.6,0.391,0.149,0.059
434.70000000000005,1.526,0.936,0.422,0.6,0.391,0.149,0.059
434.8,1.529,0.939,0.423,0.6,0.391,0.149,0.059
434.90000000000003,1.524,0.935,0.421,0.6,0.391,0.149,0.059
435.0,1.52,0.932,0.42,0.6,0.391,0.149,0.059
435.1,1.524,0.935,0.421,0.6,0.391,0.149,0.059
435.20000000000005,1.528,0.938,0.422,0.6,0.391,0.149,0.059
435.3,1.53,0.94,0.423,0.6,0.391,0.149,0.059
435.40000000000003,1.533,0.942,0.424,0.6,0.391,0.149,0.059
435.5,1.534,0.943,0.424,0.6,0.391,0.148,0.059
435.6,1.536,0.944,0.425,0.599,0.391,0.148,0.059
435.70000000000005,1.537,0.945,0.425,0.599,0.391,0.148,0.059
435.8,1.538,0.946,0.425,0.599,0.391,0.148,0.059
435.90000000000003,1.538,0.946,0.426,0.599,0.391,0.148,0.059
436.0,1.539,0.947,0.426,0.599,0.391,0.148,0.059
436.1,1.54,0.947,0.426,0.599,0.391,0.148,0.059
436.20000000000005,1.54,0.948,0.426,0.599,0.391,0.148,0.059
436.3,1.54,0.948,0.426,0.599,0.391,0.148,0.059
436.40000000000003,1.54,0.948,0.426,0.599,0.391,0.148,0.059
436.5,1.541,0.948,0.426,0.599,0.391,0.148,0.059
436.6,1.541,0.948,0.426,0.599,0.391,0.148,0.059
436.70000000000005,1.548,0.954,0.429,0.599,0.391,0.148,0.059
436.8,1.547,0.953,0.428,0.599,0.391,0.148,0.059
436.90000000000003,1.546,0.952,0.428,0.599,0.391,0.148,0.059
437.0,1.545,0.952,0.428,0.599,0.391,0.148,0.059
437.1,1.544,0.951,0.427,0.599,0.391,0.148,0.059
437.20000000000005,1.544,0.951,0.427,0.599,0.391,0.148,0.059
437.3,1.543,0.95,0.427,0.599,0.391,0.148,0.059
437.40000000000003,1.543,0.95,0.427,0.599,0.391,0.148,0.059
437.5,1.542,0.95,0.427,0.599,0.391,0.148,0.059
437.6,1.542,0.949,0.427,0.599,0.391,0.148,0.059
437.70000000000005,1.542,0.949,0.427,0.599,0.391,0.148,0.059
437.8,1.534,0.943,0.424,0.599,0.391,0.147,0.059
437.90000000000003,1.566,0.969,0.434,0.599,0.391,0.147,0.059
438.0,1.561,0.965,0.433,0.599,0.391,0.147,0.059
438.1,1.557,0.962,0.432,0.599,0.391,0.147,0.059
438.20000000000005,1.554,0.959,0.43,0.599,0.391,0.147,0.059
438.3,1.582,0.982,0.439,0.599,0.391,0.147,0.059
438.40000000000003,1.574,0.975,0.437,0.599,0.391,0.147,0.059
438.5,1.575,0.976,0.437,0.599,0.391,0.147,0.059
438.6,1.583,0.983,0.44,0.599,0.391,0.147,0.059
438.70000000000005,1.582,0.982,0.439,0.598,0.391,0.147,0.059
438.8,1.582,0.981,0.439,0.599,0.391,0.147,0.059
438.90000000000003,1.589,0.987,0.441,0.599,0.391,0.147,0.059
439.0,1.579,0.979,0.438,0.599,0.391,0.147,0.059
439.1,1.572,0.973,0.436,0.599,0.391,0.147,0.059
439.20000000000005,1.565,0.968,0.434,0.599,0.391,0.147,0.059
439.3,1.568,0.97,0.435,0.599,0.391,0.147,0.059
439.40000000000003,1.578,0.978,0.438,0.599,0.391,0.146,0.059
439.5,1.578,0.978,0.438,0.599,0.391,0.146,0.059
439.6,1.578,0.979,0.438,0.599,0.391,0.146,0.059
439.70000000000005,1.594,0.991,0.443,0.599,0.391,0.146,0.059
439.8,1.598,0.995,0.444,0.599,0.392,0.146,0.059
439.90000000000003,1.602,0.998,0.446,0.599,0.392,0.146,0.059
440.0,1.597,0.994,0.444,0.599,0.392,0.146,0.059
440.1,1.594,0.991,0.443,0.599,0.392,0.146,0.059
440.20000000000005,1.606,1.001,0.447,0.599,0.392,0.146,0.059
440.3,1.647,1.035,0.46,0.599,0.392,0.146,0.059
440.40000000000003,1.633,1.024,0.455,0.599,0.391,0.146,0.059
440.5,1.63,1.021,0.454,0.599,0.392,0.146,0.059
440.6,1.658,1.044,0.463,0.599,0.392,0.146,0.059
440.70000000000005,1.657,1.043,0.463,0.6,0.392,0.146,0.059
440.8,1.657,1.043,0.463,0.6,0.392,0.146,0.059
440.90000000000003,1.695,1.075,0.475,0.6,0.392,0.146,0.059
441.0,1.718,1.094,0.482,0.6,0.392,0.146,0.059
441.1,1.728,1.102,0.486,0.599,0.392,0.146,0.059
441.20000000000005,1.713,1.09,0.481,0.599,0.392,0.146,0.059
441.3,1.717,1.093,0.482,0.599,0.392,0.146,0.059
441.40000000000003,1.689,1.07,0.473,0.599,0.392,0.146,0.059
441.5,1.675,1.058,0.469,0.599,0.392,0.146,0.059
441.6,1.686,1.067,0.472,0.599,0.392,0.146,0.059
441.70000000000005,1.672,1.056,0.468,0.599,0.392,0.146,0.059
441.8,1.668,1.053,0.467,0.599,0.392,0.146,0.059
441.90000000000003,1.673,1.057,0.468,0.599,0.392,0.146,0.059
442.0,1.654,1.041,0.462,0.599,0.392,0.146,0.059
442.1,1.647,1.035,0.46,0.599,0.392,0.146,0.059
442.20000000000005,1.648,1.036,0.46,0.599,0.392,0.146,0.059
442.3,1.634,1.025,0.456,0.598,0.392,0.146,0.059
442.40000000000003,1.631,1.022,0.455,0.598,0.392,0.145,0.059
442.5,1.636,1.025,0.456,0.598,0.392,0.145,0.059
442.6,1.639,1.029,0.457,0.598,0.392,0.145,0.059
442.70000000000005,1.627,1.019,0.454,0.598,0.392,0.145,0.059
442.8,1.656,1.042,0.463,0.598,0.392,0.145,0.059
442.90000000000003,1.648,1.036,0.46,0.598,0.392,0.145,0.059
443.0,1.649,1.037,0.461,0.598,0.392,0.145,0.059
443.1,1.65,1.038,0.461,0.598,0.392,0.145,0.059
443.20000000000005,1.651,1.038,0.461,0.598,0.392,0.145,0.059
443.3,1.637,1.026,0.457,0.598,0.392,0.145,0.059
443.40000000000003,1.633,1.023,0.455,0.598,0.392,0.145,0.059
443.5,1.637,1.027,0.457,0.598,0.392,0.145,0.059
443.6,1.648,1.036,0.46,0.598,0.392,0.145,0.058
443.70000000000005,1.649,1.037,0.461,0.598,0.392,0.145,0.059
443.8,1.658,1.044,0.463,0.598,0.392,0.145,0.059
443.90000000000003,1.642,1.031,0.458,0.598,0.392,0.145,0.058
444.0,1.637,1.027,0.457,0.598,0.392,0.145,0.059
444.1,1.633,1.023,0.455,0.598,0.392,0.145,0.058
444.20000000000005,1.63,1.021,0.454,0.598,0.392,0.145,0.058
444.3,1.627,1.018,0.453,0.598,0.392,0.145,0.058
444.40000000000003,1.625,1.017,0.453,0.598,0.392,0.145,0.058
444.5,1.616,1.009,0.45,0.598,0.392,0.145,0.058
444.6,1.616,1.009,0.45,0.598,0.392,0.145,0.058
444.70000000000005,1.616,1.009,0.45,0.598,0.392,0.145,0.058
444.8,1.609,1.003,0.448,0.598,0.393,0.145,0.059
444.90000000000003,1.61,1.005,0.448,0.598,0.393,0.145,0.058
445.0,1.944,1.214,0.541,0.721,0.473,0.174,0.07
445.1,2.047,1.273,0.569,0.769,0.505,0.187,0.075
445.20000000000005,2.119,1.321,0.589,0.789,0.517,0.191,0.077
445.3,2.147,1.34,0.598,0.797,0.522,0.193,0.078
445.40000000000003,2.159,1.348,0.601,0.8,0.525,0.194,0.078
445.5,2.163,1.351,0.602,0.801,0.525,0.194,0.078
445.6,2.165,1.352,0.603,0.801,0.526,0.194,0.078
445.70000000000005,2.166,1.353,0.603,0.802,0.526,0.194,0.078
445.8,2.166,1.353,0.603,0.802,0.526,0.195,0.078
445.90000000000003,2.166,1.353,0.603,0.802,0.527,0.194,0.078
446.0,2.166,1.353,0.603,0.802,0.526,0.194,0.078
446.1,2.166,1.353,0.603,0.802,0.526,0.194,0.078
446.20000000000005,2.166,1.353,0.603,0.802,0.526,0.194,0.078
446.3,2.166,1.353,0.603,0.802,0.526,0.195,0.078
446.40000000000003,2.136,1.328,0.594,0.802,0.525,0.194,0.078
446.5,2.124,1.318,0.59,0.803,0.526,0.194,0.078
446.6,2.18,1.364,0.607,0.802,0.526,0.195,0.078
446.70000000000005,2.172,1.358,0.605,0.802,0.526,0.194,0.078
446.8,2.168,1.355,0.604,0.802,0.526,0.195,0.078
446.90000000000003,2.167,1.354,0.603,0.802,0.526,0.194,0.078
447.0,2.167,1.353,0.603,0.803,0.526,0.194,0.078
447.1,2.166,1.353,0.603,0.803,0.526,0.195,0.078
447.20000000000005,2.197,1.378,0.613,0.804,0.527,0.195,0.078
447.3,2.178,1.363,0.607,0.804,0.526,0.195,0.078
447.40000000000003,2.171,1.357,0.605,0.804,0.527,0.195,0.078
447.5,2.168,1.355,0.604,0.803,0.526,0.195,0.079
447.6,2.198,1.379,0.613,0.804,0.526,0.195,0.079
447.70000000000005,2.179,1.363,0.607,0.804,0.526,0.196,0.078
447.8,2.171,1.357,0.605,0.804,0.526,0.196,0.079
447.90000000000003,2.168,1.355,0.604,0.804,0.526,0.196,0.078
448.0,2.167,1.354,0.603,0.804,0.526,0.195,0.078
448.1,2.167,1.353,0.603,0.804,0.526,0.196,0.078
448.20000000000005,2.166,1.353,0.603,0.804,0.526,0.196,0.078
448.3,2.166,1.353,0.603,0.805,0.526,0.196,0.078
448.40000000000003,2.166,1.353,0.603,0.804,0.526,0.196,0.078
448.5,2.166,1.353,0.603,0.804,0.527,0.196,0.079
448.6,2.166,1.353,0.603,0.804,0.526,0.196,0.078
448.70000000000005,2.166,1.353,0.603,0.804,0.527,0.196,0.078
448.8,2.166,1.353,0.603,0.804,0.526,0.196,0.078
448.90000000000003,2.166,1.353,0.603,0.803,0.526,0.196,0.078
449.0,2.166,1.353,0.603,0.804,0.527,0.196,0.078
449.1,2.166,1.353,0.603,0.804,0.526,0.196,0.078
449.20000000000005,2.166,1.353,0.603,0.804,0.526,0.196,0.078
449.3,2.166,1.353,0.603,0.803,0.527,0.196,0.078
449.40000000000003,2.166,1.353,0.603,0.804,0.527,0.196,0.079
449.5,2.166,1.353,0.603,0.803,0.526,0.196,0.078
449.6,2.166,1.353,0.603,0.804,0.526,0.196,0.079
449.70000000000005,2.166,1.353,0.603,0.804,0.527,0.196,0.078
449.8,2.197,1.378,0.613,0.803,0.526,0.196,0.078
449.90000000000003,2.178,1.363,0.607,0.804,0.526,0.196,0.078
450.0,2.202,1.382,0.614,0.804,0.527,0.196,0.078
450.1,2.18,1.365,0.608,0.804,0.526,0.196,0.079
450.20000000000005,2.172,1.358,0.605,0.804,0.526,0.196,0.078
450.3,2.168,1.355,0.604,0.804,0.527,0.197,0.079
450.40000000000003,2.167,1.354,0.603,0.804,0.527,0.196,0.079
450.5,2.167,1.353,0.603,0.805,0.527,0.196,0.079
450.6,2.166,1.353,0.603,0.805,0.527,0.197,0.078
450.70000000000005,2.166,1.353,0.603,0.806,0.527,0.197,0.078
450.8,2.166,1.353,0.603,0.806,0.527,0.197,0.078
450.90000000000003,2.352,1.508,0.662,0.805,0.527,0.197,0.078
451.0,2.302,1.465,0.646,0.806,0.527,0.197,0.079
451.1,2.251,1.423,0.63,0.806,0.526,0.197,0.079
451.20000000000005,2.261,1.431,0.633,0.807,0.527,0.197,0.079
451.3,2.265,1.435,0.635,0.807,0.526,0.197,0.079
451.40000000000003,2.267,1.436,0.635,0.808,0.527,0.198,0.079
451.5,2.207,1.386,0.616,0.808,0.527,0.198,0.079
451.6,2.244,1.417,0.628,0.809,0.528,0.198,0.079
451.70000000000005,2.228,1.403,0.623,0.808,0.527,0.198,0.079
451.8,2.221,1.398,0.621,0.809,0.527,0.198,0.079
451.90000000000003,2.249,1.421,0.63,0.809,0.528,0.199,0.079
452.0,2.261,1.431,0.633,0.81,0.527,0.199,0.079
452.1,2.204,1.384,0.615,0.811,0.527,0.199,0.078
452.20000000000005,2.243,1.416,0.627,0.81,0.526,0.199,0.078
452.3,2.258,1.428,0.632,0.811,0.527,0.199,0.079
452.40000000000003,2.264,1.434,0.634,0.811,0.528,0.199,0.079
452.5,2.267,1.436,0.635,0.812,0.527,0.2,0.079
452.6,2.176,1.361,0.606,0.813,0.527,0.2,0.079
452.70000000000005,2.231,1.407,0.624,0.812,0.528,0.201,0.079
452.8,2.223,1.4,0.621,0.812,0.528,0.201,0.079
452.90000000000003,2.219,1.397,0.62,0.813,0.528,0.2,0.079
453.0,2.342,1.499,0.659,0.813,0.528,0.201,0.079
453.1,2.267,1.436,0.635,0.813,0.527,0.201,0.079
453.20000000000005,2.268,1.437,0.635,0.813,0.528,0.201,0.079
453.3,2.299,1.462,0.645,0.813,0.528,0.202,0.079
453.40000000000003,2.28,1.447,0.639,0.814,0.528,0.202,0.079
453.5,2.242,1.416,0.627,0.814,0.528,0.203,0.079
453.6,2.258,1.428,0.632,0.815,0.528,0.203,0.079
453.70000000000005,2.264,1.434,0.634,0.814,0.528,0.203,0.079
453.8,2.328,1.487,0.655,0.815,0.529,0.204,0.078
453.90000000000003,2.262,1.432,0.633,0.816,0.529,0.204,0.078
454.0,2.266,1.435,0.635,0.815,0.528,0.204,0.078
454.1,2.267,1.436,0.635,0.816,0.528,0.204,0.078
454.20000000000005,2.268,1.437,0.635,0.817,0.528,0.205,0.078
454.3,2.268,1.437,0.635,0.817,0.528,0.204,0.078
454.40000000000003,2.393,1.541,0.675,0.817,0.528,0.205,0.078
454.5,2.257,1.428,0.632,0.817,0.529,0.206,0.078
454.6,2.264,1.433,0.634,0.817,0.528,0.206,0.079
454.70000000000005,2.297,1.461,0.645,0.818,0.529,0.206,0.079
454.8,2.28,1.447,0.639,0.817,0.528,0.206,0.078
454.90000000000003,2.212,1.39,0.618,0.817,0.529,0.207,0.079
455.0,2.215,1.393,0.619,0.818,0.529,0.207,0.078
455.1,2.309,1.471,0.648,0.817,0.529,0.207,0.078
455.20000000000005,2.315,1.476,0.65,0.818,0.528,0.207,0.078
455.3,2.318,1.478,0.651,0.818,0.529,0.207,0.078
455.40000000000003,2.288,1.453,0.642,0.818,0.529,0.208,0.078
455.5,2.276,1.444,0.638,0.819,0.529,0.208,0.079
455.6,2.21,1.389,0.617,0.819,0.529,0.208,0.079
455.70000000000005,2.214,1.393,0.618,0.819,0.529,0.209,0.079
455.8,2.278,1.445,0.638,0.82,0.529,0.209,0.079
455.90000000000003,2.303,1.466,0.646,0.819,0.529,0.209,0.079
456.0,2.282,1.448,0.64,0.819,0.529,0.209,0.079
456.1,2.336,1.493,0.657,0.819,0.529,0.209,0.078
456.20000000000005,2.295,1.459,0.644,0.819,0.529,0.21,0.078
456.3,2.31,1.472,0.649,0.819,0.529,0.21,0.079
456.40000000000003,2.285,1.451,0.641,0.82,0.529,0.21,0.078
456.5,2.214,1.392,0.618,0.819,0.53,0.21,0.079
456.6,2.185,1.369,0.609,0.82,0.529,0.21,0.079
456.70000000000005,2.204,1.384,0.615,0.82,0.529,0.21,0.078
456.8,2.181,1.366,0.608,0.82,0.53,0.211,0.079
456.90000000000003,2.172,1.358,0.605,0.821,0.53,0.21,0.079
457.0,2.169,1.355,0.604,0.821,0.53,0.211,0.079
457.1,2.167,1.354,0.604,0.821,0.529,0.211,0.079
457.20000000000005,2.167,1.353,0.603,0.82,0.53,0.212,0.079
457.3,2.166,1.353,0.603,0.821,0.529,0.211,0.079
457.40000000000003,2.166,1.353,0.603,0.821,0.53,0.211,0.079
457.5,2.166,1.353,0.603,0.821,0.53,0.211,0.079
457.6,2.166,1.353,0.603,0.821,0.53,0.212,0.078
457.70000000000005,2.166,1.353,0.603,0.821,0.53,0.212,0.078
457.8,2.197,1.378,0.613,0.821,0.53,0.212,0.079
457.90000000000003,2.178,1.363,0.607,0.821,0.53,0.212,0.079
458.0,2.171,1.357,0.605,0.821,0.53,0.212,0.078
458.1,2.168,1.355,0.604,0.821,0.53,0.212,0.078
458.20000000000005,2.198,1.379,0.613,0.821,0.53,0.212,0.079
458.3,2.209,1.388,0.617,0.822,0.53,0.212,0.079
458.40000000000003,2.183,1.367,0.609,0.821,0.53,0.212,0.079
458.5,2.173,1.359,0.605,0.821,0.529,0.212,0.078
458.6,2.169,1.355,0.604,0.821,0.53,0.212,0.079
458.70000000000005,2.167,1.354,0.604,0.822,0.53,0.212,0.079
458.8,2.197,1.378,0.613,0.821,0.53,0.213,0.079
458.90000000000003,2.209,1.388,0.617,0.821,0.53,0.213,0.079
459.0,2.183,1.367,0.609,0.821,0.53,0.212,0.079
459.1,2.173,1.359,0.605,0.821,0.53,0.213,0.079
